solid OpenSCAD_Model
  facet normal -0.707107 -0.707107 0
    outer loop
      vertex 26.825 19.8981 0
      vertex 19.8981 26.825 0.6
      vertex 19.8981 26.825 0
    endloop
  endfacet
  facet normal -0.707107 -0.707107 0
    outer loop
      vertex 19.8981 26.825 0.6
      vertex 26.825 19.8981 0
      vertex 26.825 19.8981 0.6
    endloop
  endfacet
  facet normal 1 -0 0
    outer loop
      vertex 3.175 10.1019 0.6
      vertex 3.175 19.8981 0
      vertex 3.175 19.8981 0.6
    endloop
  endfacet
  facet normal 1 0 0
    outer loop
      vertex 3.175 19.8981 0
      vertex 3.175 10.1019 0.6
      vertex 3.175 10.1019 0
    endloop
  endfacet
  facet normal 0.707107 -0.707107 0
    outer loop
      vertex 3.175 19.8981 0.6
      vertex 10.1019 26.825 0
      vertex 10.1019 26.825 0.6
    endloop
  endfacet
  facet normal 0.707107 -0.707107 0
    outer loop
      vertex 10.1019 26.825 0
      vertex 3.175 19.8981 0.6
      vertex 3.175 19.8981 0
    endloop
  endfacet
  facet normal 0 -1 0
    outer loop
      vertex 10.1019 26.825 0
      vertex 19.8981 26.825 0.6
      vertex 10.1019 26.825 0.6
    endloop
  endfacet
  facet normal 0 -1 -0
    outer loop
      vertex 19.8981 26.825 0.6
      vertex 10.1019 26.825 0
      vertex 19.8981 26.825 0
    endloop
  endfacet
  facet normal 0 0 -1
    outer loop
      vertex 26.8107 19.764 0.6
      vertex 26.825 10.1019 0.6
      vertex 26.8107 10.1078 0.6
    endloop
  endfacet
  facet normal -0 0 -1
    outer loop
      vertex 26.825 10.1019 0.6
      vertex 19.9827 3.27988 0.6
      vertex 26.8107 10.1078 0.6
    endloop
  endfacet
  facet normal 0 0 -1
    outer loop
      vertex 19.8981 3.175 0.6
      vertex 19.9827 3.27988 0.6
      vertex 26.825 10.1019 0.6
    endloop
  endfacet
  facet normal 0 0 -1
    outer loop
      vertex 19.8981 3.175 0.6
      vertex 19.8922 3.18929 0.6
      vertex 19.9827 3.27988 0.6
    endloop
  endfacet
  facet normal 0 0 -1
    outer loop
      vertex 19.8981 3.175 0.6
      vertex 19.764 3.18929 0.6
      vertex 19.8922 3.18929 0.6
    endloop
  endfacet
  facet normal 0 0 -1
    outer loop
      vertex 10.1019 3.175 0.6
      vertex 19.764 3.18929 0.6
      vertex 19.8981 3.175 0.6
    endloop
  endfacet
  facet normal -0 0 -1
    outer loop
      vertex 19.764 3.18929 0.6
      vertex 10.1019 3.175 0.6
      vertex 10.1078 3.18929 0.6
    endloop
  endfacet
  facet normal 0 0 -1
    outer loop
      vertex 10.1019 3.175 0.6
      vertex 3.27988 10.0173 0.6
      vertex 10.1078 3.18929 0.6
    endloop
  endfacet
  facet normal 0 0 -1
    outer loop
      vertex 3.175 10.1019 0.6
      vertex 3.27988 10.0173 0.6
      vertex 10.1019 3.175 0.6
    endloop
  endfacet
  facet normal 0 0 -1
    outer loop
      vertex 3.175 10.1019 0.6
      vertex 3.18929 10.236 0.6
      vertex 3.18929 10.1078 0.6
    endloop
  endfacet
  facet normal 0 0 -1
    outer loop
      vertex 3.175 19.8981 0.6
      vertex 3.18929 10.236 0.6
      vertex 3.175 10.1019 0.6
    endloop
  endfacet
  facet normal 0 0 -1
    outer loop
      vertex 3.27988 10.0173 0.6
      vertex 3.175 10.1019 0.6
      vertex 3.18929 10.1078 0.6
    endloop
  endfacet
  facet normal 0 0 -1
    outer loop
      vertex 26.825 10.1019 0.6
      vertex 26.8107 19.764 0.6
      vertex 26.825 19.8981 0.6
    endloop
  endfacet
  facet normal 0 0 -1
    outer loop
      vertex 26.8107 19.8922 0.6
      vertex 26.825 19.8981 0.6
      vertex 26.8107 19.764 0.6
    endloop
  endfacet
  facet normal 0 0 -1
    outer loop
      vertex 26.7201 19.9827 0.6
      vertex 26.825 19.8981 0.6
      vertex 26.8107 19.8922 0.6
    endloop
  endfacet
  facet normal 0 0 -1
    outer loop
      vertex 26.7201 19.9827 0.6
      vertex 19.8981 26.825 0.6
      vertex 26.825 19.8981 0.6
    endloop
  endfacet
  facet normal 0 0 -1
    outer loop
      vertex 19.8922 26.8107 0.6
      vertex 19.8981 26.825 0.6
      vertex 26.7201 19.9827 0.6
    endloop
  endfacet
  facet normal 0 0 -1
    outer loop
      vertex 10.236 26.8107 0.6
      vertex 19.8981 26.825 0.6
      vertex 19.8922 26.8107 0.6
    endloop
  endfacet
  facet normal 0 0 -1
    outer loop
      vertex 10.1019 26.825 0.6
      vertex 10.236 26.8107 0.6
      vertex 10.1078 26.8107 0.6
    endloop
  endfacet
  facet normal 0 0 -1
    outer loop
      vertex 10.236 26.8107 0.6
      vertex 10.1019 26.825 0.6
      vertex 19.8981 26.825 0.6
    endloop
  endfacet
  facet normal 0 0 -1
    outer loop
      vertex 10.0173 26.7201 0.6
      vertex 10.1019 26.825 0.6
      vertex 10.1078 26.8107 0.6
    endloop
  endfacet
  facet normal 0 0 -1
    outer loop
      vertex 3.175 19.8981 0.6
      vertex 10.0173 26.7201 0.6
      vertex 3.18929 19.8922 0.6
    endloop
  endfacet
  facet normal -0 0 -1
    outer loop
      vertex 10.0173 26.7201 0.6
      vertex 3.175 19.8981 0.6
      vertex 10.1019 26.825 0.6
    endloop
  endfacet
  facet normal 0 0 -1
    outer loop
      vertex 3.18929 10.236 0.6
      vertex 3.175 19.8981 0.6
      vertex 3.18929 19.8922 0.6
    endloop
  endfacet
  facet normal -1 0 0
    outer loop
      vertex 26.825 10.1019 0
      vertex 26.825 19.8981 0.6
      vertex 26.825 19.8981 0
    endloop
  endfacet
  facet normal -1 -0 0
    outer loop
      vertex 26.825 19.8981 0.6
      vertex 26.825 10.1019 0
      vertex 26.825 10.1019 0.6
    endloop
  endfacet
  facet normal -0.707107 0.707107 0
    outer loop
      vertex 19.8981 3.175 0
      vertex 26.825 10.1019 0.6
      vertex 26.825 10.1019 0
    endloop
  endfacet
  facet normal -0.707107 0.707107 0
    outer loop
      vertex 26.825 10.1019 0.6
      vertex 19.8981 3.175 0
      vertex 19.8981 3.175 0.6
    endloop
  endfacet
  facet normal 0 1 -0
    outer loop
      vertex 19.8981 3.175 0
      vertex 10.1019 3.175 0.6
      vertex 19.8981 3.175 0.6
    endloop
  endfacet
  facet normal 0 1 0
    outer loop
      vertex 10.1019 3.175 0.6
      vertex 19.8981 3.175 0
      vertex 10.1019 3.175 0
    endloop
  endfacet
  facet normal 0.707107 0.707107 0
    outer loop
      vertex 10.1019 3.175 0.6
      vertex 3.175 10.1019 0
      vertex 3.175 10.1019 0.6
    endloop
  endfacet
  facet normal 0.707107 0.707107 0
    outer loop
      vertex 3.175 10.1019 0
      vertex 10.1019 3.175 0.6
      vertex 10.1019 3.175 0
    endloop
  endfacet
  facet normal -0.575125 -0.57576 -0.581147
    outer loop
      vertex 25.825 19.4839 1.98
      vertex 26.7201 19.9827 0.6
      vertex 26.8107 19.8922 0.6
    endloop
  endfacet
  facet normal -0.575412 -0.575412 -0.581208
    outer loop
      vertex 25.1174 20.1915 1.98
      vertex 26.7201 19.9827 0.6
      vertex 25.825 19.4839 1.98
    endloop
  endfacet
  facet normal -0.575407 -0.575425 -0.5812
    outer loop
      vertex 24.7405 20.8966 1.65505
      vertex 26.7201 19.9827 0.6
      vertex 25.1174 20.1915 1.98
    endloop
  endfacet
  facet normal -0.575405 -0.575459 -0.581167
    outer loop
      vertex 24.4171 21.2923 1.58343
      vertex 26.7201 19.9827 0.6
      vertex 24.7405 20.8966 1.65505
    endloop
  endfacet
  facet normal -0.575406 -0.575463 -0.581163
    outer loop
      vertex 24.0817 21.6433 1.56795
      vertex 26.7201 19.9827 0.6
      vertex 24.4171 21.2923 1.58343
    endloop
  endfacet
  facet normal -0.575373 -0.575293 -0.581364
    outer loop
      vertex 22.8911 22.8911 1.51151
      vertex 26.7201 19.9827 0.6
      vertex 24.0817 21.6433 1.56795
    endloop
  endfacet
  facet normal -0.575483 -0.575554 -0.580996
    outer loop
      vertex 22.2876 23.432 1.57345
      vertex 26.7201 19.9827 0.6
      vertex 22.8911 22.8911 1.51151
    endloop
  endfacet
  facet normal -0.575507 -0.575606 -0.580922
    outer loop
      vertex 21.2542 24.36 1.67771
      vertex 26.7201 19.9827 0.6
      vertex 22.2876 23.432 1.57345
    endloop
  endfacet
  facet normal -0.575501 -0.575552 -0.580981
    outer loop
      vertex 19.4839 25.825 1.98
      vertex 20.9558 24.5886 1.74683
      vertex 20.4411 24.984 1.86497
    endloop
  endfacet
  facet normal -0.575295 -0.575186 -0.581547
    outer loop
      vertex 21.2542 24.36 1.67771
      vertex 19.4839 25.825 1.98
      vertex 26.7201 19.9827 0.6
    endloop
  endfacet
  facet normal -0.575492 -0.575536 -0.581006
    outer loop
      vertex 20.9558 24.5886 1.74683
      vertex 19.4839 25.825 1.98
      vertex 21.2542 24.36 1.67771
    endloop
  endfacet
  facet normal -0.575393 -0.575393 -0.581245
    outer loop
      vertex 19.4839 25.825 1.98
      vertex 20.4411 24.984 1.86497
      vertex 20.1915 25.1174 1.98
    endloop
  endfacet
  facet normal -0.575403 -0.575394 -0.581234
    outer loop
      vertex 19.8922 26.8107 0.6
      vertex 26.7201 19.9827 0.6
      vertex 19.4839 25.825 1.98
    endloop
  endfacet
  facet normal -1.2828e-06 0.813731 -0.581241
    outer loop
      vertex 15.5953 3.63363 1.22208
      vertex 19.764 3.18929 0.6
      vertex 15 3.575 1.14
    endloop
  endfacet
  facet normal -1.69326e-06 0.813727 -0.581247
    outer loop
      vertex 13.9968 3.67381 1.27834
      vertex 10.5161 4.175 1.98
      vertex 14.3677 3.76447 1.40526
    endloop
  endfacet
  facet normal 1.4263e-06 0.813734 -0.581237
    outer loop
      vertex 13.9968 3.67381 1.27834
      vertex 10.1078 3.18929 0.6
      vertex 10.5161 4.175 1.98
    endloop
  endfacet
  facet normal -1.14958e-06 0.813741 -0.581227
    outer loop
      vertex 15 3.575 1.14
      vertex 10.1078 3.18929 0.6
      vertex 13.9968 3.67381 1.27834
    endloop
  endfacet
  facet normal 0 0.813737 -0.581234
    outer loop
      vertex 10.1078 3.18929 0.6
      vertex 15 3.575 1.14
      vertex 19.764 3.18929 0.6
    endloop
  endfacet
  facet normal 0.813735 0 -0.581237
    outer loop
      vertex 4.175 10.5161 1.98
      vertex 3.18929 10.236 0.6
      vertex 4.175 19.4839 1.98
    endloop
  endfacet
  facet normal 0.813735 0 -0.581237
    outer loop
      vertex 3.18929 10.236 0.6
      vertex 4.175 10.5161 1.98
      vertex 3.18929 10.1078 0.6
    endloop
  endfacet
  facet normal -0.575397 0.575399 -0.581235
    outer loop
      vertex 26.8107 10.1078 0.6
      vertex 24.8254 9.26218 1.72823
      vertex 25.825 10.5161 1.98
    endloop
  endfacet
  facet normal -0.575393 0.575443 -0.581196
    outer loop
      vertex 26.8107 10.1078 0.6
      vertex 24.4995 8.65261 1.44734
      vertex 24.8254 9.26218 1.72823
    endloop
  endfacet
  facet normal -0.57538 0.575376 -0.581274
    outer loop
      vertex 26.8107 10.1078 0.6
      vertex 23.0787 6.92131 1.14
      vertex 24.4995 8.65261 1.44734
    endloop
  endfacet
  facet normal -0.57536 0.575381 -0.581289
    outer loop
      vertex 23.0787 6.92131 1.14
      vertex 19.9827 3.27988 0.6
      vertex 22.6163 6.54185 1.22208
    endloop
  endfacet
  facet normal -0.575398 0.575404 -0.581229
    outer loop
      vertex 19.9827 3.27988 0.6
      vertex 23.0787 6.92131 1.14
      vertex 26.8107 10.1078 0.6
    endloop
  endfacet
  facet normal -0.575287 0.575344 -0.581398
    outer loop
      vertex 25.825 10.5161 1.98
      vertex 24.8254 9.26218 1.72823
      vertex 24.8067 9.25483 1.73946
    endloop
  endfacet
  facet normal 0 -0.813737 -0.581233
    outer loop
      vertex 10.236 26.8107 0.6
      vertex 12.2175 25.825 1.98
      vertex 10.5161 25.825 1.98
    endloop
  endfacet
  facet normal -3.61989e-05 -0.813762 -0.581198
    outer loop
      vertex 12.2175 25.825 1.98
      vertex 10.236 26.8107 0.6
      vertex 12.8306 25.9062 1.86627
    endloop
  endfacet
  facet normal -6.2194e-06 -0.813733 -0.581239
    outer loop
      vertex 12.8306 25.9062 1.86627
      vertex 10.236 26.8107 0.6
      vertex 13.7769 25.957 1.79514
    endloop
  endfacet
  facet normal -0 -0.813737 -0.581233
    outer loop
      vertex 10.236 26.8107 0.6
      vertex 10.5161 25.825 1.98
      vertex 10.1078 26.8107 0.6
    endloop
  endfacet
  facet normal 0 -0.814177 -0.580616
    outer loop
      vertex 18.3957 25.8515 1.94284
      vertex 19.4839 25.825 1.98
      vertex 18.4832 25.825 1.98
    endloop
  endfacet
  facet normal 5.60814e-05 -0.8134 -0.581704
    outer loop
      vertex 17.1828 25.9736 1.77199
      vertex 19.4839 25.825 1.98
      vertex 18.3957 25.8515 1.94284
    endloop
  endfacet
  facet normal -3.30352e-05 -0.813801 -0.581144
    outer loop
      vertex 10.236 26.8107 0.6
      vertex 16.0249 25.9999 1.73507
      vertex 15 26.0239 1.70152
    endloop
  endfacet
  facet normal 1.42805e-05 -0.813704 -0.581279
    outer loop
      vertex 13.7769 25.957 1.79514
      vertex 10.236 26.8107 0.6
      vertex 15 26.0239 1.70152
    endloop
  endfacet
  facet normal 6.09088e-05 -0.813574 -0.581461
    outer loop
      vertex 16.0249 25.9999 1.73507
      vertex 10.236 26.8107 0.6
      vertex 17.1828 25.9736 1.77199
    endloop
  endfacet
  facet normal -2.11554e-05 -0.813805 -0.581139
    outer loop
      vertex 17.1828 25.9736 1.77199
      vertex 10.236 26.8107 0.6
      vertex 19.4839 25.825 1.98
    endloop
  endfacet
  facet normal -0 -0.813737 -0.581233
    outer loop
      vertex 19.8922 26.8107 0.6
      vertex 19.4839 25.825 1.98
      vertex 10.236 26.8107 0.6
    endloop
  endfacet
  facet normal 0.575393 -0.575402 -0.581237
    outer loop
      vertex 10.0173 26.7201 0.6
      vertex 4.175 19.4839 1.98
      vertex 3.18929 19.8922 0.6
    endloop
  endfacet
  facet normal 0.813735 0 -0.581237
    outer loop
      vertex 4.175 19.4839 1.98
      vertex 3.18929 10.236 0.6
      vertex 3.18929 19.8922 0.6
    endloop
  endfacet
  facet normal 0.575401 0.575393 -0.581237
    outer loop
      vertex 10.5161 4.175 1.98
      vertex 10.1078 3.18929 0.6
      vertex 3.27988 10.0173 0.6
    endloop
  endfacet
  facet normal 0 0.81373 -0.581243
    outer loop
      vertex 19.4839 4.175 1.98
      vertex 15 3.92374 1.62824
      vertex 10.5161 4.175 1.98
    endloop
  endfacet
  facet normal -5.76688e-07 0.813734 -0.581238
    outer loop
      vertex 19.4839 4.175 1.98
      vertex 16.6871 3.74117 1.37264
      vertex 15 3.92374 1.62824
    endloop
  endfacet
  facet normal 0 0.813735 -0.581237
    outer loop
      vertex 19.764 3.18929 0.6
      vertex 19.4839 4.175 1.98
      vertex 19.8922 3.18929 0.6
    endloop
  endfacet
  facet normal -9.23727e-07 0.813735 -0.581237
    outer loop
      vertex 19.4839 4.175 1.98
      vertex 19.764 3.18929 0.6
      vertex 16.6871 3.74117 1.37264
    endloop
  endfacet
  facet normal 8.38878e-07 0.813738 -0.581232
    outer loop
      vertex 16.6871 3.74117 1.37264
      vertex 19.764 3.18929 0.6
      vertex 15.5953 3.63363 1.22208
    endloop
  endfacet
  facet normal 2.72935e-06 0.813747 -0.58122
    outer loop
      vertex 14.4513 3.78492 1.43388
      vertex 10.5161 4.175 1.98
      vertex 15 3.92374 1.62824
    endloop
  endfacet
  facet normal -2.08936e-05 0.813666 -0.581332
    outer loop
      vertex 10.5161 4.175 1.98
      vertex 14.4513 3.78492 1.43388
      vertex 14.3677 3.76447 1.40526
    endloop
  endfacet
  facet normal -0.575457 0.575419 -0.581157
    outer loop
      vertex 21.3474 5.50046 1.44734
      vertex 19.9827 3.27988 0.6
      vertex 21.1465 5.39306 1.53993
    endloop
  endfacet
  facet normal -0.575419 0.575412 -0.5812
    outer loop
      vertex 19.9827 3.27988 0.6
      vertex 21.3474 5.50046 1.44734
      vertex 22.6163 6.54185 1.22208
    endloop
  endfacet
  facet normal -0.575419 0.575414 -0.581198
    outer loop
      vertex 19.4839 4.175 1.98
      vertex 21.5762 6.25036 1.96321
      vertex 21.2287 5.67809 1.74068
    endloop
  endfacet
  facet normal -0.575268 0.575053 -0.581706
    outer loop
      vertex 19.4839 4.175 1.98
      vertex 21.1661 5.45924 1.58597
      vertex 21.1465 5.39306 1.53993
    endloop
  endfacet
  facet normal -0.575403 0.575414 -0.581214
    outer loop
      vertex 19.4839 4.175 1.98
      vertex 21.1465 5.39306 1.53993
      vertex 19.9827 3.27988 0.6
    endloop
  endfacet
  facet normal -0.575722 0.575151 -0.581159
    outer loop
      vertex 19.4839 4.175 1.98
      vertex 19.9827 3.27988 0.6
      vertex 19.8922 3.18929 0.6
    endloop
  endfacet
  facet normal -0.575185 0.575174 -0.581667
    outer loop
      vertex 21.5762 6.25036 1.96321
      vertex 19.4839 4.175 1.98
      vertex 21.6012 6.29234 1.98
    endloop
  endfacet
  facet normal -0.575433 0.575435 -0.581164
    outer loop
      vertex 21.1661 5.45924 1.58597
      vertex 19.4839 4.175 1.98
      vertex 21.2287 5.67809 1.74068
    endloop
  endfacet
  facet normal -0.575355 0.57538 -0.581295
    outer loop
      vertex 25.825 10.5161 1.98
      vertex 24.8067 9.25483 1.73946
      vertex 24.4063 9.09746 1.98
    endloop
  endfacet
  facet normal 0.57576 -0.575125 -0.581147
    outer loop
      vertex 10.5161 25.825 1.98
      vertex 10.0173 26.7201 0.6
      vertex 10.1078 26.8107 0.6
    endloop
  endfacet
  facet normal 0.575412 -0.575412 -0.581208
    outer loop
      vertex 8.9677 24.2766 1.98
      vertex 10.0173 26.7201 0.6
      vertex 10.5161 25.825 1.98
    endloop
  endfacet
  facet normal 0.575438 -0.57541 -0.581184
    outer loop
      vertex 8.86026 24.1888 1.96055
      vertex 10.0173 26.7201 0.6
      vertex 8.9677 24.2766 1.98
    endloop
  endfacet
  facet normal 0.575406 -0.575411 -0.581214
    outer loop
      vertex 7.5365 22.924 1.90219
      vertex 10.0173 26.7201 0.6
      vertex 8.86026 24.1888 1.96055
    endloop
  endfacet
  facet normal 0.575581 -0.575452 -0.581
    outer loop
      vertex 7.30089 22.6991 1.89153
      vertex 10.0173 26.7201 0.6
      vertex 7.5365 22.924 1.90219
    endloop
  endfacet
  facet normal 0.575425 -0.57541 -0.581197
    outer loop
      vertex 6.52827 21.8371 1.98
      vertex 10.0173 26.7201 0.6
      vertex 7.30089 22.6991 1.89153
    endloop
  endfacet
  facet normal 0.575376 -0.575393 -0.581261
    outer loop
      vertex 10.0173 26.7201 0.6
      vertex 6.52827 21.8371 1.98
      vertex 4.175 19.4839 1.98
    endloop
  endfacet
  facet normal 0.575409 0.575409 -0.581213
    outer loop
      vertex 3.27988 10.0173 0.6
      vertex 4.175 10.5161 1.98
      vertex 10.5161 4.175 1.98
    endloop
  endfacet
  facet normal 0.575151 0.575722 -0.581159
    outer loop
      vertex 4.175 10.5161 1.98
      vertex 3.27988 10.0173 0.6
      vertex 3.18929 10.1078 0.6
    endloop
  endfacet
  facet normal -0.813726 0 -0.581249
    outer loop
      vertex 26.8107 10.1078 0.6
      vertex 26.2932 14.9091 1.32448
      vertex 26.8107 19.764 0.6
    endloop
  endfacet
  facet normal -0.81369 4.24388e-05 -0.581299
    outer loop
      vertex 26.8107 10.1078 0.6
      vertex 25.9894 12.0589 1.74978
      vertex 26.2055 12.7711 1.44734
    endloop
  endfacet
  facet normal -0.81374 -2.04451e-05 -0.581229
    outer loop
      vertex 25.9894 12.0589 1.74978
      vertex 26.8107 10.1078 0.6
      vertex 25.825 10.5161 1.98
    endloop
  endfacet
  facet normal -0.813795 -2.82963e-05 -0.581152
    outer loop
      vertex 26.255 13.274 1.378
      vertex 26.8107 10.1078 0.6
      vertex 26.2055 12.7711 1.44734
    endloop
  endfacet
  facet normal -0.813764 -1.21165e-05 -0.581196
    outer loop
      vertex 26.2932 14.9091 1.32448
      vertex 26.8107 10.1078 0.6
      vertex 26.255 13.274 1.378
    endloop
  endfacet
  facet normal -0.813737 0 -0.581233
    outer loop
      vertex 26.8107 19.764 0.6
      vertex 25.825 19.4839 1.98
      vertex 26.8107 19.8922 0.6
    endloop
  endfacet
  facet normal -0.813737 0 -0.581233
    outer loop
      vertex 26.8107 19.764 0.6
      vertex 25.825 18.4832 1.98
      vertex 25.825 19.4839 1.98
    endloop
  endfacet
  facet normal -0.813745 1.68111e-05 -0.581222
    outer loop
      vertex 26.8107 19.764 0.6
      vertex 26.1513 17.4074 1.52313
      vertex 25.825 18.4832 1.98
    endloop
  endfacet
  facet normal -0.813809 7.01374e-05 -0.581132
    outer loop
      vertex 26.8107 19.764 0.6
      vertex 26.1666 17.2906 1.50169
      vertex 26.1513 17.4074 1.52313
    endloop
  endfacet
  facet normal -0.81328 -0.00033776 -0.581873
    outer loop
      vertex 26.8107 19.764 0.6
      vertex 26.1756 17.223 1.48915
      vertex 26.1666 17.2906 1.50169
    endloop
  endfacet
  facet normal -0.813754 1.26848e-05 -0.58121
    outer loop
      vertex 26.8107 19.764 0.6
      vertex 26.2737 15.3953 1.35176
      vertex 26.1756 17.223 1.48915
    endloop
  endfacet
  facet normal -0.813388 -0.00012043 -0.581722
    outer loop
      vertex 26.8107 19.764 0.6
      vertex 26.2954 15 1.3215
      vertex 26.2737 15.3953 1.35176
    endloop
  endfacet
  facet normal -0.816321 0.000821378 -0.577598
    outer loop
      vertex 26.2954 15 1.3215
      vertex 26.8107 19.764 0.6
      vertex 26.2932 14.9091 1.32448
    endloop
  endfacet
  facet normal -0.813643 -0 -0.581365
    outer loop
      vertex 25.825 12.0761 1.98
      vertex 25.9338 11.8754 1.82773
      vertex 25.825 10.5161 1.98
    endloop
  endfacet
  facet normal -0.814293 0.000153933 -0.580454
    outer loop
      vertex 25.9894 12.0589 1.74978
      vertex 25.825 10.5161 1.98
      vertex 25.9338 11.8754 1.82773
    endloop
  endfacet
  facet normal -0.707107 -0.707107 0
    outer loop
      vertex 25.825 19.4839 1.98
      vertex 25.1174 20.1915 2.12716
      vertex 25.1174 20.1915 1.98
    endloop
  endfacet
  facet normal -0.707107 -0.707107 0
    outer loop
      vertex 25.1174 20.1915 2.12716
      vertex 25.825 19.4839 1.98
      vertex 25.1174 20.1915 4.12716
    endloop
  endfacet
  facet normal -0.707107 -0.707107 0
    outer loop
      vertex 25.1174 20.1915 4.12716
      vertex 25.825 19.4839 1.98
      vertex 25.1174 20.1915 4.62716
    endloop
  endfacet
  facet normal -0.707107 -0.707107 -0
    outer loop
      vertex 25.825 19.4839 7
      vertex 25.1174 20.1915 4.62716
      vertex 25.825 19.4839 1.98
    endloop
  endfacet
  facet normal -0.707107 -0.707107 0
    outer loop
      vertex 25.1174 20.1915 4.62716
      vertex 25.825 19.4839 7
      vertex 25.1174 20.1915 6.62716
    endloop
  endfacet
  facet normal -0.707107 -0.707107 0
    outer loop
      vertex 25.1174 20.1915 6.62716
      vertex 25.825 19.4839 7
      vertex 25.1174 20.1915 7
    endloop
  endfacet
  facet normal -0.707184 -0.70703 0
    outer loop
      vertex 20.1915 25.1174 4.87484
      vertex 20.6509 24.6579 6.68275
      vertex 20.1915 25.1174 6.87484
    endloop
  endfacet
  facet normal -0.7071 -0.707114 -4.26175e-05
    outer loop
      vertex 21.1319 24.177 5.17923
      vertex 20.6509 24.6579 6.68275
      vertex 20.1915 25.1174 4.87484
    endloop
  endfacet
  facet normal -0.707033 -0.70718 0
    outer loop
      vertex 21.1319 24.177 5.17923
      vertex 21.1319 24.177 6.47902
      vertex 20.6509 24.6579 6.68275
    endloop
  endfacet
  facet normal -0.707192 -0.707021 0
    outer loop
      vertex 21.1319 24.177 5.17923
      vertex 21.5455 23.7633 6.40691
      vertex 21.1319 24.177 6.47902
    endloop
  endfacet
  facet normal -0.707128 -0.707085 -4.30274e-05
    outer loop
      vertex 22.6544 22.6544 5.2925
      vertex 21.5455 23.7633 6.40691
      vertex 21.1319 24.177 5.17923
    endloop
  endfacet
  facet normal -0.707107 -0.707107 0
    outer loop
      vertex 22.6544 22.6544 5.2925
      vertex 22.6544 22.6544 6.2095
      vertex 21.5455 23.7633 6.40691
    endloop
  endfacet
  facet normal -0.707107 -0.707107 0
    outer loop
      vertex 23.7633 21.5455 5.09509
      vertex 22.6544 22.6544 6.2095
      vertex 22.6544 22.6544 5.2925
    endloop
  endfacet
  facet normal -0.707021 -0.707192 -0
    outer loop
      vertex 24.177 21.1319 6.32277
      vertex 23.7633 21.5455 5.09509
      vertex 24.177 21.1319 5.02298
    endloop
  endfacet
  facet normal -0.707085 -0.707128 4.30274e-05
    outer loop
      vertex 23.7633 21.5455 5.09509
      vertex 24.177 21.1319 6.32277
      vertex 22.6544 22.6544 6.2095
    endloop
  endfacet
  facet normal -0.70718 -0.707033 0
    outer loop
      vertex 24.6579 20.6509 4.81925
      vertex 24.177 21.1319 6.32277
      vertex 24.177 21.1319 5.02298
    endloop
  endfacet
  facet normal -0.70703 -0.707184 -0
    outer loop
      vertex 25.1174 20.1915 6.62716
      vertex 24.6579 20.6509 4.81925
      vertex 25.1174 20.1915 4.62716
    endloop
  endfacet
  facet normal -0.707114 -0.7071 4.26175e-05
    outer loop
      vertex 24.6579 20.6509 4.81925
      vertex 25.1174 20.1915 6.62716
      vertex 24.177 21.1319 6.32277
    endloop
  endfacet
  facet normal -0.707184 -0.70703 0
    outer loop
      vertex 20.1915 25.1174 2.37484
      vertex 20.6509 24.6579 4.18275
      vertex 20.1915 25.1174 4.37484
    endloop
  endfacet
  facet normal -0.7071 -0.707114 -4.26175e-05
    outer loop
      vertex 21.1319 24.177 2.67923
      vertex 20.6509 24.6579 4.18275
      vertex 20.1915 25.1174 2.37484
    endloop
  endfacet
  facet normal -0.707033 -0.70718 0
    outer loop
      vertex 21.1319 24.177 2.67923
      vertex 21.1319 24.177 3.97902
      vertex 20.6509 24.6579 4.18275
    endloop
  endfacet
  facet normal -0.707192 -0.707021 0
    outer loop
      vertex 21.1319 24.177 2.67923
      vertex 21.5455 23.7633 3.90691
      vertex 21.1319 24.177 3.97902
    endloop
  endfacet
  facet normal -0.707128 -0.707085 -4.30274e-05
    outer loop
      vertex 22.6544 22.6544 2.7925
      vertex 21.5455 23.7633 3.90691
      vertex 21.1319 24.177 2.67923
    endloop
  endfacet
  facet normal -0.707107 -0.707107 0
    outer loop
      vertex 22.6544 22.6544 2.7925
      vertex 22.6544 22.6544 3.7095
      vertex 21.5455 23.7633 3.90691
    endloop
  endfacet
  facet normal -0.707107 -0.707107 0
    outer loop
      vertex 23.7633 21.5455 2.59509
      vertex 22.6544 22.6544 3.7095
      vertex 22.6544 22.6544 2.7925
    endloop
  endfacet
  facet normal -0.707021 -0.707192 -0
    outer loop
      vertex 24.177 21.1319 3.82277
      vertex 23.7633 21.5455 2.59509
      vertex 24.177 21.1319 2.52298
    endloop
  endfacet
  facet normal -0.707085 -0.707128 4.30274e-05
    outer loop
      vertex 23.7633 21.5455 2.59509
      vertex 24.177 21.1319 3.82277
      vertex 22.6544 22.6544 3.7095
    endloop
  endfacet
  facet normal -0.70718 -0.707033 0
    outer loop
      vertex 24.6579 20.6509 2.31925
      vertex 24.177 21.1319 3.82277
      vertex 24.177 21.1319 2.52298
    endloop
  endfacet
  facet normal -0.70703 -0.707184 -0
    outer loop
      vertex 25.1174 20.1915 4.12716
      vertex 24.6579 20.6509 2.31925
      vertex 25.1174 20.1915 2.12716
    endloop
  endfacet
  facet normal -0.707114 -0.7071 4.26175e-05
    outer loop
      vertex 24.6579 20.6509 2.31925
      vertex 25.1174 20.1915 4.12716
      vertex 24.177 21.1319 3.82277
    endloop
  endfacet
  facet normal -0.707107 -0.707107 -0
    outer loop
      vertex 20.1915 25.1174 2.37484
      vertex 19.4839 25.825 1.98
      vertex 20.1915 25.1174 1.98
    endloop
  endfacet
  facet normal -0.707107 -0.707107 -0
    outer loop
      vertex 20.1915 25.1174 4.37484
      vertex 19.4839 25.825 1.98
      vertex 20.1915 25.1174 2.37484
    endloop
  endfacet
  facet normal -0.707107 -0.707107 0
    outer loop
      vertex 19.4839 25.825 1.98
      vertex 20.1915 25.1174 4.37484
      vertex 19.4839 25.825 7
    endloop
  endfacet
  facet normal -0.707107 -0.707107 -0
    outer loop
      vertex 20.1915 25.1174 4.87484
      vertex 19.4839 25.825 7
      vertex 20.1915 25.1174 4.37484
    endloop
  endfacet
  facet normal -0.707107 -0.707107 -0
    outer loop
      vertex 20.1915 25.1174 6.87484
      vertex 19.4839 25.825 7
      vertex 20.1915 25.1174 4.87484
    endloop
  endfacet
  facet normal -0.707107 -0.707107 0
    outer loop
      vertex 19.4839 25.825 7
      vertex 20.1915 25.1174 6.87484
      vertex 20.1915 25.1174 7
    endloop
  endfacet
  facet normal 1 0 0
    outer loop
      vertex 4.175 13.4318 4.84441
      vertex 4.175 15 3.73
      vertex 4.175 15 4.647
    endloop
  endfacet
  facet normal 1 0 0
    outer loop
      vertex 4.175 12.8468 3.61673
      vertex 4.175 13.4318 4.84441
      vertex 4.175 12.8468 4.91652
    endloop
  endfacet
  facet normal 1 0 0
    outer loop
      vertex 4.175 13.4318 4.84441
      vertex 4.175 12.8468 3.61673
      vertex 4.175 15 3.73
    endloop
  endfacet
  facet normal 1 0 0
    outer loop
      vertex 4.175 12.1666 5.12025
      vertex 4.175 12.8468 3.61673
      vertex 4.175 12.8468 4.91652
    endloop
  endfacet
  facet normal 1 0 0
    outer loop
      vertex 4.175 11.5168 3.31234
      vertex 4.175 12.1666 5.12025
      vertex 4.175 11.5168 5.31234
    endloop
  endfacet
  facet normal 1 0 0
    outer loop
      vertex 4.175 12.1666 5.12025
      vertex 4.175 11.5168 3.31234
      vertex 4.175 12.8468 3.61673
    endloop
  endfacet
  facet normal 1 0 0
    outer loop
      vertex 4.175 18.4832 5.06466
      vertex 4.175 17.8334 3.25675
      vertex 4.175 18.4832 3.06466
    endloop
  endfacet
  facet normal 1 -0 0
    outer loop
      vertex 4.175 17.1532 4.76027
      vertex 4.175 17.8334 3.25675
      vertex 4.175 18.4832 5.06466
    endloop
  endfacet
  facet normal 1 0 0
    outer loop
      vertex 4.175 17.1532 4.76027
      vertex 4.175 17.1532 3.46048
      vertex 4.175 17.8334 3.25675
    endloop
  endfacet
  facet normal 1 0 0
    outer loop
      vertex 4.175 17.1532 4.76027
      vertex 4.175 16.5682 3.53259
      vertex 4.175 17.1532 3.46048
    endloop
  endfacet
  facet normal 1 -0 0
    outer loop
      vertex 4.175 15 4.647
      vertex 4.175 16.5682 3.53259
      vertex 4.175 17.1532 4.76027
    endloop
  endfacet
  facet normal 1 0 0
    outer loop
      vertex 4.175 16.5682 3.53259
      vertex 4.175 15 4.647
      vertex 4.175 15 3.73
    endloop
  endfacet
  facet normal 1 0 0
    outer loop
      vertex 4.175 18.4832 5.06466
      vertex 4.175 19.4839 7
      vertex 4.175 18.4832 5.56466
    endloop
  endfacet
  facet normal 1 0 0
    outer loop
      vertex 4.175 19.4839 7
      vertex 4.175 17.8334 5.75675
      vertex 4.175 18.4832 5.56466
    endloop
  endfacet
  facet normal 1 0 0
    outer loop
      vertex 4.175 19.4839 7
      vertex 4.175 17.1532 5.96048
      vertex 4.175 17.8334 5.75675
    endloop
  endfacet
  facet normal 1 0 0
    outer loop
      vertex 4.175 19.4839 7
      vertex 4.175 16.5682 6.03259
      vertex 4.175 17.1532 5.96048
    endloop
  endfacet
  facet normal 1 0 0
    outer loop
      vertex 4.175 19.4839 7
      vertex 4.175 15 6.23
      vertex 4.175 16.5682 6.03259
    endloop
  endfacet
  facet normal 1 -0 0
    outer loop
      vertex 4.175 10.5161 7
      vertex 4.175 15 6.23
      vertex 4.175 19.4839 7
    endloop
  endfacet
  facet normal 1 0 0
    outer loop
      vertex 4.175 10.5161 7
      vertex 4.175 11.5168 5.31234
      vertex 4.175 11.5168 5.81234
    endloop
  endfacet
  facet normal 1 0 0
    outer loop
      vertex 4.175 10.5161 1.98
      vertex 4.175 11.5168 5.31234
      vertex 4.175 10.5161 7
    endloop
  endfacet
  facet normal 1 0 0
    outer loop
      vertex 4.175 11.5168 5.31234
      vertex 4.175 10.5161 1.98
      vertex 4.175 11.5168 3.31234
    endloop
  endfacet
  facet normal 1 0 0
    outer loop
      vertex 4.175 12.8468 6.11673
      vertex 4.175 10.5161 7
      vertex 4.175 11.5168 5.81234
    endloop
  endfacet
  facet normal 1 0 0
    outer loop
      vertex 4.175 15 6.23
      vertex 4.175 10.5161 7
      vertex 4.175 12.8468 6.11673
    endloop
  endfacet
  facet normal 1 0 0
    outer loop
      vertex 4.175 19.4839 7
      vertex 4.175 18.4832 5.06466
      vertex 4.175 19.4839 1.98
    endloop
  endfacet
  facet normal 1 -0 0
    outer loop
      vertex 4.175 18.4832 3.06466
      vertex 4.175 19.4839 1.98
      vertex 4.175 18.4832 5.06466
    endloop
  endfacet
  facet normal 1 -0 0
    outer loop
      vertex 4.175 18.4832 2.56466
      vertex 4.175 19.4839 1.98
      vertex 4.175 18.4832 3.06466
    endloop
  endfacet
  facet normal 1 -0 0
    outer loop
      vertex 4.175 17.1532 2.26027
      vertex 4.175 19.4839 1.98
      vertex 4.175 18.4832 2.56466
    endloop
  endfacet
  facet normal 1 -0 0
    outer loop
      vertex 4.175 15 2.147
      vertex 4.175 19.4839 1.98
      vertex 4.175 17.1532 2.26027
    endloop
  endfacet
  facet normal 1 0 0
    outer loop
      vertex 4.175 10.5161 1.98
      vertex 4.175 13.4318 2.34441
      vertex 4.175 12.8468 2.41652
    endloop
  endfacet
  facet normal 1 0 0
    outer loop
      vertex 4.175 10.5161 1.98
      vertex 4.175 12.1666 2.62025
      vertex 4.175 11.5168 2.81234
    endloop
  endfacet
  facet normal 1 0 0
    outer loop
      vertex 4.175 15 2.147
      vertex 4.175 10.5161 1.98
      vertex 4.175 19.4839 1.98
    endloop
  endfacet
  facet normal 1 0 0
    outer loop
      vertex 4.175 13.4318 2.34441
      vertex 4.175 10.5161 1.98
      vertex 4.175 15 2.147
    endloop
  endfacet
  facet normal 1 0 0
    outer loop
      vertex 4.175 12.1666 2.62025
      vertex 4.175 10.5161 1.98
      vertex 4.175 12.8468 2.41652
    endloop
  endfacet
  facet normal 1 0 0
    outer loop
      vertex 4.175 11.5168 3.31234
      vertex 4.175 10.5161 1.98
      vertex 4.175 11.5168 2.81234
    endloop
  endfacet
  facet normal 0.707104 -0.70711 -2.78424e-06
    outer loop
      vertex 5.82301 21.1319 5.80423
      vertex 6.41592 21.7248 7
      vertex 4.175 19.4839 7
    endloop
  endfacet
  facet normal 0.707093 -0.707121 8.20612e-06
    outer loop
      vertex 7.34557 22.6544 5.9175
      vertex 6.41592 21.7248 7
      vertex 5.82301 21.1319 5.80423
    endloop
  endfacet
  facet normal 0.707088 -0.707126 0
    outer loop
      vertex 6.41592 21.7248 7
      vertex 7.34557 22.6544 5.9175
      vertex 7.34557 22.6544 6.8345
    endloop
  endfacet
  facet normal 0.707106 -0.707107 4.08922e-06
    outer loop
      vertex 4.175 19.4839 7
      vertex 4.88261 20.1915 5.49984
      vertex 5.82301 21.1319 5.80423
    endloop
  endfacet
  facet normal 0.707102 -0.707112 0
    outer loop
      vertex 4.175 19.4839 7
      vertex 4.88261 20.1915 4.99984
      vertex 4.88261 20.1915 5.49984
    endloop
  endfacet
  facet normal 0.707068 -0.707145 0
    outer loop
      vertex 4.88261 20.1915 2.99984
      vertex 5.34206 20.6509 4.80775
      vertex 4.88261 20.1915 4.99984
    endloop
  endfacet
  facet normal 0.707047 -0.707167 0
    outer loop
      vertex 5.82301 21.1319 3.30423
      vertex 6.23668 21.5455 4.53191
      vertex 5.82301 21.1319 4.60402
    endloop
  endfacet
  facet normal 0.707094 -0.70712 -3.17245e-05
    outer loop
      vertex 7.34557 22.6544 3.4175
      vertex 6.23668 21.5455 4.53191
      vertex 5.82301 21.1319 3.30423
    endloop
  endfacet
  facet normal 0.70711 -0.707103 -2.13086e-05
    outer loop
      vertex 5.82301 21.1319 3.30423
      vertex 5.34206 20.6509 4.80775
      vertex 4.88261 20.1915 2.99984
    endloop
  endfacet
  facet normal 0.70711 -0.707104 0
    outer loop
      vertex 6.23668 21.5455 4.53191
      vertex 7.34557 22.6544 3.4175
      vertex 7.34557 22.6544 4.3345
    endloop
  endfacet
  facet normal 0.707144 -0.70707 0
    outer loop
      vertex 5.34206 20.6509 4.80775
      vertex 5.82301 21.1319 3.30423
      vertex 5.82301 21.1319 4.60402
    endloop
  endfacet
  facet normal 0.707102 -0.707112 0
    outer loop
      vertex 4.175 19.4839 1.98
      vertex 4.88261 20.1915 4.99984
      vertex 4.175 19.4839 7
    endloop
  endfacet
  facet normal 0.707102 -0.707112 0
    outer loop
      vertex 4.88261 20.1915 4.99984
      vertex 4.175 19.4839 1.98
      vertex 4.88261 20.1915 2.99984
    endloop
  endfacet
  facet normal 0.70708 -0.707133 5.80892e-05
    outer loop
      vertex 4.175 19.4839 1.98
      vertex 5.34206 20.6509 2.30775
      vertex 4.88261 20.1915 2.49984
    endloop
  endfacet
  facet normal 0.707102 -0.707112 0
    outer loop
      vertex 4.88261 20.1915 2.99984
      vertex 4.175 19.4839 1.98
      vertex 4.88261 20.1915 2.49984
    endloop
  endfacet
  facet normal 0.70711 -0.707103 -0.000155961
    outer loop
      vertex 5.34206 20.6509 2.30775
      vertex 4.175 19.4839 1.98
      vertex 5.82301 21.1319 2.10402
    endloop
  endfacet
  facet normal 0.707087 -0.707126 0.000462259
    outer loop
      vertex 4.175 19.4839 1.98
      vertex 6.23668 21.5455 2.03191
      vertex 5.82301 21.1319 2.10402
    endloop
  endfacet
  facet normal 0.707096 -0.707117 -0.000254371
    outer loop
      vertex 6.23668 21.5455 2.03191
      vertex 4.175 19.4839 1.98
      vertex 6.52827 21.8371 1.98
    endloop
  endfacet
  facet normal 0.706975 -0.707238 0
    outer loop
      vertex 8.86813 24.177 5.64798
      vertex 9.02949 24.3383 7
      vertex 8.86813 24.177 6.94777
    endloop
  endfacet
  facet normal 0.707116 -0.707098 1.13028e-05
    outer loop
      vertex 8.45446 23.7633 5.72009
      vertex 8.86813 24.177 6.94777
      vertex 7.34557 22.6544 6.8345
    endloop
  endfacet
  facet normal 0.70711 -0.707104 0
    outer loop
      vertex 8.45446 23.7633 5.72009
      vertex 7.34557 22.6544 6.8345
      vertex 7.34557 22.6544 5.9175
    endloop
  endfacet
  facet normal 0.707132 -0.707081 0
    outer loop
      vertex 8.86813 24.177 5.64798
      vertex 8.86813 24.177 6.94777
      vertex 8.45446 23.7633 5.72009
    endloop
  endfacet
  facet normal 0.707065 -0.707148 -2.152e-05
    outer loop
      vertex 9.02949 24.3383 7
      vertex 8.86813 24.177 5.64798
      vertex 9.34908 24.6579 5.44425
    endloop
  endfacet
  facet normal 0.707128 -0.707085 4.2487e-06
    outer loop
      vertex 9.02949 24.3383 7
      vertex 9.34908 24.6579 5.44425
      vertex 10.5161 25.825 7
    endloop
  endfacet
  facet normal 0.707142 -0.707072 -1.62618e-05
    outer loop
      vertex 9.80853 25.1174 5.25216
      vertex 10.5161 25.825 7
      vertex 9.34908 24.6579 5.44425
    endloop
  endfacet
  facet normal 0.707122 -0.707092 0
    outer loop
      vertex 9.80853 25.1174 4.75216
      vertex 10.5161 25.825 7
      vertex 9.80853 25.1174 5.25216
    endloop
  endfacet
  facet normal 0.70711 -0.707104 0
    outer loop
      vertex 8.45446 23.7633 3.22009
      vertex 7.34557 22.6544 4.3345
      vertex 7.34557 22.6544 3.4175
    endloop
  endfacet
  facet normal 0.707116 -0.707098 1.13028e-05
    outer loop
      vertex 7.34557 22.6544 4.3345
      vertex 8.45446 23.7633 3.22009
      vertex 8.86813 24.177 4.44777
    endloop
  endfacet
  facet normal 0.707132 -0.707081 0
    outer loop
      vertex 8.86813 24.177 3.14798
      vertex 8.86813 24.177 4.44777
      vertex 8.45446 23.7633 3.22009
    endloop
  endfacet
  facet normal 0.70707 -0.707144 0
    outer loop
      vertex 9.34908 24.6579 2.94425
      vertex 8.86813 24.177 4.44777
      vertex 8.86813 24.177 3.14798
    endloop
  endfacet
  facet normal 0.707103 -0.70711 2.13088e-05
    outer loop
      vertex 8.86813 24.177 4.44777
      vertex 9.34908 24.6579 2.94425
      vertex 9.80853 25.1174 4.75216
    endloop
  endfacet
  facet normal 0.707145 -0.707068 0
    outer loop
      vertex 9.80853 25.1174 2.75216
      vertex 9.80853 25.1174 4.75216
      vertex 9.34908 24.6579 2.94425
    endloop
  endfacet
  facet normal 0.707122 -0.707092 0
    outer loop
      vertex 10.5161 25.825 1.98
      vertex 9.80853 25.1174 4.75216
      vertex 9.80853 25.1174 2.75216
    endloop
  endfacet
  facet normal 0.707122 -0.707092 0
    outer loop
      vertex 10.5161 25.825 1.98
      vertex 9.80853 25.1174 2.75216
      vertex 9.80853 25.1174 2.25216
    endloop
  endfacet
  facet normal 0.707122 -0.707092 0
    outer loop
      vertex 9.80853 25.1174 4.75216
      vertex 10.5161 25.825 1.98
      vertex 10.5161 25.825 7
    endloop
  endfacet
  facet normal 0.707107 -0.707107 -7.79439e-05
    outer loop
      vertex 10.5161 25.825 1.98
      vertex 9.80853 25.1174 2.25216
      vertex 8.9677 24.2766 1.98
    endloop
  endfacet
  facet normal 0 -1 0
    outer loop
      vertex 11.5168 25.825 5.18734
      vertex 12.1506 25.825 7
      vertex 10.5161 25.825 7
    endloop
  endfacet
  facet normal 0 -1 -0
    outer loop
      vertex 12.1506 25.825 7
      vertex 11.5168 25.825 5.18734
      vertex 12.1666 25.825 6.99525
    endloop
  endfacet
  facet normal -0 -1 0
    outer loop
      vertex 12.8468 25.825 5.49173
      vertex 12.1666 25.825 6.99525
      vertex 11.5168 25.825 5.18734
    endloop
  endfacet
  facet normal 0 -1 0
    outer loop
      vertex 12.8468 25.825 6.79152
      vertex 12.8468 25.825 5.49173
      vertex 13.4318 25.825 6.71941
    endloop
  endfacet
  facet normal -0 -1 0
    outer loop
      vertex 15 25.825 5.605
      vertex 13.4318 25.825 6.71941
      vertex 12.8468 25.825 5.49173
    endloop
  endfacet
  facet normal 0 -1 0
    outer loop
      vertex 13.4318 25.825 6.71941
      vertex 15 25.825 5.605
      vertex 15 25.825 6.522
    endloop
  endfacet
  facet normal 0 -1 0
    outer loop
      vertex 12.1666 25.825 6.99525
      vertex 12.8468 25.825 5.49173
      vertex 12.8468 25.825 6.79152
    endloop
  endfacet
  facet normal 0 -1 0
    outer loop
      vertex 10.5161 25.825 7
      vertex 11.5168 25.825 4.68734
      vertex 11.5168 25.825 5.18734
    endloop
  endfacet
  facet normal 0 -1 0
    outer loop
      vertex 11.5168 25.825 2.68734
      vertex 12.1666 25.825 4.49525
      vertex 11.5168 25.825 4.68734
    endloop
  endfacet
  facet normal 0 -1 0
    outer loop
      vertex 12.8468 25.825 2.99173
      vertex 13.4318 25.825 4.21941
      vertex 12.8468 25.825 4.29152
    endloop
  endfacet
  facet normal -0 -1 0
    outer loop
      vertex 15 25.825 3.105
      vertex 13.4318 25.825 4.21941
      vertex 12.8468 25.825 2.99173
    endloop
  endfacet
  facet normal -0 -1 0
    outer loop
      vertex 12.8468 25.825 2.99173
      vertex 12.1666 25.825 4.49525
      vertex 11.5168 25.825 2.68734
    endloop
  endfacet
  facet normal 0 -1 0
    outer loop
      vertex 13.4318 25.825 4.21941
      vertex 15 25.825 3.105
      vertex 15 25.825 4.022
    endloop
  endfacet
  facet normal 0 -1 0
    outer loop
      vertex 12.1666 25.825 4.49525
      vertex 12.8468 25.825 2.99173
      vertex 12.8468 25.825 4.29152
    endloop
  endfacet
  facet normal 0 -1 0
    outer loop
      vertex 10.5161 25.825 1.98
      vertex 11.5168 25.825 4.68734
      vertex 10.5161 25.825 7
    endloop
  endfacet
  facet normal 0 -1 -0
    outer loop
      vertex 11.5168 25.825 4.68734
      vertex 10.5161 25.825 1.98
      vertex 11.5168 25.825 2.68734
    endloop
  endfacet
  facet normal 0 -1 -0
    outer loop
      vertex 11.5168 25.825 2.68734
      vertex 10.5161 25.825 1.98
      vertex 11.5168 25.825 2.18734
    endloop
  endfacet
  facet normal 0 -1 0
    outer loop
      vertex 10.5161 25.825 1.98
      vertex 12.1666 25.825 1.99525
      vertex 11.5168 25.825 2.18734
    endloop
  endfacet
  facet normal 0 -1 -0
    outer loop
      vertex 12.1666 25.825 1.99525
      vertex 10.5161 25.825 1.98
      vertex 12.2175 25.825 1.98
    endloop
  endfacet
  facet normal 0 -1 0
    outer loop
      vertex 18.4832 25.825 6.93966
      vertex 19.4839 25.825 7
      vertex 18.4832 25.825 7
    endloop
  endfacet
  facet normal 0 -1 0
    outer loop
      vertex 17.8334 25.825 5.13175
      vertex 18.4832 25.825 6.93966
      vertex 17.1532 25.825 6.63527
    endloop
  endfacet
  facet normal 0 -1 0
    outer loop
      vertex 16.5682 25.825 5.40759
      vertex 15 25.825 6.522
      vertex 15 25.825 5.605
    endloop
  endfacet
  facet normal 0 -1 0
    outer loop
      vertex 15 25.825 6.522
      vertex 16.5682 25.825 5.40759
      vertex 17.1532 25.825 6.63527
    endloop
  endfacet
  facet normal 0 -1 0
    outer loop
      vertex 17.1532 25.825 5.33548
      vertex 17.1532 25.825 6.63527
      vertex 16.5682 25.825 5.40759
    endloop
  endfacet
  facet normal 0 -1 0
    outer loop
      vertex 17.8334 25.825 5.13175
      vertex 17.1532 25.825 6.63527
      vertex 17.1532 25.825 5.33548
    endloop
  endfacet
  facet normal 0 -1 0
    outer loop
      vertex 18.4832 25.825 4.93966
      vertex 18.4832 25.825 6.93966
      vertex 17.8334 25.825 5.13175
    endloop
  endfacet
  facet normal 0 -1 0
    outer loop
      vertex 18.4832 25.825 6.93966
      vertex 18.4832 25.825 4.93966
      vertex 19.4839 25.825 7
    endloop
  endfacet
  facet normal 0 -1 0
    outer loop
      vertex 18.4832 25.825 4.43966
      vertex 19.4839 25.825 7
      vertex 18.4832 25.825 4.93966
    endloop
  endfacet
  facet normal 0 -1 0
    outer loop
      vertex 16.5682 25.825 2.90759
      vertex 15 25.825 4.022
      vertex 15 25.825 3.105
    endloop
  endfacet
  facet normal 0 -1 0
    outer loop
      vertex 15 25.825 4.022
      vertex 16.5682 25.825 2.90759
      vertex 17.1532 25.825 4.13527
    endloop
  endfacet
  facet normal 0 -1 0
    outer loop
      vertex 17.1532 25.825 2.83548
      vertex 17.1532 25.825 4.13527
      vertex 16.5682 25.825 2.90759
    endloop
  endfacet
  facet normal 0 -1 0
    outer loop
      vertex 17.8334 25.825 2.63175
      vertex 17.1532 25.825 4.13527
      vertex 17.1532 25.825 2.83548
    endloop
  endfacet
  facet normal 0 -1 0
    outer loop
      vertex 17.1532 25.825 4.13527
      vertex 17.8334 25.825 2.63175
      vertex 18.4832 25.825 4.43966
    endloop
  endfacet
  facet normal 0 -1 0
    outer loop
      vertex 18.4832 25.825 2.43966
      vertex 18.4832 25.825 4.43966
      vertex 17.8334 25.825 2.63175
    endloop
  endfacet
  facet normal 0 -1 0
    outer loop
      vertex 19.4839 25.825 1.98
      vertex 18.4832 25.825 4.43966
      vertex 18.4832 25.825 2.43966
    endloop
  endfacet
  facet normal 0 -1 0
    outer loop
      vertex 19.4839 25.825 1.98
      vertex 18.4832 25.825 2.43966
      vertex 18.4832 25.825 1.98
    endloop
  endfacet
  facet normal 0 -1 0
    outer loop
      vertex 18.4832 25.825 4.43966
      vertex 19.4839 25.825 1.98
      vertex 19.4839 25.825 7
    endloop
  endfacet
  facet normal 0 0 -1
    outer loop
      vertex 24.3445 9.03567 7
      vertex 25.825 15 7
      vertex 25.825 12.1438 7
    endloop
  endfacet
  facet normal 0 0 -1
    outer loop
      vertex 23.3214 7.81804 7
      vertex 25.825 15 7
      vertex 24.3445 9.03567 7
    endloop
  endfacet
  facet normal 0 0 -1
    outer loop
      vertex 25.825 15 7
      vertex 25.1174 20.1915 7
      vertex 25.825 18.4832 7
    endloop
  endfacet
  facet normal 0 0 -1
    outer loop
      vertex 25.825 18.4832 7
      vertex 25.1174 20.1915 7
      vertex 25.825 19.4839 7
    endloop
  endfacet
  facet normal 0 0 -1
    outer loop
      vertex 24.3445 9.03567 7
      vertex 25.825 12.1438 7
      vertex 25.825 10.5161 7
    endloop
  endfacet
  facet normal 0 0 -1
    outer loop
      vertex 21.7135 6.40468 7
      vertex 25.825 15 7
      vertex 23.3214 7.81804 7
    endloop
  endfacet
  facet normal -0 -0 -1
    outer loop
      vertex 23.0787 23.0787 7
      vertex 25.825 15 7
      vertex 15 25.825 7
    endloop
  endfacet
  facet normal 0 0 -1
    outer loop
      vertex 23.3214 7.81804 7
      vertex 24.3445 9.03567 7
      vertex 24.227 8.83475 7
    endloop
  endfacet
  facet normal 0 0 -1
    outer loop
      vertex 25.825 15 7
      vertex 23.0787 23.0787 7
      vertex 25.1174 20.1915 7
    endloop
  endfacet
  facet normal 0 0 -1
    outer loop
      vertex 21.7135 6.40468 7
      vertex 23.3214 7.81804 7
      vertex 22.7857 7.21433 7
    endloop
  endfacet
  facet normal -0 0 -1
    outer loop
      vertex 25.825 15 7
      vertex 21.7135 6.40468 7
      vertex 15 25.825 7
    endloop
  endfacet
  facet normal 0 0 -1
    outer loop
      vertex 25.1174 20.1915 7
      vertex 23.0787 23.0787 7
      vertex 24.4995 21.3474 7
    endloop
  endfacet
  facet normal 0 0 -1
    outer loop
      vertex 23.0787 23.0787 7
      vertex 15 25.825 7
      vertex 21.3474 24.4995 7
    endloop
  endfacet
  facet normal 0 0 -1
    outer loop
      vertex 10.5161 4.175 7
      vertex 21.7135 6.40468 7
      vertex 19.4839 4.175 7
    endloop
  endfacet
  facet normal 0 0 -1
    outer loop
      vertex 21.3474 24.4995 7
      vertex 15 25.825 7
      vertex 20.1915 25.1174 7
    endloop
  endfacet
  facet normal 0 0 -1
    outer loop
      vertex 20.1915 25.1174 7
      vertex 18.4832 25.825 7
      vertex 19.4839 25.825 7
    endloop
  endfacet
  facet normal 0 0 -1
    outer loop
      vertex 20.1915 25.1174 7
      vertex 15 25.825 7
      vertex 18.4832 25.825 7
    endloop
  endfacet
  facet normal 0 0 -1
    outer loop
      vertex 18.4832 25.825 7
      vertex 15 25.825 7
      vertex 17.2289 26.2055 7
    endloop
  endfacet
  facet normal -0 0 -1
    outer loop
      vertex 17.2289 26.2055 7
      vertex 15 25.825 7
      vertex 16.8117 26.2466 7
    endloop
  endfacet
  facet normal 0 0 -1
    outer loop
      vertex 21.7135 6.40468 7
      vertex 6.41592 21.7248 7
      vertex 15 25.825 7
    endloop
  endfacet
  facet normal 0 -0 -1
    outer loop
      vertex 12.1862 25.8373 7
      vertex 15 25.825 7
      vertex 12.1506 25.825 7
    endloop
  endfacet
  facet normal 0 0 -1
    outer loop
      vertex 15 25.825 7
      vertex 12.8017 26.0516 7
      vertex 14.7106 26.3143 7
    endloop
  endfacet
  facet normal 0 -0 -1
    outer loop
      vertex 12.8017 26.0516 7
      vertex 15 25.825 7
      vertex 12.1862 25.8373 7
    endloop
  endfacet
  facet normal -0 0 -1
    outer loop
      vertex 21.7135 6.40468 7
      vertex 10.5161 4.175 7
      vertex 6.41592 21.7248 7
    endloop
  endfacet
  facet normal 0 -0 -1
    outer loop
      vertex 7.81239 23.3134 7
      vertex 15 25.825 7
      vertex 6.41592 21.7248 7
    endloop
  endfacet
  facet normal -0 0 -1
    outer loop
      vertex 12.1506 25.825 7
      vertex 9.02949 24.3383 7
      vertex 10.5161 25.825 7
    endloop
  endfacet
  facet normal -0 0 -1
    outer loop
      vertex 15 25.825 7
      vertex 9.02949 24.3383 7
      vertex 12.1506 25.825 7
    endloop
  endfacet
  facet normal 0 0 -1
    outer loop
      vertex 9.02949 24.3383 7
      vertex 7.81239 23.3134 7
      vertex 8.83598 24.2251 7
    endloop
  endfacet
  facet normal 0 -0 -1
    outer loop
      vertex 9.02949 24.3383 7
      vertex 15 25.825 7
      vertex 7.81239 23.3134 7
    endloop
  endfacet
  facet normal 0 0 -1
    outer loop
      vertex 7.81239 23.3134 7
      vertex 6.41592 21.7248 7
      vertex 7.2159 22.7841 7
    endloop
  endfacet
  facet normal 0 0 -1
    outer loop
      vertex 4.175 10.5161 7
      vertex 6.41592 21.7248 7
      vertex 10.5161 4.175 7
    endloop
  endfacet
  facet normal 0 0 -1
    outer loop
      vertex 6.41592 21.7248 7
      vertex 4.175 10.5161 7
      vertex 4.175 19.4839 7
    endloop
  endfacet
  facet normal 0 0 -1
    outer loop
      vertex 25.825 15 7
      vertex 25.8425 12.1945 7
      vertex 25.825 12.1438 7
    endloop
  endfacet
  facet normal 0 0 -1
    outer loop
      vertex 25.825 15 7
      vertex 26.3569 15 7
      vertex 26.3178 14.7197 7
    endloop
  endfacet
  facet normal 0 0 -1
    outer loop
      vertex 25.825 15 7
      vertex 26.3178 14.7197 7
      vertex 26.0537 12.8013 7
    endloop
  endfacet
  facet normal 0 0 -1
    outer loop
      vertex 25.825 15 7
      vertex 26.0537 12.8013 7
      vertex 25.8425 12.1945 7
    endloop
  endfacet
  facet normal 0 0 -1
    outer loop
      vertex 26.3569 15 7
      vertex 25.825 15 7
      vertex 26.2522 16.7546 7
    endloop
  endfacet
  facet normal -0 0 -1
    outer loop
      vertex 26.2522 16.7546 7
      vertex 25.825 15 7
      vertex 26.2055 17.2289 7
    endloop
  endfacet
  facet normal -0 0 -1
    outer loop
      vertex 26.2055 17.2289 7
      vertex 25.825 15 7
      vertex 25.825 18.4832 7
    endloop
  endfacet
  facet normal 0 0 -1
    outer loop
      vertex 15 25.825 7
      vertex 15 26.3546 7
      vertex 16.8117 26.2466 7
    endloop
  endfacet
  facet normal 0 0 -1
    outer loop
      vertex 15 25.825 7
      vertex 14.7106 26.3143 7
      vertex 15 26.3546 7
    endloop
  endfacet
  facet normal -1 0 0
    outer loop
      vertex 25.825 13.4318 4.78259
      vertex 25.825 15 5.897
      vertex 25.825 15 4.98
    endloop
  endfacet
  facet normal -1 0 0
    outer loop
      vertex 25.825 12.8468 6.01027
      vertex 25.825 13.4318 4.78259
      vertex 25.825 12.8468 4.71048
    endloop
  endfacet
  facet normal -1 0 0
    outer loop
      vertex 25.825 13.4318 4.78259
      vertex 25.825 12.8468 6.01027
      vertex 25.825 15 5.897
    endloop
  endfacet
  facet normal -1 0 0
    outer loop
      vertex 25.825 12.1666 4.50675
      vertex 25.825 12.8468 6.01027
      vertex 25.825 12.8468 4.71048
    endloop
  endfacet
  facet normal -1 0 0
    outer loop
      vertex 25.825 11.5168 6.31466
      vertex 25.825 12.1666 4.50675
      vertex 25.825 11.5168 4.31466
    endloop
  endfacet
  facet normal -1 0 0
    outer loop
      vertex 25.825 12.1666 4.50675
      vertex 25.825 11.5168 6.31466
      vertex 25.825 12.8468 6.01027
    endloop
  endfacet
  facet normal -1 0 0
    outer loop
      vertex 25.825 13.4318 2.28259
      vertex 25.825 15 3.397
      vertex 25.825 15 2.48
    endloop
  endfacet
  facet normal -1 0 0
    outer loop
      vertex 25.825 12.8468 3.51027
      vertex 25.825 13.4318 2.28259
      vertex 25.825 12.8468 2.21048
    endloop
  endfacet
  facet normal -1 0 0
    outer loop
      vertex 25.825 13.4318 2.28259
      vertex 25.825 12.8468 3.51027
      vertex 25.825 15 3.397
    endloop
  endfacet
  facet normal -1 0 0
    outer loop
      vertex 25.825 12.1666 2.00675
      vertex 25.825 12.8468 3.51027
      vertex 25.825 12.8468 2.21048
    endloop
  endfacet
  facet normal -1 0 0
    outer loop
      vertex 25.825 11.5168 3.81466
      vertex 25.825 12.1666 2.00675
      vertex 25.825 12.0761 1.98
    endloop
  endfacet
  facet normal -1 0 0
    outer loop
      vertex 25.825 12.1666 2.00675
      vertex 25.825 11.5168 3.81466
      vertex 25.825 12.8468 3.51027
    endloop
  endfacet
  facet normal -1 0 0
    outer loop
      vertex 25.825 10.5161 1.98
      vertex 25.825 11.5168 4.31466
      vertex 25.825 11.5168 3.81466
    endloop
  endfacet
  facet normal -1 0 0
    outer loop
      vertex 25.825 11.5168 4.31466
      vertex 25.825 10.5161 7
      vertex 25.825 11.5168 6.31466
    endloop
  endfacet
  facet normal -1 -0 0
    outer loop
      vertex 25.825 11.5168 4.31466
      vertex 25.825 10.5161 1.98
      vertex 25.825 10.5161 7
    endloop
  endfacet
  facet normal -1 0 0
    outer loop
      vertex 25.825 10.5161 1.98
      vertex 25.825 11.5168 3.81466
      vertex 25.825 12.0761 1.98
    endloop
  endfacet
  facet normal -1 0 0
    outer loop
      vertex 25.825 18.4832 4.56234
      vertex 25.825 17.8334 6.37025
      vertex 25.825 18.4832 6.56234
    endloop
  endfacet
  facet normal -1 0 0
    outer loop
      vertex 25.825 17.1532 4.86673
      vertex 25.825 17.8334 6.37025
      vertex 25.825 18.4832 4.56234
    endloop
  endfacet
  facet normal -1 0 0
    outer loop
      vertex 25.825 17.1532 4.86673
      vertex 25.825 17.1532 6.16652
      vertex 25.825 17.8334 6.37025
    endloop
  endfacet
  facet normal -1 0 0
    outer loop
      vertex 25.825 17.1532 4.86673
      vertex 25.825 16.5682 6.09441
      vertex 25.825 17.1532 6.16652
    endloop
  endfacet
  facet normal -1 0 0
    outer loop
      vertex 25.825 15 4.98
      vertex 25.825 16.5682 6.09441
      vertex 25.825 17.1532 4.86673
    endloop
  endfacet
  facet normal -1 0 0
    outer loop
      vertex 25.825 16.5682 6.09441
      vertex 25.825 15 4.98
      vertex 25.825 15 5.897
    endloop
  endfacet
  facet normal -1 0 0
    outer loop
      vertex 25.825 18.4832 2.06234
      vertex 25.825 17.8334 3.87025
      vertex 25.825 18.4832 4.06234
    endloop
  endfacet
  facet normal -1 0 0
    outer loop
      vertex 25.825 17.1532 2.36673
      vertex 25.825 17.8334 3.87025
      vertex 25.825 18.4832 2.06234
    endloop
  endfacet
  facet normal -1 0 0
    outer loop
      vertex 25.825 17.1532 2.36673
      vertex 25.825 17.1532 3.66652
      vertex 25.825 17.8334 3.87025
    endloop
  endfacet
  facet normal -1 0 0
    outer loop
      vertex 25.825 17.1532 2.36673
      vertex 25.825 16.5682 3.59441
      vertex 25.825 17.1532 3.66652
    endloop
  endfacet
  facet normal -1 0 0
    outer loop
      vertex 25.825 15 2.48
      vertex 25.825 16.5682 3.59441
      vertex 25.825 17.1532 2.36673
    endloop
  endfacet
  facet normal -1 0 0
    outer loop
      vertex 25.825 16.5682 3.59441
      vertex 25.825 15 2.48
      vertex 25.825 15 3.397
    endloop
  endfacet
  facet normal -1 0 0
    outer loop
      vertex 25.825 18.4832 2.06234
      vertex 25.825 19.4839 1.98
      vertex 25.825 18.4832 1.98
    endloop
  endfacet
  facet normal -1 0 0
    outer loop
      vertex 25.825 18.4832 4.06234
      vertex 25.825 19.4839 1.98
      vertex 25.825 18.4832 2.06234
    endloop
  endfacet
  facet normal -1 0 0
    outer loop
      vertex 25.825 18.4832 4.56234
      vertex 25.825 19.4839 1.98
      vertex 25.825 18.4832 4.06234
    endloop
  endfacet
  facet normal -1 0 0
    outer loop
      vertex 25.825 19.4839 1.98
      vertex 25.825 18.4832 4.56234
      vertex 25.825 19.4839 7
    endloop
  endfacet
  facet normal -1 0 0
    outer loop
      vertex 25.825 18.4832 6.56234
      vertex 25.825 19.4839 7
      vertex 25.825 18.4832 4.56234
    endloop
  endfacet
  facet normal -1 -0 0
    outer loop
      vertex 25.825 19.4839 7
      vertex 25.825 18.4832 6.56234
      vertex 25.825 18.4832 7
    endloop
  endfacet
  facet normal -1 0 0
    outer loop
      vertex 25.825 11.5168 6.81466
      vertex 25.825 10.5161 7
      vertex 25.825 12.1438 7
    endloop
  endfacet
  facet normal -1 0 0
    outer loop
      vertex 25.825 11.5168 6.31466
      vertex 25.825 10.5161 7
      vertex 25.825 11.5168 6.81466
    endloop
  endfacet
  facet normal -0.70709 0.707123 -9.76977e-06
    outer loop
      vertex 25.825 10.5161 7
      vertex 25.1174 9.80853 6.74984
      vertex 24.3445 9.03567 7
    endloop
  endfacet
  facet normal -0.707092 0.707122 0
    outer loop
      vertex 25.825 10.5161 7
      vertex 25.1174 9.80853 6.24984
      vertex 25.1174 9.80853 6.74984
    endloop
  endfacet
  facet normal -0.707068 0.707145 0
    outer loop
      vertex 25.1174 9.80853 4.24984
      vertex 24.6579 9.34908 6.05775
      vertex 25.1174 9.80853 6.24984
    endloop
  endfacet
  facet normal -0.707081 0.707132 0
    outer loop
      vertex 24.177 8.86813 4.55423
      vertex 23.7633 8.45446 5.78191
      vertex 24.177 8.86813 5.85402
    endloop
  endfacet
  facet normal -0.707098 0.707116 -1.13028e-05
    outer loop
      vertex 22.6544 7.34557 4.6675
      vertex 23.7633 8.45446 5.78191
      vertex 24.177 8.86813 4.55423
    endloop
  endfacet
  facet normal -0.70711 0.707103 -2.13088e-05
    outer loop
      vertex 24.177 8.86813 4.55423
      vertex 24.6579 9.34908 6.05775
      vertex 25.1174 9.80853 4.24984
    endloop
  endfacet
  facet normal -0.707104 0.70711 0
    outer loop
      vertex 23.7633 8.45446 5.78191
      vertex 22.6544 7.34557 4.6675
      vertex 22.6544 7.34557 5.5845
    endloop
  endfacet
  facet normal -0.707092 0.707122 0
    outer loop
      vertex 25.1174 9.80853 4.24984
      vertex 25.1174 9.80853 6.24984
      vertex 25.825 10.5161 7
    endloop
  endfacet
  facet normal -0.707144 0.70707 0
    outer loop
      vertex 24.6579 9.34908 6.05775
      vertex 24.177 8.86813 4.55423
      vertex 24.177 8.86813 5.85402
    endloop
  endfacet
  facet normal -0.707092 0.707122 0
    outer loop
      vertex 25.825 10.5161 1.98
      vertex 25.1174 9.80853 4.24984
      vertex 25.825 10.5161 7
    endloop
  endfacet
  facet normal -0.707072 0.707142 1.60886e-05
    outer loop
      vertex 25.825 10.5161 1.98
      vertex 24.6579 9.34908 3.55775
      vertex 25.1174 9.80853 3.74984
    endloop
  endfacet
  facet normal -0.707081 0.707132 0
    outer loop
      vertex 24.177 8.86813 2.05423
      vertex 23.7633 8.45446 3.28191
      vertex 24.177 8.86813 3.35402
    endloop
  endfacet
  facet normal -0.707098 0.707116 -1.13028e-05
    outer loop
      vertex 22.6544 7.34557 2.1675
      vertex 23.7633 8.45446 3.28191
      vertex 24.177 8.86813 2.05423
    endloop
  endfacet
  facet normal -0.707144 0.707069 2.96027e-06
    outer loop
      vertex 24.6579 9.34908 3.55775
      vertex 24.4063 9.09746 1.98
      vertex 24.177 8.86813 3.35402
    endloop
  endfacet
  facet normal -0.707104 0.70711 0
    outer loop
      vertex 23.7633 8.45446 3.28191
      vertex 22.6544 7.34557 2.1675
      vertex 22.6544 7.34557 3.0845
    endloop
  endfacet
  facet normal -0.707092 0.707122 0
    outer loop
      vertex 25.1174 9.80853 4.24984
      vertex 25.825 10.5161 1.98
      vertex 25.1174 9.80853 3.74984
    endloop
  endfacet
  facet normal -0.707092 0.707122 -1.37327e-05
    outer loop
      vertex 24.6579 9.34908 3.55775
      vertex 25.825 10.5161 1.98
      vertex 24.4063 9.09746 1.98
    endloop
  endfacet
  facet normal -0.707153 0.707061 0
    outer loop
      vertex 24.177 8.86813 3.35402
      vertex 24.4063 9.09746 1.98
      vertex 24.177 8.86813 2.05423
    endloop
  endfacet
  facet normal -0.707119 0.707094 0.000142506
    outer loop
      vertex 21.5455 6.23668 6.97009
      vertex 19.4839 4.175 7
      vertex 21.7135 6.40468 7
    endloop
  endfacet
  facet normal -0.707124 0.707089 -0.000488381
    outer loop
      vertex 21.1319 5.82301 6.89798
      vertex 19.4839 4.175 7
      vertex 21.5455 6.23668 6.97009
    endloop
  endfacet
  facet normal -0.707104 0.70711 0.00016025
    outer loop
      vertex 20.6509 5.34206 6.69425
      vertex 19.4839 4.175 7
      vertex 21.1319 5.82301 6.89798
    endloop
  endfacet
  facet normal -0.707133 0.707081 -5.96993e-05
    outer loop
      vertex 20.1915 4.88261 6.50216
      vertex 19.4839 4.175 7
      vertex 20.6509 5.34206 6.69425
    endloop
  endfacet
  facet normal -0.707112 0.707102 0
    outer loop
      vertex 20.1915 4.88261 6.00216
      vertex 19.4839 4.175 7
      vertex 20.1915 4.88261 6.50216
    endloop
  endfacet
  facet normal -0.707104 0.70711 0
    outer loop
      vertex 21.5455 6.23668 4.47009
      vertex 22.6544 7.34557 5.5845
      vertex 22.6544 7.34557 4.6675
    endloop
  endfacet
  facet normal -0.70712 0.707094 3.17245e-05
    outer loop
      vertex 22.6544 7.34557 5.5845
      vertex 21.5455 6.23668 4.47009
      vertex 21.1319 5.82301 5.69777
    endloop
  endfacet
  facet normal -0.707167 0.707047 0
    outer loop
      vertex 21.1319 5.82301 4.39798
      vertex 21.1319 5.82301 5.69777
      vertex 21.5455 6.23668 4.47009
    endloop
  endfacet
  facet normal -0.70707 0.707144 0
    outer loop
      vertex 20.6509 5.34206 4.19425
      vertex 21.1319 5.82301 5.69777
      vertex 21.1319 5.82301 4.39798
    endloop
  endfacet
  facet normal -0.707103 0.70711 2.13086e-05
    outer loop
      vertex 21.1319 5.82301 5.69777
      vertex 20.6509 5.34206 4.19425
      vertex 20.1915 4.88261 6.00216
    endloop
  endfacet
  facet normal -0.707145 0.707068 0
    outer loop
      vertex 20.1915 4.88261 4.00216
      vertex 20.1915 4.88261 6.00216
      vertex 20.6509 5.34206 4.19425
    endloop
  endfacet
  facet normal -0.707112 0.707102 0
    outer loop
      vertex 20.1915 4.88261 6.00216
      vertex 20.1915 4.88261 4.00216
      vertex 19.4839 4.175 7
    endloop
  endfacet
  facet normal -0.707112 0.707102 0
    outer loop
      vertex 19.4839 4.175 1.98
      vertex 20.1915 4.88261 4.00216
      vertex 20.1915 4.88261 3.50216
    endloop
  endfacet
  facet normal -0.707117 0.707097 0
    outer loop
      vertex 21.6012 6.29234 1.98
      vertex 22.6544 7.34557 3.0845
      vertex 22.6544 7.34557 2.1675
    endloop
  endfacet
  facet normal -0.70712 0.707093 6.87777e-06
    outer loop
      vertex 22.6544 7.34557 3.0845
      vertex 21.6012 6.29234 1.98
      vertex 21.1319 5.82301 3.19777
    endloop
  endfacet
  facet normal -0.707113 0.7071 1.22715e-05
    outer loop
      vertex 19.4839 4.175 1.98
      vertex 21.1319 5.82301 3.19777
      vertex 21.6012 6.29234 1.98
    endloop
  endfacet
  facet normal -0.707112 0.707102 0
    outer loop
      vertex 20.1915 4.88261 4.00216
      vertex 19.4839 4.175 1.98
      vertex 19.4839 4.175 7
    endloop
  endfacet
  facet normal -0.707107 0.707106 -4.03784e-06
    outer loop
      vertex 21.1319 5.82301 3.19777
      vertex 19.4839 4.175 1.98
      vertex 20.1915 4.88261 3.50216
    endloop
  endfacet
  facet normal 0.707107 0.707107 0
    outer loop
      vertex 4.88261 9.80853 5.37716
      vertex 5.34206 9.34908 3.56925
      vertex 4.88261 9.80853 3.37716
    endloop
  endfacet
  facet normal 0.707107 0.707107 4.02509e-16
    outer loop
      vertex 5.82301 8.86813 5.07277
      vertex 5.34206 9.34908 3.56925
      vertex 4.88261 9.80853 5.37716
    endloop
  endfacet
  facet normal 0.707107 0.707107 0
    outer loop
      vertex 5.82301 8.86813 5.07277
      vertex 5.82301 8.86813 3.77298
      vertex 5.34206 9.34908 3.56925
    endloop
  endfacet
  facet normal 0.707107 0.707107 0
    outer loop
      vertex 5.82301 8.86813 5.07277
      vertex 6.23668 8.45446 3.84509
      vertex 5.82301 8.86813 3.77298
    endloop
  endfacet
  facet normal 0.707107 0.707107 -1.03389e-15
    outer loop
      vertex 7.34557 7.34557 4.9595
      vertex 6.23668 8.45446 3.84509
      vertex 5.82301 8.86813 5.07277
    endloop
  endfacet
  facet normal 0.707107 0.707107 0
    outer loop
      vertex 7.34557 7.34557 4.9595
      vertex 7.34557 7.34557 4.0425
      vertex 6.23668 8.45446 3.84509
    endloop
  endfacet
  facet normal 0.707107 0.707107 0
    outer loop
      vertex 8.45446 6.23668 5.15691
      vertex 7.34557 7.34557 4.0425
      vertex 7.34557 7.34557 4.9595
    endloop
  endfacet
  facet normal 0.707107 0.707107 -0
    outer loop
      vertex 8.86813 5.82301 3.92923
      vertex 8.45446 6.23668 5.15691
      vertex 8.86813 5.82301 5.22902
    endloop
  endfacet
  facet normal 0.707107 0.707107 1.03389e-15
    outer loop
      vertex 8.45446 6.23668 5.15691
      vertex 8.86813 5.82301 3.92923
      vertex 7.34557 7.34557 4.0425
    endloop
  endfacet
  facet normal 0.707107 0.707107 0
    outer loop
      vertex 9.34908 5.34206 5.43275
      vertex 8.86813 5.82301 3.92923
      vertex 8.86813 5.82301 5.22902
    endloop
  endfacet
  facet normal 0.707107 0.707107 -0
    outer loop
      vertex 9.80853 4.88261 3.62484
      vertex 9.34908 5.34206 5.43275
      vertex 9.80853 4.88261 5.62484
    endloop
  endfacet
  facet normal 0.707107 0.707107 -3.8993e-16
    outer loop
      vertex 9.34908 5.34206 5.43275
      vertex 9.80853 4.88261 3.62484
      vertex 8.86813 5.82301 3.92923
    endloop
  endfacet
  facet normal 0.707087 0.707127 -0
    outer loop
      vertex 4.88261 9.80853 5.37716
      vertex 4.175 10.5161 7
      vertex 4.88261 9.80853 5.87716
    endloop
  endfacet
  facet normal 0.707103 0.707111 1.99371e-05
    outer loop
      vertex 4.175 10.5161 7
      vertex 5.34206 9.34908 6.06925
      vertex 4.88261 9.80853 5.87716
    endloop
  endfacet
  facet normal 0.707103 0.707111 1.98471e-05
    outer loop
      vertex 4.175 10.5161 7
      vertex 5.82301 8.86813 6.27298
      vertex 5.34206 9.34908 6.06925
    endloop
  endfacet
  facet normal 0.707104 0.707109 2.78857e-05
    outer loop
      vertex 4.175 10.5161 7
      vertex 6.23668 8.45446 6.34509
      vertex 5.82301 8.86813 6.27298
    endloop
  endfacet
  facet normal 0.707104 0.707109 2.76771e-05
    outer loop
      vertex 4.175 10.5161 7
      vertex 7.34557 7.34557 6.5425
      vertex 6.23668 8.45446 6.34509
    endloop
  endfacet
  facet normal 0.707107 0.707107 6.18235e-05
    outer loop
      vertex 10.5161 4.175 7
      vertex 7.34557 7.34557 6.5425
      vertex 4.175 10.5161 7
    endloop
  endfacet
  facet normal 0.707127 0.707087 0
    outer loop
      vertex 10.5161 4.175 7
      vertex 9.80853 4.88261 5.62484
      vertex 9.80853 4.88261 6.12484
    endloop
  endfacet
  facet normal 0.707127 0.707087 0
    outer loop
      vertex 9.80853 4.88261 5.62484
      vertex 10.5161 4.175 7
      vertex 9.80853 4.88261 3.62484
    endloop
  endfacet
  facet normal 0.707127 0.707087 -0
    outer loop
      vertex 10.5161 4.175 1.98
      vertex 9.80853 4.88261 3.62484
      vertex 10.5161 4.175 7
    endloop
  endfacet
  facet normal 0.707111 0.707103 2.56153e-05
    outer loop
      vertex 8.86813 5.82301 6.42923
      vertex 10.5161 4.175 7
      vertex 9.80853 4.88261 6.12484
    endloop
  endfacet
  facet normal 0.707108 0.707105 4.07924e-05
    outer loop
      vertex 7.34557 7.34557 6.5425
      vertex 10.5161 4.175 7
      vertex 8.86813 5.82301 6.42923
    endloop
  endfacet
  facet normal 0.707087 0.707127 0
    outer loop
      vertex 4.175 10.5161 7
      vertex 4.88261 9.80853 5.37716
      vertex 4.175 10.5161 1.98
    endloop
  endfacet
  facet normal 0.707087 0.707127 -0
    outer loop
      vertex 4.88261 9.80853 3.37716
      vertex 4.175 10.5161 1.98
      vertex 4.88261 9.80853 5.37716
    endloop
  endfacet
  facet normal 0.707087 0.707127 -0
    outer loop
      vertex 4.88261 9.80853 2.87716
      vertex 4.175 10.5161 1.98
      vertex 4.88261 9.80853 3.37716
    endloop
  endfacet
  facet normal 0.707103 0.707111 -2.51149e-05
    outer loop
      vertex 5.82301 8.86813 2.57277
      vertex 4.175 10.5161 1.98
      vertex 4.88261 9.80853 2.87716
    endloop
  endfacet
  facet normal 0.707105 0.707108 -3.95379e-05
    outer loop
      vertex 7.34557 7.34557 2.4595
      vertex 4.175 10.5161 1.98
      vertex 5.82301 8.86813 2.57277
    endloop
  endfacet
  facet normal 0.707109 0.707104 -2.72937e-05
    outer loop
      vertex 10.5161 4.175 1.98
      vertex 8.45446 6.23668 2.65691
      vertex 8.86813 5.82301 2.72902
    endloop
  endfacet
  facet normal 0.707111 0.707103 -1.96327e-05
    outer loop
      vertex 10.5161 4.175 1.98
      vertex 9.34908 5.34206 2.93275
      vertex 9.80853 4.88261 3.12484
    endloop
  endfacet
  facet normal 0.707107 0.707107 -5.8987e-05
    outer loop
      vertex 7.34557 7.34557 2.4595
      vertex 10.5161 4.175 1.98
      vertex 4.175 10.5161 1.98
    endloop
  endfacet
  facet normal 0.707109 0.707104 -2.70939e-05
    outer loop
      vertex 8.45446 6.23668 2.65691
      vertex 10.5161 4.175 1.98
      vertex 7.34557 7.34557 2.4595
    endloop
  endfacet
  facet normal 0.707111 0.707103 -1.95454e-05
    outer loop
      vertex 9.34908 5.34206 2.93275
      vertex 10.5161 4.175 1.98
      vertex 8.86813 5.82301 2.72902
    endloop
  endfacet
  facet normal 0.707127 0.707087 0
    outer loop
      vertex 9.80853 4.88261 3.62484
      vertex 10.5161 4.175 1.98
      vertex 9.80853 4.88261 3.12484
    endloop
  endfacet
  facet normal 0 1 0
    outer loop
      vertex 19.4839 4.175 7
      vertex 15 4.175 6.855
      vertex 10.5161 4.175 7
    endloop
  endfacet
  facet normal 0 1 0
    outer loop
      vertex 19.4839 4.175 7
      vertex 17.1532 4.175 6.74173
      vertex 15 4.175 6.855
    endloop
  endfacet
  facet normal 0 1 0
    outer loop
      vertex 19.4839 4.175 7
      vertex 18.4832 4.175 6.43734
      vertex 17.1532 4.175 6.74173
    endloop
  endfacet
  facet normal 0 1 0
    outer loop
      vertex 19.4839 4.175 7
      vertex 18.4832 4.175 5.93734
      vertex 18.4832 4.175 6.43734
    endloop
  endfacet
  facet normal 0 1 -0
    outer loop
      vertex 18.4832 4.175 3.93734
      vertex 17.8334 4.175 5.74525
      vertex 18.4832 4.175 5.93734
    endloop
  endfacet
  facet normal 0 1 -0
    outer loop
      vertex 17.1532 4.175 4.24173
      vertex 16.5682 4.175 5.46941
      vertex 17.1532 4.175 5.54152
    endloop
  endfacet
  facet normal -0 1 0
    outer loop
      vertex 15 4.175 4.355
      vertex 16.5682 4.175 5.46941
      vertex 17.1532 4.175 4.24173
    endloop
  endfacet
  facet normal -0 1 0
    outer loop
      vertex 17.1532 4.175 4.24173
      vertex 17.8334 4.175 5.74525
      vertex 18.4832 4.175 3.93734
    endloop
  endfacet
  facet normal 0 1 0
    outer loop
      vertex 16.5682 4.175 5.46941
      vertex 15 4.175 4.355
      vertex 15 4.175 5.272
    endloop
  endfacet
  facet normal 0 1 0
    outer loop
      vertex 18.4832 4.175 3.93734
      vertex 18.4832 4.175 5.93734
      vertex 19.4839 4.175 7
    endloop
  endfacet
  facet normal 0 1 0
    outer loop
      vertex 17.8334 4.175 5.74525
      vertex 17.1532 4.175 4.24173
      vertex 17.1532 4.175 5.54152
    endloop
  endfacet
  facet normal 0 1 -0
    outer loop
      vertex 19.4839 4.175 1.98
      vertex 18.4832 4.175 3.93734
      vertex 19.4839 4.175 7
    endloop
  endfacet
  facet normal 0 1 0
    outer loop
      vertex 19.4839 4.175 1.98
      vertex 17.8334 4.175 3.24525
      vertex 18.4832 4.175 3.43734
    endloop
  endfacet
  facet normal 0 1 0
    outer loop
      vertex 19.4839 4.175 1.98
      vertex 16.5682 4.175 2.96941
      vertex 17.1532 4.175 3.04152
    endloop
  endfacet
  facet normal 0 1 0
    outer loop
      vertex 16.5682 4.175 2.96941
      vertex 19.4839 4.175 1.98
      vertex 15 4.175 2.772
    endloop
  endfacet
  facet normal 0 1 0
    outer loop
      vertex 17.8334 4.175 3.24525
      vertex 19.4839 4.175 1.98
      vertex 17.1532 4.175 3.04152
    endloop
  endfacet
  facet normal 0 1 0
    outer loop
      vertex 18.4832 4.175 3.93734
      vertex 19.4839 4.175 1.98
      vertex 18.4832 4.175 3.43734
    endloop
  endfacet
  facet normal 0 1 -0
    outer loop
      vertex 13.4318 4.175 6.65759
      vertex 10.5161 4.175 7
      vertex 15 4.175 6.855
    endloop
  endfacet
  facet normal 0 1 -0
    outer loop
      vertex 12.8468 4.175 6.58548
      vertex 10.5161 4.175 7
      vertex 13.4318 4.175 6.65759
    endloop
  endfacet
  facet normal 0 1 -0
    outer loop
      vertex 12.1666 4.175 6.38175
      vertex 10.5161 4.175 7
      vertex 12.8468 4.175 6.58548
    endloop
  endfacet
  facet normal 0 1 -0
    outer loop
      vertex 11.5168 4.175 6.18966
      vertex 10.5161 4.175 7
      vertex 12.1666 4.175 6.38175
    endloop
  endfacet
  facet normal 0 1 -0
    outer loop
      vertex 11.5168 4.175 5.68966
      vertex 10.5161 4.175 7
      vertex 11.5168 4.175 6.18966
    endloop
  endfacet
  facet normal 0 1 0
    outer loop
      vertex 13.4318 4.175 4.15759
      vertex 15 4.175 5.272
      vertex 15 4.175 4.355
    endloop
  endfacet
  facet normal 0 1 0
    outer loop
      vertex 15 4.175 5.272
      vertex 13.4318 4.175 4.15759
      vertex 12.8468 4.175 5.38527
    endloop
  endfacet
  facet normal 0 1 0
    outer loop
      vertex 12.8468 4.175 4.08548
      vertex 12.8468 4.175 5.38527
      vertex 13.4318 4.175 4.15759
    endloop
  endfacet
  facet normal 0 1 0
    outer loop
      vertex 12.1666 4.175 3.88175
      vertex 12.8468 4.175 5.38527
      vertex 12.8468 4.175 4.08548
    endloop
  endfacet
  facet normal 0 1 0
    outer loop
      vertex 12.8468 4.175 5.38527
      vertex 12.1666 4.175 3.88175
      vertex 11.5168 4.175 5.68966
    endloop
  endfacet
  facet normal 0 1 0
    outer loop
      vertex 11.5168 4.175 3.68966
      vertex 11.5168 4.175 5.68966
      vertex 12.1666 4.175 3.88175
    endloop
  endfacet
  facet normal 0 1 0
    outer loop
      vertex 11.5168 4.175 5.68966
      vertex 11.5168 4.175 3.68966
      vertex 10.5161 4.175 7
    endloop
  endfacet
  facet normal 0 1 0
    outer loop
      vertex 10.5161 4.175 1.98
      vertex 11.5168 4.175 3.68966
      vertex 11.5168 4.175 3.18966
    endloop
  endfacet
  facet normal 0 1 0
    outer loop
      vertex 10.5161 4.175 1.98
      vertex 15 4.175 2.772
      vertex 19.4839 4.175 1.98
    endloop
  endfacet
  facet normal 0 1 0
    outer loop
      vertex 11.5168 4.175 3.68966
      vertex 10.5161 4.175 1.98
      vertex 10.5161 4.175 7
    endloop
  endfacet
  facet normal 0 1 0
    outer loop
      vertex 12.8468 4.175 2.88527
      vertex 10.5161 4.175 1.98
      vertex 11.5168 4.175 3.18966
    endloop
  endfacet
  facet normal 0 1 0
    outer loop
      vertex 15 4.175 2.772
      vertex 10.5161 4.175 1.98
      vertex 12.8468 4.175 2.88527
    endloop
  endfacet
  facet normal 0.0980205 0.995184 -0
    outer loop
      vertex 15 3.575 1.14
      vertex 13.9968 3.67381 1.27834
      vertex 15 3.575 1.3135
    endloop
  endfacet
  facet normal 0.0930489 0.667085 -0.739148
    outer loop
      vertex 15 3.575 1.3135
      vertex 14.4513 3.78492 1.43388
      vertex 15 3.92374 1.62824
    endloop
  endfacet
  facet normal 0.0914309 0.664371 -0.741789
    outer loop
      vertex 15 3.575 1.3135
      vertex 14.3677 3.76447 1.40526
      vertex 14.4513 3.78492 1.43388
    endloop
  endfacet
  facet normal 0.091436 0.664383 -0.741778
    outer loop
      vertex 14.3677 3.76447 1.40526
      vertex 15 3.575 1.3135
      vertex 13.9968 3.67381 1.27834
    endloop
  endfacet
  facet normal -0.098019 0.995185 -3.32427e-05
    outer loop
      vertex 15.5953 3.63363 1.22208
      vertex 15 3.575 1.3135
      vertex 16.6871 3.74117 1.37264
    endloop
  endfacet
  facet normal -0.0980139 0.995185 0
    outer loop
      vertex 15 3.575 1.3135
      vertex 15.5953 3.63363 1.22208
      vertex 15 3.575 1.14
    endloop
  endfacet
  facet normal -0.0399355 0.669458 -0.741776
    outer loop
      vertex 16.6871 3.74117 1.37264
      vertex 15 3.575 1.3135
      vertex 15 3.92374 1.62824
    endloop
  endfacet
  facet normal -0.471454 0.881891 0
    outer loop
      vertex 21.3474 5.50046 1.44734
      vertex 21.1465 5.39306 1.53993
      vertex 21.3474 5.50046 1.54787
    endloop
  endfacet
  facet normal -0.293197 0.606384 -0.739144
    outer loop
      vertex 21.3474 5.50046 1.54787
      vertex 21.1661 5.45924 1.58597
      vertex 21.2287 5.67809 1.74068
    endloop
  endfacet
  facet normal -0.293021 0.602974 -0.741998
    outer loop
      vertex 21.3474 5.50046 1.54787
      vertex 21.1465 5.39306 1.53993
      vertex 21.1661 5.45924 1.58597
    endloop
  endfacet
  facet normal -0.634397 0.773007 4.88879e-05
    outer loop
      vertex 22.6163 6.54185 1.22208
      vertex 21.3474 5.50046 1.54787
      vertex 23.0787 6.92131 1.626
    endloop
  endfacet
  facet normal -0.634404 0.773001 0
    outer loop
      vertex 21.3474 5.50046 1.54787
      vertex 22.6163 6.54185 1.22208
      vertex 21.3474 5.50046 1.44734
    endloop
  endfacet
  facet normal -0.634371 0.773028 0
    outer loop
      vertex 22.6163 6.54185 1.22208
      vertex 23.0787 6.92131 1.626
      vertex 23.0787 6.92131 1.14
    endloop
  endfacet
  facet normal -0.405903 0.537479 -0.739161
    outer loop
      vertex 23.0787 6.92131 1.626
      vertex 21.6012 6.29234 1.98
      vertex 22.6544 7.34557 2.1675
    endloop
  endfacet
  facet normal -0.40588 0.537375 -0.73925
    outer loop
      vertex 21.6012 6.29234 1.98
      vertex 23.0787 6.92131 1.626
      vertex 21.5762 6.25036 1.96321
    endloop
  endfacet
  facet normal -0.405139 0.534449 -0.741772
    outer loop
      vertex 21.3474 5.50046 1.54787
      vertex 21.5762 6.25036 1.96321
      vertex 23.0787 6.92131 1.626
    endloop
  endfacet
  facet normal -0.405125 0.534449 -0.74178
    outer loop
      vertex 21.5762 6.25036 1.96321
      vertex 21.3474 5.50046 1.54787
      vertex 21.2287 5.67809 1.74068
    endloop
  endfacet
  facet normal -0.773019 0.634382 0
    outer loop
      vertex 23.0787 6.92131 1.626
      vertex 24.4995 8.65261 1.44734
      vertex 23.0787 6.92131 1.14
    endloop
  endfacet
  facet normal -0.773019 0.634382 0
    outer loop
      vertex 24.4995 8.65261 1.44734
      vertex 23.0787 6.92131 1.626
      vertex 24.4995 8.65261 1.70412
    endloop
  endfacet
  facet normal -0.502988 0.448016 -0.739111
    outer loop
      vertex 24.4995 8.65261 1.70412
      vertex 22.6544 7.34557 2.1675
      vertex 24.177 8.86813 2.05423
    endloop
  endfacet
  facet normal -0.501611 0.44512 -0.741792
    outer loop
      vertex 23.0787 6.92131 1.626
      vertex 22.6544 7.34557 2.1675
      vertex 24.4995 8.65261 1.70412
    endloop
  endfacet
  facet normal -0.881874 0.471485 0
    outer loop
      vertex 24.8254 9.26218 1.72823
      vertex 24.4995 8.65261 1.44734
      vertex 24.4995 8.65261 1.70412
    endloop
  endfacet
  facet normal -0.578669 0.338723 -0.741896
    outer loop
      vertex 24.4995 8.65261 1.70412
      vertex 24.8067 9.25483 1.73946
      vertex 24.8254 9.26218 1.72823
    endloop
  endfacet
  facet normal -0.578777 0.338772 -0.741789
    outer loop
      vertex 24.4995 8.65261 1.70412
      vertex 24.4063 9.09746 1.98
      vertex 24.8067 9.25483 1.73946
    endloop
  endfacet
  facet normal -0.578879 0.338717 -0.741735
    outer loop
      vertex 24.4063 9.09746 1.98
      vertex 24.4995 8.65261 1.70412
      vertex 24.177 8.86813 2.05423
    endloop
  endfacet
  facet normal -0.956919 0.290354 0
    outer loop
      vertex 25.9894 12.0589 1.74978
      vertex 26.2055 12.7711 1.86037
      vertex 26.2055 12.7711 1.44734
    endloop
  endfacet
  facet normal -0.95695 0.290254 0.000707274
    outer loop
      vertex 26.2055 12.7711 1.86037
      vertex 25.9894 12.0589 1.74978
      vertex 25.9338 11.8754 1.82773
    endloop
  endfacet
  facet normal -0.63609 0.221393 -0.739172
    outer loop
      vertex 25.825 12.1666 2.00675
      vertex 25.825 12.8468 2.21048
      vertex 26.2055 12.7711 1.86037
    endloop
  endfacet
  facet normal -0.633735 0.219268 -0.741823
    outer loop
      vertex 25.825 12.1666 2.00675
      vertex 25.9338 11.8754 1.82773
      vertex 25.825 12.0761 1.98
    endloop
  endfacet
  facet normal -0.633734 0.219268 -0.741824
    outer loop
      vertex 25.9338 11.8754 1.82773
      vertex 25.825 12.1666 2.00675
      vertex 26.2055 12.7711 1.86037
    endloop
  endfacet
  facet normal -0.995185 0.0980193 0
    outer loop
      vertex 26.255 13.274 1.378
      vertex 26.425 15 1.9385
      vertex 26.425 15 1.4385
    endloop
  endfacet
  facet normal -0.995191 0.0979557 0
    outer loop
      vertex 26.2055 12.7711 1.86037
      vertex 26.255 13.274 1.378
      vertex 26.2055 12.7711 1.44734
    endloop
  endfacet
  facet normal -0.995186 0.0980032 5.00073e-05
    outer loop
      vertex 26.255 13.274 1.378
      vertex 26.2055 12.7711 1.86037
      vertex 26.425 15 1.9385
    endloop
  endfacet
  facet normal -0.667083 0.0930466 -0.73915
    outer loop
      vertex 25.825 15 2.48
      vertex 26.425 15 1.9385
      vertex 25.825 13.4318 2.28259
    endloop
  endfacet
  facet normal -0.66436 0.0914377 -0.741798
    outer loop
      vertex 25.825 13.4318 2.28259
      vertex 26.2055 12.7711 1.86037
      vertex 25.825 12.8468 2.21048
    endloop
  endfacet
  facet normal -0.664369 0.0914286 -0.741792
    outer loop
      vertex 26.2055 12.7711 1.86037
      vertex 25.825 13.4318 2.28259
      vertex 26.425 15 1.9385
    endloop
  endfacet
  facet normal -0.669553 0.0405188 0.741658
    outer loop
      vertex 26.2932 14.9091 1.32448
      vertex 26.425 15 1.4385
      vertex 26.2954 15 1.3215
    endloop
  endfacet
  facet normal -0.669337 0.0399207 0.741886
    outer loop
      vertex 26.425 15 1.4385
      vertex 26.2932 14.9091 1.32448
      vertex 26.255 13.274 1.378
    endloop
  endfacet
  facet normal -0.995186 -0.098005 -0
    outer loop
      vertex 26.425 15 1.9385
      vertex 26.2055 17.2289 1.51662
      vertex 26.425 15 1.4385
    endloop
  endfacet
  facet normal -0.995186 -0.098005 0
    outer loop
      vertex 26.2055 17.2289 1.51662
      vertex 26.425 15 1.9385
      vertex 26.2055 17.2289 2.01662
    endloop
  endfacet
  facet normal -0.672397 -0.0388843 -0.739169
    outer loop
      vertex 26.2055 17.2289 2.01662
      vertex 25.825 15 2.48
      vertex 25.825 17.1532 2.36673
    endloop
  endfacet
  facet normal -0.669455 -0.039929 -0.741779
    outer loop
      vertex 26.425 15 1.9385
      vertex 25.825 15 2.48
      vertex 26.2055 17.2289 2.01662
    endloop
  endfacet
  facet normal -0.664194 -0.0914136 0.74195
    outer loop
      vertex 26.2055 17.2289 1.51662
      vertex 26.2737 15.3953 1.35176
      vertex 26.425 15 1.4385
    endloop
  endfacet
  facet normal -0.663873 -0.0914273 0.742236
    outer loop
      vertex 26.2737 15.3953 1.35176
      vertex 26.2055 17.2289 1.51662
      vertex 26.1756 17.223 1.48915
    endloop
  endfacet
  facet normal -0.667187 -0.0931981 0.739037
    outer loop
      vertex 26.425 15 1.4385
      vertex 26.2737 15.3953 1.35176
      vertex 26.2954 15 1.3215
    endloop
  endfacet
  facet normal -0.956939 -0.290291 9.9702e-05
    outer loop
      vertex 26.2055 17.2289 2.01662
      vertex 25.825 18.4832 1.98
      vertex 26.1513 17.4074 1.52313
    endloop
  endfacet
  facet normal -0.956862 -0.290543 -0
    outer loop
      vertex 26.2055 17.2289 2.01662
      vertex 26.1513 17.4074 1.52313
      vertex 26.2055 17.2289 1.51662
    endloop
  endfacet
  facet normal -0.956938 -0.290293 0
    outer loop
      vertex 25.825 18.4832 1.98
      vertex 26.2055 17.2289 2.01662
      vertex 25.825 18.4832 2.06234
    endloop
  endfacet
  facet normal -0.648777 -0.169772 -0.741799
    outer loop
      vertex 25.825 17.1532 2.36673
      vertex 25.825 18.4832 2.06234
      vertex 26.2055 17.2289 2.01662
    endloop
  endfacet
  facet normal -0.632744 -0.219214 0.742684
    outer loop
      vertex 26.2055 17.2289 1.51662
      vertex 26.1513 17.4074 1.52313
      vertex 26.1666 17.2906 1.50169
    endloop
  endfacet
  facet normal -0.635605 -0.221795 0.739468
    outer loop
      vertex 26.2055 17.2289 1.51662
      vertex 26.1666 17.2906 1.50169
      vertex 26.1756 17.223 1.48915
    endloop
  endfacet
  facet normal -0.881887 -0.471461 0
    outer loop
      vertex 24.7405 20.8966 1.65505
      vertex 24.4995 21.3474 2.17287
      vertex 24.4995 21.3474 1.67287
    endloop
  endfacet
  facet normal -0.881913 -0.471412 -0
    outer loop
      vertex 25.1174 20.1915 2.12716
      vertex 24.7405 20.8966 1.65505
      vertex 25.1174 20.1915 1.98
    endloop
  endfacet
  facet normal -0.881903 -0.47143 -3.44557e-05
    outer loop
      vertex 24.7405 20.8966 1.65505
      vertex 25.1174 20.1915 2.12716
      vertex 24.4995 21.3474 2.17287
    endloop
  endfacet
  facet normal -0.60642 -0.293246 -0.739096
    outer loop
      vertex 24.6579 20.6509 2.31925
      vertex 24.177 21.1319 2.52298
      vertex 24.4995 21.3474 2.17287
    endloop
  endfacet
  facet normal -0.603135 -0.293077 -0.741845
    outer loop
      vertex 24.6579 20.6509 2.31925
      vertex 24.4995 21.3474 2.17287
      vertex 25.1174 20.1915 2.12716
    endloop
  endfacet
  facet normal -0.578732 -0.338718 0.741848
    outer loop
      vertex 24.4995 21.3474 1.67287
      vertex 24.4171 21.2923 1.58343
      vertex 24.7405 20.8966 1.65505
    endloop
  endfacet
  facet normal -0.773019 -0.634382 -0
    outer loop
      vertex 24.4995 21.3474 2.17287
      vertex 23.0787 23.0787 1.751
      vertex 24.4995 21.3474 1.67287
    endloop
  endfacet
  facet normal -0.773019 -0.634382 0
    outer loop
      vertex 23.0787 23.0787 1.751
      vertex 24.4995 21.3474 2.17287
      vertex 23.0787 23.0787 2.251
    endloop
  endfacet
  facet normal -0.537472 -0.405881 -0.739178
    outer loop
      vertex 23.7633 21.5455 2.59509
      vertex 22.6544 22.6544 2.7925
      vertex 23.0787 23.0787 2.251
    endloop
  endfacet
  facet normal -0.534434 -0.405246 -0.741725
    outer loop
      vertex 23.7633 21.5455 2.59509
      vertex 24.4995 21.3474 2.17287
      vertex 24.177 21.1319 2.52298
    endloop
  endfacet
  facet normal -0.534438 -0.405114 -0.741794
    outer loop
      vertex 24.4995 21.3474 2.17287
      vertex 23.7633 21.5455 2.59509
      vertex 23.0787 23.0787 2.251
    endloop
  endfacet
  facet normal -0.501507 -0.445045 0.741907
    outer loop
      vertex 23.0787 23.0787 1.751
      vertex 24.0817 21.6433 1.56795
      vertex 24.4995 21.3474 1.67287
    endloop
  endfacet
  facet normal -0.501704 -0.445157 0.741706
    outer loop
      vertex 24.0817 21.6433 1.56795
      vertex 23.0787 23.0787 1.751
      vertex 22.8911 22.8911 1.51151
    endloop
  endfacet
  facet normal -0.502877 -0.447925 0.739241
    outer loop
      vertex 24.4995 21.3474 1.67287
      vertex 24.0817 21.6433 1.56795
      vertex 24.4171 21.2923 1.58343
    endloop
  endfacet
  facet normal -0.634382 -0.773019 0
    outer loop
      vertex 21.3474 24.4995 1.82912
      vertex 23.0787 23.0787 2.251
      vertex 21.3474 24.4995 2.32912
    endloop
  endfacet
  facet normal -0.634382 -0.773019 -0
    outer loop
      vertex 23.0787 23.0787 2.251
      vertex 21.3474 24.4995 1.82912
      vertex 23.0787 23.0787 1.751
    endloop
  endfacet
  facet normal -0.448035 -0.502989 -0.739098
    outer loop
      vertex 22.6544 22.6544 2.7925
      vertex 21.1319 24.177 2.67923
      vertex 21.3474 24.4995 2.32912
    endloop
  endfacet
  facet normal -0.44511 -0.501597 -0.741806
    outer loop
      vertex 23.0787 23.0787 2.251
      vertex 22.6544 22.6544 2.7925
      vertex 21.3474 24.4995 2.32912
    endloop
  endfacet
  facet normal -0.405171 -0.534498 0.74172
    outer loop
      vertex 21.3474 24.4995 1.82912
      vertex 22.2876 23.432 1.57345
      vertex 23.0787 23.0787 1.751
    endloop
  endfacet
  facet normal -0.405109 -0.534459 0.741782
    outer loop
      vertex 22.2876 23.432 1.57345
      vertex 21.3474 24.4995 1.82912
      vertex 21.2542 24.36 1.67771
    endloop
  endfacet
  facet normal -0.405946 -0.537561 0.739078
    outer loop
      vertex 23.0787 23.0787 1.751
      vertex 22.2876 23.432 1.57345
      vertex 22.8911 22.8911 1.51151
    endloop
  endfacet
  facet normal -0.471358 -0.881942 0
    outer loop
      vertex 20.4411 24.984 1.86497
      vertex 20.1915 25.1174 2.37484
      vertex 20.1915 25.1174 1.98
    endloop
  endfacet
  facet normal -0.471433 -0.881902 -4.69679e-05
    outer loop
      vertex 20.1915 25.1174 2.37484
      vertex 20.4411 24.984 1.86497
      vertex 21.3474 24.4995 2.32912
    endloop
  endfacet
  facet normal -0.471452 -0.881892 -0
    outer loop
      vertex 21.3474 24.4995 2.32912
      vertex 20.4411 24.984 1.86497
      vertex 21.3474 24.4995 1.82912
    endloop
  endfacet
  facet normal -0.338772 -0.578855 -0.741728
    outer loop
      vertex 21.1319 24.177 2.67923
      vertex 20.1915 25.1174 2.37484
      vertex 21.3474 24.4995 2.32912
    endloop
  endfacet
  facet normal -0.29312 -0.603193 0.741781
    outer loop
      vertex 21.3474 24.4995 1.82912
      vertex 20.4411 24.984 1.86497
      vertex 20.9558 24.5886 1.74683
    endloop
  endfacet
  facet normal -0.293281 -0.606325 0.739159
    outer loop
      vertex 21.3474 24.4995 1.82912
      vertex 20.9558 24.5886 1.74683
      vertex 21.2542 24.36 1.67771
    endloop
  endfacet
  facet normal -0.290326 -0.956928 0
    outer loop
      vertex 18.3957 25.8515 1.94284
      vertex 17.2289 26.2055 2.48537
      vertex 17.2289 26.2055 1.98537
    endloop
  endfacet
  facet normal -0.29029 -0.956939 8.36153e-05
    outer loop
      vertex 17.2289 26.2055 2.48537
      vertex 18.3957 25.8515 1.94284
      vertex 18.4832 25.825 2.43966
    endloop
  endfacet
  facet normal -0.289856 -0.95707 -0
    outer loop
      vertex 18.4832 25.825 2.43966
      vertex 18.3957 25.8515 1.94284
      vertex 18.4832 25.825 1.98
    endloop
  endfacet
  facet normal -0.221393 -0.63609 -0.739172
    outer loop
      vertex 17.8334 25.825 2.63175
      vertex 17.1532 25.825 2.83548
      vertex 17.2289 26.2055 2.48537
    endloop
  endfacet
  facet normal -0.219287 -0.633755 -0.741801
    outer loop
      vertex 17.8334 25.825 2.63175
      vertex 17.2289 26.2055 2.48537
      vertex 18.4832 25.825 2.43966
    endloop
  endfacet
  facet normal -0.1698 -0.648788 0.741783
    outer loop
      vertex 17.2289 26.2055 1.98537
      vertex 17.1828 25.9736 1.77199
      vertex 18.3957 25.8515 1.94284
    endloop
  endfacet
  facet normal -0.098005 -0.995186 0
    outer loop
      vertex 15 26.425 2.0635
      vertex 17.2289 26.2055 2.48537
      vertex 15 26.425 2.5635
    endloop
  endfacet
  facet normal -0.098005 -0.995186 -0
    outer loop
      vertex 17.2289 26.2055 2.48537
      vertex 15 26.425 2.0635
      vertex 17.2289 26.2055 1.98537
    endloop
  endfacet
  facet normal -0.0930466 -0.667083 -0.73915
    outer loop
      vertex 15 25.825 3.105
      vertex 15 26.425 2.5635
      vertex 16.5682 25.825 2.90759
    endloop
  endfacet
  facet normal -0.0914377 -0.66436 -0.741798
    outer loop
      vertex 16.5682 25.825 2.90759
      vertex 17.2289 26.2055 2.48537
      vertex 17.1532 25.825 2.83548
    endloop
  endfacet
  facet normal -0.0914286 -0.664369 -0.741792
    outer loop
      vertex 17.2289 26.2055 2.48537
      vertex 16.5682 25.825 2.90759
      vertex 15 26.425 2.5635
    endloop
  endfacet
  facet normal -0.0399161 -0.669382 0.741845
    outer loop
      vertex 15 26.425 2.0635
      vertex 16.0249 25.9999 1.73507
      vertex 17.2289 26.2055 1.98537
    endloop
  endfacet
  facet normal -0.0399587 -0.669441 0.741789
    outer loop
      vertex 16.0249 25.9999 1.73507
      vertex 15 26.425 2.0635
      vertex 15 26.0239 1.70152
    endloop
  endfacet
  facet normal -0.0388411 -0.672408 0.739161
    outer loop
      vertex 17.2289 26.2055 1.98537
      vertex 16.0249 25.9999 1.73507
      vertex 17.1828 25.9736 1.77199
    endloop
  endfacet
  facet normal 0.098005 -0.995186 0
    outer loop
      vertex 12.7711 26.2055 2.14162
      vertex 15 26.425 2.5635
      vertex 12.7711 26.2055 2.64162
    endloop
  endfacet
  facet normal 0.098005 -0.995186 0
    outer loop
      vertex 15 26.425 2.5635
      vertex 12.7711 26.2055 2.14162
      vertex 15 26.425 2.0635
    endloop
  endfacet
  facet normal 0.0388843 -0.672397 -0.739169
    outer loop
      vertex 12.7711 26.2055 2.64162
      vertex 15 25.825 3.105
      vertex 12.8468 25.825 2.99173
    endloop
  endfacet
  facet normal 0.039929 -0.669455 -0.741779
    outer loop
      vertex 15 25.825 3.105
      vertex 12.7711 26.2055 2.64162
      vertex 15 26.425 2.5635
    endloop
  endfacet
  facet normal 0.0914215 -0.664313 0.741842
    outer loop
      vertex 12.7711 26.2055 2.14162
      vertex 13.7769 25.957 1.79514
      vertex 15 26.425 2.0635
    endloop
  endfacet
  facet normal 0.0914239 -0.664309 0.741846
    outer loop
      vertex 13.7769 25.957 1.79514
      vertex 12.7711 26.2055 2.14162
      vertex 12.8306 25.9062 1.86627
    endloop
  endfacet
  facet normal 0.0930644 -0.667069 0.73916
    outer loop
      vertex 15 26.425 2.0635
      vertex 13.7769 25.957 1.79514
      vertex 15 26.0239 1.70152
    endloop
  endfacet
  facet normal 0.290293 -0.956938 0
    outer loop
      vertex 11.5168 25.825 2.18734
      vertex 12.7711 26.2055 2.64162
      vertex 11.5168 25.825 2.68734
    endloop
  endfacet
  facet normal 0.290293 -0.956938 0
    outer loop
      vertex 12.7711 26.2055 2.64162
      vertex 11.5168 25.825 2.18734
      vertex 12.7711 26.2055 2.14162
    endloop
  endfacet
  facet normal 0.169772 -0.648777 -0.741799
    outer loop
      vertex 12.8468 25.825 2.99173
      vertex 11.5168 25.825 2.68734
      vertex 12.7711 26.2055 2.64162
    endloop
  endfacet
  facet normal 0.219289 -0.633743 0.74181
    outer loop
      vertex 12.7711 26.2055 2.14162
      vertex 11.5168 25.825 2.18734
      vertex 12.1666 25.825 1.99525
    endloop
  endfacet
  facet normal 0.221364 -0.636054 0.739212
    outer loop
      vertex 12.7711 26.2055 2.14162
      vertex 12.2175 25.825 1.98
      vertex 12.8306 25.9062 1.86627
    endloop
  endfacet
  facet normal 0.221445 -0.636133 0.739119
    outer loop
      vertex 12.2175 25.825 1.98
      vertex 12.7711 26.2055 2.14162
      vertex 12.1666 25.825 1.99525
    endloop
  endfacet
  facet normal 0.471425 -0.881906 0
    outer loop
      vertex 8.65261 24.4995 2.29787
      vertex 9.80853 25.1174 2.75216
      vertex 8.65261 24.4995 2.79787
    endloop
  endfacet
  facet normal 0.471425 -0.881906 0
    outer loop
      vertex 9.80853 25.1174 2.75216
      vertex 8.65261 24.4995 2.29787
      vertex 9.80853 25.1174 2.25216
    endloop
  endfacet
  facet normal 0.293257 -0.606404 -0.739104
    outer loop
      vertex 8.86813 24.177 3.14798
      vertex 8.65261 24.4995 2.79787
      vertex 9.34908 24.6579 2.94425
    endloop
  endfacet
  facet normal 0.29309 -0.603167 -0.741814
    outer loop
      vertex 9.34908 24.6579 2.94425
      vertex 8.65261 24.4995 2.79787
      vertex 9.80853 25.1174 2.75216
    endloop
  endfacet
  facet normal 0.338766 -0.578867 0.741722
    outer loop
      vertex 8.65261 24.4995 2.29787
      vertex 8.9677 24.2766 1.98
      vertex 9.80853 25.1174 2.25216
    endloop
  endfacet
  facet normal 0.338771 -0.578862 0.741723
    outer loop
      vertex 8.9677 24.2766 1.98
      vertex 8.65261 24.4995 2.29787
      vertex 8.86026 24.1888 1.96055
    endloop
  endfacet
  facet normal 0.634382 -0.773019 0
    outer loop
      vertex 6.92131 23.0787 2.376
      vertex 8.65261 24.4995 2.79787
      vertex 6.92131 23.0787 2.876
    endloop
  endfacet
  facet normal 0.634382 -0.773019 0
    outer loop
      vertex 8.65261 24.4995 2.79787
      vertex 6.92131 23.0787 2.376
      vertex 8.65261 24.4995 2.29787
    endloop
  endfacet
  facet normal 0.405895 -0.53748 -0.739165
    outer loop
      vertex 7.34557 22.6544 3.4175
      vertex 6.92131 23.0787 2.876
      vertex 8.45446 23.7633 3.22009
    endloop
  endfacet
  facet normal 0.405196 -0.534455 -0.741737
    outer loop
      vertex 8.45446 23.7633 3.22009
      vertex 8.65261 24.4995 2.79787
      vertex 8.86813 24.177 3.14798
    endloop
  endfacet
  facet normal 0.40513 -0.534457 -0.741772
    outer loop
      vertex 8.65261 24.4995 2.79787
      vertex 8.45446 23.7633 3.22009
      vertex 6.92131 23.0787 2.876
    endloop
  endfacet
  facet normal 0.445146 -0.501638 0.741758
    outer loop
      vertex 6.92131 23.0787 2.376
      vertex 7.5365 22.924 1.90219
      vertex 8.65261 24.4995 2.29787
    endloop
  endfacet
  facet normal 0.445191 -0.501551 0.741789
    outer loop
      vertex 7.5365 22.924 1.90219
      vertex 6.92131 23.0787 2.376
      vertex 7.30089 22.6991 1.89153
    endloop
  endfacet
  facet normal 0.448015 -0.503003 0.739101
    outer loop
      vertex 8.65261 24.4995 2.29787
      vertex 7.5365 22.924 1.90219
      vertex 8.86026 24.1888 1.96055
    endloop
  endfacet
  facet normal 0.773009 -0.634396 0
    outer loop
      vertex 5.50046 21.3474 2.45412
      vertex 6.92131 23.0787 2.876
      vertex 5.50046 21.3474 2.95412
    endloop
  endfacet
  facet normal 0.773009 -0.634396 0
    outer loop
      vertex 6.92131 23.0787 2.876
      vertex 5.50046 21.3474 2.45412
      vertex 6.92131 23.0787 2.376
    endloop
  endfacet
  facet normal 0.502971 -0.448001 -0.739132
    outer loop
      vertex 5.82301 21.1319 3.30423
      vertex 5.50046 21.3474 2.95412
      vertex 7.34557 22.6544 3.4175
    endloop
  endfacet
  facet normal 0.501604 -0.44513 -0.74179
    outer loop
      vertex 6.92131 23.0787 2.876
      vertex 7.34557 22.6544 3.4175
      vertex 5.50046 21.3474 2.95412
    endloop
  endfacet
  facet normal 0.534421 -0.405119 0.741804
    outer loop
      vertex 5.50046 21.3474 2.45412
      vertex 6.23668 21.5455 2.03191
      vertex 6.92131 23.0787 2.376
    endloop
  endfacet
  facet normal 0.534419 -0.405183 0.74177
    outer loop
      vertex 6.23668 21.5455 2.03191
      vertex 5.50046 21.3474 2.45412
      vertex 5.82301 21.1319 2.10402
    endloop
  endfacet
  facet normal 0.537491 -0.405897 0.739156
    outer loop
      vertex 6.92131 23.0787 2.376
      vertex 6.52827 21.8371 1.98
      vertex 7.30089 22.6991 1.89153
    endloop
  endfacet
  facet normal 0.537498 -0.405897 0.739151
    outer loop
      vertex 6.52827 21.8371 1.98
      vertex 6.92131 23.0787 2.376
      vertex 6.23668 21.5455 2.03191
    endloop
  endfacet
  facet normal 0.881919 -0.471402 0
    outer loop
      vertex 4.88261 20.1915 2.49984
      vertex 5.50046 21.3474 2.95412
      vertex 4.88261 20.1915 2.99984
    endloop
  endfacet
  facet normal 0.881919 -0.471402 0
    outer loop
      vertex 5.50046 21.3474 2.95412
      vertex 4.88261 20.1915 2.49984
      vertex 5.50046 21.3474 2.45412
    endloop
  endfacet
  facet normal 0.57883 -0.338735 -0.741764
    outer loop
      vertex 5.82301 21.1319 3.30423
      vertex 4.88261 20.1915 2.99984
      vertex 5.50046 21.3474 2.95412
    endloop
  endfacet
  facet normal 0.603179 -0.293069 0.741812
    outer loop
      vertex 5.50046 21.3474 2.45412
      vertex 4.88261 20.1915 2.49984
      vertex 5.34206 20.6509 2.30775
    endloop
  endfacet
  facet normal 0.606365 -0.293233 0.739145
    outer loop
      vertex 5.50046 21.3474 2.45412
      vertex 5.34206 20.6509 2.30775
      vertex 5.82301 21.1319 2.10402
    endloop
  endfacet
  facet normal 0.956944 -0.290272 0
    outer loop
      vertex 3.79453 17.2289 2.61037
      vertex 4.175 18.4832 3.06466
      vertex 3.79453 17.2289 3.11037
    endloop
  endfacet
  facet normal 0.956944 -0.290272 0
    outer loop
      vertex 4.175 18.4832 3.06466
      vertex 3.79453 17.2289 2.61037
      vertex 4.175 18.4832 2.56466
    endloop
  endfacet
  facet normal 0.636119 -0.221386 -0.739148
    outer loop
      vertex 4.175 17.1532 3.46048
      vertex 3.79453 17.2289 3.11037
      vertex 4.175 17.8334 3.25675
    endloop
  endfacet
  facet normal 0.633785 -0.21928 -0.741777
    outer loop
      vertex 4.175 17.8334 3.25675
      vertex 3.79453 17.2289 3.11037
      vertex 4.175 18.4832 3.06466
    endloop
  endfacet
  facet normal 0.648795 -0.169768 0.741784
    outer loop
      vertex 4.175 18.4832 2.56466
      vertex 3.79453 17.2289 2.61037
      vertex 4.175 17.1532 2.26027
    endloop
  endfacet
  facet normal 0.995185 -0.0980183 0
    outer loop
      vertex 3.575 15 2.6885
      vertex 3.79453 17.2289 3.11037
      vertex 3.575 15 3.1885
    endloop
  endfacet
  facet normal 0.995185 -0.0980183 0
    outer loop
      vertex 3.79453 17.2289 3.11037
      vertex 3.575 15 2.6885
      vertex 3.79453 17.2289 2.61037
    endloop
  endfacet
  facet normal 0.667083 -0.0930466 -0.73915
    outer loop
      vertex 4.175 15 3.73
      vertex 3.575 15 3.1885
      vertex 4.175 16.5682 3.53259
    endloop
  endfacet
  facet normal 0.66439 -0.0914345 -0.741772
    outer loop
      vertex 4.175 16.5682 3.53259
      vertex 3.79453 17.2289 3.11037
      vertex 4.175 17.1532 3.46048
    endloop
  endfacet
  facet normal 0.664386 -0.0914386 -0.741775
    outer loop
      vertex 3.79453 17.2289 3.11037
      vertex 4.175 16.5682 3.53259
      vertex 3.575 15 3.1885
    endloop
  endfacet
  facet normal 0.669455 -0.0399346 0.741778
    outer loop
      vertex 3.79453 17.2289 2.61037
      vertex 3.575 15 2.6885
      vertex 4.175 15 2.147
    endloop
  endfacet
  facet normal 0.672415 -0.0388834 0.739152
    outer loop
      vertex 3.79453 17.2289 2.61037
      vertex 4.175 15 2.147
      vertex 4.175 17.1532 2.26027
    endloop
  endfacet
  facet normal 0.995185 0.0980183 -0
    outer loop
      vertex 3.79453 12.7711 2.76662
      vertex 3.575 15 3.1885
      vertex 3.79453 12.7711 3.26662
    endloop
  endfacet
  facet normal 0.995185 0.0980183 0
    outer loop
      vertex 3.575 15 3.1885
      vertex 3.79453 12.7711 2.76662
      vertex 3.575 15 2.6885
    endloop
  endfacet
  facet normal 0.672426 0.0388829 -0.739143
    outer loop
      vertex 3.79453 12.7711 3.26662
      vertex 4.175 15 3.73
      vertex 4.175 12.8468 3.61673
    endloop
  endfacet
  facet normal 0.669455 0.039938 -0.741778
    outer loop
      vertex 3.79453 12.7711 3.26662
      vertex 3.575 15 3.1885
      vertex 4.175 15 3.73
    endloop
  endfacet
  facet normal 0.664379 0.0914357 0.741782
    outer loop
      vertex 4.175 13.4318 2.34441
      vertex 3.79453 12.7711 2.76662
      vertex 4.175 12.8468 2.41652
    endloop
  endfacet
  facet normal 0.66438 0.0914349 0.741781
    outer loop
      vertex 3.79453 12.7711 2.76662
      vertex 4.175 13.4318 2.34441
      vertex 3.575 15 2.6885
    endloop
  endfacet
  facet normal 0.667083 0.0930466 0.73915
    outer loop
      vertex 4.175 15 2.147
      vertex 3.575 15 2.6885
      vertex 4.175 13.4318 2.34441
    endloop
  endfacet
  facet normal 0.956944 0.290272 -0
    outer loop
      vertex 4.175 11.5168 2.81234
      vertex 3.79453 12.7711 3.26662
      vertex 4.175 11.5168 3.31234
    endloop
  endfacet
  facet normal 0.956944 0.290272 0
    outer loop
      vertex 3.79453 12.7711 3.26662
      vertex 4.175 11.5168 2.81234
      vertex 3.79453 12.7711 2.76662
    endloop
  endfacet
  facet normal 0.648807 0.169766 -0.741775
    outer loop
      vertex 4.175 11.5168 3.31234
      vertex 3.79453 12.7711 3.26662
      vertex 4.175 12.8468 3.61673
    endloop
  endfacet
  facet normal 0.633773 0.219282 0.741786
    outer loop
      vertex 4.175 12.1666 2.62025
      vertex 3.79453 12.7711 2.76662
      vertex 4.175 11.5168 2.81234
    endloop
  endfacet
  facet normal 0.636108 0.221389 0.739158
    outer loop
      vertex 4.175 12.8468 2.41652
      vertex 3.79453 12.7711 2.76662
      vertex 4.175 12.1666 2.62025
    endloop
  endfacet
  facet normal 0.881922 0.471395 -0
    outer loop
      vertex 5.50046 8.65261 2.92287
      vertex 4.88261 9.80853 3.37716
      vertex 5.50046 8.65261 3.42287
    endloop
  endfacet
  facet normal 0.881922 0.471395 0
    outer loop
      vertex 4.88261 9.80853 3.37716
      vertex 5.50046 8.65261 2.92287
      vertex 4.88261 9.80853 2.87716
    endloop
  endfacet
  facet normal 0.606355 0.293254 -0.739145
    outer loop
      vertex 5.50046 8.65261 3.42287
      vertex 5.34206 9.34908 3.56925
      vertex 5.82301 8.86813 3.77298
    endloop
  endfacet
  facet normal 0.603218 0.293093 -0.741772
    outer loop
      vertex 5.50046 8.65261 3.42287
      vertex 4.88261 9.80853 3.37716
      vertex 5.34206 9.34908 3.56925
    endloop
  endfacet
  facet normal 0.578818 0.338717 0.741782
    outer loop
      vertex 5.82301 8.86813 2.57277
      vertex 4.88261 9.80853 2.87716
      vertex 5.50046 8.65261 2.92287
    endloop
  endfacet
  facet normal 0.773009 0.634396 -0
    outer loop
      vertex 6.92131 6.92131 3.001
      vertex 5.50046 8.65261 3.42287
      vertex 6.92131 6.92131 3.501
    endloop
  endfacet
  facet normal 0.773009 0.634396 0
    outer loop
      vertex 5.50046 8.65261 3.42287
      vertex 6.92131 6.92131 3.001
      vertex 5.50046 8.65261 2.92287
    endloop
  endfacet
  facet normal 0.537495 0.405908 -0.739147
    outer loop
      vertex 6.92131 6.92131 3.501
      vertex 6.23668 8.45446 3.84509
      vertex 7.34557 7.34557 4.0425
    endloop
  endfacet
  facet normal 0.534447 0.405137 -0.741775
    outer loop
      vertex 5.50046 8.65261 3.42287
      vertex 6.23668 8.45446 3.84509
      vertex 6.92131 6.92131 3.501
    endloop
  endfacet
  facet normal 0.534446 0.405142 -0.741773
    outer loop
      vertex 6.23668 8.45446 3.84509
      vertex 5.50046 8.65261 3.42287
      vertex 5.82301 8.86813 3.77298
    endloop
  endfacet
  facet normal 0.501615 0.445142 0.741775
    outer loop
      vertex 6.92131 6.92131 3.001
      vertex 7.34557 7.34557 2.4595
      vertex 5.50046 8.65261 2.92287
    endloop
  endfacet
  facet normal 0.502962 0.447974 0.739154
    outer loop
      vertex 5.82301 8.86813 2.57277
      vertex 5.50046 8.65261 2.92287
      vertex 7.34557 7.34557 2.4595
    endloop
  endfacet
  facet normal 0.634396 0.773009 -0
    outer loop
      vertex 8.65261 5.50046 3.07912
      vertex 6.92131 6.92131 3.501
      vertex 8.65261 5.50046 3.57912
    endloop
  endfacet
  facet normal 0.634396 0.773009 0
    outer loop
      vertex 6.92131 6.92131 3.501
      vertex 8.65261 5.50046 3.07912
      vertex 6.92131 6.92131 3.001
    endloop
  endfacet
  facet normal 0.447981 0.50297 -0.739144
    outer loop
      vertex 8.65261 5.50046 3.57912
      vertex 7.34557 7.34557 4.0425
      vertex 8.86813 5.82301 3.92923
    endloop
  endfacet
  facet normal 0.44514 0.501617 -0.741775
    outer loop
      vertex 6.92131 6.92131 3.501
      vertex 7.34557 7.34557 4.0425
      vertex 8.65261 5.50046 3.57912
    endloop
  endfacet
  facet normal 0.405134 0.53444 0.741782
    outer loop
      vertex 8.45446 6.23668 2.65691
      vertex 8.65261 5.50046 3.07912
      vertex 8.86813 5.82301 2.72902
    endloop
  endfacet
  facet normal 0.405135 0.53444 0.741782
    outer loop
      vertex 8.65261 5.50046 3.07912
      vertex 8.45446 6.23668 2.65691
      vertex 6.92131 6.92131 3.001
    endloop
  endfacet
  facet normal 0.405908 0.537495 0.739147
    outer loop
      vertex 7.34557 7.34557 2.4595
      vertex 6.92131 6.92131 3.001
      vertex 8.45446 6.23668 2.65691
    endloop
  endfacet
  facet normal 0.471395 0.881922 -0
    outer loop
      vertex 9.80853 4.88261 3.12484
      vertex 8.65261 5.50046 3.57912
      vertex 9.80853 4.88261 3.62484
    endloop
  endfacet
  facet normal 0.471395 0.881922 0
    outer loop
      vertex 8.65261 5.50046 3.57912
      vertex 9.80853 4.88261 3.12484
      vertex 8.65261 5.50046 3.07912
    endloop
  endfacet
  facet normal 0.338726 0.578824 -0.741773
    outer loop
      vertex 9.80853 4.88261 3.62484
      vertex 8.65261 5.50046 3.57912
      vertex 8.86813 5.82301 3.92923
    endloop
  endfacet
  facet normal 0.293082 0.603211 0.741781
    outer loop
      vertex 9.34908 5.34206 2.93275
      vertex 8.65261 5.50046 3.07912
      vertex 9.80853 4.88261 3.12484
    endloop
  endfacet
  facet normal 0.293244 0.606349 0.739154
    outer loop
      vertex 8.86813 5.82301 2.72902
      vertex 8.65261 5.50046 3.07912
      vertex 9.34908 5.34206 2.93275
    endloop
  endfacet
  facet normal 0.290272 0.956944 -0
    outer loop
      vertex 12.7711 3.79453 3.23537
      vertex 11.5168 4.175 3.68966
      vertex 12.7711 3.79453 3.73537
    endloop
  endfacet
  facet normal 0.290272 0.956944 0
    outer loop
      vertex 11.5168 4.175 3.68966
      vertex 12.7711 3.79453 3.23537
      vertex 11.5168 4.175 3.18966
    endloop
  endfacet
  facet normal 0.221386 0.636119 -0.739148
    outer loop
      vertex 12.7711 3.79453 3.73537
      vertex 12.1666 4.175 3.88175
      vertex 12.8468 4.175 4.08548
    endloop
  endfacet
  facet normal 0.21928 0.633785 -0.741777
    outer loop
      vertex 12.7711 3.79453 3.73537
      vertex 11.5168 4.175 3.68966
      vertex 12.1666 4.175 3.88175
    endloop
  endfacet
  facet normal 0.169768 0.648795 0.741784
    outer loop
      vertex 12.8468 4.175 2.88527
      vertex 11.5168 4.175 3.18966
      vertex 12.7711 3.79453 3.23537
    endloop
  endfacet
  facet normal 0.0980183 0.995185 -0
    outer loop
      vertex 15 3.575 3.3135
      vertex 12.7711 3.79453 3.73537
      vertex 15 3.575 3.8135
    endloop
  endfacet
  facet normal 0.0980183 0.995185 0
    outer loop
      vertex 12.7711 3.79453 3.73537
      vertex 15 3.575 3.3135
      vertex 12.7711 3.79453 3.23537
    endloop
  endfacet
  facet normal 0.0930466 0.667083 -0.73915
    outer loop
      vertex 15 4.175 4.355
      vertex 15 3.575 3.8135
      vertex 13.4318 4.175 4.15759
    endloop
  endfacet
  facet normal 0.0914386 0.664386 -0.741775
    outer loop
      vertex 12.7711 3.79453 3.73537
      vertex 13.4318 4.175 4.15759
      vertex 15 3.575 3.8135
    endloop
  endfacet
  facet normal 0.0914345 0.66439 -0.741772
    outer loop
      vertex 13.4318 4.175 4.15759
      vertex 12.7711 3.79453 3.73537
      vertex 12.8468 4.175 4.08548
    endloop
  endfacet
  facet normal 0.0399346 0.669455 0.741778
    outer loop
      vertex 15 4.175 2.772
      vertex 12.7711 3.79453 3.23537
      vertex 15 3.575 3.3135
    endloop
  endfacet
  facet normal 0.0388834 0.672415 0.739152
    outer loop
      vertex 12.7711 3.79453 3.23537
      vertex 15 4.175 2.772
      vertex 12.8468 4.175 2.88527
    endloop
  endfacet
  facet normal -0.0980183 0.995185 0
    outer loop
      vertex 17.2289 3.79453 3.39162
      vertex 15 3.575 3.8135
      vertex 17.2289 3.79453 3.89162
    endloop
  endfacet
  facet normal -0.0980183 0.995185 0
    outer loop
      vertex 15 3.575 3.8135
      vertex 17.2289 3.79453 3.39162
      vertex 15 3.575 3.3135
    endloop
  endfacet
  facet normal -0.0388829 0.672426 -0.739143
    outer loop
      vertex 17.2289 3.79453 3.89162
      vertex 15 4.175 4.355
      vertex 17.1532 4.175 4.24173
    endloop
  endfacet
  facet normal -0.039938 0.669455 -0.741778
    outer loop
      vertex 17.2289 3.79453 3.89162
      vertex 15 3.575 3.8135
      vertex 15 4.175 4.355
    endloop
  endfacet
  facet normal -0.0914357 0.664379 0.741782
    outer loop
      vertex 16.5682 4.175 2.96941
      vertex 17.2289 3.79453 3.39162
      vertex 17.1532 4.175 3.04152
    endloop
  endfacet
  facet normal -0.0914349 0.66438 0.741781
    outer loop
      vertex 17.2289 3.79453 3.39162
      vertex 16.5682 4.175 2.96941
      vertex 15 3.575 3.3135
    endloop
  endfacet
  facet normal -0.0930466 0.667083 0.73915
    outer loop
      vertex 15 4.175 2.772
      vertex 15 3.575 3.3135
      vertex 16.5682 4.175 2.96941
    endloop
  endfacet
  facet normal -0.290272 0.956944 0
    outer loop
      vertex 18.4832 4.175 3.43734
      vertex 17.2289 3.79453 3.89162
      vertex 18.4832 4.175 3.93734
    endloop
  endfacet
  facet normal -0.290272 0.956944 0
    outer loop
      vertex 17.2289 3.79453 3.89162
      vertex 18.4832 4.175 3.43734
      vertex 17.2289 3.79453 3.39162
    endloop
  endfacet
  facet normal -0.169766 0.648807 -0.741775
    outer loop
      vertex 17.2289 3.79453 3.89162
      vertex 17.1532 4.175 4.24173
      vertex 18.4832 4.175 3.93734
    endloop
  endfacet
  facet normal -0.219282 0.633773 0.741786
    outer loop
      vertex 17.8334 4.175 3.24525
      vertex 17.2289 3.79453 3.39162
      vertex 18.4832 4.175 3.43734
    endloop
  endfacet
  facet normal -0.221389 0.636108 0.739158
    outer loop
      vertex 17.8334 4.175 3.24525
      vertex 17.1532 4.175 3.04152
      vertex 17.2289 3.79453 3.39162
    endloop
  endfacet
  facet normal -0.471402 0.881919 0
    outer loop
      vertex 21.3474 5.50046 3.54787
      vertex 20.1915 4.88261 4.00216
      vertex 21.3474 5.50046 4.04787
    endloop
  endfacet
  facet normal -0.471402 0.881919 0
    outer loop
      vertex 20.1915 4.88261 4.00216
      vertex 21.3474 5.50046 3.54787
      vertex 20.1915 4.88261 3.50216
    endloop
  endfacet
  facet normal -0.293243 0.606371 -0.739136
    outer loop
      vertex 21.3474 5.50046 4.04787
      vertex 20.6509 5.34206 4.19425
      vertex 21.1319 5.82301 4.39798
    endloop
  endfacet
  facet normal -0.293079 0.603185 -0.741803
    outer loop
      vertex 21.3474 5.50046 4.04787
      vertex 20.1915 4.88261 4.00216
      vertex 20.6509 5.34206 4.19425
    endloop
  endfacet
  facet normal -0.338725 0.578824 0.741774
    outer loop
      vertex 21.1319 5.82301 3.19777
      vertex 20.1915 4.88261 3.50216
      vertex 21.3474 5.50046 3.54787
    endloop
  endfacet
  facet normal -0.634396 0.773009 0
    outer loop
      vertex 23.0787 6.92131 3.626
      vertex 21.3474 5.50046 4.04787
      vertex 23.0787 6.92131 4.126
    endloop
  endfacet
  facet normal -0.634396 0.773009 0
    outer loop
      vertex 21.3474 5.50046 4.04787
      vertex 23.0787 6.92131 3.626
      vertex 21.3474 5.50046 3.54787
    endloop
  endfacet
  facet normal -0.405894 0.537487 -0.73916
    outer loop
      vertex 23.0787 6.92131 4.126
      vertex 21.5455 6.23668 4.47009
      vertex 22.6544 7.34557 4.6675
    endloop
  endfacet
  facet normal -0.40512 0.534428 -0.741798
    outer loop
      vertex 21.3474 5.50046 4.04787
      vertex 21.5455 6.23668 4.47009
      vertex 23.0787 6.92131 4.126
    endloop
  endfacet
  facet normal -0.405192 0.534425 -0.741761
    outer loop
      vertex 21.5455 6.23668 4.47009
      vertex 21.3474 5.50046 4.04787
      vertex 21.1319 5.82301 4.39798
    endloop
  endfacet
  facet normal -0.445132 0.501602 0.74179
    outer loop
      vertex 23.0787 6.92131 3.626
      vertex 22.6544 7.34557 3.0845
      vertex 21.3474 5.50046 3.54787
    endloop
  endfacet
  facet normal -0.447993 0.502963 0.739141
    outer loop
      vertex 22.6544 7.34557 3.0845
      vertex 21.1319 5.82301 3.19777
      vertex 21.3474 5.50046 3.54787
    endloop
  endfacet
  facet normal -0.773019 0.634382 0
    outer loop
      vertex 23.0787 6.92131 4.126
      vertex 24.4995 8.65261 3.70412
      vertex 23.0787 6.92131 3.626
    endloop
  endfacet
  facet normal -0.773019 0.634382 0
    outer loop
      vertex 24.4995 8.65261 3.70412
      vertex 23.0787 6.92131 4.126
      vertex 24.4995 8.65261 4.20412
    endloop
  endfacet
  facet normal -0.502988 0.448016 -0.739111
    outer loop
      vertex 24.4995 8.65261 4.20412
      vertex 22.6544 7.34557 4.6675
      vertex 24.177 8.86813 4.55423
    endloop
  endfacet
  facet normal -0.501611 0.44512 -0.741792
    outer loop
      vertex 23.0787 6.92131 4.126
      vertex 22.6544 7.34557 4.6675
      vertex 24.4995 8.65261 4.20412
    endloop
  endfacet
  facet normal -0.534448 0.405187 0.741747
    outer loop
      vertex 23.7633 8.45446 3.28191
      vertex 24.4995 8.65261 3.70412
      vertex 24.177 8.86813 3.35402
    endloop
  endfacet
  facet normal -0.53445 0.405129 0.741778
    outer loop
      vertex 24.4995 8.65261 3.70412
      vertex 23.7633 8.45446 3.28191
      vertex 23.0787 6.92131 3.626
    endloop
  endfacet
  facet normal -0.53748 0.405895 0.739165
    outer loop
      vertex 23.7633 8.45446 3.28191
      vertex 22.6544 7.34557 3.0845
      vertex 23.0787 6.92131 3.626
    endloop
  endfacet
  facet normal -0.881906 0.471425 0
    outer loop
      vertex 24.4995 8.65261 4.20412
      vertex 25.1174 9.80853 3.74984
      vertex 24.4995 8.65261 3.70412
    endloop
  endfacet
  facet normal -0.881906 0.471425 0
    outer loop
      vertex 25.1174 9.80853 3.74984
      vertex 24.4995 8.65261 4.20412
      vertex 25.1174 9.80853 4.24984
    endloop
  endfacet
  facet normal -0.57885 0.338763 -0.741736
    outer loop
      vertex 24.4995 8.65261 4.20412
      vertex 24.177 8.86813 4.55423
      vertex 25.1174 9.80853 4.24984
    endloop
  endfacet
  facet normal -0.603161 0.29308 0.741823
    outer loop
      vertex 24.6579 9.34908 3.55775
      vertex 24.4995 8.65261 3.70412
      vertex 25.1174 9.80853 3.74984
    endloop
  endfacet
  facet normal -0.606397 0.293246 0.739113
    outer loop
      vertex 24.6579 9.34908 3.55775
      vertex 24.177 8.86813 3.35402
      vertex 24.4995 8.65261 3.70412
    endloop
  endfacet
  facet normal -0.956938 0.290293 0
    outer loop
      vertex 25.825 11.5168 4.31466
      vertex 26.2055 12.7711 3.86037
      vertex 25.825 11.5168 3.81466
    endloop
  endfacet
  facet normal -0.956938 0.290293 0
    outer loop
      vertex 26.2055 12.7711 3.86037
      vertex 25.825 11.5168 4.31466
      vertex 26.2055 12.7711 4.36037
    endloop
  endfacet
  facet normal -0.63609 0.221393 -0.739172
    outer loop
      vertex 25.825 12.1666 4.50675
      vertex 25.825 12.8468 4.71048
      vertex 26.2055 12.7711 4.36037
    endloop
  endfacet
  facet normal -0.633755 0.219287 -0.741801
    outer loop
      vertex 25.825 11.5168 4.31466
      vertex 25.825 12.1666 4.50675
      vertex 26.2055 12.7711 4.36037
    endloop
  endfacet
  facet normal -0.648766 0.169774 0.741809
    outer loop
      vertex 26.2055 12.7711 3.86037
      vertex 25.825 12.8468 3.51027
      vertex 25.825 11.5168 3.81466
    endloop
  endfacet
  facet normal -0.995186 0.098005 0
    outer loop
      vertex 26.2055 12.7711 4.36037
      vertex 26.425 15 3.9385
      vertex 26.2055 12.7711 3.86037
    endloop
  endfacet
  facet normal -0.995186 0.098005 0
    outer loop
      vertex 26.425 15 3.9385
      vertex 26.2055 12.7711 4.36037
      vertex 26.425 15 4.4385
    endloop
  endfacet
  facet normal -0.667083 0.0930466 -0.73915
    outer loop
      vertex 25.825 15 4.98
      vertex 26.425 15 4.4385
      vertex 25.825 13.4318 4.78259
    endloop
  endfacet
  facet normal -0.66436 0.0914377 -0.741798
    outer loop
      vertex 25.825 13.4318 4.78259
      vertex 26.2055 12.7711 4.36037
      vertex 25.825 12.8468 4.71048
    endloop
  endfacet
  facet normal -0.664369 0.0914286 -0.741792
    outer loop
      vertex 26.2055 12.7711 4.36037
      vertex 25.825 13.4318 4.78259
      vertex 26.425 15 4.4385
    endloop
  endfacet
  facet normal -0.669455 0.0399256 0.741779
    outer loop
      vertex 26.425 15 3.9385
      vertex 25.825 15 3.397
      vertex 26.2055 12.7711 3.86037
    endloop
  endfacet
  facet normal -0.672386 0.0388848 0.739179
    outer loop
      vertex 26.2055 12.7711 3.86037
      vertex 25.825 15 3.397
      vertex 25.825 12.8468 3.51027
    endloop
  endfacet
  facet normal -0.995186 -0.098005 -0
    outer loop
      vertex 26.425 15 4.4385
      vertex 26.2055 17.2289 4.01662
      vertex 26.425 15 3.9385
    endloop
  endfacet
  facet normal -0.995186 -0.098005 0
    outer loop
      vertex 26.2055 17.2289 4.01662
      vertex 26.425 15 4.4385
      vertex 26.2055 17.2289 4.51662
    endloop
  endfacet
  facet normal -0.672397 -0.0388843 -0.739169
    outer loop
      vertex 26.2055 17.2289 4.51662
      vertex 25.825 15 4.98
      vertex 25.825 17.1532 4.86673
    endloop
  endfacet
  facet normal -0.669455 -0.039929 -0.741779
    outer loop
      vertex 26.425 15 4.4385
      vertex 25.825 15 4.98
      vertex 26.2055 17.2289 4.51662
    endloop
  endfacet
  facet normal -0.664349 -0.0914389 0.741808
    outer loop
      vertex 25.825 16.5682 3.59441
      vertex 26.2055 17.2289 4.01662
      vertex 25.825 17.1532 3.66652
    endloop
  endfacet
  facet normal -0.664363 -0.0914248 0.741798
    outer loop
      vertex 26.2055 17.2289 4.01662
      vertex 25.825 16.5682 3.59441
      vertex 26.425 15 3.9385
    endloop
  endfacet
  facet normal -0.667083 -0.0930466 0.73915
    outer loop
      vertex 25.825 15 3.397
      vertex 26.425 15 3.9385
      vertex 25.825 16.5682 3.59441
    endloop
  endfacet
  facet normal -0.956938 -0.290293 -0
    outer loop
      vertex 26.2055 17.2289 4.51662
      vertex 25.825 18.4832 4.06234
      vertex 26.2055 17.2289 4.01662
    endloop
  endfacet
  facet normal -0.956938 -0.290293 0
    outer loop
      vertex 25.825 18.4832 4.06234
      vertex 26.2055 17.2289 4.51662
      vertex 25.825 18.4832 4.56234
    endloop
  endfacet
  facet normal -0.648777 -0.169772 -0.741799
    outer loop
      vertex 25.825 17.1532 4.86673
      vertex 25.825 18.4832 4.56234
      vertex 26.2055 17.2289 4.51662
    endloop
  endfacet
  facet normal -0.633743 -0.219289 0.74181
    outer loop
      vertex 26.2055 17.2289 4.01662
      vertex 25.825 18.4832 4.06234
      vertex 25.825 17.8334 3.87025
    endloop
  endfacet
  facet normal -0.636078 -0.221396 0.739181
    outer loop
      vertex 26.2055 17.2289 4.01662
      vertex 25.825 17.8334 3.87025
      vertex 25.825 17.1532 3.66652
    endloop
  endfacet
  facet normal -0.881903 -0.471431 -0
    outer loop
      vertex 25.1174 20.1915 4.62716
      vertex 24.4995 21.3474 4.17287
      vertex 25.1174 20.1915 4.12716
    endloop
  endfacet
  facet normal -0.881903 -0.471431 0
    outer loop
      vertex 24.4995 21.3474 4.17287
      vertex 25.1174 20.1915 4.62716
      vertex 24.4995 21.3474 4.67287
    endloop
  endfacet
  facet normal -0.60642 -0.293246 -0.739096
    outer loop
      vertex 24.6579 20.6509 4.81925
      vertex 24.177 21.1319 5.02298
      vertex 24.4995 21.3474 4.67287
    endloop
  endfacet
  facet normal -0.603135 -0.293077 -0.741845
    outer loop
      vertex 24.6579 20.6509 4.81925
      vertex 24.4995 21.3474 4.67287
      vertex 25.1174 20.1915 4.62716
    endloop
  endfacet
  facet normal -0.578849 -0.338763 0.741737
    outer loop
      vertex 24.4995 21.3474 4.17287
      vertex 24.177 21.1319 3.82277
      vertex 25.1174 20.1915 4.12716
    endloop
  endfacet
  facet normal -0.773019 -0.634382 -0
    outer loop
      vertex 24.4995 21.3474 4.67287
      vertex 23.0787 23.0787 4.251
      vertex 24.4995 21.3474 4.17287
    endloop
  endfacet
  facet normal -0.773019 -0.634382 0
    outer loop
      vertex 23.0787 23.0787 4.251
      vertex 24.4995 21.3474 4.67287
      vertex 23.0787 23.0787 4.751
    endloop
  endfacet
  facet normal -0.537472 -0.405881 -0.739178
    outer loop
      vertex 23.7633 21.5455 5.09509
      vertex 22.6544 22.6544 5.2925
      vertex 23.0787 23.0787 4.751
    endloop
  endfacet
  facet normal -0.534434 -0.405246 -0.741725
    outer loop
      vertex 23.7633 21.5455 5.09509
      vertex 24.4995 21.3474 4.67287
      vertex 24.177 21.1319 5.02298
    endloop
  endfacet
  facet normal -0.534438 -0.405114 -0.741794
    outer loop
      vertex 24.4995 21.3474 4.67287
      vertex 23.7633 21.5455 5.09509
      vertex 23.0787 23.0787 4.751
    endloop
  endfacet
  facet normal -0.501595 -0.445113 0.741806
    outer loop
      vertex 23.0787 23.0787 4.251
      vertex 22.6544 22.6544 3.7095
      vertex 24.4995 21.3474 4.17287
    endloop
  endfacet
  facet normal -0.502982 -0.448027 0.739108
    outer loop
      vertex 24.4995 21.3474 4.17287
      vertex 22.6544 22.6544 3.7095
      vertex 24.177 21.1319 3.82277
    endloop
  endfacet
  facet normal -0.634382 -0.773019 0
    outer loop
      vertex 21.3474 24.4995 4.32912
      vertex 23.0787 23.0787 4.751
      vertex 21.3474 24.4995 4.82912
    endloop
  endfacet
  facet normal -0.634382 -0.773019 -0
    outer loop
      vertex 23.0787 23.0787 4.751
      vertex 21.3474 24.4995 4.32912
      vertex 23.0787 23.0787 4.251
    endloop
  endfacet
  facet normal -0.448035 -0.502989 -0.739098
    outer loop
      vertex 22.6544 22.6544 5.2925
      vertex 21.1319 24.177 5.17923
      vertex 21.3474 24.4995 4.82912
    endloop
  endfacet
  facet normal -0.44511 -0.501597 -0.741806
    outer loop
      vertex 23.0787 23.0787 4.751
      vertex 22.6544 22.6544 5.2925
      vertex 21.3474 24.4995 4.82912
    endloop
  endfacet
  facet normal -0.405112 -0.534431 0.7418
    outer loop
      vertex 21.3474 24.4995 4.32912
      vertex 21.5455 23.7633 3.90691
      vertex 23.0787 23.0787 4.251
    endloop
  endfacet
  facet normal -0.405237 -0.534427 0.741735
    outer loop
      vertex 21.5455 23.7633 3.90691
      vertex 21.3474 24.4995 4.32912
      vertex 21.1319 24.177 3.97902
    endloop
  endfacet
  facet normal -0.405881 -0.537472 0.739178
    outer loop
      vertex 23.0787 23.0787 4.251
      vertex 21.5455 23.7633 3.90691
      vertex 22.6544 22.6544 3.7095
    endloop
  endfacet
  facet normal -0.471431 -0.881903 0
    outer loop
      vertex 20.1915 25.1174 4.37484
      vertex 21.3474 24.4995 4.82912
      vertex 20.1915 25.1174 4.87484
    endloop
  endfacet
  facet normal -0.471431 -0.881903 -0
    outer loop
      vertex 21.3474 24.4995 4.82912
      vertex 20.1915 25.1174 4.37484
      vertex 21.3474 24.4995 4.32912
    endloop
  endfacet
  facet normal -0.338772 -0.578855 -0.741728
    outer loop
      vertex 21.1319 24.177 5.17923
      vertex 20.1915 25.1174 4.87484
      vertex 21.3474 24.4995 4.82912
    endloop
  endfacet
  facet normal -0.293066 -0.603129 0.741854
    outer loop
      vertex 21.3474 24.4995 4.32912
      vertex 20.1915 25.1174 4.37484
      vertex 20.6509 24.6579 4.18275
    endloop
  endfacet
  facet normal -0.293236 -0.606413 0.739105
    outer loop
      vertex 21.3474 24.4995 4.32912
      vertex 20.6509 24.6579 4.18275
      vertex 21.1319 24.177 3.97902
    endloop
  endfacet
  facet normal -0.290293 -0.956938 0
    outer loop
      vertex 17.2289 26.2055 4.48537
      vertex 18.4832 25.825 4.93966
      vertex 17.2289 26.2055 4.98537
    endloop
  endfacet
  facet normal -0.290293 -0.956938 -0
    outer loop
      vertex 18.4832 25.825 4.93966
      vertex 17.2289 26.2055 4.48537
      vertex 18.4832 25.825 4.43966
    endloop
  endfacet
  facet normal -0.221393 -0.63609 -0.739172
    outer loop
      vertex 17.8334 25.825 5.13175
      vertex 17.1532 25.825 5.33548
      vertex 17.2289 26.2055 4.98537
    endloop
  endfacet
  facet normal -0.219287 -0.633755 -0.741801
    outer loop
      vertex 17.8334 25.825 5.13175
      vertex 17.2289 26.2055 4.98537
      vertex 18.4832 25.825 4.93966
    endloop
  endfacet
  facet normal -0.169774 -0.648766 0.741809
    outer loop
      vertex 17.2289 26.2055 4.48537
      vertex 17.1532 25.825 4.13527
      vertex 18.4832 25.825 4.43966
    endloop
  endfacet
  facet normal -0.098005 -0.995186 0
    outer loop
      vertex 15 26.425 4.5635
      vertex 17.2289 26.2055 4.98537
      vertex 15 26.425 5.0635
    endloop
  endfacet
  facet normal -0.098005 -0.995186 -0
    outer loop
      vertex 17.2289 26.2055 4.98537
      vertex 15 26.425 4.5635
      vertex 17.2289 26.2055 4.48537
    endloop
  endfacet
  facet normal -0.0930466 -0.667083 -0.73915
    outer loop
      vertex 15 25.825 5.605
      vertex 15 26.425 5.0635
      vertex 16.5682 25.825 5.40759
    endloop
  endfacet
  facet normal -0.0914377 -0.66436 -0.741798
    outer loop
      vertex 16.5682 25.825 5.40759
      vertex 17.2289 26.2055 4.98537
      vertex 17.1532 25.825 5.33548
    endloop
  endfacet
  facet normal -0.0914286 -0.664369 -0.741792
    outer loop
      vertex 17.2289 26.2055 4.98537
      vertex 16.5682 25.825 5.40759
      vertex 15 26.425 5.0635
    endloop
  endfacet
  facet normal -0.0399256 -0.669455 0.741779
    outer loop
      vertex 15 26.425 4.5635
      vertex 15 25.825 4.022
      vertex 17.2289 26.2055 4.48537
    endloop
  endfacet
  facet normal -0.0388848 -0.672386 0.739179
    outer loop
      vertex 17.2289 26.2055 4.48537
      vertex 15 25.825 4.022
      vertex 17.1532 25.825 4.13527
    endloop
  endfacet
  facet normal 0.098005 -0.995186 0
    outer loop
      vertex 12.7711 26.2055 4.64162
      vertex 15 26.425 5.0635
      vertex 12.7711 26.2055 5.14162
    endloop
  endfacet
  facet normal 0.098005 -0.995186 0
    outer loop
      vertex 15 26.425 5.0635
      vertex 12.7711 26.2055 4.64162
      vertex 15 26.425 4.5635
    endloop
  endfacet
  facet normal 0.0388843 -0.672397 -0.739169
    outer loop
      vertex 12.7711 26.2055 5.14162
      vertex 15 25.825 5.605
      vertex 12.8468 25.825 5.49173
    endloop
  endfacet
  facet normal 0.039929 -0.669455 -0.741779
    outer loop
      vertex 15 25.825 5.605
      vertex 12.7711 26.2055 5.14162
      vertex 15 26.425 5.0635
    endloop
  endfacet
  facet normal 0.0914248 -0.664363 0.741798
    outer loop
      vertex 12.7711 26.2055 4.64162
      vertex 13.4318 25.825 4.21941
      vertex 15 26.425 4.5635
    endloop
  endfacet
  facet normal 0.0914389 -0.664349 0.741808
    outer loop
      vertex 13.4318 25.825 4.21941
      vertex 12.7711 26.2055 4.64162
      vertex 12.8468 25.825 4.29152
    endloop
  endfacet
  facet normal 0.0930466 -0.667083 0.73915
    outer loop
      vertex 15 25.825 4.022
      vertex 15 26.425 4.5635
      vertex 13.4318 25.825 4.21941
    endloop
  endfacet
  facet normal 0.290293 -0.956938 0
    outer loop
      vertex 11.5168 25.825 4.68734
      vertex 12.7711 26.2055 5.14162
      vertex 11.5168 25.825 5.18734
    endloop
  endfacet
  facet normal 0.290293 -0.956938 0
    outer loop
      vertex 12.7711 26.2055 5.14162
      vertex 11.5168 25.825 4.68734
      vertex 12.7711 26.2055 4.64162
    endloop
  endfacet
  facet normal 0.169772 -0.648777 -0.741799
    outer loop
      vertex 12.8468 25.825 5.49173
      vertex 11.5168 25.825 5.18734
      vertex 12.7711 26.2055 5.14162
    endloop
  endfacet
  facet normal 0.219289 -0.633743 0.74181
    outer loop
      vertex 12.7711 26.2055 4.64162
      vertex 11.5168 25.825 4.68734
      vertex 12.1666 25.825 4.49525
    endloop
  endfacet
  facet normal 0.221396 -0.636078 0.739181
    outer loop
      vertex 12.7711 26.2055 4.64162
      vertex 12.1666 25.825 4.49525
      vertex 12.8468 25.825 4.29152
    endloop
  endfacet
  facet normal 0.471425 -0.881906 0
    outer loop
      vertex 8.65261 24.4995 4.79787
      vertex 9.80853 25.1174 5.25216
      vertex 8.65261 24.4995 5.29787
    endloop
  endfacet
  facet normal 0.471425 -0.881906 0
    outer loop
      vertex 9.80853 25.1174 5.25216
      vertex 8.65261 24.4995 4.79787
      vertex 9.80853 25.1174 4.75216
    endloop
  endfacet
  facet normal 0.293257 -0.606404 -0.739104
    outer loop
      vertex 8.86813 24.177 5.64798
      vertex 8.65261 24.4995 5.29787
      vertex 9.34908 24.6579 5.44425
    endloop
  endfacet
  facet normal 0.29309 -0.603167 -0.741814
    outer loop
      vertex 9.34908 24.6579 5.44425
      vertex 8.65261 24.4995 5.29787
      vertex 9.80853 25.1174 5.25216
    endloop
  endfacet
  facet normal 0.338754 -0.578843 0.741746
    outer loop
      vertex 9.80853 25.1174 4.75216
      vertex 8.65261 24.4995 4.79787
      vertex 8.86813 24.177 4.44777
    endloop
  endfacet
  facet normal 0.634382 -0.773019 0
    outer loop
      vertex 6.92131 23.0787 4.876
      vertex 8.65261 24.4995 5.29787
      vertex 6.92131 23.0787 5.376
    endloop
  endfacet
  facet normal 0.634382 -0.773019 0
    outer loop
      vertex 8.65261 24.4995 5.29787
      vertex 6.92131 23.0787 4.876
      vertex 8.65261 24.4995 4.79787
    endloop
  endfacet
  facet normal 0.405895 -0.53748 -0.739165
    outer loop
      vertex 7.34557 22.6544 5.9175
      vertex 6.92131 23.0787 5.376
      vertex 8.45446 23.7633 5.72009
    endloop
  endfacet
  facet normal 0.405196 -0.534455 -0.741737
    outer loop
      vertex 8.45446 23.7633 5.72009
      vertex 8.65261 24.4995 5.29787
      vertex 8.86813 24.177 5.64798
    endloop
  endfacet
  facet normal 0.40513 -0.534457 -0.741772
    outer loop
      vertex 8.65261 24.4995 5.29787
      vertex 8.45446 23.7633 5.72009
      vertex 6.92131 23.0787 5.376
    endloop
  endfacet
  facet normal 0.445123 -0.501608 0.741792
    outer loop
      vertex 6.92131 23.0787 4.876
      vertex 7.34557 22.6544 4.3345
      vertex 8.65261 24.4995 4.79787
    endloop
  endfacet
  facet normal 0.448008 -0.502981 0.73912
    outer loop
      vertex 8.65261 24.4995 4.79787
      vertex 7.34557 22.6544 4.3345
      vertex 8.86813 24.177 4.44777
    endloop
  endfacet
  facet normal 0.773009 -0.634396 0
    outer loop
      vertex 5.50046 21.3474 4.95412
      vertex 6.92131 23.0787 5.376
      vertex 5.50046 21.3474 5.45412
    endloop
  endfacet
  facet normal 0.773009 -0.634396 0
    outer loop
      vertex 6.92131 23.0787 5.376
      vertex 5.50046 21.3474 4.95412
      vertex 6.92131 23.0787 4.876
    endloop
  endfacet
  facet normal 0.502971 -0.448001 -0.739132
    outer loop
      vertex 5.82301 21.1319 5.80423
      vertex 5.50046 21.3474 5.45412
      vertex 7.34557 22.6544 5.9175
    endloop
  endfacet
  facet normal 0.501604 -0.44513 -0.74179
    outer loop
      vertex 6.92131 23.0787 5.376
      vertex 7.34557 22.6544 5.9175
      vertex 5.50046 21.3474 5.45412
    endloop
  endfacet
  facet normal 0.534421 -0.405119 0.741804
    outer loop
      vertex 5.50046 21.3474 4.95412
      vertex 6.23668 21.5455 4.53191
      vertex 6.92131 23.0787 4.876
    endloop
  endfacet
  facet normal 0.534419 -0.405183 0.74177
    outer loop
      vertex 6.23668 21.5455 4.53191
      vertex 5.50046 21.3474 4.95412
      vertex 5.82301 21.1319 4.60402
    endloop
  endfacet
  facet normal 0.537487 -0.405894 0.73916
    outer loop
      vertex 6.92131 23.0787 4.876
      vertex 6.23668 21.5455 4.53191
      vertex 7.34557 22.6544 4.3345
    endloop
  endfacet
  facet normal 0.881919 -0.471402 0
    outer loop
      vertex 4.88261 20.1915 4.99984
      vertex 5.50046 21.3474 5.45412
      vertex 4.88261 20.1915 5.49984
    endloop
  endfacet
  facet normal 0.881919 -0.471402 0
    outer loop
      vertex 5.50046 21.3474 5.45412
      vertex 4.88261 20.1915 4.99984
      vertex 5.50046 21.3474 4.95412
    endloop
  endfacet
  facet normal 0.57883 -0.338735 -0.741764
    outer loop
      vertex 5.82301 21.1319 5.80423
      vertex 4.88261 20.1915 5.49984
      vertex 5.50046 21.3474 5.45412
    endloop
  endfacet
  facet normal 0.603179 -0.293069 0.741812
    outer loop
      vertex 5.50046 21.3474 4.95412
      vertex 4.88261 20.1915 4.99984
      vertex 5.34206 20.6509 4.80775
    endloop
  endfacet
  facet normal 0.606365 -0.293233 0.739145
    outer loop
      vertex 5.50046 21.3474 4.95412
      vertex 5.34206 20.6509 4.80775
      vertex 5.82301 21.1319 4.60402
    endloop
  endfacet
  facet normal 0.956944 -0.290272 0
    outer loop
      vertex 3.79453 17.2289 5.11037
      vertex 4.175 18.4832 5.56466
      vertex 3.79453 17.2289 5.61037
    endloop
  endfacet
  facet normal 0.956944 -0.290272 0
    outer loop
      vertex 4.175 18.4832 5.56466
      vertex 3.79453 17.2289 5.11037
      vertex 4.175 18.4832 5.06466
    endloop
  endfacet
  facet normal 0.636119 -0.221386 -0.739148
    outer loop
      vertex 4.175 17.1532 5.96048
      vertex 3.79453 17.2289 5.61037
      vertex 4.175 17.8334 5.75675
    endloop
  endfacet
  facet normal 0.633785 -0.21928 -0.741777
    outer loop
      vertex 4.175 17.8334 5.75675
      vertex 3.79453 17.2289 5.61037
      vertex 4.175 18.4832 5.56466
    endloop
  endfacet
  facet normal 0.648795 -0.169768 0.741784
    outer loop
      vertex 4.175 18.4832 5.06466
      vertex 3.79453 17.2289 5.11037
      vertex 4.175 17.1532 4.76027
    endloop
  endfacet
  facet normal 0.995185 -0.0980183 0
    outer loop
      vertex 3.575 15 5.1885
      vertex 3.79453 17.2289 5.61037
      vertex 3.575 15 5.6885
    endloop
  endfacet
  facet normal 0.995185 -0.0980183 0
    outer loop
      vertex 3.79453 17.2289 5.61037
      vertex 3.575 15 5.1885
      vertex 3.79453 17.2289 5.11037
    endloop
  endfacet
  facet normal 0.667083 -0.0930466 -0.73915
    outer loop
      vertex 4.175 15 6.23
      vertex 3.575 15 5.6885
      vertex 4.175 16.5682 6.03259
    endloop
  endfacet
  facet normal 0.66439 -0.0914345 -0.741772
    outer loop
      vertex 4.175 16.5682 6.03259
      vertex 3.79453 17.2289 5.61037
      vertex 4.175 17.1532 5.96048
    endloop
  endfacet
  facet normal 0.664386 -0.0914386 -0.741775
    outer loop
      vertex 3.79453 17.2289 5.61037
      vertex 4.175 16.5682 6.03259
      vertex 3.575 15 5.6885
    endloop
  endfacet
  facet normal 0.669455 -0.0399346 0.741778
    outer loop
      vertex 3.79453 17.2289 5.11037
      vertex 3.575 15 5.1885
      vertex 4.175 15 4.647
    endloop
  endfacet
  facet normal 0.672415 -0.0388834 0.739152
    outer loop
      vertex 3.79453 17.2289 5.11037
      vertex 4.175 15 4.647
      vertex 4.175 17.1532 4.76027
    endloop
  endfacet
  facet normal 0.995185 0.0980183 -0
    outer loop
      vertex 3.79453 12.7711 5.26662
      vertex 3.575 15 5.6885
      vertex 3.79453 12.7711 5.76662
    endloop
  endfacet
  facet normal 0.995185 0.0980183 0
    outer loop
      vertex 3.575 15 5.6885
      vertex 3.79453 12.7711 5.26662
      vertex 3.575 15 5.1885
    endloop
  endfacet
  facet normal 0.672426 0.0388829 -0.739143
    outer loop
      vertex 3.79453 12.7711 5.76662
      vertex 4.175 15 6.23
      vertex 4.175 12.8468 6.11673
    endloop
  endfacet
  facet normal 0.669455 0.039938 -0.741778
    outer loop
      vertex 3.79453 12.7711 5.76662
      vertex 3.575 15 5.6885
      vertex 4.175 15 6.23
    endloop
  endfacet
  facet normal 0.664379 0.0914357 0.741782
    outer loop
      vertex 4.175 13.4318 4.84441
      vertex 3.79453 12.7711 5.26662
      vertex 4.175 12.8468 4.91652
    endloop
  endfacet
  facet normal 0.66438 0.0914349 0.741781
    outer loop
      vertex 3.79453 12.7711 5.26662
      vertex 4.175 13.4318 4.84441
      vertex 3.575 15 5.1885
    endloop
  endfacet
  facet normal 0.667083 0.0930466 0.73915
    outer loop
      vertex 4.175 15 4.647
      vertex 3.575 15 5.1885
      vertex 4.175 13.4318 4.84441
    endloop
  endfacet
  facet normal 0.956944 0.290272 -0
    outer loop
      vertex 4.175 11.5168 5.31234
      vertex 3.79453 12.7711 5.76662
      vertex 4.175 11.5168 5.81234
    endloop
  endfacet
  facet normal 0.956944 0.290272 0
    outer loop
      vertex 3.79453 12.7711 5.76662
      vertex 4.175 11.5168 5.31234
      vertex 3.79453 12.7711 5.26662
    endloop
  endfacet
  facet normal 0.648807 0.169766 -0.741775
    outer loop
      vertex 4.175 11.5168 5.81234
      vertex 3.79453 12.7711 5.76662
      vertex 4.175 12.8468 6.11673
    endloop
  endfacet
  facet normal 0.633773 0.219282 0.741786
    outer loop
      vertex 4.175 12.1666 5.12025
      vertex 3.79453 12.7711 5.26662
      vertex 4.175 11.5168 5.31234
    endloop
  endfacet
  facet normal 0.636108 0.221389 0.739158
    outer loop
      vertex 4.175 12.8468 4.91652
      vertex 3.79453 12.7711 5.26662
      vertex 4.175 12.1666 5.12025
    endloop
  endfacet
  facet normal 0.881922 0.471395 -0
    outer loop
      vertex 5.50046 8.65261 5.42287
      vertex 4.88261 9.80853 5.87716
      vertex 5.50046 8.65261 5.92287
    endloop
  endfacet
  facet normal 0.881922 0.471395 0
    outer loop
      vertex 4.88261 9.80853 5.87716
      vertex 5.50046 8.65261 5.42287
      vertex 4.88261 9.80853 5.37716
    endloop
  endfacet
  facet normal 0.606355 0.293254 -0.739145
    outer loop
      vertex 5.50046 8.65261 5.92287
      vertex 5.34206 9.34908 6.06925
      vertex 5.82301 8.86813 6.27298
    endloop
  endfacet
  facet normal 0.603218 0.293093 -0.741772
    outer loop
      vertex 5.50046 8.65261 5.92287
      vertex 4.88261 9.80853 5.87716
      vertex 5.34206 9.34908 6.06925
    endloop
  endfacet
  facet normal 0.578818 0.338717 0.741782
    outer loop
      vertex 5.82301 8.86813 5.07277
      vertex 4.88261 9.80853 5.37716
      vertex 5.50046 8.65261 5.42287
    endloop
  endfacet
  facet normal 0.773009 0.634396 -0
    outer loop
      vertex 6.92131 6.92131 5.501
      vertex 5.50046 8.65261 5.92287
      vertex 6.92131 6.92131 6.001
    endloop
  endfacet
  facet normal 0.773009 0.634396 0
    outer loop
      vertex 5.50046 8.65261 5.92287
      vertex 6.92131 6.92131 5.501
      vertex 5.50046 8.65261 5.42287
    endloop
  endfacet
  facet normal 0.537495 0.405908 -0.739147
    outer loop
      vertex 6.92131 6.92131 6.001
      vertex 6.23668 8.45446 6.34509
      vertex 7.34557 7.34557 6.5425
    endloop
  endfacet
  facet normal 0.534447 0.405137 -0.741775
    outer loop
      vertex 5.50046 8.65261 5.92287
      vertex 6.23668 8.45446 6.34509
      vertex 6.92131 6.92131 6.001
    endloop
  endfacet
  facet normal 0.534446 0.405142 -0.741773
    outer loop
      vertex 6.23668 8.45446 6.34509
      vertex 5.50046 8.65261 5.92287
      vertex 5.82301 8.86813 6.27298
    endloop
  endfacet
  facet normal 0.501615 0.445142 0.741775
    outer loop
      vertex 6.92131 6.92131 5.501
      vertex 7.34557 7.34557 4.9595
      vertex 5.50046 8.65261 5.42287
    endloop
  endfacet
  facet normal 0.502962 0.447974 0.739154
    outer loop
      vertex 5.82301 8.86813 5.07277
      vertex 5.50046 8.65261 5.42287
      vertex 7.34557 7.34557 4.9595
    endloop
  endfacet
  facet normal 0.634396 0.773009 -0
    outer loop
      vertex 8.65261 5.50046 5.57912
      vertex 6.92131 6.92131 6.001
      vertex 8.65261 5.50046 6.07912
    endloop
  endfacet
  facet normal 0.634396 0.773009 0
    outer loop
      vertex 6.92131 6.92131 6.001
      vertex 8.65261 5.50046 5.57912
      vertex 6.92131 6.92131 5.501
    endloop
  endfacet
  facet normal 0.447981 0.50297 -0.739144
    outer loop
      vertex 8.65261 5.50046 6.07912
      vertex 7.34557 7.34557 6.5425
      vertex 8.86813 5.82301 6.42923
    endloop
  endfacet
  facet normal 0.44514 0.501617 -0.741775
    outer loop
      vertex 6.92131 6.92131 6.001
      vertex 7.34557 7.34557 6.5425
      vertex 8.65261 5.50046 6.07912
    endloop
  endfacet
  facet normal 0.405134 0.53444 0.741782
    outer loop
      vertex 8.45446 6.23668 5.15691
      vertex 8.65261 5.50046 5.57912
      vertex 8.86813 5.82301 5.22902
    endloop
  endfacet
  facet normal 0.405135 0.53444 0.741782
    outer loop
      vertex 8.65261 5.50046 5.57912
      vertex 8.45446 6.23668 5.15691
      vertex 6.92131 6.92131 5.501
    endloop
  endfacet
  facet normal 0.405908 0.537495 0.739147
    outer loop
      vertex 7.34557 7.34557 4.9595
      vertex 6.92131 6.92131 5.501
      vertex 8.45446 6.23668 5.15691
    endloop
  endfacet
  facet normal 0.471395 0.881922 -0
    outer loop
      vertex 9.80853 4.88261 5.62484
      vertex 8.65261 5.50046 6.07912
      vertex 9.80853 4.88261 6.12484
    endloop
  endfacet
  facet normal 0.471395 0.881922 0
    outer loop
      vertex 8.65261 5.50046 6.07912
      vertex 9.80853 4.88261 5.62484
      vertex 8.65261 5.50046 5.57912
    endloop
  endfacet
  facet normal 0.338726 0.578824 -0.741773
    outer loop
      vertex 9.80853 4.88261 6.12484
      vertex 8.65261 5.50046 6.07912
      vertex 8.86813 5.82301 6.42923
    endloop
  endfacet
  facet normal 0.293082 0.603211 0.741781
    outer loop
      vertex 9.34908 5.34206 5.43275
      vertex 8.65261 5.50046 5.57912
      vertex 9.80853 4.88261 5.62484
    endloop
  endfacet
  facet normal 0.293244 0.606349 0.739154
    outer loop
      vertex 8.86813 5.82301 5.22902
      vertex 8.65261 5.50046 5.57912
      vertex 9.34908 5.34206 5.43275
    endloop
  endfacet
  facet normal 0.290272 0.956944 -0
    outer loop
      vertex 12.7711 3.79453 5.73537
      vertex 11.5168 4.175 6.18966
      vertex 12.7711 3.79453 6.23537
    endloop
  endfacet
  facet normal 0.290272 0.956944 0
    outer loop
      vertex 11.5168 4.175 6.18966
      vertex 12.7711 3.79453 5.73537
      vertex 11.5168 4.175 5.68966
    endloop
  endfacet
  facet normal 0.221386 0.636119 -0.739148
    outer loop
      vertex 12.7711 3.79453 6.23537
      vertex 12.1666 4.175 6.38175
      vertex 12.8468 4.175 6.58548
    endloop
  endfacet
  facet normal 0.21928 0.633785 -0.741777
    outer loop
      vertex 12.7711 3.79453 6.23537
      vertex 11.5168 4.175 6.18966
      vertex 12.1666 4.175 6.38175
    endloop
  endfacet
  facet normal 0.169768 0.648795 0.741784
    outer loop
      vertex 12.8468 4.175 5.38527
      vertex 11.5168 4.175 5.68966
      vertex 12.7711 3.79453 5.73537
    endloop
  endfacet
  facet normal 0.0980183 0.995185 -0
    outer loop
      vertex 15 3.575 5.8135
      vertex 12.7711 3.79453 6.23537
      vertex 15 3.575 6.3135
    endloop
  endfacet
  facet normal 0.0980183 0.995185 0
    outer loop
      vertex 12.7711 3.79453 6.23537
      vertex 15 3.575 5.8135
      vertex 12.7711 3.79453 5.73537
    endloop
  endfacet
  facet normal 0.0930466 0.667083 -0.73915
    outer loop
      vertex 15 4.175 6.855
      vertex 15 3.575 6.3135
      vertex 13.4318 4.175 6.65759
    endloop
  endfacet
  facet normal 0.0914386 0.664386 -0.741775
    outer loop
      vertex 12.7711 3.79453 6.23537
      vertex 13.4318 4.175 6.65759
      vertex 15 3.575 6.3135
    endloop
  endfacet
  facet normal 0.0914345 0.66439 -0.741772
    outer loop
      vertex 13.4318 4.175 6.65759
      vertex 12.7711 3.79453 6.23537
      vertex 12.8468 4.175 6.58548
    endloop
  endfacet
  facet normal 0.0399346 0.669455 0.741778
    outer loop
      vertex 15 4.175 5.272
      vertex 12.7711 3.79453 5.73537
      vertex 15 3.575 5.8135
    endloop
  endfacet
  facet normal 0.0388834 0.672415 0.739152
    outer loop
      vertex 12.7711 3.79453 5.73537
      vertex 15 4.175 5.272
      vertex 12.8468 4.175 5.38527
    endloop
  endfacet
  facet normal -0.0980183 0.995185 0
    outer loop
      vertex 17.2289 3.79453 5.89162
      vertex 15 3.575 6.3135
      vertex 17.2289 3.79453 6.39162
    endloop
  endfacet
  facet normal -0.0980183 0.995185 0
    outer loop
      vertex 15 3.575 6.3135
      vertex 17.2289 3.79453 5.89162
      vertex 15 3.575 5.8135
    endloop
  endfacet
  facet normal -0.0388829 0.672426 -0.739143
    outer loop
      vertex 17.2289 3.79453 6.39162
      vertex 15 4.175 6.855
      vertex 17.1532 4.175 6.74173
    endloop
  endfacet
  facet normal -0.039938 0.669455 -0.741778
    outer loop
      vertex 17.2289 3.79453 6.39162
      vertex 15 3.575 6.3135
      vertex 15 4.175 6.855
    endloop
  endfacet
  facet normal -0.0914357 0.664379 0.741782
    outer loop
      vertex 16.5682 4.175 5.46941
      vertex 17.2289 3.79453 5.89162
      vertex 17.1532 4.175 5.54152
    endloop
  endfacet
  facet normal -0.0914349 0.66438 0.741781
    outer loop
      vertex 17.2289 3.79453 5.89162
      vertex 16.5682 4.175 5.46941
      vertex 15 3.575 5.8135
    endloop
  endfacet
  facet normal -0.0930466 0.667083 0.73915
    outer loop
      vertex 15 4.175 5.272
      vertex 15 3.575 5.8135
      vertex 16.5682 4.175 5.46941
    endloop
  endfacet
  facet normal -0.290272 0.956944 0
    outer loop
      vertex 18.4832 4.175 5.93734
      vertex 17.2289 3.79453 6.39162
      vertex 18.4832 4.175 6.43734
    endloop
  endfacet
  facet normal -0.290272 0.956944 0
    outer loop
      vertex 17.2289 3.79453 6.39162
      vertex 18.4832 4.175 5.93734
      vertex 17.2289 3.79453 5.89162
    endloop
  endfacet
  facet normal -0.169766 0.648807 -0.741775
    outer loop
      vertex 17.2289 3.79453 6.39162
      vertex 17.1532 4.175 6.74173
      vertex 18.4832 4.175 6.43734
    endloop
  endfacet
  facet normal -0.219282 0.633773 0.741786
    outer loop
      vertex 17.8334 4.175 5.74525
      vertex 17.2289 3.79453 5.89162
      vertex 18.4832 4.175 5.93734
    endloop
  endfacet
  facet normal -0.221389 0.636108 0.739158
    outer loop
      vertex 17.8334 4.175 5.74525
      vertex 17.1532 4.175 5.54152
      vertex 17.2289 3.79453 5.89162
    endloop
  endfacet
  facet normal -0.471402 0.881919 0
    outer loop
      vertex 21.3474 5.50046 6.04787
      vertex 20.1915 4.88261 6.50216
      vertex 21.3474 5.50046 6.54787
    endloop
  endfacet
  facet normal -0.471402 0.881919 0
    outer loop
      vertex 20.1915 4.88261 6.50216
      vertex 21.3474 5.50046 6.04787
      vertex 20.1915 4.88261 6.00216
    endloop
  endfacet
  facet normal -0.293243 0.606371 -0.739136
    outer loop
      vertex 21.3474 5.50046 6.54787
      vertex 20.6509 5.34206 6.69425
      vertex 21.1319 5.82301 6.89798
    endloop
  endfacet
  facet normal -0.293079 0.603185 -0.741803
    outer loop
      vertex 21.3474 5.50046 6.54787
      vertex 20.1915 4.88261 6.50216
      vertex 20.6509 5.34206 6.69425
    endloop
  endfacet
  facet normal -0.338725 0.578824 0.741774
    outer loop
      vertex 21.1319 5.82301 5.69777
      vertex 20.1915 4.88261 6.00216
      vertex 21.3474 5.50046 6.04787
    endloop
  endfacet
  facet normal -0.634396 0.773009 0
    outer loop
      vertex 23.0787 6.92131 6.126
      vertex 21.3474 5.50046 6.54787
      vertex 23.0787 6.92131 6.626
    endloop
  endfacet
  facet normal -0.634396 0.773009 0
    outer loop
      vertex 21.3474 5.50046 6.54787
      vertex 23.0787 6.92131 6.126
      vertex 21.3474 5.50046 6.04787
    endloop
  endfacet
  facet normal -0.405901 0.537525 -0.739129
    outer loop
      vertex 23.0787 6.92131 6.626
      vertex 21.7135 6.40468 7
      vertex 22.7857 7.21433 7
    endloop
  endfacet
  facet normal -0.405896 0.537492 -0.739156
    outer loop
      vertex 21.7135 6.40468 7
      vertex 23.0787 6.92131 6.626
      vertex 21.5455 6.23668 6.97009
    endloop
  endfacet
  facet normal -0.40512 0.534428 -0.741798
    outer loop
      vertex 21.3474 5.50046 6.54787
      vertex 21.5455 6.23668 6.97009
      vertex 23.0787 6.92131 6.626
    endloop
  endfacet
  facet normal -0.405192 0.534425 -0.741761
    outer loop
      vertex 21.5455 6.23668 6.97009
      vertex 21.3474 5.50046 6.54787
      vertex 21.1319 5.82301 6.89798
    endloop
  endfacet
  facet normal -0.445132 0.501602 0.74179
    outer loop
      vertex 23.0787 6.92131 6.126
      vertex 22.6544 7.34557 5.5845
      vertex 21.3474 5.50046 6.04787
    endloop
  endfacet
  facet normal -0.447993 0.502963 0.739141
    outer loop
      vertex 22.6544 7.34557 5.5845
      vertex 21.1319 5.82301 5.69777
      vertex 21.3474 5.50046 6.04787
    endloop
  endfacet
  facet normal -0.773019 0.634382 0
    outer loop
      vertex 23.0787 6.92131 6.626
      vertex 24.4995 8.65261 6.20412
      vertex 23.0787 6.92131 6.126
    endloop
  endfacet
  facet normal -0.773019 0.634382 0
    outer loop
      vertex 24.4995 8.65261 6.20412
      vertex 23.0787 6.92131 6.626
      vertex 24.4995 8.65261 6.70412
    endloop
  endfacet
  facet normal -0.503014 0.448043 -0.739076
    outer loop
      vertex 24.4995 8.65261 6.70412
      vertex 23.3214 7.81804 7
      vertex 24.227 8.83475 7
    endloop
  endfacet
  facet normal -0.501631 0.445136 -0.741768
    outer loop
      vertex 23.0787 6.92131 6.626
      vertex 23.3214 7.81804 7
      vertex 24.4995 8.65261 6.70412
    endloop
  endfacet
  facet normal -0.501649 0.445136 -0.741756
    outer loop
      vertex 23.3214 7.81804 7
      vertex 23.0787 6.92131 6.626
      vertex 22.7857 7.21433 7
    endloop
  endfacet
  facet normal -0.534448 0.405187 0.741747
    outer loop
      vertex 23.7633 8.45446 5.78191
      vertex 24.4995 8.65261 6.20412
      vertex 24.177 8.86813 5.85402
    endloop
  endfacet
  facet normal -0.53445 0.405129 0.741778
    outer loop
      vertex 24.4995 8.65261 6.20412
      vertex 23.7633 8.45446 5.78191
      vertex 23.0787 6.92131 6.126
    endloop
  endfacet
  facet normal -0.53748 0.405895 0.739165
    outer loop
      vertex 23.7633 8.45446 5.78191
      vertex 22.6544 7.34557 5.5845
      vertex 23.0787 6.92131 6.126
    endloop
  endfacet
  facet normal -0.881906 0.471425 0
    outer loop
      vertex 24.4995 8.65261 6.70412
      vertex 25.1174 9.80853 6.24984
      vertex 24.4995 8.65261 6.20412
    endloop
  endfacet
  facet normal -0.881906 0.471425 0
    outer loop
      vertex 25.1174 9.80853 6.24984
      vertex 24.4995 8.65261 6.70412
      vertex 25.1174 9.80853 6.74984
    endloop
  endfacet
  facet normal -0.578813 0.338745 -0.741773
    outer loop
      vertex 24.4995 8.65261 6.70412
      vertex 24.3445 9.03567 7
      vertex 25.1174 9.80853 6.74984
    endloop
  endfacet
  facet normal -0.579001 0.338605 -0.74169
    outer loop
      vertex 24.3445 9.03567 7
      vertex 24.4995 8.65261 6.70412
      vertex 24.227 8.83475 7
    endloop
  endfacet
  facet normal -0.603161 0.29308 0.741823
    outer loop
      vertex 24.6579 9.34908 6.05775
      vertex 24.4995 8.65261 6.20412
      vertex 25.1174 9.80853 6.24984
    endloop
  endfacet
  facet normal -0.606397 0.293246 0.739113
    outer loop
      vertex 24.6579 9.34908 6.05775
      vertex 24.177 8.86813 5.85402
      vertex 24.4995 8.65261 6.20412
    endloop
  endfacet
  facet normal -0.956938 0.290293 0
    outer loop
      vertex 25.825 11.5168 6.81466
      vertex 26.2055 12.7711 6.36037
      vertex 25.825 11.5168 6.31466
    endloop
  endfacet
  facet normal -0.956938 0.290293 0
    outer loop
      vertex 26.2055 12.7711 6.36037
      vertex 25.825 11.5168 6.81466
      vertex 26.2055 12.7711 6.86037
    endloop
  endfacet
  facet normal -0.635975 0.221355 -0.739282
    outer loop
      vertex 26.2055 12.7711 6.86037
      vertex 25.8425 12.1945 7
      vertex 26.0537 12.8013 7
    endloop
  endfacet
  facet normal -0.633652 0.219259 -0.741896
    outer loop
      vertex 25.825 11.5168 6.81466
      vertex 25.8425 12.1945 7
      vertex 26.2055 12.7711 6.86037
    endloop
  endfacet
  facet normal -0.634662 0.219065 -0.74109
    outer loop
      vertex 25.8425 12.1945 7
      vertex 25.825 11.5168 6.81466
      vertex 25.825 12.1438 7
    endloop
  endfacet
  facet normal -0.648766 0.169774 0.741809
    outer loop
      vertex 26.2055 12.7711 6.36037
      vertex 25.825 12.8468 6.01027
      vertex 25.825 11.5168 6.31466
    endloop
  endfacet
  facet normal -0.995186 0.098005 0
    outer loop
      vertex 26.2055 12.7711 6.86037
      vertex 26.425 15 6.4385
      vertex 26.2055 12.7711 6.36037
    endloop
  endfacet
  facet normal -0.995186 0.098005 0
    outer loop
      vertex 26.425 15 6.4385
      vertex 26.2055 12.7711 6.86037
      vertex 26.425 15 6.9385
    endloop
  endfacet
  facet normal -0.667318 0.0930865 -0.738933
    outer loop
      vertex 26.425 15 6.9385
      vertex 26.3178 14.7197 7
      vertex 26.3569 15 7
    endloop
  endfacet
  facet normal -0.664558 0.0914412 -0.741621
    outer loop
      vertex 26.2055 12.7711 6.86037
      vertex 26.3178 14.7197 7
      vertex 26.425 15 6.9385
    endloop
  endfacet
  facet normal -0.664236 0.0914433 -0.741908
    outer loop
      vertex 26.3178 14.7197 7
      vertex 26.2055 12.7711 6.86037
      vertex 26.0537 12.8013 7
    endloop
  endfacet
  facet normal -0.669455 0.0399256 0.741779
    outer loop
      vertex 26.425 15 6.4385
      vertex 25.825 15 5.897
      vertex 26.2055 12.7711 6.36037
    endloop
  endfacet
  facet normal -0.672386 0.0388848 0.739179
    outer loop
      vertex 26.2055 12.7711 6.36037
      vertex 25.825 15 5.897
      vertex 25.825 12.8468 6.01027
    endloop
  endfacet
  facet normal -0.995188 -0.0979871 0
    outer loop
      vertex 26.2055 17.2289 6.51662
      vertex 26.2522 16.7546 7
      vertex 26.2055 17.2289 7
    endloop
  endfacet
  facet normal -0.995186 -0.0980044 -1.7163e-05
    outer loop
      vertex 26.425 15 6.4385
      vertex 26.2522 16.7546 7
      vertex 26.2055 17.2289 6.51662
    endloop
  endfacet
  facet normal -0.995185 -0.0980098 0
    outer loop
      vertex 26.2522 16.7546 7
      vertex 26.425 15 6.4385
      vertex 26.425 15 6.9385
    endloop
  endfacet
  facet normal -0.669693 -0.0399617 -0.741562
    outer loop
      vertex 26.3569 15 7
      vertex 26.2522 16.7546 7
      vertex 26.425 15 6.9385
    endloop
  endfacet
  facet normal -0.664349 -0.0914389 0.741808
    outer loop
      vertex 25.825 16.5682 6.09441
      vertex 26.2055 17.2289 6.51662
      vertex 25.825 17.1532 6.16652
    endloop
  endfacet
  facet normal -0.664363 -0.0914248 0.741798
    outer loop
      vertex 26.2055 17.2289 6.51662
      vertex 25.825 16.5682 6.09441
      vertex 26.425 15 6.4385
    endloop
  endfacet
  facet normal -0.667083 -0.0930466 0.73915
    outer loop
      vertex 25.825 15 5.897
      vertex 26.425 15 6.4385
      vertex 25.825 16.5682 6.09441
    endloop
  endfacet
  facet normal -0.956938 -0.290293 -0
    outer loop
      vertex 26.2055 17.2289 7
      vertex 25.825 18.4832 6.56234
      vertex 26.2055 17.2289 6.51662
    endloop
  endfacet
  facet normal -0.956938 -0.290293 0
    outer loop
      vertex 25.825 18.4832 6.56234
      vertex 26.2055 17.2289 7
      vertex 25.825 18.4832 7
    endloop
  endfacet
  facet normal -0.633743 -0.219289 0.74181
    outer loop
      vertex 26.2055 17.2289 6.51662
      vertex 25.825 18.4832 6.56234
      vertex 25.825 17.8334 6.37025
    endloop
  endfacet
  facet normal -0.636078 -0.221396 0.739181
    outer loop
      vertex 26.2055 17.2289 6.51662
      vertex 25.825 17.8334 6.37025
      vertex 25.825 17.1532 6.16652
    endloop
  endfacet
  facet normal -0.881903 -0.471431 -0
    outer loop
      vertex 25.1174 20.1915 7
      vertex 24.4995 21.3474 6.67287
      vertex 25.1174 20.1915 6.62716
    endloop
  endfacet
  facet normal -0.881903 -0.471431 0
    outer loop
      vertex 24.4995 21.3474 6.67287
      vertex 25.1174 20.1915 7
      vertex 24.4995 21.3474 7
    endloop
  endfacet
  facet normal -0.578849 -0.338763 0.741737
    outer loop
      vertex 24.4995 21.3474 6.67287
      vertex 24.177 21.1319 6.32277
      vertex 25.1174 20.1915 6.62716
    endloop
  endfacet
  facet normal -0.773019 -0.634382 -0
    outer loop
      vertex 24.4995 21.3474 7
      vertex 23.0787 23.0787 6.751
      vertex 24.4995 21.3474 6.67287
    endloop
  endfacet
  facet normal -0.773019 -0.634382 0
    outer loop
      vertex 23.0787 23.0787 6.751
      vertex 24.4995 21.3474 7
      vertex 23.0787 23.0787 7
    endloop
  endfacet
  facet normal -0.501595 -0.445113 0.741806
    outer loop
      vertex 23.0787 23.0787 6.751
      vertex 22.6544 22.6544 6.2095
      vertex 24.4995 21.3474 6.67287
    endloop
  endfacet
  facet normal -0.502982 -0.448027 0.739108
    outer loop
      vertex 24.4995 21.3474 6.67287
      vertex 22.6544 22.6544 6.2095
      vertex 24.177 21.1319 6.32277
    endloop
  endfacet
  facet normal -0.634382 -0.773019 0
    outer loop
      vertex 21.3474 24.4995 6.82912
      vertex 23.0787 23.0787 7
      vertex 21.3474 24.4995 7
    endloop
  endfacet
  facet normal -0.634382 -0.773019 -0
    outer loop
      vertex 23.0787 23.0787 7
      vertex 21.3474 24.4995 6.82912
      vertex 23.0787 23.0787 6.751
    endloop
  endfacet
  facet normal -0.405112 -0.534431 0.7418
    outer loop
      vertex 21.3474 24.4995 6.82912
      vertex 21.5455 23.7633 6.40691
      vertex 23.0787 23.0787 6.751
    endloop
  endfacet
  facet normal -0.405237 -0.534427 0.741735
    outer loop
      vertex 21.5455 23.7633 6.40691
      vertex 21.3474 24.4995 6.82912
      vertex 21.1319 24.177 6.47902
    endloop
  endfacet
  facet normal -0.405881 -0.537472 0.739178
    outer loop
      vertex 23.0787 23.0787 6.751
      vertex 21.5455 23.7633 6.40691
      vertex 22.6544 22.6544 6.2095
    endloop
  endfacet
  facet normal -0.471431 -0.881903 0
    outer loop
      vertex 20.1915 25.1174 6.87484
      vertex 21.3474 24.4995 7
      vertex 20.1915 25.1174 7
    endloop
  endfacet
  facet normal -0.471431 -0.881903 -0
    outer loop
      vertex 21.3474 24.4995 7
      vertex 20.1915 25.1174 6.87484
      vertex 21.3474 24.4995 6.82912
    endloop
  endfacet
  facet normal -0.293066 -0.603129 0.741854
    outer loop
      vertex 21.3474 24.4995 6.82912
      vertex 20.1915 25.1174 6.87484
      vertex 20.6509 24.6579 6.68275
    endloop
  endfacet
  facet normal -0.293236 -0.606413 0.739105
    outer loop
      vertex 21.3474 24.4995 6.82912
      vertex 20.6509 24.6579 6.68275
      vertex 21.1319 24.177 6.47902
    endloop
  endfacet
  facet normal -0.290293 -0.956938 0
    outer loop
      vertex 17.2289 26.2055 6.98537
      vertex 18.4832 25.825 7
      vertex 17.2289 26.2055 7
    endloop
  endfacet
  facet normal -0.290293 -0.956938 -0
    outer loop
      vertex 18.4832 25.825 7
      vertex 17.2289 26.2055 6.98537
      vertex 18.4832 25.825 6.93966
    endloop
  endfacet
  facet normal -0.169774 -0.648766 0.741809
    outer loop
      vertex 17.2289 26.2055 6.98537
      vertex 17.1532 25.825 6.63527
      vertex 18.4832 25.825 6.93966
    endloop
  endfacet
  facet normal -0.0980393 -0.995183 -0
    outer loop
      vertex 17.2289 26.2055 7
      vertex 16.8117 26.2466 7
      vertex 17.2289 26.2055 6.98537
    endloop
  endfacet
  facet normal -0.0399096 -0.669483 0.741754
    outer loop
      vertex 15 25.825 6.522
      vertex 16.8117 26.2466 7
      vertex 15 26.3546 7
    endloop
  endfacet
  facet normal -0.0399351 -0.669428 0.741802
    outer loop
      vertex 16.8117 26.2466 7
      vertex 15 25.825 6.522
      vertex 17.2289 26.2055 6.98537
    endloop
  endfacet
  facet normal -0.0388848 -0.672386 0.739179
    outer loop
      vertex 17.2289 26.2055 6.98537
      vertex 15 25.825 6.522
      vertex 17.1532 25.825 6.63527
    endloop
  endfacet
  facet normal 0.0914255 -0.66434 0.741818
    outer loop
      vertex 12.8017 26.0516 7
      vertex 13.4318 25.825 6.71941
      vertex 14.7106 26.3143 7
    endloop
  endfacet
  facet normal 0.0914425 -0.664316 0.741837
    outer loop
      vertex 13.4318 25.825 6.71941
      vertex 12.8017 26.0516 7
      vertex 12.8468 25.825 6.79152
    endloop
  endfacet
  facet normal 0.0928989 -0.66712 0.739135
    outer loop
      vertex 14.7106 26.3143 7
      vertex 15 25.825 6.522
      vertex 15 26.3546 7
    endloop
  endfacet
  facet normal 0.0930488 -0.667063 0.739168
    outer loop
      vertex 15 25.825 6.522
      vertex 14.7106 26.3143 7
      vertex 13.4318 25.825 6.71941
    endloop
  endfacet
  facet normal 0.21967 -0.635793 0.739941
    outer loop
      vertex 12.1862 25.8373 7
      vertex 12.1506 25.825 7
      vertex 12.1666 25.825 6.99525
    endloop
  endfacet
  facet normal 0.221447 -0.636026 0.739211
    outer loop
      vertex 12.1862 25.8373 7
      vertex 12.8468 25.825 6.79152
      vertex 12.8017 26.0516 7
    endloop
  endfacet
  facet normal 0.22109 -0.637368 0.738161
    outer loop
      vertex 12.8468 25.825 6.79152
      vertex 12.1862 25.8373 7
      vertex 12.1666 25.825 6.99525
    endloop
  endfacet
  facet normal 0.33869 -0.578974 0.741672
    outer loop
      vertex 9.02949 24.3383 7
      vertex 8.83598 24.2251 7
      vertex 8.86813 24.177 6.94777
    endloop
  endfacet
  facet normal 0.445091 -0.501592 0.741822
    outer loop
      vertex 7.2159 22.7841 7
      vertex 7.34557 22.6544 6.8345
      vertex 7.81239 23.3134 7
    endloop
  endfacet
  facet normal 0.44805 -0.503038 0.739056
    outer loop
      vertex 7.81239 23.3134 7
      vertex 8.86813 24.177 6.94777
      vertex 8.83598 24.2251 7
    endloop
  endfacet
  facet normal 0.448005 -0.502978 0.739124
    outer loop
      vertex 8.86813 24.177 6.94777
      vertex 7.81239 23.3134 7
      vertex 7.34557 22.6544 6.8345
    endloop
  endfacet
  facet normal 0.537457 -0.405886 0.739187
    outer loop
      vertex 7.2159 22.7841 7
      vertex 6.41592 21.7248 7
      vertex 7.34557 22.6544 6.8345
    endloop
  endfacet
  facet normal -1 0 0
    outer loop
      vertex 0 0 0
      vertex 0 30 8
      vertex 0 30 0
    endloop
  endfacet
  facet normal -1 -0 0
    outer loop
      vertex 0 30 8
      vertex 0 0 0
      vertex 0 0 8
    endloop
  endfacet
  facet normal -0 0 1
    outer loop
      vertex 0 30 8
      vertex 30 0 8
      vertex 30 30 8
    endloop
  endfacet
  facet normal 0 0 1
    outer loop
      vertex 30 0 8
      vertex 0 30 8
      vertex 0 0 8
    endloop
  endfacet
  facet normal 1 -0 0
    outer loop
      vertex 30 0 8
      vertex 30 30 0
      vertex 30 30 8
    endloop
  endfacet
  facet normal 1 0 0
    outer loop
      vertex 30 30 0
      vertex 30 0 8
      vertex 30 0 0
    endloop
  endfacet
  facet normal 0 0 -1
    outer loop
      vertex 30 0 0
      vertex 26.825 10.1019 0
      vertex 30 30 0
    endloop
  endfacet
  facet normal 0 0 -1
    outer loop
      vertex 30 0 0
      vertex 19.8981 3.175 0
      vertex 26.825 10.1019 0
    endloop
  endfacet
  facet normal 0 0 -1
    outer loop
      vertex 30 0 0
      vertex 10.1019 3.175 0
      vertex 19.8981 3.175 0
    endloop
  endfacet
  facet normal -0 0 -1
    outer loop
      vertex 3.175 10.1019 0
      vertex 0 0 0
      vertex 3.175 19.8981 0
    endloop
  endfacet
  facet normal -0 0 -1
    outer loop
      vertex 10.1019 3.175 0
      vertex 0 0 0
      vertex 3.175 10.1019 0
    endloop
  endfacet
  facet normal 0 0 -1
    outer loop
      vertex 0 0 0
      vertex 10.1019 3.175 0
      vertex 30 0 0
    endloop
  endfacet
  facet normal 0 0 -1
    outer loop
      vertex 26.825 19.8981 0
      vertex 30 30 0
      vertex 26.825 10.1019 0
    endloop
  endfacet
  facet normal 0 0 -1
    outer loop
      vertex 19.8981 26.825 0
      vertex 30 30 0
      vertex 26.825 19.8981 0
    endloop
  endfacet
  facet normal 0 0 -1
    outer loop
      vertex 10.1019 26.825 0
      vertex 30 30 0
      vertex 19.8981 26.825 0
    endloop
  endfacet
  facet normal 0 0 -1
    outer loop
      vertex 10.1019 26.825 0
      vertex 0 30 0
      vertex 30 30 0
    endloop
  endfacet
  facet normal 0 0 -1
    outer loop
      vertex 3.175 19.8981 0
      vertex 0 30 0
      vertex 10.1019 26.825 0
    endloop
  endfacet
  facet normal 0 0 -1
    outer loop
      vertex 0 30 0
      vertex 3.175 19.8981 0
      vertex 0 0 0
    endloop
  endfacet
  facet normal 0 -1 0
    outer loop
      vertex 0 0 0
      vertex 30 0 8
      vertex 0 0 8
    endloop
  endfacet
  facet normal 0 -1 -0
    outer loop
      vertex 30 0 8
      vertex 0 0 0
      vertex 30 0 0
    endloop
  endfacet
  facet normal 0 1 -0
    outer loop
      vertex 30 30 0
      vertex 0 30 8
      vertex 30 30 8
    endloop
  endfacet
  facet normal 0 1 0
    outer loop
      vertex 0 30 8
      vertex 30 30 0
      vertex 0 30 0
    endloop
  endfacet
endsolid OpenSCAD_Model
