solid OpenSCAD_Model
  facet normal 1 0 0
    outer loop
      vertex 3 25.8979 3
      vertex 3 6.5 36.5981
      vertex 3 6.5 3
    endloop
  endfacet
  facet normal -1 0 0
    outer loop
      vertex 23.5 6.5 36.5981
      vertex 23.5 25.8979 3
      vertex 23.5 6.5 3
    endloop
  endfacet
  facet normal -0 0 1
    outer loop
      vertex 3 25.8979 3
      vertex 23.5 6.5 3
      vertex 23.5 25.8979 3
    endloop
  endfacet
  facet normal 0 0 1
    outer loop
      vertex 23.5 6.5 3
      vertex 3 25.8979 3
      vertex 3 6.5 3
    endloop
  endfacet
  facet normal 0 -0.866025 -0.500001
    outer loop
      vertex 3 25.8979 3
      vertex 23.5 6.5 36.5981
      vertex 3 6.5 36.5981
    endloop
  endfacet
  facet normal 0 -0.866025 -0.500001
    outer loop
      vertex 23.5 6.5 36.5981
      vertex 3 25.8979 3
      vertex 23.5 25.8979 3
    endloop
  endfacet
  facet normal 0 1 -0
    outer loop
      vertex 23.5 6.5 3
      vertex 3 6.5 36.5981
      vertex 23.5 6.5 36.5981
    endloop
  endfacet
  facet normal 0 1 0
    outer loop
      vertex 3 6.5 36.5981
      vertex 23.5 6.5 3
      vertex 3 6.5 3
    endloop
  endfacet
  facet normal 1 0 0
    outer loop
      vertex 26.5 25.8979 3
      vertex 26.5 6.5 36.5981
      vertex 26.5 6.5 3
    endloop
  endfacet
  facet normal -1 0 0
    outer loop
      vertex 47 6.5 36.5981
      vertex 47 25.8979 3
      vertex 47 6.5 3
    endloop
  endfacet
  facet normal -0 0 1
    outer loop
      vertex 26.5 25.8979 3
      vertex 47 6.5 3
      vertex 47 25.8979 3
    endloop
  endfacet
  facet normal 0 0 1
    outer loop
      vertex 47 6.5 3
      vertex 26.5 25.8979 3
      vertex 26.5 6.5 3
    endloop
  endfacet
  facet normal 0 -0.866025 -0.500001
    outer loop
      vertex 26.5 25.8979 3
      vertex 47 6.5 36.5981
      vertex 26.5 6.5 36.5981
    endloop
  endfacet
  facet normal 0 -0.866025 -0.500001
    outer loop
      vertex 47 6.5 36.5981
      vertex 26.5 25.8979 3
      vertex 47 25.8979 3
    endloop
  endfacet
  facet normal 0 1 -0
    outer loop
      vertex 47 6.5 3
      vertex 26.5 6.5 36.5981
      vertex 47 6.5 36.5981
    endloop
  endfacet
  facet normal 0 1 0
    outer loop
      vertex 26.5 6.5 36.5981
      vertex 47 6.5 3
      vertex 26.5 6.5 3
    endloop
  endfacet
  facet normal -1 0 0
    outer loop
      vertex 0 0 0
      vertex 0 8 50
      vertex 0 36.8675 0
    endloop
  endfacet
  facet normal -1 -0 0
    outer loop
      vertex 0 8 50
      vertex 0 0 0
      vertex 0 0 50
    endloop
  endfacet
  facet normal 1 0 0
    outer loop
      vertex 50 0 0
      vertex 50 8 50
      vertex 50 0 50
    endloop
  endfacet
  facet normal 1 0 0
    outer loop
      vertex 50 8 50
      vertex 50 0 0
      vertex 50 36.8675 0
    endloop
  endfacet
  facet normal 0 0 -1
    outer loop
      vertex 0 0 0
      vertex 4.85001 1.28801 0
      vertex 4.85001 0 0
    endloop
  endfacet
  facet normal -0 0 -1
    outer loop
      vertex 2.35001 3.7879 0
      vertex 0 0 0
      vertex 2.35001 5.01999 0
    endloop
  endfacet
  facet normal -0 0 -1
    outer loop
      vertex 4.85001 1.28801 0
      vertex 0 0 0
      vertex 2.35001 3.7879 0
    endloop
  endfacet
  facet normal 0 0 -1
    outer loop
      vertex 29.85 0 0
      vertex 27.35 3.7879 0
      vertex 29.85 1.28801 0
    endloop
  endfacet
  facet normal 0 0 -1
    outer loop
      vertex 27.35 3.7879 0
      vertex 22.65 3.7879 0
      vertex 27.35 5.01999 0
    endloop
  endfacet
  facet normal 0 0 -1
    outer loop
      vertex 29.85 0 0
      vertex 22.65 3.7879 0
      vertex 27.35 3.7879 0
    endloop
  endfacet
  facet normal 0 0 -1
    outer loop
      vertex 20.15 0 0
      vertex 22.65 3.7879 0
      vertex 29.85 0 0
    endloop
  endfacet
  facet normal 0 0 -1
    outer loop
      vertex 22.65 3.7879 0
      vertex 20.15 0 0
      vertex 20.15 1.28801 0
    endloop
  endfacet
  facet normal 0 0 -1
    outer loop
      vertex 47.65 5.01999 0
      vertex 50 0 0
      vertex 47.65 3.7879 0
    endloop
  endfacet
  facet normal 0 0 -1
    outer loop
      vertex 45.15 1.28801 0
      vertex 50 0 0
      vertex 45.15 0 0
    endloop
  endfacet
  facet normal 0 0 -1
    outer loop
      vertex 50 0 0
      vertex 45.15 1.28801 0
      vertex 47.65 3.7879 0
    endloop
  endfacet
  facet normal 0 0 -1
    outer loop
      vertex 50 0 0
      vertex 47.65 5.01999 0
      vertex 50 36.8675 0
    endloop
  endfacet
  facet normal 0 0 -1
    outer loop
      vertex 27.35 5.01999 0
      vertex 50 36.8675 0
      vertex 47.65 5.01999 0
    endloop
  endfacet
  facet normal 0 0 -1
    outer loop
      vertex 22.65 5.01999 0
      vertex 27.35 5.01999 0
      vertex 22.65 3.7879 0
    endloop
  endfacet
  facet normal 0 0 -1
    outer loop
      vertex 27.35 5.01999 0
      vertex 22.65 5.01999 0
      vertex 50 36.8675 0
    endloop
  endfacet
  facet normal 0 0 -1
    outer loop
      vertex 0 36.8675 0
      vertex 22.65 5.01999 0
      vertex 2.35001 5.01999 0
    endloop
  endfacet
  facet normal 0 0 -1
    outer loop
      vertex 22.65 5.01999 0
      vertex 0 36.8675 0
      vertex 50 36.8675 0
    endloop
  endfacet
  facet normal 0 0 -1
    outer loop
      vertex 0 36.8675 0
      vertex 2.35001 5.01999 0
      vertex 0 0 0
    endloop
  endfacet
  facet normal -0 0.866026 0.499999
    outer loop
      vertex 24.325 25.8977 19.0002
      vertex 24.325 18.2958 32.1671
      vertex 25.675 25.8977 19.0002
    endloop
  endfacet
  facet normal 7.56253e-06 0.866026 0.499999
    outer loop
      vertex 24.325 18.2958 32.1671
      vertex 24.325 25.8977 19.0002
      vertex 17.3981 22.4343 24.9991
    endloop
  endfacet
  facet normal 0 0.866024 0.500003
    outer loop
      vertex 25.675 30.7958 10.5165
      vertex 24.325 25.8977 19.0002
      vertex 25.675 25.8977 19.0002
    endloop
  endfacet
  facet normal 0 0.866024 0.500003
    outer loop
      vertex 25.675 30.7958 10.5165
      vertex 24.325 30.7958 10.5165
      vertex 24.325 25.8977 19.0002
    endloop
  endfacet
  facet normal 0 0.866024 0.500002
    outer loop
      vertex 25.675 30.7958 10.5165
      vertex 17.3981 34.2593 4.51758
      vertex 24.325 30.7958 10.5165
    endloop
  endfacet
  facet normal 0 0.866024 0.500002
    outer loop
      vertex 32.6019 34.2593 4.51758
      vertex 17.3981 34.2593 4.51758
      vertex 25.675 30.7958 10.5165
    endloop
  endfacet
  facet normal 0 0.866028 0.499996
    outer loop
      vertex 0 36.8675 0
      vertex 17.3981 34.2593 4.51758
      vertex 32.6019 34.2593 4.51758
    endloop
  endfacet
  facet normal 0 0.866029 0.499994
    outer loop
      vertex 25.675 13.3977 40.6508
      vertex 17.3981 9.93429 46.6497
      vertex 32.6019 9.93429 46.6497
    endloop
  endfacet
  facet normal 0 0.866029 0.499994
    outer loop
      vertex 25.675 13.3977 40.6508
      vertex 24.325 13.3977 40.6508
      vertex 17.3981 9.93429 46.6497
    endloop
  endfacet
  facet normal 0 0.866024 0.500003
    outer loop
      vertex 25.675 18.2958 32.1671
      vertex 24.325 13.3977 40.6508
      vertex 25.675 13.3977 40.6508
    endloop
  endfacet
  facet normal 0 0.866024 0.500003
    outer loop
      vertex 25.675 18.2958 32.1671
      vertex 24.325 18.2958 32.1671
      vertex 24.325 13.3977 40.6508
    endloop
  endfacet
  facet normal 8.51771e-06 0.866019 0.500011
    outer loop
      vertex 32.6019 22.4343 24.9991
      vertex 25.675 18.2958 32.1671
      vertex 32.6019 21.7593 26.1682
    endloop
  endfacet
  facet normal -7.56253e-06 0.866026 0.499999
    outer loop
      vertex 25.675 25.8977 19.0002
      vertex 25.675 18.2958 32.1671
      vertex 32.6019 22.4343 24.9991
    endloop
  endfacet
  facet normal -0 0.866026 0.499999
    outer loop
      vertex 32.6019 9.93429 46.6497
      vertex 50 8 50
      vertex 42.3981 9.93429 46.6497
    endloop
  endfacet
  facet normal 1.88482e-06 0.866028 0.499996
    outer loop
      vertex 50 8 50
      vertex 49.325 13.3977 40.6508
      vertex 42.3981 9.93429 46.6497
    endloop
  endfacet
  facet normal -0.0001284 0.866024 0.500003
    outer loop
      vertex 50 8 50
      vertex 49.325 18.2958 32.1671
      vertex 49.325 13.3977 40.6508
    endloop
  endfacet
  facet normal 0 0.866019 0.500011
    outer loop
      vertex 32.6019 22.4343 24.9991
      vertex 32.6019 21.7593 26.1682
      vertex 42.3981 21.7593 26.1682
    endloop
  endfacet
  facet normal 0 0.866026 0.499999
    outer loop
      vertex 25.675 18.2958 32.1671
      vertex 25.675 25.8977 19.0002
      vertex 24.325 18.2958 32.1671
    endloop
  endfacet
  facet normal -0 0.866019 0.500011
    outer loop
      vertex 32.6019 22.4343 24.9991
      vertex 42.3981 21.7593 26.1682
      vertex 42.3981 22.4343 24.9991
    endloop
  endfacet
  facet normal -8.51771e-06 0.866019 0.500011
    outer loop
      vertex 49.325 18.2958 32.1671
      vertex 42.3981 22.4343 24.9991
      vertex 42.3981 21.7593 26.1682
    endloop
  endfacet
  facet normal 7.56253e-06 0.866026 0.499999
    outer loop
      vertex 49.325 18.2958 32.1671
      vertex 49.325 25.8977 19.0002
      vertex 42.3981 22.4343 24.9991
    endloop
  endfacet
  facet normal -1.49563e-05 0.866026 0.499999
    outer loop
      vertex 50 8 50
      vertex 49.325 25.8977 19.0002
      vertex 49.325 18.2958 32.1671
    endloop
  endfacet
  facet normal -4.4302e-05 0.866026 0.5
    outer loop
      vertex 50 36.8675 0
      vertex 49.325 25.8977 19.0002
      vertex 50 8 50
    endloop
  endfacet
  facet normal -0 0.866028 0.499996
    outer loop
      vertex 0 36.8675 0
      vertex 32.6019 34.2593 4.51758
      vertex 50 36.8675 0
    endloop
  endfacet
  facet normal 0 0.866028 0.499996
    outer loop
      vertex 42.3981 34.2593 4.51758
      vertex 50 36.8675 0
      vertex 32.6019 34.2593 4.51758
    endloop
  endfacet
  facet normal 2.87398e-06 0.866025 0.5
    outer loop
      vertex 49.325 30.7958 10.5165
      vertex 50 36.8675 0
      vertex 42.3981 34.2593 4.51758
    endloop
  endfacet
  facet normal 5.85808e-05 0.866024 0.500003
    outer loop
      vertex 49.325 25.8977 19.0002
      vertex 50 36.8675 0
      vertex 49.325 30.7958 10.5165
    endloop
  endfacet
  facet normal 0 0.866026 0.499999
    outer loop
      vertex 50 8 50
      vertex 32.6019 9.93429 46.6497
      vertex 0 8 50
    endloop
  endfacet
  facet normal -0 0.866026 0.499999
    outer loop
      vertex 17.3981 9.93429 46.6497
      vertex 0 8 50
      vertex 32.6019 9.93429 46.6497
    endloop
  endfacet
  facet normal -0 0.866026 0.499999
    outer loop
      vertex 7.60192 9.93429 46.6497
      vertex 0 8 50
      vertex 17.3981 9.93429 46.6497
    endloop
  endfacet
  facet normal -1.88481e-06 0.866028 0.499996
    outer loop
      vertex 0.675001 13.3977 40.6508
      vertex 0 8 50
      vertex 7.60192 9.93429 46.6497
    endloop
  endfacet
  facet normal 0.000128399 0.866024 0.500003
    outer loop
      vertex 0.675001 18.2958 32.1671
      vertex 0 8 50
      vertex 0.675001 13.3977 40.6508
    endloop
  endfacet
  facet normal -8.51771e-06 0.866019 0.500011
    outer loop
      vertex 24.325 18.2958 32.1671
      vertex 17.3981 22.4343 24.9991
      vertex 17.3981 21.7593 26.1682
    endloop
  endfacet
  facet normal 0 0.866019 0.500011
    outer loop
      vertex 17.3981 21.7593 26.1682
      vertex 17.3981 22.4343 24.9991
      vertex 7.60192 21.7593 26.1682
    endloop
  endfacet
  facet normal -0 0.866019 0.500011
    outer loop
      vertex 7.60192 22.4343 24.9991
      vertex 7.60192 21.7593 26.1682
      vertex 17.3981 22.4343 24.9991
    endloop
  endfacet
  facet normal 8.51768e-06 0.866019 0.500011
    outer loop
      vertex 7.60192 22.4343 24.9991
      vertex 0.675001 18.2958 32.1671
      vertex 7.60192 21.7593 26.1682
    endloop
  endfacet
  facet normal -7.56251e-06 0.866026 0.499999
    outer loop
      vertex 0.675001 25.8977 19.0002
      vertex 0.675001 18.2958 32.1671
      vertex 7.60192 22.4343 24.9991
    endloop
  endfacet
  facet normal 1.49563e-05 0.866026 0.499999
    outer loop
      vertex 0.675001 25.8977 19.0002
      vertex 0 8 50
      vertex 0.675001 18.2958 32.1671
    endloop
  endfacet
  facet normal -5.85808e-05 0.866024 0.500003
    outer loop
      vertex 0 36.8675 0
      vertex 0.675001 25.8977 19.0002
      vertex 0.675001 30.7958 10.5165
    endloop
  endfacet
  facet normal 4.4302e-05 0.866026 0.5
    outer loop
      vertex 0.675001 25.8977 19.0002
      vertex 0 36.8675 0
      vertex 0 8 50
    endloop
  endfacet
  facet normal -2.87397e-06 0.866025 0.5
    outer loop
      vertex 7.60192 34.2593 4.51758
      vertex 0 36.8675 0
      vertex 0.675001 30.7958 10.5165
    endloop
  endfacet
  facet normal 0 0.866028 0.499996
    outer loop
      vertex 17.3981 34.2593 4.51758
      vertex 0 36.8675 0
      vertex 7.60192 34.2593 4.51758
    endloop
  endfacet
  facet normal -0 0 1
    outer loop
      vertex 0 8 50
      vertex 50 0 50
      vertex 50 8 50
    endloop
  endfacet
  facet normal 0 0 1
    outer loop
      vertex 50 0 50
      vertex 0 8 50
      vertex 0 0 50
    endloop
  endfacet
  facet normal 0 -1 0
    outer loop
      vertex 0 0 50
      vertex 13.9924 0 45.003
      vertex 50 0 50
    endloop
  endfacet
  facet normal 0 -1 0
    outer loop
      vertex 50 0 50
      vertex 36.7502 0 45.1132
      vertex 37.5 0 45.15
    endloop
  endfacet
  facet normal 0 -1 0
    outer loop
      vertex 36.0076 0 45.003
      vertex 50 0 50
      vertex 13.9924 0 45.003
    endloop
  endfacet
  facet normal 0 -1 0
    outer loop
      vertex 50 0 50
      vertex 36.0076 0 45.003
      vertex 36.7502 0 45.1132
    endloop
  endfacet
  facet normal 0 -1 0
    outer loop
      vertex 14.7207 0 44.8206
      vertex 36.0076 0 45.003
      vertex 13.9924 0 45.003
    endloop
  endfacet
  facet normal 0 -1 0
    outer loop
      vertex 14.7207 0 44.8206
      vertex 35.2793 0 44.8206
      vertex 36.0076 0 45.003
    endloop
  endfacet
  facet normal 0 -1 0
    outer loop
      vertex 15.4275 0 44.5677
      vertex 35.2793 0 44.8206
      vertex 14.7207 0 44.8206
    endloop
  endfacet
  facet normal 0 -1 0
    outer loop
      vertex 15.4275 0 44.5677
      vertex 34.5725 0 44.5677
      vertex 35.2793 0 44.8206
    endloop
  endfacet
  facet normal 0 -1 0
    outer loop
      vertex 16.1062 0 44.2467
      vertex 34.5725 0 44.5677
      vertex 15.4275 0 44.5677
    endloop
  endfacet
  facet normal 0 -1 0
    outer loop
      vertex 16.1062 0 44.2467
      vertex 33.8938 0 44.2467
      vertex 34.5725 0 44.5677
    endloop
  endfacet
  facet normal 0 -1 0
    outer loop
      vertex 16.7501 0 43.8607
      vertex 33.8938 0 44.2467
      vertex 16.1062 0 44.2467
    endloop
  endfacet
  facet normal 0 -1 0
    outer loop
      vertex 16.7501 0 43.8607
      vertex 33.2499 0 43.8607
      vertex 33.8938 0 44.2467
    endloop
  endfacet
  facet normal 0 -1 0
    outer loop
      vertex 17.3531 0 43.4135
      vertex 33.2499 0 43.8607
      vertex 16.7501 0 43.8607
    endloop
  endfacet
  facet normal 0 -1 0
    outer loop
      vertex 17.3531 0 43.4135
      vertex 32.6469 0 43.4135
      vertex 33.2499 0 43.8607
    endloop
  endfacet
  facet normal 0 -1 0
    outer loop
      vertex 17.9094 0 42.9094
      vertex 32.6469 0 43.4135
      vertex 17.3531 0 43.4135
    endloop
  endfacet
  facet normal 0 -1 0
    outer loop
      vertex 17.9094 0 42.9094
      vertex 32.0906 0 42.9094
      vertex 32.6469 0 43.4135
    endloop
  endfacet
  facet normal 0 -1 0
    outer loop
      vertex 18.4135 0 42.3531
      vertex 32.0906 0 42.9094
      vertex 17.9094 0 42.9094
    endloop
  endfacet
  facet normal 0 -1 0
    outer loop
      vertex 18.4135 0 42.3531
      vertex 31.5865 0 42.3531
      vertex 32.0906 0 42.9094
    endloop
  endfacet
  facet normal 0 -1 0
    outer loop
      vertex 18.8607 0 41.7501
      vertex 31.5865 0 42.3531
      vertex 18.4135 0 42.3531
    endloop
  endfacet
  facet normal 0 -1 0
    outer loop
      vertex 18.8607 0 41.7501
      vertex 31.1393 0 41.7501
      vertex 31.5865 0 42.3531
    endloop
  endfacet
  facet normal 0 -1 0
    outer loop
      vertex 19.2467 0 41.1062
      vertex 31.1393 0 41.7501
      vertex 18.8607 0 41.7501
    endloop
  endfacet
  facet normal 0 -1 0
    outer loop
      vertex 19.2467 0 41.1062
      vertex 30.7533 0 41.1062
      vertex 31.1393 0 41.7501
    endloop
  endfacet
  facet normal 0 -1 0
    outer loop
      vertex 19.5677 0 40.4275
      vertex 30.7533 0 41.1062
      vertex 19.2467 0 41.1062
    endloop
  endfacet
  facet normal 0 -1 0
    outer loop
      vertex 19.5677 0 40.4275
      vertex 30.4323 0 40.4275
      vertex 30.7533 0 41.1062
    endloop
  endfacet
  facet normal 0 -1 0
    outer loop
      vertex 19.8206 0 39.7207
      vertex 30.4323 0 40.4275
      vertex 19.5677 0 40.4275
    endloop
  endfacet
  facet normal 0 -1 0
    outer loop
      vertex 19.8206 0 39.7207
      vertex 30.1794 0 39.7207
      vertex 30.4323 0 40.4275
    endloop
  endfacet
  facet normal 0 -1 0
    outer loop
      vertex 20.003 0 38.9924
      vertex 30.1794 0 39.7207
      vertex 19.8206 0 39.7207
    endloop
  endfacet
  facet normal 0 -1 0
    outer loop
      vertex 20.003 0 38.9924
      vertex 29.997 0 38.9924
      vertex 30.1794 0 39.7207
    endloop
  endfacet
  facet normal 0 -1 0
    outer loop
      vertex 20.1132 0 38.2498
      vertex 29.997 0 38.9924
      vertex 20.003 0 38.9924
    endloop
  endfacet
  facet normal 0 -1 0
    outer loop
      vertex 20.1132 0 38.2498
      vertex 29.8868 0 38.2498
      vertex 29.997 0 38.9924
    endloop
  endfacet
  facet normal 0 -1 0
    outer loop
      vertex 20.15 0 37.5
      vertex 29.8868 0 38.2498
      vertex 20.1132 0 38.2498
    endloop
  endfacet
  facet normal 0 -1 0
    outer loop
      vertex 20.15 0 37.5
      vertex 29.85 0 37.5
      vertex 29.8868 0 38.2498
    endloop
  endfacet
  facet normal 0 -1 0
    outer loop
      vertex 20.15 0 0
      vertex 29.85 0 37.5
      vertex 20.15 0 37.5
    endloop
  endfacet
  facet normal 0 -1 -0
    outer loop
      vertex 29.85 0 37.5
      vertex 20.15 0 0
      vertex 29.85 0 0
    endloop
  endfacet
  facet normal 0 -1 0
    outer loop
      vertex 13.2498 0 45.1132
      vertex 0 0 50
      vertex 12.5 0 45.15
    endloop
  endfacet
  facet normal 0 -1 0
    outer loop
      vertex 0 0 50
      vertex 11.7502 0 45.1132
      vertex 12.5 0 45.15
    endloop
  endfacet
  facet normal 0 -1 0
    outer loop
      vertex 0 0 50
      vertex 11.0076 0 45.003
      vertex 11.7502 0 45.1132
    endloop
  endfacet
  facet normal 0 -1 0
    outer loop
      vertex 0 0 50
      vertex 10.2793 0 44.8206
      vertex 11.0076 0 45.003
    endloop
  endfacet
  facet normal 0 -1 0
    outer loop
      vertex 0 0 50
      vertex 9.57247 0 44.5677
      vertex 10.2793 0 44.8206
    endloop
  endfacet
  facet normal 0 -1 0
    outer loop
      vertex 0 0 50
      vertex 8.89382 0 44.2467
      vertex 9.57247 0 44.5677
    endloop
  endfacet
  facet normal 0 -1 0
    outer loop
      vertex 0 0 50
      vertex 8.24989 0 43.8607
      vertex 8.89382 0 44.2467
    endloop
  endfacet
  facet normal 0 -1 0
    outer loop
      vertex 0 0 50
      vertex 7.6469 0 43.4135
      vertex 8.24989 0 43.8607
    endloop
  endfacet
  facet normal 0 -1 0
    outer loop
      vertex 0 0 50
      vertex 7.09064 0 42.9094
      vertex 7.6469 0 43.4135
    endloop
  endfacet
  facet normal 0 -1 0
    outer loop
      vertex 0 0 50
      vertex 6.58648 0 42.3531
      vertex 7.09064 0 42.9094
    endloop
  endfacet
  facet normal 0 -1 0
    outer loop
      vertex 0 0 50
      vertex 6.13926 0 41.7501
      vertex 6.58648 0 42.3531
    endloop
  endfacet
  facet normal 0 -1 0
    outer loop
      vertex 0 0 50
      vertex 5.75331 0 41.1062
      vertex 6.13926 0 41.7501
    endloop
  endfacet
  facet normal 0 -1 0
    outer loop
      vertex 0 0 50
      vertex 5.43233 0 40.4275
      vertex 5.75331 0 41.1062
    endloop
  endfacet
  facet normal 0 -1 0
    outer loop
      vertex 0 0 50
      vertex 5.17941 0 39.7207
      vertex 5.43233 0 40.4275
    endloop
  endfacet
  facet normal 0 -1 0
    outer loop
      vertex 0 0 50
      vertex 4.997 0 38.9924
      vertex 5.17941 0 39.7207
    endloop
  endfacet
  facet normal 0 -1 0
    outer loop
      vertex 0 0 50
      vertex 4.88684 0 38.2498
      vertex 4.997 0 38.9924
    endloop
  endfacet
  facet normal 0 -1 0
    outer loop
      vertex 0 0 50
      vertex 4.85001 0 37.5
      vertex 4.88684 0 38.2498
    endloop
  endfacet
  facet normal 0 -1 0
    outer loop
      vertex 0 0 0
      vertex 4.85001 0 37.5
      vertex 0 0 50
    endloop
  endfacet
  facet normal 0 -1 -0
    outer loop
      vertex 4.85001 0 37.5
      vertex 0 0 0
      vertex 4.85001 0 0
    endloop
  endfacet
  facet normal 0 -1 0
    outer loop
      vertex 13.9924 0 45.003
      vertex 0 0 50
      vertex 13.2498 0 45.1132
    endloop
  endfacet
  facet normal 0 -1 0
    outer loop
      vertex 38.2498 0 45.1132
      vertex 50 0 50
      vertex 37.5 0 45.15
    endloop
  endfacet
  facet normal 0 -1 0
    outer loop
      vertex 38.9924 0 45.003
      vertex 50 0 50
      vertex 38.2498 0 45.1132
    endloop
  endfacet
  facet normal 0 -1 0
    outer loop
      vertex 39.7207 0 44.8206
      vertex 50 0 50
      vertex 38.9924 0 45.003
    endloop
  endfacet
  facet normal 0 -1 0
    outer loop
      vertex 40.4275 0 44.5677
      vertex 50 0 50
      vertex 39.7207 0 44.8206
    endloop
  endfacet
  facet normal 0 -1 0
    outer loop
      vertex 41.1062 0 44.2467
      vertex 50 0 50
      vertex 40.4275 0 44.5677
    endloop
  endfacet
  facet normal 0 -1 0
    outer loop
      vertex 41.7501 0 43.8607
      vertex 50 0 50
      vertex 41.1062 0 44.2467
    endloop
  endfacet
  facet normal 0 -1 0
    outer loop
      vertex 42.3531 0 43.4135
      vertex 50 0 50
      vertex 41.7501 0 43.8607
    endloop
  endfacet
  facet normal 0 -1 0
    outer loop
      vertex 42.9094 0 42.9094
      vertex 50 0 50
      vertex 42.3531 0 43.4135
    endloop
  endfacet
  facet normal 0 -1 0
    outer loop
      vertex 43.4135 0 42.3531
      vertex 50 0 50
      vertex 42.9094 0 42.9094
    endloop
  endfacet
  facet normal 0 -1 0
    outer loop
      vertex 43.8607 0 41.7501
      vertex 50 0 50
      vertex 43.4135 0 42.3531
    endloop
  endfacet
  facet normal 0 -1 0
    outer loop
      vertex 44.2467 0 41.1062
      vertex 50 0 50
      vertex 43.8607 0 41.7501
    endloop
  endfacet
  facet normal 0 -1 0
    outer loop
      vertex 44.5677 0 40.4275
      vertex 50 0 50
      vertex 44.2467 0 41.1062
    endloop
  endfacet
  facet normal 0 -1 0
    outer loop
      vertex 44.8206 0 39.7207
      vertex 50 0 50
      vertex 44.5677 0 40.4275
    endloop
  endfacet
  facet normal 0 -1 0
    outer loop
      vertex 45.003 0 38.9924
      vertex 50 0 50
      vertex 44.8206 0 39.7207
    endloop
  endfacet
  facet normal 0 -1 0
    outer loop
      vertex 45.1132 0 38.2498
      vertex 50 0 50
      vertex 45.003 0 38.9924
    endloop
  endfacet
  facet normal 0 -1 0
    outer loop
      vertex 45.15 0 37.5
      vertex 50 0 50
      vertex 45.1132 0 38.2498
    endloop
  endfacet
  facet normal 0 -1 0
    outer loop
      vertex 50 0 0
      vertex 45.15 0 37.5
      vertex 45.15 0 0
    endloop
  endfacet
  facet normal 0 -1 0
    outer loop
      vertex 45.15 0 37.5
      vertex 50 0 0
      vertex 50 0 50
    endloop
  endfacet
  facet normal -0.707091 0.707122 0
    outer loop
      vertex 22.65 3.7879 0
      vertex 20.15 1.28801 37.5
      vertex 22.65 3.7879 37.5
    endloop
  endfacet
  facet normal -0.707091 0.707122 0
    outer loop
      vertex 20.15 1.28801 37.5
      vertex 22.65 3.7879 0
      vertex 20.15 1.28801 0
    endloop
  endfacet
  facet normal -1 0 0
    outer loop
      vertex 20.15 0 0
      vertex 20.15 1.28801 37.5
      vertex 20.15 1.28801 0
    endloop
  endfacet
  facet normal -1 -0 0
    outer loop
      vertex 20.15 1.28801 37.5
      vertex 20.15 0 0
      vertex 20.15 0 37.5
    endloop
  endfacet
  facet normal 1 -0 0
    outer loop
      vertex 4.85001 0 37.5
      vertex 4.85001 1.28801 0
      vertex 4.85001 1.28801 37.5
    endloop
  endfacet
  facet normal 1 0 0
    outer loop
      vertex 4.85001 1.28801 0
      vertex 4.85001 0 37.5
      vertex 4.85001 0 0
    endloop
  endfacet
  facet normal 0.707091 0.707122 -0
    outer loop
      vertex 4.85001 1.28801 0
      vertex 2.35001 3.7879 37.5
      vertex 4.85001 1.28801 37.5
    endloop
  endfacet
  facet normal 0.707091 0.707122 0
    outer loop
      vertex 2.35001 3.7879 37.5
      vertex 4.85001 1.28801 0
      vertex 2.35001 3.7879 0
    endloop
  endfacet
  facet normal 1 -0 0
    outer loop
      vertex 2.35001 3.7879 37.5
      vertex 2.35001 5.01999 0
      vertex 2.35001 5.01999 37.5
    endloop
  endfacet
  facet normal 1 0 0
    outer loop
      vertex 2.35001 5.01999 0
      vertex 2.35001 3.7879 37.5
      vertex 2.35001 3.7879 0
    endloop
  endfacet
  facet normal 0 -1 0
    outer loop
      vertex 8.01614 5.01999 42.6577
      vertex 12.5 5.01999 47.65
      vertex 11.5051 5.01999 47.6011
    endloop
  endfacet
  facet normal 0 -1 0
    outer loop
      vertex 8.01614 5.01999 42.6577
      vertex 11.5051 5.01999 47.6011
      vertex 10.5198 5.01999 47.455
    endloop
  endfacet
  facet normal 0 -1 0
    outer loop
      vertex 16.9839 5.01999 42.6577
      vertex 12.5 5.01999 47.65
      vertex 8.01614 5.01999 42.6577
    endloop
  endfacet
  facet normal 0 -1 0
    outer loop
      vertex 8.01614 5.01999 42.6577
      vertex 10.5198 5.01999 47.455
      vertex 9.55361 5.01999 47.2129
    endloop
  endfacet
  facet normal 0 -1 0
    outer loop
      vertex 12.5 5.01999 47.65
      vertex 16.9839 5.01999 42.6577
      vertex 13.4949 5.01999 47.6011
    endloop
  endfacet
  facet normal 0 -1 0
    outer loop
      vertex 8.01614 5.01999 42.6577
      vertex 9.55361 5.01999 47.2129
      vertex 8.61577 5.01999 46.8774
    endloop
  endfacet
  facet normal 0 -1 0
    outer loop
      vertex 13.4949 5.01999 47.6011
      vertex 16.9839 5.01999 42.6577
      vertex 14.4802 5.01999 47.455
    endloop
  endfacet
  facet normal 0 -1 0
    outer loop
      vertex 8.01614 5.01999 42.6577
      vertex 8.61577 5.01999 46.8774
      vertex 7.71533 5.01999 46.4515
    endloop
  endfacet
  facet normal 0 -1 0
    outer loop
      vertex 14.4802 5.01999 47.455
      vertex 16.9839 5.01999 42.6577
      vertex 15.4464 5.01999 47.2129
    endloop
  endfacet
  facet normal 0 -1 0
    outer loop
      vertex 8.01614 5.01999 42.6577
      vertex 7.71533 5.01999 46.4515
      vertex 6.86097 5.01999 45.9394
    endloop
  endfacet
  facet normal 0 -1 0
    outer loop
      vertex 15.4464 5.01999 47.2129
      vertex 16.9839 5.01999 42.6577
      vertex 16.3842 5.01999 46.8774
    endloop
  endfacet
  facet normal 0 -1 0
    outer loop
      vertex 8.01614 5.01999 42.6577
      vertex 6.86097 5.01999 45.9394
      vertex 6.06091 5.01999 45.3461
    endloop
  endfacet
  facet normal 0 -1 0
    outer loop
      vertex 16.3842 5.01999 46.8774
      vertex 16.9839 5.01999 42.6577
      vertex 17.2847 5.01999 46.4515
    endloop
  endfacet
  facet normal 0 -1 0
    outer loop
      vertex 8.01614 5.01999 42.6577
      vertex 6.06091 5.01999 45.3461
      vertex 5.32287 5.01999 44.6771
    endloop
  endfacet
  facet normal 0 -1 -0
    outer loop
      vertex 17.2847 5.01999 46.4515
      vertex 16.9839 5.01999 42.6577
      vertex 18.139 5.01999 45.9394
    endloop
  endfacet
  facet normal 0 -1 0
    outer loop
      vertex 8.01614 5.01999 42.6577
      vertex 5.32287 5.01999 44.6771
      vertex 4.65395 5.01999 43.9391
    endloop
  endfacet
  facet normal 0 -1 -0
    outer loop
      vertex 18.139 5.01999 45.9394
      vertex 16.9839 5.01999 42.6577
      vertex 18.9391 5.01999 45.3461
    endloop
  endfacet
  facet normal 0 -1 0
    outer loop
      vertex 6.72038 5.01999 41.1615
      vertex 4.65395 5.01999 43.9391
      vertex 4.06059 5.01999 43.139
    endloop
  endfacet
  facet normal 0 -1 -0
    outer loop
      vertex 18.9391 5.01999 45.3461
      vertex 16.9839 5.01999 42.6577
      vertex 19.6771 5.01999 44.6771
    endloop
  endfacet
  facet normal 0 -1 0
    outer loop
      vertex 18.3073 5.01999 41.4606
      vertex 19.6771 5.01999 44.6771
      vertex 16.9839 5.01999 42.6577
    endloop
  endfacet
  facet normal 0 -1 0
    outer loop
      vertex 6.72038 5.01999 41.1615
      vertex 4.06059 5.01999 43.139
      vertex 3.5485 5.01999 42.2847
    endloop
  endfacet
  facet normal 0 -1 0
    outer loop
      vertex 6.72038 5.01999 41.1615
      vertex 3.5485 5.01999 42.2847
      vertex 3.12263 5.01999 41.3842
    endloop
  endfacet
  facet normal 0 -1 0
    outer loop
      vertex 4.65395 5.01999 43.9391
      vertex 6.72038 5.01999 41.1615
      vertex 8.01614 5.01999 42.6577
    endloop
  endfacet
  facet normal 0 -1 0
    outer loop
      vertex 2.54504 5.01999 39.4802
      vertex 6.72038 5.01999 41.1615
      vertex 2.78706 5.01999 40.4464
    endloop
  endfacet
  facet normal 0 -1 0
    outer loop
      vertex 2.78706 5.01999 40.4464
      vertex 6.72038 5.01999 41.1615
      vertex 3.12263 5.01999 41.3842
    endloop
  endfacet
  facet normal 0 -1 -0
    outer loop
      vertex 19.6771 5.01999 44.6771
      vertex 18.3073 5.01999 41.4606
      vertex 20.3461 5.01999 43.9391
    endloop
  endfacet
  facet normal 0 -1 0
    outer loop
      vertex 18.7918 5.01999 41.1615
      vertex 20.3461 5.01999 43.9391
      vertex 18.3073 5.01999 41.4606
    endloop
  endfacet
  facet normal 0 -1 0
    outer loop
      vertex 18.3073 5.01999 41.4606
      vertex 16.9839 5.01999 42.6577
      vertex 17.9069 5.01999 41.5919
    endloop
  endfacet
  facet normal 0 -1 -0
    outer loop
      vertex 20.3461 5.01999 43.9391
      vertex 18.7918 5.01999 41.1615
      vertex 20.9394 5.01999 43.139
    endloop
  endfacet
  facet normal 0 -1 -0
    outer loop
      vertex 20.9394 5.01999 43.139
      vertex 18.7918 5.01999 41.1615
      vertex 21.4515 5.01999 42.2847
    endloop
  endfacet
  facet normal 0 -1 -0
    outer loop
      vertex 21.4515 5.01999 42.2847
      vertex 18.7918 5.01999 41.1615
      vertex 21.8774 5.01999 41.3842
    endloop
  endfacet
  facet normal 0 -1 0
    outer loop
      vertex 18.7918 5.01999 41.1615
      vertex 22.2129 5.01999 40.4464
      vertex 21.8774 5.01999 41.3842
    endloop
  endfacet
  facet normal -0 -1 0
    outer loop
      vertex 12.5 5.01999 38.8028
      vertex 6.72038 5.01999 41.1615
      vertex 12.3723 5.01999 38.7966
    endloop
  endfacet
  facet normal 0 -1 0
    outer loop
      vertex 2.39888 5.01999 38.4949
      vertex 6.72038 5.01999 41.1615
      vertex 2.54504 5.01999 39.4802
    endloop
  endfacet
  facet normal 0 -1 0
    outer loop
      vertex 12.6277 5.01999 38.7966
      vertex 18.7918 5.01999 41.1615
      vertex 12.5 5.01999 38.8028
    endloop
  endfacet
  facet normal 0 -1 0
    outer loop
      vertex 12.7542 5.01999 38.7778
      vertex 18.7918 5.01999 41.1615
      vertex 12.6277 5.01999 38.7966
    endloop
  endfacet
  facet normal 0 -1 0
    outer loop
      vertex 6.72038 5.01999 41.1615
      vertex 12.5 5.01999 38.8028
      vertex 18.7918 5.01999 41.1615
    endloop
  endfacet
  facet normal 0 -1 0
    outer loop
      vertex 6.72038 5.01999 41.1615
      vertex 12.2458 5.01999 38.7778
      vertex 12.3723 5.01999 38.7966
    endloop
  endfacet
  facet normal 0 -1 0
    outer loop
      vertex 6.72038 5.01999 41.1615
      vertex 12.1218 5.01999 38.7467
      vertex 12.2458 5.01999 38.7778
    endloop
  endfacet
  facet normal 0 -1 0
    outer loop
      vertex 6.72038 5.01999 41.1615
      vertex 12.0014 5.01999 38.7037
      vertex 12.1218 5.01999 38.7467
    endloop
  endfacet
  facet normal 0 -1 0
    outer loop
      vertex 6.72038 5.01999 41.1615
      vertex 11.8858 5.01999 38.649
      vertex 12.0014 5.01999 38.7037
    endloop
  endfacet
  facet normal 0 -1 0
    outer loop
      vertex 6.72038 5.01999 41.1615
      vertex 11.7762 5.01999 38.5833
      vertex 11.8858 5.01999 38.649
    endloop
  endfacet
  facet normal 0 -1 0
    outer loop
      vertex 6.72038 5.01999 41.1615
      vertex 11.6735 5.01999 38.5071
      vertex 11.7762 5.01999 38.5833
    endloop
  endfacet
  facet normal 0 -1 0
    outer loop
      vertex 2.35001 5.01999 37.5
      vertex 6.72038 5.01999 41.1615
      vertex 2.39888 5.01999 38.4949
    endloop
  endfacet
  facet normal 0 -1 0
    outer loop
      vertex 6.72038 5.01999 41.1615
      vertex 11.5787 5.01999 38.4213
      vertex 11.6735 5.01999 38.5071
    endloop
  endfacet
  facet normal 0 -1 0
    outer loop
      vertex 6.72038 5.01999 41.1615
      vertex 11.4929 5.01999 38.3265
      vertex 11.5787 5.01999 38.4213
    endloop
  endfacet
  facet normal 0 -1 0
    outer loop
      vertex 6.72038 5.01999 41.1615
      vertex 11.4167 5.01999 38.2238
      vertex 11.4929 5.01999 38.3265
    endloop
  endfacet
  facet normal 0 -1 0
    outer loop
      vertex 6.72038 5.01999 41.1615
      vertex 11.351 5.01999 38.1142
      vertex 11.4167 5.01999 38.2238
    endloop
  endfacet
  facet normal 0 -1 0
    outer loop
      vertex 6.72038 5.01999 41.1615
      vertex 11.2963 5.01999 37.9986
      vertex 11.351 5.01999 38.1142
    endloop
  endfacet
  facet normal 0 -1 0
    outer loop
      vertex 6.72038 5.01999 41.1615
      vertex 11.2533 5.01999 37.8782
      vertex 11.2963 5.01999 37.9986
    endloop
  endfacet
  facet normal 0 -1 0
    outer loop
      vertex 6.72038 5.01999 41.1615
      vertex 11.2222 5.01999 37.7542
      vertex 11.2533 5.01999 37.8782
    endloop
  endfacet
  facet normal 0 -1 0
    outer loop
      vertex 6.72038 5.01999 41.1615
      vertex 11.2034 5.01999 37.6277
      vertex 11.2222 5.01999 37.7542
    endloop
  endfacet
  facet normal 0 -1 0
    outer loop
      vertex 11.2034 5.01999 37.3723
      vertex 6.72038 5.01999 41.1615
      vertex 2.35001 5.01999 37.5
    endloop
  endfacet
  facet normal 0 -1 0
    outer loop
      vertex 6.72038 5.01999 41.1615
      vertex 11.1972 5.01999 37.5
      vertex 11.2034 5.01999 37.6277
    endloop
  endfacet
  facet normal 0 -1 0
    outer loop
      vertex 6.72038 5.01999 41.1615
      vertex 11.2034 5.01999 37.3723
      vertex 11.1972 5.01999 37.5
    endloop
  endfacet
  facet normal 0 -1 0
    outer loop
      vertex 2.35001 5.01999 37.5
      vertex 11.2222 5.01999 37.2458
      vertex 11.2034 5.01999 37.3723
    endloop
  endfacet
  facet normal 0 -1 0
    outer loop
      vertex 2.35001 5.01999 37.5
      vertex 11.2533 5.01999 37.1218
      vertex 11.2222 5.01999 37.2458
    endloop
  endfacet
  facet normal 0 -1 0
    outer loop
      vertex 2.35001 5.01999 37.5
      vertex 11.2963 5.01999 37.0014
      vertex 11.2533 5.01999 37.1218
    endloop
  endfacet
  facet normal 0 -1 0
    outer loop
      vertex 2.35001 5.01999 37.5
      vertex 11.351 5.01999 36.8858
      vertex 11.2963 5.01999 37.0014
    endloop
  endfacet
  facet normal 0 -1 0
    outer loop
      vertex 2.35001 5.01999 37.5
      vertex 11.4167 5.01999 36.7762
      vertex 11.351 5.01999 36.8858
    endloop
  endfacet
  facet normal 0 -1 0
    outer loop
      vertex 2.35001 5.01999 37.5
      vertex 11.4929 5.01999 36.6735
      vertex 11.4167 5.01999 36.7762
    endloop
  endfacet
  facet normal 0 -1 0
    outer loop
      vertex 2.35001 5.01999 37.5
      vertex 11.5787 5.01999 36.5787
      vertex 11.4929 5.01999 36.6735
    endloop
  endfacet
  facet normal 0 -1 0
    outer loop
      vertex 2.35001 5.01999 37.5
      vertex 11.6735 5.01999 36.4929
      vertex 11.5787 5.01999 36.5787
    endloop
  endfacet
  facet normal 0 -1 0
    outer loop
      vertex 2.35001 5.01999 37.5
      vertex 11.7762 5.01999 36.4167
      vertex 11.6735 5.01999 36.4929
    endloop
  endfacet
  facet normal 0 -1 0
    outer loop
      vertex 2.35001 5.01999 37.5
      vertex 11.8858 5.01999 36.351
      vertex 11.7762 5.01999 36.4167
    endloop
  endfacet
  facet normal 0 -1 0
    outer loop
      vertex 2.35001 5.01999 37.5
      vertex 12.0014 5.01999 36.2963
      vertex 11.8858 5.01999 36.351
    endloop
  endfacet
  facet normal 0 -1 0
    outer loop
      vertex 2.35001 5.01999 0
      vertex 12.0014 5.01999 36.2963
      vertex 2.35001 5.01999 37.5
    endloop
  endfacet
  facet normal 0 -1 -0
    outer loop
      vertex 12.0014 5.01999 36.2963
      vertex 2.35001 5.01999 0
      vertex 12.1218 5.01999 36.2533
    endloop
  endfacet
  facet normal 0 -1 -0
    outer loop
      vertex 12.1218 5.01999 36.2533
      vertex 2.35001 5.01999 0
      vertex 12.2458 5.01999 36.2222
    endloop
  endfacet
  facet normal 0 -1 -0
    outer loop
      vertex 12.3723 5.01999 36.2034
      vertex 2.35001 5.01999 0
      vertex 12.5 5.01999 36.1972
    endloop
  endfacet
  facet normal 0 -1 -0
    outer loop
      vertex 12.2458 5.01999 36.2222
      vertex 2.35001 5.01999 0
      vertex 12.3723 5.01999 36.2034
    endloop
  endfacet
  facet normal 0 -1 0
    outer loop
      vertex 12.8782 5.01999 38.7467
      vertex 18.7918 5.01999 41.1615
      vertex 12.7542 5.01999 38.7778
    endloop
  endfacet
  facet normal 0 -1 0
    outer loop
      vertex 12.9986 5.01999 38.7037
      vertex 18.7918 5.01999 41.1615
      vertex 12.8782 5.01999 38.7467
    endloop
  endfacet
  facet normal 0 -1 0
    outer loop
      vertex 13.1142 5.01999 38.649
      vertex 18.7918 5.01999 41.1615
      vertex 12.9986 5.01999 38.7037
    endloop
  endfacet
  facet normal 0 -1 0
    outer loop
      vertex 13.2238 5.01999 38.5833
      vertex 18.7918 5.01999 41.1615
      vertex 13.1142 5.01999 38.649
    endloop
  endfacet
  facet normal 0 -1 0
    outer loop
      vertex 13.3265 5.01999 38.5071
      vertex 18.7918 5.01999 41.1615
      vertex 13.2238 5.01999 38.5833
    endloop
  endfacet
  facet normal 0 -1 0
    outer loop
      vertex 13.4213 5.01999 38.4213
      vertex 18.7918 5.01999 41.1615
      vertex 13.3265 5.01999 38.5071
    endloop
  endfacet
  facet normal 0 -1 0
    outer loop
      vertex 13.5071 5.01999 38.3265
      vertex 18.7918 5.01999 41.1615
      vertex 13.4213 5.01999 38.4213
    endloop
  endfacet
  facet normal 0 -1 0
    outer loop
      vertex 13.5833 5.01999 38.2238
      vertex 18.7918 5.01999 41.1615
      vertex 13.5071 5.01999 38.3265
    endloop
  endfacet
  facet normal 0 -1 0
    outer loop
      vertex 13.649 5.01999 38.1142
      vertex 18.7918 5.01999 41.1615
      vertex 13.5833 5.01999 38.2238
    endloop
  endfacet
  facet normal 0 -1 0
    outer loop
      vertex 13.7037 5.01999 37.9986
      vertex 18.7918 5.01999 41.1615
      vertex 13.649 5.01999 38.1142
    endloop
  endfacet
  facet normal 0 -1 0
    outer loop
      vertex 13.7467 5.01999 37.8782
      vertex 18.7918 5.01999 41.1615
      vertex 13.7037 5.01999 37.9986
    endloop
  endfacet
  facet normal 0 -1 0
    outer loop
      vertex 13.7778 5.01999 37.7542
      vertex 18.7918 5.01999 41.1615
      vertex 13.7467 5.01999 37.8782
    endloop
  endfacet
  facet normal 0 -1 0
    outer loop
      vertex 18.7918 5.01999 41.1615
      vertex 22.455 5.01999 39.4802
      vertex 22.2129 5.01999 40.4464
    endloop
  endfacet
  facet normal 0 -1 0
    outer loop
      vertex 13.7966 5.01999 37.6277
      vertex 18.7918 5.01999 41.1615
      vertex 13.7778 5.01999 37.7542
    endloop
  endfacet
  facet normal 0 -1 0
    outer loop
      vertex 18.7918 5.01999 41.1615
      vertex 22.6011 5.01999 38.4949
      vertex 22.455 5.01999 39.4802
    endloop
  endfacet
  facet normal 0 -1 0
    outer loop
      vertex 13.8028 5.01999 37.5
      vertex 18.7918 5.01999 41.1615
      vertex 13.7966 5.01999 37.6277
    endloop
  endfacet
  facet normal 0 -1 0
    outer loop
      vertex 13.7966 5.01999 37.3723
      vertex 18.7918 5.01999 41.1615
      vertex 13.8028 5.01999 37.5
    endloop
  endfacet
  facet normal 0 -1 0
    outer loop
      vertex 18.7918 5.01999 41.1615
      vertex 22.65 5.01999 37.5
      vertex 22.6011 5.01999 38.4949
    endloop
  endfacet
  facet normal 0 -1 -0
    outer loop
      vertex 18.7918 5.01999 41.1615
      vertex 13.7966 5.01999 37.3723
      vertex 22.65 5.01999 37.5
    endloop
  endfacet
  facet normal 0 -1 0
    outer loop
      vertex 13.7778 5.01999 37.2458
      vertex 22.65 5.01999 37.5
      vertex 13.7966 5.01999 37.3723
    endloop
  endfacet
  facet normal 0 -1 0
    outer loop
      vertex 13.7467 5.01999 37.1218
      vertex 22.65 5.01999 37.5
      vertex 13.7778 5.01999 37.2458
    endloop
  endfacet
  facet normal 0 -1 0
    outer loop
      vertex 13.7037 5.01999 37.0014
      vertex 22.65 5.01999 37.5
      vertex 13.7467 5.01999 37.1218
    endloop
  endfacet
  facet normal 0 -1 0
    outer loop
      vertex 13.649 5.01999 36.8858
      vertex 22.65 5.01999 37.5
      vertex 13.7037 5.01999 37.0014
    endloop
  endfacet
  facet normal 0 -1 0
    outer loop
      vertex 13.5833 5.01999 36.7762
      vertex 22.65 5.01999 37.5
      vertex 13.649 5.01999 36.8858
    endloop
  endfacet
  facet normal 0 -1 0
    outer loop
      vertex 13.5071 5.01999 36.6735
      vertex 22.65 5.01999 37.5
      vertex 13.5833 5.01999 36.7762
    endloop
  endfacet
  facet normal 0 -1 0
    outer loop
      vertex 13.4213 5.01999 36.5787
      vertex 22.65 5.01999 37.5
      vertex 13.5071 5.01999 36.6735
    endloop
  endfacet
  facet normal 0 -1 0
    outer loop
      vertex 13.3265 5.01999 36.4929
      vertex 22.65 5.01999 37.5
      vertex 13.4213 5.01999 36.5787
    endloop
  endfacet
  facet normal 0 -1 0
    outer loop
      vertex 13.2238 5.01999 36.4167
      vertex 22.65 5.01999 37.5
      vertex 13.3265 5.01999 36.4929
    endloop
  endfacet
  facet normal 0 -1 0
    outer loop
      vertex 13.1142 5.01999 36.351
      vertex 22.65 5.01999 37.5
      vertex 13.2238 5.01999 36.4167
    endloop
  endfacet
  facet normal 0 -1 0
    outer loop
      vertex 12.9986 5.01999 36.2963
      vertex 22.65 5.01999 37.5
      vertex 13.1142 5.01999 36.351
    endloop
  endfacet
  facet normal 0 -1 0
    outer loop
      vertex 22.65 5.01999 0
      vertex 12.9986 5.01999 36.2963
      vertex 12.8782 5.01999 36.2533
    endloop
  endfacet
  facet normal 0 -1 0
    outer loop
      vertex 22.65 5.01999 0
      vertex 12.8782 5.01999 36.2533
      vertex 12.7542 5.01999 36.2222
    endloop
  endfacet
  facet normal 0 -1 0
    outer loop
      vertex 22.65 5.01999 0
      vertex 12.7542 5.01999 36.2222
      vertex 12.6277 5.01999 36.2034
    endloop
  endfacet
  facet normal 0 -1 0
    outer loop
      vertex 22.65 5.01999 0
      vertex 12.5 5.01999 36.1972
      vertex 2.35001 5.01999 0
    endloop
  endfacet
  facet normal 0 -1 0
    outer loop
      vertex 12.5 5.01999 36.1972
      vertex 22.65 5.01999 0
      vertex 12.6277 5.01999 36.2034
    endloop
  endfacet
  facet normal 0 -1 0
    outer loop
      vertex 12.9986 5.01999 36.2963
      vertex 22.65 5.01999 0
      vertex 22.65 5.01999 37.5
    endloop
  endfacet
  facet normal -1 0 0
    outer loop
      vertex 22.65 3.7879 0
      vertex 22.65 5.01999 37.5
      vertex 22.65 5.01999 0
    endloop
  endfacet
  facet normal -1 -0 0
    outer loop
      vertex 22.65 5.01999 37.5
      vertex 22.65 3.7879 0
      vertex 22.65 3.7879 37.5
    endloop
  endfacet
  facet normal -0.706666 0.706697 -0.034683
    outer loop
      vertex 22.65 3.7879 37.5
      vertex 20.15 1.28801 37.5
      vertex 20.1132 1.28801 38.2498
    endloop
  endfacet
  facet normal -0.706672 0.706688 -0.0347334
    outer loop
      vertex 22.6011 3.7879 38.4949
      vertex 22.65 3.7879 37.5
      vertex 20.1132 1.28801 38.2498
    endloop
  endfacet
  facet normal -0.998798 0 -0.0490207
    outer loop
      vertex 20.15 0 37.5
      vertex 20.1132 1.28801 38.2498
      vertex 20.15 1.28801 37.5
    endloop
  endfacet
  facet normal -0.998798 -0 -0.0490207
    outer loop
      vertex 20.1132 1.28801 38.2498
      vertex 20.15 0 37.5
      vertex 20.1132 0 38.2498
    endloop
  endfacet
  facet normal -0.998794 0 -0.0490914
    outer loop
      vertex 22.65 3.7879 37.5
      vertex 22.6011 5.01999 38.4949
      vertex 22.65 5.01999 37.5
    endloop
  endfacet
  facet normal -0.998794 -0 -0.0490914
    outer loop
      vertex 22.6011 5.01999 38.4949
      vertex 22.65 3.7879 37.5
      vertex 22.6011 3.7879 38.4949
    endloop
  endfacet
  facet normal -0.699862 0.706688 -0.103858
    outer loop
      vertex 22.6011 3.7879 38.4949
      vertex 20.1132 1.28801 38.2498
      vertex 20.003 1.28801 38.9924
    endloop
  endfacet
  facet normal -0.699859 0.706702 -0.103775
    outer loop
      vertex 22.455 3.7879 39.4802
      vertex 22.6011 3.7879 38.4949
      vertex 20.003 1.28801 38.9924
    endloop
  endfacet
  facet normal -0.989168 0 -0.14679
    outer loop
      vertex 20.1132 0 38.2498
      vertex 20.003 1.28801 38.9924
      vertex 20.1132 1.28801 38.2498
    endloop
  endfacet
  facet normal -0.989168 -0 -0.14679
    outer loop
      vertex 20.003 1.28801 38.9924
      vertex 20.1132 0 38.2498
      vertex 20.003 0 38.9924
    endloop
  endfacet
  facet normal -0.989185 0 -0.146676
    outer loop
      vertex 22.6011 3.7879 38.4949
      vertex 22.455 5.01999 39.4802
      vertex 22.6011 5.01999 38.4949
    endloop
  endfacet
  facet normal -0.989185 -0 -0.146676
    outer loop
      vertex 22.455 5.01999 39.4802
      vertex 22.6011 3.7879 38.4949
      vertex 22.455 3.7879 39.4802
    endloop
  endfacet
  facet normal -0.686312 0.706704 -0.171884
    outer loop
      vertex 22.455 3.7879 39.4802
      vertex 20.003 1.28801 38.9924
      vertex 19.8206 1.28801 39.7207
    endloop
  endfacet
  facet normal -0.686306 0.70669 -0.171967
    outer loop
      vertex 22.2129 3.7879 40.4464
      vertex 22.455 3.7879 39.4802
      vertex 19.8206 1.28801 39.7207
    endloop
  endfacet
  facet normal -0.970041 0 -0.242943
    outer loop
      vertex 20.003 0 38.9924
      vertex 19.8206 1.28801 39.7207
      vertex 20.003 1.28801 38.9924
    endloop
  endfacet
  facet normal -0.970041 -0 -0.242943
    outer loop
      vertex 19.8206 1.28801 39.7207
      vertex 20.003 0 38.9924
      vertex 19.8206 0 39.7207
    endloop
  endfacet
  facet normal -0.970012 0 -0.243055
    outer loop
      vertex 22.455 3.7879 39.4802
      vertex 22.2129 5.01999 40.4464
      vertex 22.455 5.01999 39.4802
    endloop
  endfacet
  facet normal -0.970012 -0 -0.243055
    outer loop
      vertex 22.2129 5.01999 40.4464
      vertex 22.455 3.7879 39.4802
      vertex 22.2129 3.7879 40.4464
    endloop
  endfacet
  facet normal -0.666165 0.706689 -0.23836
    outer loop
      vertex 22.2129 3.7879 40.4464
      vertex 19.8206 1.28801 39.7207
      vertex 19.5677 1.28801 40.4275
    endloop
  endfacet
  facet normal -0.666171 0.706695 -0.238324
    outer loop
      vertex 21.8774 3.7879 41.3842
      vertex 22.2129 3.7879 40.4464
      vertex 19.5677 1.28801 40.4275
    endloop
  endfacet
  facet normal -0.941543 0 -0.336893
    outer loop
      vertex 19.8206 0 39.7207
      vertex 19.5677 1.28801 40.4275
      vertex 19.8206 1.28801 39.7207
    endloop
  endfacet
  facet normal -0.941543 -0 -0.336893
    outer loop
      vertex 19.5677 1.28801 40.4275
      vertex 19.8206 0 39.7207
      vertex 19.5677 0 40.4275
    endloop
  endfacet
  facet normal -0.94156 0 -0.336845
    outer loop
      vertex 22.2129 3.7879 40.4464
      vertex 21.8774 5.01999 41.3842
      vertex 22.2129 5.01999 40.4464
    endloop
  endfacet
  facet normal -0.94156 -0 -0.336845
    outer loop
      vertex 21.8774 5.01999 41.3842
      vertex 22.2129 3.7879 40.4464
      vertex 21.8774 3.7879 41.3842
    endloop
  endfacet
  facet normal -0.639589 0.706696 -0.302502
    outer loop
      vertex 21.8774 3.7879 41.3842
      vertex 19.5677 1.28801 40.4275
      vertex 19.2467 1.28801 41.1062
    endloop
  endfacet
  facet normal -0.639589 0.706696 -0.3025
    outer loop
      vertex 21.4515 3.7879 42.2847
      vertex 21.8774 3.7879 41.3842
      vertex 19.2467 1.28801 41.1062
    endloop
  endfacet
  facet normal -0.90399 0 -0.427554
    outer loop
      vertex 19.5677 0 40.4275
      vertex 19.2467 1.28801 41.1062
      vertex 19.5677 1.28801 40.4275
    endloop
  endfacet
  facet normal -0.90399 -0 -0.427554
    outer loop
      vertex 19.2467 1.28801 41.1062
      vertex 19.5677 0 40.4275
      vertex 19.2467 0 41.1062
    endloop
  endfacet
  facet normal -0.903991 0 -0.427551
    outer loop
      vertex 21.8774 3.7879 41.3842
      vertex 21.4515 5.01999 42.2847
      vertex 21.8774 5.01999 41.3842
    endloop
  endfacet
  facet normal -0.903991 -0 -0.427551
    outer loop
      vertex 21.4515 5.01999 42.2847
      vertex 21.8774 3.7879 41.3842
      vertex 21.4515 3.7879 42.2847
    endloop
  endfacet
  facet normal -0.606833 0.706695 -0.363779
    outer loop
      vertex 21.4515 3.7879 42.2847
      vertex 19.2467 1.28801 41.1062
      vertex 18.8607 1.28801 41.7501
    endloop
  endfacet
  facet normal -0.60684 0.706698 -0.363763
    outer loop
      vertex 20.9394 3.7879 43.139
      vertex 21.4515 3.7879 42.2847
      vertex 18.8607 1.28801 41.7501
    endloop
  endfacet
  facet normal -0.857693 0 -0.514163
    outer loop
      vertex 19.2467 0 41.1062
      vertex 18.8607 1.28801 41.7501
      vertex 19.2467 1.28801 41.1062
    endloop
  endfacet
  facet normal -0.857693 -0 -0.514163
    outer loop
      vertex 18.8607 1.28801 41.7501
      vertex 19.2467 0 41.1062
      vertex 18.8607 0 41.7501
    endloop
  endfacet
  facet normal -0.857705 0 -0.514141
    outer loop
      vertex 21.4515 3.7879 42.2847
      vertex 20.9394 5.01999 43.139
      vertex 21.4515 5.01999 42.2847
    endloop
  endfacet
  facet normal -0.857705 -0 -0.514141
    outer loop
      vertex 20.9394 5.01999 43.139
      vertex 21.4515 3.7879 42.2847
      vertex 20.9394 3.7879 43.139
    endloop
  endfacet
  facet normal -0.568289 0.706697 -0.421458
    outer loop
      vertex 20.9394 3.7879 43.139
      vertex 18.8607 1.28801 41.7501
      vertex 18.4135 1.28801 42.3531
    endloop
  endfacet
  facet normal -0.568309 0.706705 -0.421419
    outer loop
      vertex 20.3461 3.7879 43.9391
      vertex 20.9394 3.7879 43.139
      vertex 18.4135 1.28801 42.3531
    endloop
  endfacet
  facet normal -0.803217 0 -0.595686
    outer loop
      vertex 18.8607 0 41.7501
      vertex 18.4135 1.28801 42.3531
      vertex 18.8607 1.28801 41.7501
    endloop
  endfacet
  facet normal -0.803217 -0 -0.595686
    outer loop
      vertex 18.4135 1.28801 42.3531
      vertex 18.8607 0 41.7501
      vertex 18.4135 0 42.3531
    endloop
  endfacet
  facet normal -0.803253 0 -0.595638
    outer loop
      vertex 20.9394 3.7879 43.139
      vertex 20.3461 5.01999 43.9391
      vertex 20.9394 5.01999 43.139
    endloop
  endfacet
  facet normal -0.803253 -0 -0.595638
    outer loop
      vertex 20.3461 5.01999 43.9391
      vertex 20.9394 3.7879 43.139
      vertex 20.3461 3.7879 43.9391
    endloop
  endfacet
  facet normal -0.524275 0.706707 -0.47508
    outer loop
      vertex 20.3461 3.7879 43.9391
      vertex 18.4135 1.28801 42.3531
      vertex 17.9094 1.28801 42.9094
    endloop
  endfacet
  facet normal -0.524204 0.706684 -0.475193
    outer loop
      vertex 19.6771 3.7879 44.6771
      vertex 20.3461 3.7879 43.9391
      vertex 17.9094 1.28801 42.9094
    endloop
  endfacet
  facet normal -0.741018 0 -0.671485
    outer loop
      vertex 18.4135 0 42.3531
      vertex 17.9094 1.28801 42.9094
      vertex 18.4135 1.28801 42.3531
    endloop
  endfacet
  facet normal -0.741018 -0 -0.671485
    outer loop
      vertex 17.9094 1.28801 42.9094
      vertex 18.4135 0 42.3531
      vertex 17.9094 0 42.9094
    endloop
  endfacet
  facet normal -0.740893 0 -0.671623
    outer loop
      vertex 20.3461 3.7879 43.9391
      vertex 19.6771 5.01999 44.6771
      vertex 20.3461 5.01999 43.9391
    endloop
  endfacet
  facet normal -0.740893 -0 -0.671623
    outer loop
      vertex 19.6771 5.01999 44.6771
      vertex 20.3461 3.7879 43.9391
      vertex 19.6771 3.7879 44.6771
    endloop
  endfacet
  facet normal -0.475097 0.706681 -0.524294
    outer loop
      vertex 19.6771 3.7879 44.6771
      vertex 17.9094 1.28801 42.9094
      vertex 17.3531 1.28801 43.4135
    endloop
  endfacet
  facet normal -0.475179 0.706704 -0.524189
    outer loop
      vertex 18.9391 3.7879 45.3461
      vertex 19.6771 3.7879 44.6771
      vertex 17.3531 1.28801 43.4135
    endloop
  endfacet
  facet normal -0.671485 0 -0.741018
    outer loop
      vertex 17.3531 0 43.4135
      vertex 17.9094 1.28801 42.9094
      vertex 17.9094 0 42.9094
    endloop
  endfacet
  facet normal -0.671485 0 -0.741018
    outer loop
      vertex 17.9094 1.28801 42.9094
      vertex 17.3531 0 43.4135
      vertex 17.3531 1.28801 43.4135
    endloop
  endfacet
  facet normal -0.671623 0 -0.740893
    outer loop
      vertex 18.9391 3.7879 45.3461
      vertex 19.6771 5.01999 44.6771
      vertex 19.6771 3.7879 44.6771
    endloop
  endfacet
  facet normal -0.671623 0 -0.740893
    outer loop
      vertex 19.6771 5.01999 44.6771
      vertex 18.9391 3.7879 45.3461
      vertex 18.9391 5.01999 45.3461
    endloop
  endfacet
  facet normal -0.421453 0.706706 -0.568282
    outer loop
      vertex 18.9391 3.7879 45.3461
      vertex 17.3531 1.28801 43.4135
      vertex 16.7501 1.28801 43.8607
    endloop
  endfacet
  facet normal -0.421423 0.706698 -0.568314
    outer loop
      vertex 18.139 3.7879 45.9394
      vertex 18.9391 3.7879 45.3461
      vertex 16.7501 1.28801 43.8607
    endloop
  endfacet
  facet normal -0.595686 0 -0.803217
    outer loop
      vertex 16.7501 0 43.8607
      vertex 17.3531 1.28801 43.4135
      vertex 17.3531 0 43.4135
    endloop
  endfacet
  facet normal -0.595686 0 -0.803217
    outer loop
      vertex 17.3531 1.28801 43.4135
      vertex 16.7501 0 43.8607
      vertex 16.7501 1.28801 43.8607
    endloop
  endfacet
  facet normal -0.595638 0 -0.803253
    outer loop
      vertex 18.139 3.7879 45.9394
      vertex 18.9391 5.01999 45.3461
      vertex 18.9391 3.7879 45.3461
    endloop
  endfacet
  facet normal -0.595638 0 -0.803253
    outer loop
      vertex 18.9391 5.01999 45.3461
      vertex 18.139 3.7879 45.9394
      vertex 18.139 5.01999 45.9394
    endloop
  endfacet
  facet normal -0.363778 0.706699 -0.60683
    outer loop
      vertex 18.139 3.7879 45.9394
      vertex 16.7501 1.28801 43.8607
      vertex 16.1062 1.28801 44.2467
    endloop
  endfacet
  facet normal -0.363764 0.706696 -0.606842
    outer loop
      vertex 17.2847 3.7879 46.4515
      vertex 18.139 3.7879 45.9394
      vertex 16.1062 1.28801 44.2467
    endloop
  endfacet
  facet normal -0.514163 0 -0.857693
    outer loop
      vertex 16.1062 0 44.2467
      vertex 16.7501 1.28801 43.8607
      vertex 16.7501 0 43.8607
    endloop
  endfacet
  facet normal -0.514163 0 -0.857693
    outer loop
      vertex 16.7501 1.28801 43.8607
      vertex 16.1062 0 44.2467
      vertex 16.1062 1.28801 44.2467
    endloop
  endfacet
  facet normal -0.514141 0 -0.857705
    outer loop
      vertex 17.2847 3.7879 46.4515
      vertex 18.139 5.01999 45.9394
      vertex 18.139 3.7879 45.9394
    endloop
  endfacet
  facet normal -0.514141 0 -0.857705
    outer loop
      vertex 18.139 5.01999 45.9394
      vertex 17.2847 3.7879 46.4515
      vertex 17.2847 5.01999 46.4515
    endloop
  endfacet
  facet normal -0.302502 0.706696 -0.639588
    outer loop
      vertex 17.2847 3.7879 46.4515
      vertex 16.1062 1.28801 44.2467
      vertex 15.4275 1.28801 44.5677
    endloop
  endfacet
  facet normal -0.3025 0.706696 -0.63959
    outer loop
      vertex 16.3842 3.7879 46.8774
      vertex 17.2847 3.7879 46.4515
      vertex 15.4275 1.28801 44.5677
    endloop
  endfacet
  facet normal -0.427554 0 -0.90399
    outer loop
      vertex 15.4275 0 44.5677
      vertex 16.1062 1.28801 44.2467
      vertex 16.1062 0 44.2467
    endloop
  endfacet
  facet normal -0.427554 0 -0.90399
    outer loop
      vertex 16.1062 1.28801 44.2467
      vertex 15.4275 0 44.5677
      vertex 15.4275 1.28801 44.5677
    endloop
  endfacet
  facet normal -0.427551 0 -0.903991
    outer loop
      vertex 16.3842 3.7879 46.8774
      vertex 17.2847 5.01999 46.4515
      vertex 17.2847 3.7879 46.4515
    endloop
  endfacet
  facet normal -0.427551 0 -0.903991
    outer loop
      vertex 17.2847 5.01999 46.4515
      vertex 16.3842 3.7879 46.8774
      vertex 16.3842 5.01999 46.8774
    endloop
  endfacet
  facet normal -0.238358 0.706696 -0.666158
    outer loop
      vertex 16.3842 3.7879 46.8774
      vertex 15.4275 1.28801 44.5677
      vertex 14.7207 1.28801 44.8206
    endloop
  endfacet
  facet normal -0.238326 0.70669 -0.666176
    outer loop
      vertex 15.4464 3.7879 47.2129
      vertex 16.3842 3.7879 46.8774
      vertex 14.7207 1.28801 44.8206
    endloop
  endfacet
  facet normal -0.336893 0 -0.941543
    outer loop
      vertex 14.7207 0 44.8206
      vertex 15.4275 1.28801 44.5677
      vertex 15.4275 0 44.5677
    endloop
  endfacet
  facet normal -0.336893 0 -0.941543
    outer loop
      vertex 15.4275 1.28801 44.5677
      vertex 14.7207 0 44.8206
      vertex 14.7207 1.28801 44.8206
    endloop
  endfacet
  facet normal -0.336845 0 -0.94156
    outer loop
      vertex 15.4464 3.7879 47.2129
      vertex 16.3842 5.01999 46.8774
      vertex 16.3842 3.7879 46.8774
    endloop
  endfacet
  facet normal -0.336845 0 -0.94156
    outer loop
      vertex 16.3842 5.01999 46.8774
      vertex 15.4464 3.7879 47.2129
      vertex 15.4464 5.01999 47.2129
    endloop
  endfacet
  facet normal -0.171888 0.706688 -0.686328
    outer loop
      vertex 15.4464 3.7879 47.2129
      vertex 14.7207 1.28801 44.8206
      vertex 13.9924 1.28801 45.003
    endloop
  endfacet
  facet normal -0.171964 0.706702 -0.686294
    outer loop
      vertex 14.4802 3.7879 47.455
      vertex 15.4464 3.7879 47.2129
      vertex 13.9924 1.28801 45.003
    endloop
  endfacet
  facet normal -0.242943 0 -0.970041
    outer loop
      vertex 13.9924 0 45.003
      vertex 14.7207 1.28801 44.8206
      vertex 14.7207 0 44.8206
    endloop
  endfacet
  facet normal -0.242943 0 -0.970041
    outer loop
      vertex 14.7207 1.28801 44.8206
      vertex 13.9924 0 45.003
      vertex 13.9924 1.28801 45.003
    endloop
  endfacet
  facet normal -0.243055 0 -0.970012
    outer loop
      vertex 14.4802 3.7879 47.455
      vertex 15.4464 5.01999 47.2129
      vertex 15.4464 3.7879 47.2129
    endloop
  endfacet
  facet normal -0.243055 0 -0.970012
    outer loop
      vertex 15.4464 5.01999 47.2129
      vertex 14.4802 3.7879 47.455
      vertex 14.4802 5.01999 47.455
    endloop
  endfacet
  facet normal -0.103855 0.706704 -0.699846
    outer loop
      vertex 14.4802 3.7879 47.455
      vertex 13.9924 1.28801 45.003
      vertex 13.2498 1.28801 45.1132
    endloop
  endfacet
  facet normal -0.103777 0.70669 -0.699872
    outer loop
      vertex 13.4949 3.7879 47.6011
      vertex 14.4802 3.7879 47.455
      vertex 13.2498 1.28801 45.1132
    endloop
  endfacet
  facet normal -0.14679 0 -0.989168
    outer loop
      vertex 13.2498 0 45.1132
      vertex 13.9924 1.28801 45.003
      vertex 13.9924 0 45.003
    endloop
  endfacet
  facet normal -0.14679 0 -0.989168
    outer loop
      vertex 13.9924 1.28801 45.003
      vertex 13.2498 0 45.1132
      vertex 13.2498 1.28801 45.1132
    endloop
  endfacet
  facet normal -0.146676 0 -0.989185
    outer loop
      vertex 13.4949 3.7879 47.6011
      vertex 14.4802 5.01999 47.455
      vertex 14.4802 3.7879 47.455
    endloop
  endfacet
  facet normal -0.146676 0 -0.989185
    outer loop
      vertex 14.4802 5.01999 47.455
      vertex 13.4949 3.7879 47.6011
      vertex 13.4949 5.01999 47.6011
    endloop
  endfacet
  facet normal -0.0346835 0.706687 -0.706676
    outer loop
      vertex 13.4949 3.7879 47.6011
      vertex 13.2498 1.28801 45.1132
      vertex 12.5 1.28801 45.15
    endloop
  endfacet
  facet normal -0.034733 0.706696 -0.706665
    outer loop
      vertex 12.5 3.7879 47.65
      vertex 13.4949 3.7879 47.6011
      vertex 12.5 1.28801 45.15
    endloop
  endfacet
  facet normal -0.0490207 0 -0.998798
    outer loop
      vertex 12.5 0 45.15
      vertex 13.2498 1.28801 45.1132
      vertex 13.2498 0 45.1132
    endloop
  endfacet
  facet normal -0.0490207 0 -0.998798
    outer loop
      vertex 13.2498 1.28801 45.1132
      vertex 12.5 0 45.15
      vertex 12.5 1.28801 45.15
    endloop
  endfacet
  facet normal -0.0490914 0 -0.998794
    outer loop
      vertex 12.5 3.7879 47.65
      vertex 13.4949 5.01999 47.6011
      vertex 13.4949 3.7879 47.6011
    endloop
  endfacet
  facet normal -0.0490914 0 -0.998794
    outer loop
      vertex 13.4949 5.01999 47.6011
      vertex 12.5 3.7879 47.65
      vertex 12.5 5.01999 47.65
    endloop
  endfacet
  facet normal 0.034683 0.706697 -0.706666
    outer loop
      vertex 12.5 3.7879 47.65
      vertex 12.5 1.28801 45.15
      vertex 11.7502 1.28801 45.1132
    endloop
  endfacet
  facet normal 0.0347334 0.706688 -0.706672
    outer loop
      vertex 12.5 3.7879 47.65
      vertex 11.7502 1.28801 45.1132
      vertex 11.5051 3.7879 47.6011
    endloop
  endfacet
  facet normal 0.0490207 0 -0.998798
    outer loop
      vertex 11.7502 0 45.1132
      vertex 12.5 1.28801 45.15
      vertex 12.5 0 45.15
    endloop
  endfacet
  facet normal 0.0490207 0 -0.998798
    outer loop
      vertex 12.5 1.28801 45.15
      vertex 11.7502 0 45.1132
      vertex 11.7502 1.28801 45.1132
    endloop
  endfacet
  facet normal 0.0490914 0 -0.998794
    outer loop
      vertex 11.5051 3.7879 47.6011
      vertex 12.5 5.01999 47.65
      vertex 12.5 3.7879 47.65
    endloop
  endfacet
  facet normal 0.0490914 0 -0.998794
    outer loop
      vertex 12.5 5.01999 47.65
      vertex 11.5051 3.7879 47.6011
      vertex 11.5051 5.01999 47.6011
    endloop
  endfacet
  facet normal 0.103858 0.706688 -0.699862
    outer loop
      vertex 11.5051 3.7879 47.6011
      vertex 11.7502 1.28801 45.1132
      vertex 11.0076 1.28801 45.003
    endloop
  endfacet
  facet normal 0.103775 0.706702 -0.699859
    outer loop
      vertex 11.5051 3.7879 47.6011
      vertex 11.0076 1.28801 45.003
      vertex 10.5198 3.7879 47.455
    endloop
  endfacet
  facet normal 0.14679 0 -0.989168
    outer loop
      vertex 11.0076 0 45.003
      vertex 11.7502 1.28801 45.1132
      vertex 11.7502 0 45.1132
    endloop
  endfacet
  facet normal 0.14679 0 -0.989168
    outer loop
      vertex 11.7502 1.28801 45.1132
      vertex 11.0076 0 45.003
      vertex 11.0076 1.28801 45.003
    endloop
  endfacet
  facet normal 0.146676 0 -0.989185
    outer loop
      vertex 10.5198 3.7879 47.455
      vertex 11.5051 5.01999 47.6011
      vertex 11.5051 3.7879 47.6011
    endloop
  endfacet
  facet normal 0.146676 0 -0.989185
    outer loop
      vertex 11.5051 5.01999 47.6011
      vertex 10.5198 3.7879 47.455
      vertex 10.5198 5.01999 47.455
    endloop
  endfacet
  facet normal 0.171884 0.706704 -0.686312
    outer loop
      vertex 10.5198 3.7879 47.455
      vertex 11.0076 1.28801 45.003
      vertex 10.2793 1.28801 44.8206
    endloop
  endfacet
  facet normal 0.171969 0.70669 -0.686306
    outer loop
      vertex 10.5198 3.7879 47.455
      vertex 10.2793 1.28801 44.8206
      vertex 9.55361 3.7879 47.2129
    endloop
  endfacet
  facet normal 0.242943 0 -0.970041
    outer loop
      vertex 10.2793 0 44.8206
      vertex 11.0076 1.28801 45.003
      vertex 11.0076 0 45.003
    endloop
  endfacet
  facet normal 0.242943 0 -0.970041
    outer loop
      vertex 11.0076 1.28801 45.003
      vertex 10.2793 0 44.8206
      vertex 10.2793 1.28801 44.8206
    endloop
  endfacet
  facet normal 0.243058 0 -0.970012
    outer loop
      vertex 9.55361 3.7879 47.2129
      vertex 10.5198 5.01999 47.455
      vertex 10.5198 3.7879 47.455
    endloop
  endfacet
  facet normal 0.243058 0 -0.970012
    outer loop
      vertex 10.5198 5.01999 47.455
      vertex 9.55361 3.7879 47.2129
      vertex 9.55361 5.01999 47.2129
    endloop
  endfacet
  facet normal 0.238351 0.706688 -0.666168
    outer loop
      vertex 10.2793 1.28801 44.8206
      vertex 9.57247 1.28801 44.5677
      vertex 9.55361 3.7879 47.2129
    endloop
  endfacet
  facet normal 0.238315 0.706695 -0.666174
    outer loop
      vertex 9.55361 3.7879 47.2129
      vertex 9.57247 1.28801 44.5677
      vertex 8.61577 3.7879 46.8774
    endloop
  endfacet
  facet normal 0.336881 0 -0.941547
    outer loop
      vertex 9.57247 0 44.5677
      vertex 10.2793 1.28801 44.8206
      vertex 10.2793 0 44.8206
    endloop
  endfacet
  facet normal 0.336881 0 -0.941547
    outer loop
      vertex 10.2793 1.28801 44.8206
      vertex 9.57247 0 44.5677
      vertex 9.57247 1.28801 44.5677
    endloop
  endfacet
  facet normal 0.336832 0 -0.941565
    outer loop
      vertex 8.61577 3.7879 46.8774
      vertex 9.55361 5.01999 47.2129
      vertex 9.55361 3.7879 47.2129
    endloop
  endfacet
  facet normal 0.336832 0 -0.941565
    outer loop
      vertex 9.55361 5.01999 47.2129
      vertex 8.61577 3.7879 46.8774
      vertex 8.61577 5.01999 46.8774
    endloop
  endfacet
  facet normal 0.30252 0.706695 -0.639581
    outer loop
      vertex 9.57247 1.28801 44.5677
      vertex 8.89382 1.28801 44.2467
      vertex 8.61577 3.7879 46.8774
    endloop
  endfacet
  facet normal 0.302516 0.706696 -0.639582
    outer loop
      vertex 8.61577 3.7879 46.8774
      vertex 8.89382 1.28801 44.2467
      vertex 7.71533 3.7879 46.4515
    endloop
  endfacet
  facet normal 0.42758 0 -0.903978
    outer loop
      vertex 8.89382 0 44.2467
      vertex 9.57247 1.28801 44.5677
      vertex 9.57247 0 44.5677
    endloop
  endfacet
  facet normal 0.42758 0 -0.903978
    outer loop
      vertex 9.57247 1.28801 44.5677
      vertex 8.89382 0 44.2467
      vertex 8.89382 1.28801 44.2467
    endloop
  endfacet
  facet normal 0.427574 0 -0.90398
    outer loop
      vertex 7.71533 3.7879 46.4515
      vertex 8.61577 5.01999 46.8774
      vertex 8.61577 3.7879 46.8774
    endloop
  endfacet
  facet normal 0.427574 0 -0.90398
    outer loop
      vertex 8.61577 5.01999 46.8774
      vertex 7.71533 3.7879 46.4515
      vertex 7.71533 5.01999 46.4515
    endloop
  endfacet
  facet normal 0.363767 0.706695 -0.606841
    outer loop
      vertex 8.89382 1.28801 44.2467
      vertex 8.24989 1.28801 43.8607
      vertex 7.71533 3.7879 46.4515
    endloop
  endfacet
  facet normal 0.363744 0.706699 -0.60685
    outer loop
      vertex 7.71533 3.7879 46.4515
      vertex 8.24989 1.28801 43.8607
      vertex 6.86097 3.7879 45.9394
    endloop
  endfacet
  facet normal 0.514145 0 -0.857703
    outer loop
      vertex 8.24989 0 43.8607
      vertex 8.89382 1.28801 44.2467
      vertex 8.89382 0 44.2467
    endloop
  endfacet
  facet normal 0.514145 0 -0.857703
    outer loop
      vertex 8.89382 1.28801 44.2467
      vertex 8.24989 0 43.8607
      vertex 8.24989 1.28801 43.8607
    endloop
  endfacet
  facet normal 0.514115 0 -0.857721
    outer loop
      vertex 6.86097 3.7879 45.9394
      vertex 7.71533 5.01999 46.4515
      vertex 7.71533 3.7879 46.4515
    endloop
  endfacet
  facet normal 0.514115 0 -0.857721
    outer loop
      vertex 7.71533 5.01999 46.4515
      vertex 6.86097 3.7879 45.9394
      vertex 6.86097 5.01999 45.9394
    endloop
  endfacet
  facet normal 0.421461 0.706699 -0.568285
    outer loop
      vertex 8.24989 1.28801 43.8607
      vertex 7.6469 1.28801 43.4135
      vertex 6.86097 3.7879 45.9394
    endloop
  endfacet
  facet normal 0.421433 0.706704 -0.568299
    outer loop
      vertex 6.86097 3.7879 45.9394
      vertex 7.6469 1.28801 43.4135
      vertex 6.06091 3.7879 45.3461
    endloop
  endfacet
  facet normal 0.595693 0 -0.803213
    outer loop
      vertex 7.6469 0 43.4135
      vertex 8.24989 1.28801 43.8607
      vertex 8.24989 0 43.8607
    endloop
  endfacet
  facet normal 0.595693 0 -0.803213
    outer loop
      vertex 8.24989 1.28801 43.8607
      vertex 7.6469 0 43.4135
      vertex 7.6469 1.28801 43.4135
    endloop
  endfacet
  facet normal 0.595657 0 -0.803239
    outer loop
      vertex 6.06091 3.7879 45.3461
      vertex 6.86097 5.01999 45.9394
      vertex 6.86097 3.7879 45.9394
    endloop
  endfacet
  facet normal 0.595657 0 -0.803239
    outer loop
      vertex 6.86097 5.01999 45.9394
      vertex 6.06091 3.7879 45.3461
      vertex 6.06091 5.01999 45.3461
    endloop
  endfacet
  facet normal 0.4751 0.706706 -0.524259
    outer loop
      vertex 7.6469 1.28801 43.4135
      vertex 7.09064 1.28801 42.9094
      vertex 6.06091 3.7879 45.3461
    endloop
  endfacet
  facet normal 0.475174 0.70669 -0.524212
    outer loop
      vertex 6.06091 3.7879 45.3461
      vertex 7.09064 1.28801 42.9094
      vertex 5.32287 3.7879 44.6771
    endloop
  endfacet
  facet normal 0.671512 0 -0.740994
    outer loop
      vertex 7.09064 0 42.9094
      vertex 7.6469 1.28801 43.4135
      vertex 7.6469 0 43.4135
    endloop
  endfacet
  facet normal 0.671512 0 -0.740994
    outer loop
      vertex 7.6469 1.28801 43.4135
      vertex 7.09064 0 42.9094
      vertex 7.09064 1.28801 42.9094
    endloop
  endfacet
  facet normal 0.671603 0 -0.740911
    outer loop
      vertex 5.32287 3.7879 44.6771
      vertex 6.06091 5.01999 45.3461
      vertex 6.06091 3.7879 45.3461
    endloop
  endfacet
  facet normal 0.671603 0 -0.740911
    outer loop
      vertex 6.06091 5.01999 45.3461
      vertex 5.32287 3.7879 44.6771
      vertex 5.32287 5.01999 44.6771
    endloop
  endfacet
  facet normal 0.52426 0.706689 -0.475123
    outer loop
      vertex 7.09064 1.28801 42.9094
      vertex 6.58648 1.28801 42.3531
      vertex 5.32287 3.7879 44.6771
    endloop
  endfacet
  facet normal 0.524222 0.706698 -0.475152
    outer loop
      vertex 5.32287 3.7879 44.6771
      vertex 6.58648 1.28801 42.3531
      vertex 4.65395 3.7879 43.9391
    endloop
  endfacet
  facet normal 0.740978 0 -0.671529
    outer loop
      vertex 7.09064 0 42.9094
      vertex 6.58648 1.28801 42.3531
      vertex 7.09064 1.28801 42.9094
    endloop
  endfacet
  facet normal 0.740978 0 -0.671529
    outer loop
      vertex 6.58648 1.28801 42.3531
      vertex 7.09064 0 42.9094
      vertex 6.58648 0 42.3531
    endloop
  endfacet
  facet normal 0.740933 0 -0.671579
    outer loop
      vertex 5.32287 3.7879 44.6771
      vertex 4.65395 5.01999 43.9391
      vertex 5.32287 5.01999 44.6771
    endloop
  endfacet
  facet normal 0.740933 0 -0.671579
    outer loop
      vertex 4.65395 5.01999 43.9391
      vertex 5.32287 3.7879 44.6771
      vertex 4.65395 3.7879 43.9391
    endloop
  endfacet
  facet normal 0.568279 0.706698 -0.421469
    outer loop
      vertex 6.58648 1.28801 42.3531
      vertex 6.13926 1.28801 41.7501
      vertex 4.65395 3.7879 43.9391
    endloop
  endfacet
  facet normal 0.568297 0.706694 -0.421453
    outer loop
      vertex 4.65395 3.7879 43.9391
      vertex 6.13926 1.28801 41.7501
      vertex 4.06059 3.7879 43.139
    endloop
  endfacet
  facet normal 0.803205 0 -0.595703
    outer loop
      vertex 6.58648 0 42.3531
      vertex 6.13926 1.28801 41.7501
      vertex 6.58648 1.28801 42.3531
    endloop
  endfacet
  facet normal 0.803205 0 -0.595703
    outer loop
      vertex 6.13926 1.28801 41.7501
      vertex 6.58648 0 42.3531
      vertex 6.13926 0 41.7501
    endloop
  endfacet
  facet normal 0.803224 0 -0.595677
    outer loop
      vertex 4.65395 3.7879 43.9391
      vertex 4.06059 5.01999 43.139
      vertex 4.65395 5.01999 43.9391
    endloop
  endfacet
  facet normal 0.803224 0 -0.595677
    outer loop
      vertex 4.06059 5.01999 43.139
      vertex 4.65395 3.7879 43.9391
      vertex 4.06059 3.7879 43.139
    endloop
  endfacet
  facet normal 0.606855 0.706694 -0.363745
    outer loop
      vertex 6.13926 1.28801 41.7501
      vertex 5.75331 1.28801 41.1062
      vertex 4.06059 3.7879 43.139
    endloop
  endfacet
  facet normal 0.606844 0.706697 -0.363758
    outer loop
      vertex 4.06059 3.7879 43.139
      vertex 5.75331 1.28801 41.1062
      vertex 3.5485 3.7879 42.2847
    endloop
  endfacet
  facet normal 0.857722 0 -0.514114
    outer loop
      vertex 6.13926 0 41.7501
      vertex 5.75331 1.28801 41.1062
      vertex 6.13926 1.28801 41.7501
    endloop
  endfacet
  facet normal 0.857722 0 -0.514114
    outer loop
      vertex 5.75331 1.28801 41.1062
      vertex 6.13926 0 41.7501
      vertex 5.75331 0 41.1062
    endloop
  endfacet
  facet normal 0.85771 0 -0.514134
    outer loop
      vertex 4.06059 3.7879 43.139
      vertex 3.5485 5.01999 42.2847
      vertex 4.06059 5.01999 43.139
    endloop
  endfacet
  facet normal 0.85771 0 -0.514134
    outer loop
      vertex 3.5485 5.01999 42.2847
      vertex 4.06059 3.7879 43.139
      vertex 3.5485 3.7879 42.2847
    endloop
  endfacet
  facet normal 0.639595 0.706697 -0.302486
    outer loop
      vertex 5.75331 1.28801 41.1062
      vertex 5.43233 1.28801 40.4275
      vertex 3.5485 3.7879 42.2847
    endloop
  endfacet
  facet normal 0.639597 0.706696 -0.302482
    outer loop
      vertex 3.5485 3.7879 42.2847
      vertex 5.43233 1.28801 40.4275
      vertex 3.12263 3.7879 41.3842
    endloop
  endfacet
  facet normal 0.904 0 -0.427532
    outer loop
      vertex 5.75331 0 41.1062
      vertex 5.43233 1.28801 40.4275
      vertex 5.75331 1.28801 41.1062
    endloop
  endfacet
  facet normal 0.904 0 -0.427532
    outer loop
      vertex 5.43233 1.28801 40.4275
      vertex 5.75331 0 41.1062
      vertex 5.43233 0 40.4275
    endloop
  endfacet
  facet normal 0.904003 0 -0.427527
    outer loop
      vertex 3.5485 3.7879 42.2847
      vertex 3.12263 5.01999 41.3842
      vertex 3.5485 5.01999 42.2847
    endloop
  endfacet
  facet normal 0.904003 0 -0.427527
    outer loop
      vertex 3.12263 5.01999 41.3842
      vertex 3.5485 3.7879 42.2847
      vertex 3.12263 3.7879 41.3842
    endloop
  endfacet
  facet normal 0.666152 0.706696 -0.238374
    outer loop
      vertex 5.43233 1.28801 40.4275
      vertex 5.17941 1.28801 39.7207
      vertex 3.12263 3.7879 41.3842
    endloop
  endfacet
  facet normal 0.666155 0.706695 -0.238368
    outer loop
      vertex 3.12263 3.7879 41.3842
      vertex 5.17941 1.28801 39.7207
      vertex 2.78706 3.7879 40.4464
    endloop
  endfacet
  facet normal 0.941534 0 -0.336917
    outer loop
      vertex 5.43233 0 40.4275
      vertex 5.17941 1.28801 39.7207
      vertex 5.43233 1.28801 40.4275
    endloop
  endfacet
  facet normal 0.941534 0 -0.336917
    outer loop
      vertex 5.17941 1.28801 39.7207
      vertex 5.43233 0 40.4275
      vertex 5.17941 0 39.7207
    endloop
  endfacet
  facet normal 0.941538 0 -0.336907
    outer loop
      vertex 3.12263 3.7879 41.3842
      vertex 2.78706 5.01999 40.4464
      vertex 3.12263 5.01999 41.3842
    endloop
  endfacet
  facet normal 0.941538 0 -0.336907
    outer loop
      vertex 2.78706 5.01999 40.4464
      vertex 3.12263 3.7879 41.3842
      vertex 2.78706 3.7879 40.4464
    endloop
  endfacet
  facet normal 0.686319 0.706695 -0.171895
    outer loop
      vertex 5.17941 1.28801 39.7207
      vertex 4.997 1.28801 38.9924
      vertex 2.78706 3.7879 40.4464
    endloop
  endfacet
  facet normal 0.686312 0.706698 -0.171912
    outer loop
      vertex 2.78706 3.7879 40.4464
      vertex 4.997 1.28801 38.9924
      vertex 2.54504 3.7879 39.4802
    endloop
  endfacet
  facet normal 0.970037 0 -0.242956
    outer loop
      vertex 5.17941 0 39.7207
      vertex 4.997 1.28801 38.9924
      vertex 5.17941 1.28801 39.7207
    endloop
  endfacet
  facet normal 0.970037 0 -0.242956
    outer loop
      vertex 4.997 1.28801 38.9924
      vertex 5.17941 0 39.7207
      vertex 4.997 0 38.9924
    endloop
  endfacet
  facet normal 0.970031 0 -0.24298
    outer loop
      vertex 2.78706 3.7879 40.4464
      vertex 2.54504 5.01999 39.4802
      vertex 2.78706 5.01999 40.4464
    endloop
  endfacet
  facet normal 0.970031 0 -0.24298
    outer loop
      vertex 2.54504 5.01999 39.4802
      vertex 2.78706 3.7879 40.4464
      vertex 2.54504 3.7879 39.4802
    endloop
  endfacet
  facet normal 0.699857 0.706697 -0.103819
    outer loop
      vertex 4.997 1.28801 38.9924
      vertex 4.88684 1.28801 38.2498
      vertex 2.54504 3.7879 39.4802
    endloop
  endfacet
  facet normal 0.699858 0.706697 -0.103817
    outer loop
      vertex 2.54504 3.7879 39.4802
      vertex 4.88684 1.28801 38.2498
      vertex 2.39888 3.7879 38.4949
    endloop
  endfacet
  facet normal 0.989175 0 -0.146738
    outer loop
      vertex 4.997 0 38.9924
      vertex 4.88684 1.28801 38.2498
      vertex 4.997 1.28801 38.9924
    endloop
  endfacet
  facet normal 0.989175 0 -0.146738
    outer loop
      vertex 4.88684 1.28801 38.2498
      vertex 4.997 0 38.9924
      vertex 4.88684 0 38.2498
    endloop
  endfacet
  facet normal 0.989176 0 -0.146735
    outer loop
      vertex 2.54504 3.7879 39.4802
      vertex 2.39888 5.01999 38.4949
      vertex 2.54504 5.01999 39.4802
    endloop
  endfacet
  facet normal 0.989176 0 -0.146735
    outer loop
      vertex 2.39888 5.01999 38.4949
      vertex 2.54504 3.7879 39.4802
      vertex 2.39888 3.7879 38.4949
    endloop
  endfacet
  facet normal 0.706665 0.706696 -0.0347112
    outer loop
      vertex 4.88684 1.28801 38.2498
      vertex 4.85001 1.28801 37.5
      vertex 2.39888 3.7879 38.4949
    endloop
  endfacet
  facet normal 0.706665 0.706696 -0.0347118
    outer loop
      vertex 2.39888 3.7879 38.4949
      vertex 4.85001 1.28801 37.5
      vertex 2.35001 3.7879 37.5
    endloop
  endfacet
  facet normal 0.998796 0 -0.0490606
    outer loop
      vertex 4.88684 0 38.2498
      vertex 4.85001 1.28801 37.5
      vertex 4.88684 1.28801 38.2498
    endloop
  endfacet
  facet normal 0.998796 0 -0.0490606
    outer loop
      vertex 4.85001 1.28801 37.5
      vertex 4.88684 0 38.2498
      vertex 4.85001 0 37.5
    endloop
  endfacet
  facet normal 0.998796 0 -0.0490614
    outer loop
      vertex 2.39888 3.7879 38.4949
      vertex 2.35001 5.01999 37.5
      vertex 2.39888 5.01999 38.4949
    endloop
  endfacet
  facet normal 0.998796 0 -0.0490614
    outer loop
      vertex 2.35001 5.01999 37.5
      vertex 2.39888 3.7879 38.4949
      vertex 2.35001 3.7879 37.5
    endloop
  endfacet
  facet normal -0.758753 -0.650336 -0.0368384
    outer loop
      vertex 11.2034 5.01999 37.3723
      vertex 12.5 3.5 37.5
      vertex 11.1972 5.01999 37.5
    endloop
  endfacet
  facet normal -0.75139 -0.650341 -0.111669
    outer loop
      vertex 11.2222 5.01999 37.2458
      vertex 12.5 3.5 37.5
      vertex 11.2034 5.01999 37.3723
    endloop
  endfacet
  facet normal 0.0368384 -0.650336 0.758753
    outer loop
      vertex 12.6277 5.01999 38.7966
      vertex 12.5 5.01999 38.8028
      vertex 12.5 3.5 37.5
    endloop
  endfacet
  facet normal 0.0368384 -0.650336 -0.758753
    outer loop
      vertex 12.5 5.01999 36.1972
      vertex 12.6277 5.01999 36.2034
      vertex 12.5 3.5 37.5
    endloop
  endfacet
  facet normal 0.758753 -0.650336 -0.0368384
    outer loop
      vertex 13.7966 5.01999 37.3723
      vertex 13.8028 5.01999 37.5
      vertex 12.5 3.5 37.5
    endloop
  endfacet
  facet normal -0.509745 -0.650345 0.563215
    outer loop
      vertex 12.5 3.5 37.5
      vertex 11.6735 5.01999 38.5071
      vertex 11.5787 5.01999 38.4213
    endloop
  endfacet
  facet normal -0.509745 -0.650345 -0.563215
    outer loop
      vertex 11.6735 5.01999 36.4929
      vertex 12.5 3.5 37.5
      vertex 11.5787 5.01999 36.5787
    endloop
  endfacet
  facet normal -0.255497 -0.650337 -0.71539
    outer loop
      vertex 12.1218 5.01999 36.2533
      vertex 12.5 3.5 37.5
      vertex 12.0014 5.01999 36.2963
    endloop
  endfacet
  facet normal 0.563215 -0.650345 0.509745
    outer loop
      vertex 13.5071 5.01999 38.3265
      vertex 13.4213 5.01999 38.4213
      vertex 12.5 3.5 37.5
    endloop
  endfacet
  facet normal 0.563215 -0.650345 -0.509745
    outer loop
      vertex 13.4213 5.01999 36.5787
      vertex 13.5071 5.01999 36.6735
      vertex 12.5 3.5 37.5
    endloop
  endfacet
  facet normal -0.255497 -0.650337 0.71539
    outer loop
      vertex 12.5 3.5 37.5
      vertex 12.1218 5.01999 38.7467
      vertex 12.0014 5.01999 38.7037
    endloop
  endfacet
  facet normal -0.686648 -0.650345 0.32491
    outer loop
      vertex 12.5 3.5 37.5
      vertex 11.351 5.01999 38.1142
      vertex 11.2963 5.01999 37.9986
    endloop
  endfacet
  facet normal -0.686648 -0.650345 -0.32491
    outer loop
      vertex 11.351 5.01999 36.8858
      vertex 12.5 3.5 37.5
      vertex 11.2963 5.01999 37.0014
    endloop
  endfacet
  facet normal -0.610062 -0.650336 -0.452645
    outer loop
      vertex 11.4929 5.01999 36.6735
      vertex 12.5 3.5 37.5
      vertex 11.4167 5.01999 36.7762
    endloop
  endfacet
  facet normal -0.111669 -0.650341 -0.75139
    outer loop
      vertex 12.3723 5.01999 36.2034
      vertex 12.5 3.5 37.5
      vertex 12.2458 5.01999 36.2222
    endloop
  endfacet
  facet normal -0.39057 -0.650342 -0.651545
    outer loop
      vertex 11.8858 5.01999 36.351
      vertex 12.5 3.5 37.5
      vertex 11.7762 5.01999 36.4167
    endloop
  endfacet
  facet normal 0.32491 -0.650345 0.686648
    outer loop
      vertex 13.1142 5.01999 38.649
      vertex 12.9986 5.01999 38.7037
      vertex 12.5 3.5 37.5
    endloop
  endfacet
  facet normal 0.71539 -0.650337 0.255497
    outer loop
      vertex 13.7467 5.01999 37.8782
      vertex 13.7037 5.01999 37.9986
      vertex 12.5 3.5 37.5
    endloop
  endfacet
  facet normal 0.71539 -0.650337 -0.255497
    outer loop
      vertex 13.7037 5.01999 37.0014
      vertex 13.7467 5.01999 37.1218
      vertex 12.5 3.5 37.5
    endloop
  endfacet
  facet normal 0.32491 -0.650345 -0.686648
    outer loop
      vertex 12.9986 5.01999 36.2963
      vertex 13.1142 5.01999 36.351
      vertex 12.5 3.5 37.5
    endloop
  endfacet
  facet normal -0.39057 -0.650342 0.651545
    outer loop
      vertex 12.5 3.5 37.5
      vertex 11.8858 5.01999 38.649
      vertex 11.7762 5.01999 38.5833
    endloop
  endfacet
  facet normal -0.111669 -0.650341 0.75139
    outer loop
      vertex 12.5 3.5 37.5
      vertex 12.3723 5.01999 38.7966
      vertex 12.2458 5.01999 38.7778
    endloop
  endfacet
  facet normal -0.610062 -0.650336 0.452645
    outer loop
      vertex 12.5 3.5 37.5
      vertex 11.4929 5.01999 38.3265
      vertex 11.4167 5.01999 38.2238
    endloop
  endfacet
  facet normal -0.736829 -0.650331 0.184802
    outer loop
      vertex 12.5 3.5 37.5
      vertex 11.2533 5.01999 37.8782
      vertex 11.2222 5.01999 37.7542
    endloop
  endfacet
  facet normal -0.736829 -0.650331 -0.184802
    outer loop
      vertex 11.2533 5.01999 37.1218
      vertex 12.5 3.5 37.5
      vertex 11.2222 5.01999 37.2458
    endloop
  endfacet
  facet normal -0.71539 -0.650337 -0.255497
    outer loop
      vertex 11.2963 5.01999 37.0014
      vertex 12.5 3.5 37.5
      vertex 11.2533 5.01999 37.1218
    endloop
  endfacet
  facet normal -0.563215 -0.650345 -0.509745
    outer loop
      vertex 11.5787 5.01999 36.5787
      vertex 12.5 3.5 37.5
      vertex 11.4929 5.01999 36.6735
    endloop
  endfacet
  facet normal -0.651545 -0.650342 -0.39057
    outer loop
      vertex 11.4167 5.01999 36.7762
      vertex 12.5 3.5 37.5
      vertex 11.351 5.01999 36.8858
    endloop
  endfacet
  facet normal -0.0368384 -0.650336 -0.758753
    outer loop
      vertex 12.5 5.01999 36.1972
      vertex 12.5 3.5 37.5
      vertex 12.3723 5.01999 36.2034
    endloop
  endfacet
  facet normal -0.184802 -0.650331 -0.736829
    outer loop
      vertex 12.2458 5.01999 36.2222
      vertex 12.5 3.5 37.5
      vertex 12.1218 5.01999 36.2533
    endloop
  endfacet
  facet normal -0.32491 -0.650345 -0.686648
    outer loop
      vertex 12.0014 5.01999 36.2963
      vertex 12.5 3.5 37.5
      vertex 11.8858 5.01999 36.351
    endloop
  endfacet
  facet normal -0.452645 -0.650336 -0.610062
    outer loop
      vertex 11.7762 5.01999 36.4167
      vertex 12.5 3.5 37.5
      vertex 11.6735 5.01999 36.4929
    endloop
  endfacet
  facet normal 0.184802 -0.650331 0.736829
    outer loop
      vertex 12.8782 5.01999 38.7467
      vertex 12.7542 5.01999 38.7778
      vertex 12.5 3.5 37.5
    endloop
  endfacet
  facet normal 0.452645 -0.650336 0.610062
    outer loop
      vertex 13.3265 5.01999 38.5071
      vertex 13.2238 5.01999 38.5833
      vertex 12.5 3.5 37.5
    endloop
  endfacet
  facet normal 0.651545 -0.650342 0.39057
    outer loop
      vertex 13.649 5.01999 38.1142
      vertex 13.5833 5.01999 38.2238
      vertex 12.5 3.5 37.5
    endloop
  endfacet
  facet normal 0.75139 -0.650341 0.111669
    outer loop
      vertex 13.7966 5.01999 37.6277
      vertex 13.7778 5.01999 37.7542
      vertex 12.5 3.5 37.5
    endloop
  endfacet
  facet normal 0.75139 -0.650341 -0.111669
    outer loop
      vertex 13.7778 5.01999 37.2458
      vertex 13.7966 5.01999 37.3723
      vertex 12.5 3.5 37.5
    endloop
  endfacet
  facet normal 0.651545 -0.650342 -0.39057
    outer loop
      vertex 13.5833 5.01999 36.7762
      vertex 13.649 5.01999 36.8858
      vertex 12.5 3.5 37.5
    endloop
  endfacet
  facet normal 0.452645 -0.650336 -0.610062
    outer loop
      vertex 13.2238 5.01999 36.4167
      vertex 13.3265 5.01999 36.4929
      vertex 12.5 3.5 37.5
    endloop
  endfacet
  facet normal 0.184802 -0.650331 -0.736829
    outer loop
      vertex 12.7542 5.01999 36.2222
      vertex 12.8782 5.01999 36.2533
      vertex 12.5 3.5 37.5
    endloop
  endfacet
  facet normal -0.452645 -0.650336 0.610062
    outer loop
      vertex 12.5 3.5 37.5
      vertex 11.7762 5.01999 38.5833
      vertex 11.6735 5.01999 38.5071
    endloop
  endfacet
  facet normal -0.32491 -0.650345 0.686648
    outer loop
      vertex 12.5 3.5 37.5
      vertex 12.0014 5.01999 38.7037
      vertex 11.8858 5.01999 38.649
    endloop
  endfacet
  facet normal -0.184802 -0.650331 0.736829
    outer loop
      vertex 12.5 3.5 37.5
      vertex 12.2458 5.01999 38.7778
      vertex 12.1218 5.01999 38.7467
    endloop
  endfacet
  facet normal -0.0368384 -0.650336 0.758753
    outer loop
      vertex 12.5 3.5 37.5
      vertex 12.5 5.01999 38.8028
      vertex 12.3723 5.01999 38.7966
    endloop
  endfacet
  facet normal -0.651545 -0.650342 0.39057
    outer loop
      vertex 12.5 3.5 37.5
      vertex 11.4167 5.01999 38.2238
      vertex 11.351 5.01999 38.1142
    endloop
  endfacet
  facet normal -0.563215 -0.650345 0.509745
    outer loop
      vertex 12.5 3.5 37.5
      vertex 11.5787 5.01999 38.4213
      vertex 11.4929 5.01999 38.3265
    endloop
  endfacet
  facet normal -0.71539 -0.650337 0.255497
    outer loop
      vertex 12.5 3.5 37.5
      vertex 11.2963 5.01999 37.9986
      vertex 11.2533 5.01999 37.8782
    endloop
  endfacet
  facet normal -0.75139 -0.650341 0.111669
    outer loop
      vertex 12.5 3.5 37.5
      vertex 11.2222 5.01999 37.7542
      vertex 11.2034 5.01999 37.6277
    endloop
  endfacet
  facet normal -0.758753 -0.650336 0.0368384
    outer loop
      vertex 12.5 3.5 37.5
      vertex 11.2034 5.01999 37.6277
      vertex 11.1972 5.01999 37.5
    endloop
  endfacet
  facet normal 0.111669 -0.650341 0.75139
    outer loop
      vertex 12.7542 5.01999 38.7778
      vertex 12.6277 5.01999 38.7966
      vertex 12.5 3.5 37.5
    endloop
  endfacet
  facet normal 0.255497 -0.650337 0.71539
    outer loop
      vertex 12.9986 5.01999 38.7037
      vertex 12.8782 5.01999 38.7467
      vertex 12.5 3.5 37.5
    endloop
  endfacet
  facet normal 0.39057 -0.650342 0.651545
    outer loop
      vertex 13.2238 5.01999 38.5833
      vertex 13.1142 5.01999 38.649
      vertex 12.5 3.5 37.5
    endloop
  endfacet
  facet normal 0.509745 -0.650345 0.563215
    outer loop
      vertex 13.4213 5.01999 38.4213
      vertex 13.3265 5.01999 38.5071
      vertex 12.5 3.5 37.5
    endloop
  endfacet
  facet normal 0.610062 -0.650336 0.452645
    outer loop
      vertex 13.5833 5.01999 38.2238
      vertex 13.5071 5.01999 38.3265
      vertex 12.5 3.5 37.5
    endloop
  endfacet
  facet normal 0.686648 -0.650345 0.32491
    outer loop
      vertex 13.7037 5.01999 37.9986
      vertex 13.649 5.01999 38.1142
      vertex 12.5 3.5 37.5
    endloop
  endfacet
  facet normal 0.736829 -0.650331 0.184802
    outer loop
      vertex 13.7778 5.01999 37.7542
      vertex 13.7467 5.01999 37.8782
      vertex 12.5 3.5 37.5
    endloop
  endfacet
  facet normal 0.758753 -0.650336 0.0368384
    outer loop
      vertex 13.8028 5.01999 37.5
      vertex 13.7966 5.01999 37.6277
      vertex 12.5 3.5 37.5
    endloop
  endfacet
  facet normal 0.736829 -0.650331 -0.184802
    outer loop
      vertex 13.7467 5.01999 37.1218
      vertex 13.7778 5.01999 37.2458
      vertex 12.5 3.5 37.5
    endloop
  endfacet
  facet normal 0.686648 -0.650345 -0.32491
    outer loop
      vertex 13.649 5.01999 36.8858
      vertex 13.7037 5.01999 37.0014
      vertex 12.5 3.5 37.5
    endloop
  endfacet
  facet normal 0.610062 -0.650336 -0.452645
    outer loop
      vertex 13.5071 5.01999 36.6735
      vertex 13.5833 5.01999 36.7762
      vertex 12.5 3.5 37.5
    endloop
  endfacet
  facet normal 0.509745 -0.650345 -0.563215
    outer loop
      vertex 13.3265 5.01999 36.4929
      vertex 13.4213 5.01999 36.5787
      vertex 12.5 3.5 37.5
    endloop
  endfacet
  facet normal 0.39057 -0.650342 -0.651545
    outer loop
      vertex 13.1142 5.01999 36.351
      vertex 13.2238 5.01999 36.4167
      vertex 12.5 3.5 37.5
    endloop
  endfacet
  facet normal 0.255497 -0.650337 -0.71539
    outer loop
      vertex 12.8782 5.01999 36.2533
      vertex 12.9986 5.01999 36.2963
      vertex 12.5 3.5 37.5
    endloop
  endfacet
  facet normal 0.111669 -0.650341 -0.75139
    outer loop
      vertex 12.6277 5.01999 36.2034
      vertex 12.7542 5.01999 36.2222
      vertex 12.5 3.5 37.5
    endloop
  endfacet
  facet normal -0.707091 0.707122 0
    outer loop
      vertex 47.65 3.7879 0
      vertex 45.15 1.28801 37.5
      vertex 47.65 3.7879 37.5
    endloop
  endfacet
  facet normal -0.707091 0.707122 0
    outer loop
      vertex 45.15 1.28801 37.5
      vertex 47.65 3.7879 0
      vertex 45.15 1.28801 0
    endloop
  endfacet
  facet normal -1 0 0
    outer loop
      vertex 45.15 0 0
      vertex 45.15 1.28801 37.5
      vertex 45.15 1.28801 0
    endloop
  endfacet
  facet normal -1 -0 0
    outer loop
      vertex 45.15 1.28801 37.5
      vertex 45.15 0 0
      vertex 45.15 0 37.5
    endloop
  endfacet
  facet normal 1 -0 0
    outer loop
      vertex 29.85 0 37.5
      vertex 29.85 1.28801 0
      vertex 29.85 1.28801 37.5
    endloop
  endfacet
  facet normal 1 0 0
    outer loop
      vertex 29.85 1.28801 0
      vertex 29.85 0 37.5
      vertex 29.85 0 0
    endloop
  endfacet
  facet normal 0.707091 0.707122 -0
    outer loop
      vertex 29.85 1.28801 0
      vertex 27.35 3.7879 37.5
      vertex 29.85 1.28801 37.5
    endloop
  endfacet
  facet normal 0.707091 0.707122 0
    outer loop
      vertex 27.35 3.7879 37.5
      vertex 29.85 1.28801 0
      vertex 27.35 3.7879 0
    endloop
  endfacet
  facet normal 1 -0 0
    outer loop
      vertex 27.35 3.7879 37.5
      vertex 27.35 5.01999 0
      vertex 27.35 5.01999 37.5
    endloop
  endfacet
  facet normal 1 0 0
    outer loop
      vertex 27.35 5.01999 0
      vertex 27.35 3.7879 37.5
      vertex 27.35 3.7879 0
    endloop
  endfacet
  facet normal 0 -1 0
    outer loop
      vertex 33.0161 5.01999 42.6577
      vertex 37.5 5.01999 47.65
      vertex 36.5051 5.01999 47.6011
    endloop
  endfacet
  facet normal 0 -1 0
    outer loop
      vertex 33.0161 5.01999 42.6577
      vertex 36.5051 5.01999 47.6011
      vertex 35.5198 5.01999 47.455
    endloop
  endfacet
  facet normal 0 -1 0
    outer loop
      vertex 41.9839 5.01999 42.6577
      vertex 37.5 5.01999 47.65
      vertex 33.0161 5.01999 42.6577
    endloop
  endfacet
  facet normal 0 -1 0
    outer loop
      vertex 33.0161 5.01999 42.6577
      vertex 35.5198 5.01999 47.455
      vertex 34.5536 5.01999 47.2129
    endloop
  endfacet
  facet normal 0 -1 0
    outer loop
      vertex 37.5 5.01999 47.65
      vertex 41.9839 5.01999 42.6577
      vertex 38.4949 5.01999 47.6011
    endloop
  endfacet
  facet normal 0 -1 0
    outer loop
      vertex 33.0161 5.01999 42.6577
      vertex 34.5536 5.01999 47.2129
      vertex 33.6158 5.01999 46.8774
    endloop
  endfacet
  facet normal 0 -1 0
    outer loop
      vertex 38.4949 5.01999 47.6011
      vertex 41.9839 5.01999 42.6577
      vertex 39.4802 5.01999 47.455
    endloop
  endfacet
  facet normal 0 -1 0
    outer loop
      vertex 33.0161 5.01999 42.6577
      vertex 33.6158 5.01999 46.8774
      vertex 32.7153 5.01999 46.4515
    endloop
  endfacet
  facet normal 0 -1 0
    outer loop
      vertex 39.4802 5.01999 47.455
      vertex 41.9839 5.01999 42.6577
      vertex 40.4464 5.01999 47.2129
    endloop
  endfacet
  facet normal 0 -1 0
    outer loop
      vertex 33.0161 5.01999 42.6577
      vertex 32.7153 5.01999 46.4515
      vertex 31.861 5.01999 45.9394
    endloop
  endfacet
  facet normal 0 -1 0
    outer loop
      vertex 40.4464 5.01999 47.2129
      vertex 41.9839 5.01999 42.6577
      vertex 41.3842 5.01999 46.8774
    endloop
  endfacet
  facet normal 0 -1 0
    outer loop
      vertex 33.0161 5.01999 42.6577
      vertex 31.861 5.01999 45.9394
      vertex 31.0609 5.01999 45.3461
    endloop
  endfacet
  facet normal 0 -1 0
    outer loop
      vertex 41.3842 5.01999 46.8774
      vertex 41.9839 5.01999 42.6577
      vertex 42.2847 5.01999 46.4515
    endloop
  endfacet
  facet normal 0 -1 0
    outer loop
      vertex 33.0161 5.01999 42.6577
      vertex 31.0609 5.01999 45.3461
      vertex 30.3229 5.01999 44.6771
    endloop
  endfacet
  facet normal 0 -1 -0
    outer loop
      vertex 42.2847 5.01999 46.4515
      vertex 41.9839 5.01999 42.6577
      vertex 43.139 5.01999 45.9394
    endloop
  endfacet
  facet normal 0 -1 0
    outer loop
      vertex 33.0161 5.01999 42.6577
      vertex 30.3229 5.01999 44.6771
      vertex 29.6539 5.01999 43.9391
    endloop
  endfacet
  facet normal 0 -1 -0
    outer loop
      vertex 43.139 5.01999 45.9394
      vertex 41.9839 5.01999 42.6577
      vertex 43.9391 5.01999 45.3461
    endloop
  endfacet
  facet normal 0 -1 0
    outer loop
      vertex 31.7204 5.01999 41.1615
      vertex 29.6539 5.01999 43.9391
      vertex 29.0606 5.01999 43.139
    endloop
  endfacet
  facet normal 0 -1 -0
    outer loop
      vertex 43.9391 5.01999 45.3461
      vertex 41.9839 5.01999 42.6577
      vertex 44.6771 5.01999 44.6771
    endloop
  endfacet
  facet normal 0 -1 0
    outer loop
      vertex 43.3073 5.01999 41.4606
      vertex 44.6771 5.01999 44.6771
      vertex 41.9839 5.01999 42.6577
    endloop
  endfacet
  facet normal 0 -1 0
    outer loop
      vertex 31.7204 5.01999 41.1615
      vertex 29.0606 5.01999 43.139
      vertex 28.5485 5.01999 42.2847
    endloop
  endfacet
  facet normal 0 -1 0
    outer loop
      vertex 31.7204 5.01999 41.1615
      vertex 28.5485 5.01999 42.2847
      vertex 28.1226 5.01999 41.3842
    endloop
  endfacet
  facet normal 0 -1 0
    outer loop
      vertex 29.6539 5.01999 43.9391
      vertex 31.7204 5.01999 41.1615
      vertex 33.0161 5.01999 42.6577
    endloop
  endfacet
  facet normal 0 -1 0
    outer loop
      vertex 27.545 5.01999 39.4802
      vertex 31.7204 5.01999 41.1615
      vertex 27.7871 5.01999 40.4464
    endloop
  endfacet
  facet normal 0 -1 0
    outer loop
      vertex 27.7871 5.01999 40.4464
      vertex 31.7204 5.01999 41.1615
      vertex 28.1226 5.01999 41.3842
    endloop
  endfacet
  facet normal 0 -1 -0
    outer loop
      vertex 44.6771 5.01999 44.6771
      vertex 43.3073 5.01999 41.4606
      vertex 45.3461 5.01999 43.9391
    endloop
  endfacet
  facet normal 0 -1 0
    outer loop
      vertex 43.7918 5.01999 41.1615
      vertex 45.3461 5.01999 43.9391
      vertex 43.3073 5.01999 41.4606
    endloop
  endfacet
  facet normal 0 -1 0
    outer loop
      vertex 43.3073 5.01999 41.4606
      vertex 41.9839 5.01999 42.6577
      vertex 42.9069 5.01999 41.5919
    endloop
  endfacet
  facet normal 0 -1 -0
    outer loop
      vertex 45.3461 5.01999 43.9391
      vertex 43.7918 5.01999 41.1615
      vertex 45.9394 5.01999 43.139
    endloop
  endfacet
  facet normal 0 -1 -0
    outer loop
      vertex 45.9394 5.01999 43.139
      vertex 43.7918 5.01999 41.1615
      vertex 46.4515 5.01999 42.2847
    endloop
  endfacet
  facet normal 0 -1 -0
    outer loop
      vertex 46.4515 5.01999 42.2847
      vertex 43.7918 5.01999 41.1615
      vertex 46.8774 5.01999 41.3842
    endloop
  endfacet
  facet normal 0 -1 0
    outer loop
      vertex 43.7918 5.01999 41.1615
      vertex 47.2129 5.01999 40.4464
      vertex 46.8774 5.01999 41.3842
    endloop
  endfacet
  facet normal -0 -1 0
    outer loop
      vertex 37.5 5.01999 38.8028
      vertex 31.7204 5.01999 41.1615
      vertex 37.3723 5.01999 38.7966
    endloop
  endfacet
  facet normal 0 -1 0
    outer loop
      vertex 27.3989 5.01999 38.4949
      vertex 31.7204 5.01999 41.1615
      vertex 27.545 5.01999 39.4802
    endloop
  endfacet
  facet normal 0 -1 0
    outer loop
      vertex 37.6277 5.01999 38.7966
      vertex 43.7918 5.01999 41.1615
      vertex 37.5 5.01999 38.8028
    endloop
  endfacet
  facet normal 0 -1 0
    outer loop
      vertex 37.7542 5.01999 38.7778
      vertex 43.7918 5.01999 41.1615
      vertex 37.6277 5.01999 38.7966
    endloop
  endfacet
  facet normal 0 -1 0
    outer loop
      vertex 31.7204 5.01999 41.1615
      vertex 37.5 5.01999 38.8028
      vertex 43.7918 5.01999 41.1615
    endloop
  endfacet
  facet normal 0 -1 0
    outer loop
      vertex 31.7204 5.01999 41.1615
      vertex 37.2458 5.01999 38.7778
      vertex 37.3723 5.01999 38.7966
    endloop
  endfacet
  facet normal 0 -1 0
    outer loop
      vertex 31.7204 5.01999 41.1615
      vertex 37.1218 5.01999 38.7467
      vertex 37.2458 5.01999 38.7778
    endloop
  endfacet
  facet normal 0 -1 0
    outer loop
      vertex 31.7204 5.01999 41.1615
      vertex 37.0014 5.01999 38.7037
      vertex 37.1218 5.01999 38.7467
    endloop
  endfacet
  facet normal 0 -1 0
    outer loop
      vertex 31.7204 5.01999 41.1615
      vertex 36.8858 5.01999 38.649
      vertex 37.0014 5.01999 38.7037
    endloop
  endfacet
  facet normal 0 -1 0
    outer loop
      vertex 31.7204 5.01999 41.1615
      vertex 36.7762 5.01999 38.5833
      vertex 36.8858 5.01999 38.649
    endloop
  endfacet
  facet normal 0 -1 0
    outer loop
      vertex 31.7204 5.01999 41.1615
      vertex 36.6735 5.01999 38.5071
      vertex 36.7762 5.01999 38.5833
    endloop
  endfacet
  facet normal 0 -1 0
    outer loop
      vertex 27.35 5.01999 37.5
      vertex 31.7204 5.01999 41.1615
      vertex 27.3989 5.01999 38.4949
    endloop
  endfacet
  facet normal 0 -1 0
    outer loop
      vertex 31.7204 5.01999 41.1615
      vertex 36.5787 5.01999 38.4213
      vertex 36.6735 5.01999 38.5071
    endloop
  endfacet
  facet normal 0 -1 0
    outer loop
      vertex 31.7204 5.01999 41.1615
      vertex 36.4929 5.01999 38.3265
      vertex 36.5787 5.01999 38.4213
    endloop
  endfacet
  facet normal 0 -1 0
    outer loop
      vertex 31.7204 5.01999 41.1615
      vertex 36.4167 5.01999 38.2238
      vertex 36.4929 5.01999 38.3265
    endloop
  endfacet
  facet normal 0 -1 0
    outer loop
      vertex 31.7204 5.01999 41.1615
      vertex 36.351 5.01999 38.1142
      vertex 36.4167 5.01999 38.2238
    endloop
  endfacet
  facet normal 0 -1 0
    outer loop
      vertex 31.7204 5.01999 41.1615
      vertex 36.2963 5.01999 37.9986
      vertex 36.351 5.01999 38.1142
    endloop
  endfacet
  facet normal 0 -1 0
    outer loop
      vertex 31.7204 5.01999 41.1615
      vertex 36.2533 5.01999 37.8782
      vertex 36.2963 5.01999 37.9986
    endloop
  endfacet
  facet normal 0 -1 0
    outer loop
      vertex 31.7204 5.01999 41.1615
      vertex 36.2222 5.01999 37.7542
      vertex 36.2533 5.01999 37.8782
    endloop
  endfacet
  facet normal 0 -1 0
    outer loop
      vertex 31.7204 5.01999 41.1615
      vertex 36.2034 5.01999 37.6277
      vertex 36.2222 5.01999 37.7542
    endloop
  endfacet
  facet normal 0 -1 0
    outer loop
      vertex 36.2034 5.01999 37.3723
      vertex 31.7204 5.01999 41.1615
      vertex 27.35 5.01999 37.5
    endloop
  endfacet
  facet normal 0 -1 0
    outer loop
      vertex 31.7204 5.01999 41.1615
      vertex 36.1972 5.01999 37.5
      vertex 36.2034 5.01999 37.6277
    endloop
  endfacet
  facet normal 0 -1 0
    outer loop
      vertex 31.7204 5.01999 41.1615
      vertex 36.2034 5.01999 37.3723
      vertex 36.1972 5.01999 37.5
    endloop
  endfacet
  facet normal 0 -1 0
    outer loop
      vertex 27.35 5.01999 37.5
      vertex 36.2222 5.01999 37.2458
      vertex 36.2034 5.01999 37.3723
    endloop
  endfacet
  facet normal 0 -1 0
    outer loop
      vertex 27.35 5.01999 37.5
      vertex 36.2533 5.01999 37.1218
      vertex 36.2222 5.01999 37.2458
    endloop
  endfacet
  facet normal 0 -1 0
    outer loop
      vertex 27.35 5.01999 37.5
      vertex 36.2963 5.01999 37.0014
      vertex 36.2533 5.01999 37.1218
    endloop
  endfacet
  facet normal 0 -1 0
    outer loop
      vertex 27.35 5.01999 37.5
      vertex 36.351 5.01999 36.8858
      vertex 36.2963 5.01999 37.0014
    endloop
  endfacet
  facet normal 0 -1 0
    outer loop
      vertex 27.35 5.01999 37.5
      vertex 36.4167 5.01999 36.7762
      vertex 36.351 5.01999 36.8858
    endloop
  endfacet
  facet normal 0 -1 0
    outer loop
      vertex 27.35 5.01999 37.5
      vertex 36.4929 5.01999 36.6735
      vertex 36.4167 5.01999 36.7762
    endloop
  endfacet
  facet normal 0 -1 0
    outer loop
      vertex 27.35 5.01999 37.5
      vertex 36.5787 5.01999 36.5787
      vertex 36.4929 5.01999 36.6735
    endloop
  endfacet
  facet normal 0 -1 0
    outer loop
      vertex 27.35 5.01999 37.5
      vertex 36.6735 5.01999 36.4929
      vertex 36.5787 5.01999 36.5787
    endloop
  endfacet
  facet normal 0 -1 0
    outer loop
      vertex 27.35 5.01999 37.5
      vertex 36.7762 5.01999 36.4167
      vertex 36.6735 5.01999 36.4929
    endloop
  endfacet
  facet normal 0 -1 0
    outer loop
      vertex 27.35 5.01999 37.5
      vertex 36.8858 5.01999 36.351
      vertex 36.7762 5.01999 36.4167
    endloop
  endfacet
  facet normal 0 -1 0
    outer loop
      vertex 27.35 5.01999 37.5
      vertex 37.0014 5.01999 36.2963
      vertex 36.8858 5.01999 36.351
    endloop
  endfacet
  facet normal 0 -1 0
    outer loop
      vertex 27.35 5.01999 0
      vertex 37.0014 5.01999 36.2963
      vertex 27.35 5.01999 37.5
    endloop
  endfacet
  facet normal 0 -1 -0
    outer loop
      vertex 37.0014 5.01999 36.2963
      vertex 27.35 5.01999 0
      vertex 37.1218 5.01999 36.2533
    endloop
  endfacet
  facet normal 0 -1 -0
    outer loop
      vertex 37.1218 5.01999 36.2533
      vertex 27.35 5.01999 0
      vertex 37.2458 5.01999 36.2222
    endloop
  endfacet
  facet normal 0 -1 -0
    outer loop
      vertex 37.3723 5.01999 36.2034
      vertex 27.35 5.01999 0
      vertex 37.5 5.01999 36.1972
    endloop
  endfacet
  facet normal 0 -1 -0
    outer loop
      vertex 37.2458 5.01999 36.2222
      vertex 27.35 5.01999 0
      vertex 37.3723 5.01999 36.2034
    endloop
  endfacet
  facet normal 0 -1 0
    outer loop
      vertex 37.8782 5.01999 38.7467
      vertex 43.7918 5.01999 41.1615
      vertex 37.7542 5.01999 38.7778
    endloop
  endfacet
  facet normal 0 -1 0
    outer loop
      vertex 37.9986 5.01999 38.7037
      vertex 43.7918 5.01999 41.1615
      vertex 37.8782 5.01999 38.7467
    endloop
  endfacet
  facet normal 0 -1 0
    outer loop
      vertex 38.1142 5.01999 38.649
      vertex 43.7918 5.01999 41.1615
      vertex 37.9986 5.01999 38.7037
    endloop
  endfacet
  facet normal 0 -1 0
    outer loop
      vertex 38.2238 5.01999 38.5833
      vertex 43.7918 5.01999 41.1615
      vertex 38.1142 5.01999 38.649
    endloop
  endfacet
  facet normal 0 -1 0
    outer loop
      vertex 38.3265 5.01999 38.5071
      vertex 43.7918 5.01999 41.1615
      vertex 38.2238 5.01999 38.5833
    endloop
  endfacet
  facet normal 0 -1 0
    outer loop
      vertex 38.4213 5.01999 38.4213
      vertex 43.7918 5.01999 41.1615
      vertex 38.3265 5.01999 38.5071
    endloop
  endfacet
  facet normal 0 -1 0
    outer loop
      vertex 38.5071 5.01999 38.3265
      vertex 43.7918 5.01999 41.1615
      vertex 38.4213 5.01999 38.4213
    endloop
  endfacet
  facet normal 0 -1 0
    outer loop
      vertex 38.5833 5.01999 38.2238
      vertex 43.7918 5.01999 41.1615
      vertex 38.5071 5.01999 38.3265
    endloop
  endfacet
  facet normal 0 -1 0
    outer loop
      vertex 38.649 5.01999 38.1142
      vertex 43.7918 5.01999 41.1615
      vertex 38.5833 5.01999 38.2238
    endloop
  endfacet
  facet normal 0 -1 0
    outer loop
      vertex 38.7037 5.01999 37.9986
      vertex 43.7918 5.01999 41.1615
      vertex 38.649 5.01999 38.1142
    endloop
  endfacet
  facet normal 0 -1 0
    outer loop
      vertex 38.7467 5.01999 37.8782
      vertex 43.7918 5.01999 41.1615
      vertex 38.7037 5.01999 37.9986
    endloop
  endfacet
  facet normal 0 -1 0
    outer loop
      vertex 38.7778 5.01999 37.7542
      vertex 43.7918 5.01999 41.1615
      vertex 38.7467 5.01999 37.8782
    endloop
  endfacet
  facet normal 0 -1 0
    outer loop
      vertex 43.7918 5.01999 41.1615
      vertex 47.455 5.01999 39.4802
      vertex 47.2129 5.01999 40.4464
    endloop
  endfacet
  facet normal 0 -1 0
    outer loop
      vertex 38.7966 5.01999 37.6277
      vertex 43.7918 5.01999 41.1615
      vertex 38.7778 5.01999 37.7542
    endloop
  endfacet
  facet normal 0 -1 0
    outer loop
      vertex 43.7918 5.01999 41.1615
      vertex 47.6011 5.01999 38.4949
      vertex 47.455 5.01999 39.4802
    endloop
  endfacet
  facet normal 0 -1 0
    outer loop
      vertex 38.8028 5.01999 37.5
      vertex 43.7918 5.01999 41.1615
      vertex 38.7966 5.01999 37.6277
    endloop
  endfacet
  facet normal 0 -1 0
    outer loop
      vertex 38.7966 5.01999 37.3723
      vertex 43.7918 5.01999 41.1615
      vertex 38.8028 5.01999 37.5
    endloop
  endfacet
  facet normal 0 -1 0
    outer loop
      vertex 43.7918 5.01999 41.1615
      vertex 47.65 5.01999 37.5
      vertex 47.6011 5.01999 38.4949
    endloop
  endfacet
  facet normal 0 -1 -0
    outer loop
      vertex 43.7918 5.01999 41.1615
      vertex 38.7966 5.01999 37.3723
      vertex 47.65 5.01999 37.5
    endloop
  endfacet
  facet normal 0 -1 0
    outer loop
      vertex 38.7778 5.01999 37.2458
      vertex 47.65 5.01999 37.5
      vertex 38.7966 5.01999 37.3723
    endloop
  endfacet
  facet normal 0 -1 0
    outer loop
      vertex 38.7467 5.01999 37.1218
      vertex 47.65 5.01999 37.5
      vertex 38.7778 5.01999 37.2458
    endloop
  endfacet
  facet normal 0 -1 0
    outer loop
      vertex 38.7037 5.01999 37.0014
      vertex 47.65 5.01999 37.5
      vertex 38.7467 5.01999 37.1218
    endloop
  endfacet
  facet normal 0 -1 0
    outer loop
      vertex 38.649 5.01999 36.8858
      vertex 47.65 5.01999 37.5
      vertex 38.7037 5.01999 37.0014
    endloop
  endfacet
  facet normal 0 -1 0
    outer loop
      vertex 38.5833 5.01999 36.7762
      vertex 47.65 5.01999 37.5
      vertex 38.649 5.01999 36.8858
    endloop
  endfacet
  facet normal 0 -1 0
    outer loop
      vertex 38.5071 5.01999 36.6735
      vertex 47.65 5.01999 37.5
      vertex 38.5833 5.01999 36.7762
    endloop
  endfacet
  facet normal 0 -1 0
    outer loop
      vertex 38.4213 5.01999 36.5787
      vertex 47.65 5.01999 37.5
      vertex 38.5071 5.01999 36.6735
    endloop
  endfacet
  facet normal 0 -1 0
    outer loop
      vertex 38.3265 5.01999 36.4929
      vertex 47.65 5.01999 37.5
      vertex 38.4213 5.01999 36.5787
    endloop
  endfacet
  facet normal 0 -1 0
    outer loop
      vertex 38.2238 5.01999 36.4167
      vertex 47.65 5.01999 37.5
      vertex 38.3265 5.01999 36.4929
    endloop
  endfacet
  facet normal 0 -1 0
    outer loop
      vertex 38.1142 5.01999 36.351
      vertex 47.65 5.01999 37.5
      vertex 38.2238 5.01999 36.4167
    endloop
  endfacet
  facet normal 0 -1 0
    outer loop
      vertex 37.9986 5.01999 36.2963
      vertex 47.65 5.01999 37.5
      vertex 38.1142 5.01999 36.351
    endloop
  endfacet
  facet normal 0 -1 0
    outer loop
      vertex 47.65 5.01999 0
      vertex 37.9986 5.01999 36.2963
      vertex 37.8782 5.01999 36.2533
    endloop
  endfacet
  facet normal 0 -1 0
    outer loop
      vertex 47.65 5.01999 0
      vertex 37.8782 5.01999 36.2533
      vertex 37.7542 5.01999 36.2222
    endloop
  endfacet
  facet normal 0 -1 0
    outer loop
      vertex 47.65 5.01999 0
      vertex 37.7542 5.01999 36.2222
      vertex 37.6277 5.01999 36.2034
    endloop
  endfacet
  facet normal 0 -1 0
    outer loop
      vertex 47.65 5.01999 0
      vertex 37.5 5.01999 36.1972
      vertex 27.35 5.01999 0
    endloop
  endfacet
  facet normal 0 -1 0
    outer loop
      vertex 37.5 5.01999 36.1972
      vertex 47.65 5.01999 0
      vertex 37.6277 5.01999 36.2034
    endloop
  endfacet
  facet normal 0 -1 0
    outer loop
      vertex 37.9986 5.01999 36.2963
      vertex 47.65 5.01999 0
      vertex 47.65 5.01999 37.5
    endloop
  endfacet
  facet normal -1 0 0
    outer loop
      vertex 47.65 3.7879 0
      vertex 47.65 5.01999 37.5
      vertex 47.65 5.01999 0
    endloop
  endfacet
  facet normal -1 -0 0
    outer loop
      vertex 47.65 5.01999 37.5
      vertex 47.65 3.7879 0
      vertex 47.65 3.7879 37.5
    endloop
  endfacet
  facet normal -0.706666 0.706697 -0.034683
    outer loop
      vertex 47.65 3.7879 37.5
      vertex 45.15 1.28801 37.5
      vertex 45.1132 1.28801 38.2498
    endloop
  endfacet
  facet normal -0.706672 0.706688 -0.0347334
    outer loop
      vertex 47.6011 3.7879 38.4949
      vertex 47.65 3.7879 37.5
      vertex 45.1132 1.28801 38.2498
    endloop
  endfacet
  facet normal -0.998798 0 -0.0490207
    outer loop
      vertex 45.15 0 37.5
      vertex 45.1132 1.28801 38.2498
      vertex 45.15 1.28801 37.5
    endloop
  endfacet
  facet normal -0.998798 -0 -0.0490207
    outer loop
      vertex 45.1132 1.28801 38.2498
      vertex 45.15 0 37.5
      vertex 45.1132 0 38.2498
    endloop
  endfacet
  facet normal -0.998794 0 -0.0490914
    outer loop
      vertex 47.65 3.7879 37.5
      vertex 47.6011 5.01999 38.4949
      vertex 47.65 5.01999 37.5
    endloop
  endfacet
  facet normal -0.998794 -0 -0.0490914
    outer loop
      vertex 47.6011 5.01999 38.4949
      vertex 47.65 3.7879 37.5
      vertex 47.6011 3.7879 38.4949
    endloop
  endfacet
  facet normal -0.699862 0.706688 -0.103858
    outer loop
      vertex 47.6011 3.7879 38.4949
      vertex 45.1132 1.28801 38.2498
      vertex 45.003 1.28801 38.9924
    endloop
  endfacet
  facet normal -0.699859 0.706702 -0.103775
    outer loop
      vertex 47.455 3.7879 39.4802
      vertex 47.6011 3.7879 38.4949
      vertex 45.003 1.28801 38.9924
    endloop
  endfacet
  facet normal -0.989168 0 -0.14679
    outer loop
      vertex 45.1132 0 38.2498
      vertex 45.003 1.28801 38.9924
      vertex 45.1132 1.28801 38.2498
    endloop
  endfacet
  facet normal -0.989168 -0 -0.14679
    outer loop
      vertex 45.003 1.28801 38.9924
      vertex 45.1132 0 38.2498
      vertex 45.003 0 38.9924
    endloop
  endfacet
  facet normal -0.989185 0 -0.146676
    outer loop
      vertex 47.6011 3.7879 38.4949
      vertex 47.455 5.01999 39.4802
      vertex 47.6011 5.01999 38.4949
    endloop
  endfacet
  facet normal -0.989185 -0 -0.146676
    outer loop
      vertex 47.455 5.01999 39.4802
      vertex 47.6011 3.7879 38.4949
      vertex 47.455 3.7879 39.4802
    endloop
  endfacet
  facet normal -0.686312 0.706704 -0.171884
    outer loop
      vertex 47.455 3.7879 39.4802
      vertex 45.003 1.28801 38.9924
      vertex 44.8206 1.28801 39.7207
    endloop
  endfacet
  facet normal -0.686306 0.70669 -0.171967
    outer loop
      vertex 47.2129 3.7879 40.4464
      vertex 47.455 3.7879 39.4802
      vertex 44.8206 1.28801 39.7207
    endloop
  endfacet
  facet normal -0.970041 0 -0.242943
    outer loop
      vertex 45.003 0 38.9924
      vertex 44.8206 1.28801 39.7207
      vertex 45.003 1.28801 38.9924
    endloop
  endfacet
  facet normal -0.970041 -0 -0.242943
    outer loop
      vertex 44.8206 1.28801 39.7207
      vertex 45.003 0 38.9924
      vertex 44.8206 0 39.7207
    endloop
  endfacet
  facet normal -0.970012 0 -0.243055
    outer loop
      vertex 47.455 3.7879 39.4802
      vertex 47.2129 5.01999 40.4464
      vertex 47.455 5.01999 39.4802
    endloop
  endfacet
  facet normal -0.970012 -0 -0.243055
    outer loop
      vertex 47.2129 5.01999 40.4464
      vertex 47.455 3.7879 39.4802
      vertex 47.2129 3.7879 40.4464
    endloop
  endfacet
  facet normal -0.666165 0.706689 -0.23836
    outer loop
      vertex 47.2129 3.7879 40.4464
      vertex 44.8206 1.28801 39.7207
      vertex 44.5677 1.28801 40.4275
    endloop
  endfacet
  facet normal -0.666171 0.706695 -0.238324
    outer loop
      vertex 46.8774 3.7879 41.3842
      vertex 47.2129 3.7879 40.4464
      vertex 44.5677 1.28801 40.4275
    endloop
  endfacet
  facet normal -0.941543 0 -0.336893
    outer loop
      vertex 44.8206 0 39.7207
      vertex 44.5677 1.28801 40.4275
      vertex 44.8206 1.28801 39.7207
    endloop
  endfacet
  facet normal -0.941543 -0 -0.336893
    outer loop
      vertex 44.5677 1.28801 40.4275
      vertex 44.8206 0 39.7207
      vertex 44.5677 0 40.4275
    endloop
  endfacet
  facet normal -0.94156 0 -0.336845
    outer loop
      vertex 47.2129 3.7879 40.4464
      vertex 46.8774 5.01999 41.3842
      vertex 47.2129 5.01999 40.4464
    endloop
  endfacet
  facet normal -0.94156 -0 -0.336845
    outer loop
      vertex 46.8774 5.01999 41.3842
      vertex 47.2129 3.7879 40.4464
      vertex 46.8774 3.7879 41.3842
    endloop
  endfacet
  facet normal -0.639589 0.706696 -0.302502
    outer loop
      vertex 46.8774 3.7879 41.3842
      vertex 44.5677 1.28801 40.4275
      vertex 44.2467 1.28801 41.1062
    endloop
  endfacet
  facet normal -0.639589 0.706696 -0.3025
    outer loop
      vertex 46.4515 3.7879 42.2847
      vertex 46.8774 3.7879 41.3842
      vertex 44.2467 1.28801 41.1062
    endloop
  endfacet
  facet normal -0.90399 0 -0.427554
    outer loop
      vertex 44.5677 0 40.4275
      vertex 44.2467 1.28801 41.1062
      vertex 44.5677 1.28801 40.4275
    endloop
  endfacet
  facet normal -0.90399 -0 -0.427554
    outer loop
      vertex 44.2467 1.28801 41.1062
      vertex 44.5677 0 40.4275
      vertex 44.2467 0 41.1062
    endloop
  endfacet
  facet normal -0.903991 0 -0.427551
    outer loop
      vertex 46.8774 3.7879 41.3842
      vertex 46.4515 5.01999 42.2847
      vertex 46.8774 5.01999 41.3842
    endloop
  endfacet
  facet normal -0.903991 -0 -0.427551
    outer loop
      vertex 46.4515 5.01999 42.2847
      vertex 46.8774 3.7879 41.3842
      vertex 46.4515 3.7879 42.2847
    endloop
  endfacet
  facet normal -0.606833 0.706695 -0.363779
    outer loop
      vertex 46.4515 3.7879 42.2847
      vertex 44.2467 1.28801 41.1062
      vertex 43.8607 1.28801 41.7501
    endloop
  endfacet
  facet normal -0.60684 0.706698 -0.363763
    outer loop
      vertex 45.9394 3.7879 43.139
      vertex 46.4515 3.7879 42.2847
      vertex 43.8607 1.28801 41.7501
    endloop
  endfacet
  facet normal -0.857693 0 -0.514163
    outer loop
      vertex 44.2467 0 41.1062
      vertex 43.8607 1.28801 41.7501
      vertex 44.2467 1.28801 41.1062
    endloop
  endfacet
  facet normal -0.857693 -0 -0.514163
    outer loop
      vertex 43.8607 1.28801 41.7501
      vertex 44.2467 0 41.1062
      vertex 43.8607 0 41.7501
    endloop
  endfacet
  facet normal -0.857705 0 -0.514141
    outer loop
      vertex 46.4515 3.7879 42.2847
      vertex 45.9394 5.01999 43.139
      vertex 46.4515 5.01999 42.2847
    endloop
  endfacet
  facet normal -0.857705 -0 -0.514141
    outer loop
      vertex 45.9394 5.01999 43.139
      vertex 46.4515 3.7879 42.2847
      vertex 45.9394 3.7879 43.139
    endloop
  endfacet
  facet normal -0.568289 0.706697 -0.421458
    outer loop
      vertex 45.9394 3.7879 43.139
      vertex 43.8607 1.28801 41.7501
      vertex 43.4135 1.28801 42.3531
    endloop
  endfacet
  facet normal -0.568309 0.706705 -0.421419
    outer loop
      vertex 45.3461 3.7879 43.9391
      vertex 45.9394 3.7879 43.139
      vertex 43.4135 1.28801 42.3531
    endloop
  endfacet
  facet normal -0.803217 0 -0.595686
    outer loop
      vertex 43.8607 0 41.7501
      vertex 43.4135 1.28801 42.3531
      vertex 43.8607 1.28801 41.7501
    endloop
  endfacet
  facet normal -0.803217 -0 -0.595686
    outer loop
      vertex 43.4135 1.28801 42.3531
      vertex 43.8607 0 41.7501
      vertex 43.4135 0 42.3531
    endloop
  endfacet
  facet normal -0.803253 0 -0.595638
    outer loop
      vertex 45.9394 3.7879 43.139
      vertex 45.3461 5.01999 43.9391
      vertex 45.9394 5.01999 43.139
    endloop
  endfacet
  facet normal -0.803253 -0 -0.595638
    outer loop
      vertex 45.3461 5.01999 43.9391
      vertex 45.9394 3.7879 43.139
      vertex 45.3461 3.7879 43.9391
    endloop
  endfacet
  facet normal -0.524275 0.706707 -0.47508
    outer loop
      vertex 45.3461 3.7879 43.9391
      vertex 43.4135 1.28801 42.3531
      vertex 42.9094 1.28801 42.9094
    endloop
  endfacet
  facet normal -0.524204 0.706684 -0.475193
    outer loop
      vertex 44.6771 3.7879 44.6771
      vertex 45.3461 3.7879 43.9391
      vertex 42.9094 1.28801 42.9094
    endloop
  endfacet
  facet normal -0.741018 0 -0.671485
    outer loop
      vertex 43.4135 0 42.3531
      vertex 42.9094 1.28801 42.9094
      vertex 43.4135 1.28801 42.3531
    endloop
  endfacet
  facet normal -0.741018 -0 -0.671485
    outer loop
      vertex 42.9094 1.28801 42.9094
      vertex 43.4135 0 42.3531
      vertex 42.9094 0 42.9094
    endloop
  endfacet
  facet normal -0.740893 0 -0.671623
    outer loop
      vertex 45.3461 3.7879 43.9391
      vertex 44.6771 5.01999 44.6771
      vertex 45.3461 5.01999 43.9391
    endloop
  endfacet
  facet normal -0.740893 -0 -0.671623
    outer loop
      vertex 44.6771 5.01999 44.6771
      vertex 45.3461 3.7879 43.9391
      vertex 44.6771 3.7879 44.6771
    endloop
  endfacet
  facet normal -0.475097 0.706681 -0.524294
    outer loop
      vertex 44.6771 3.7879 44.6771
      vertex 42.9094 1.28801 42.9094
      vertex 42.3531 1.28801 43.4135
    endloop
  endfacet
  facet normal -0.475179 0.706704 -0.524189
    outer loop
      vertex 43.9391 3.7879 45.3461
      vertex 44.6771 3.7879 44.6771
      vertex 42.3531 1.28801 43.4135
    endloop
  endfacet
  facet normal -0.671485 0 -0.741018
    outer loop
      vertex 42.3531 0 43.4135
      vertex 42.9094 1.28801 42.9094
      vertex 42.9094 0 42.9094
    endloop
  endfacet
  facet normal -0.671485 0 -0.741018
    outer loop
      vertex 42.9094 1.28801 42.9094
      vertex 42.3531 0 43.4135
      vertex 42.3531 1.28801 43.4135
    endloop
  endfacet
  facet normal -0.671623 0 -0.740893
    outer loop
      vertex 43.9391 3.7879 45.3461
      vertex 44.6771 5.01999 44.6771
      vertex 44.6771 3.7879 44.6771
    endloop
  endfacet
  facet normal -0.671623 0 -0.740893
    outer loop
      vertex 44.6771 5.01999 44.6771
      vertex 43.9391 3.7879 45.3461
      vertex 43.9391 5.01999 45.3461
    endloop
  endfacet
  facet normal -0.421453 0.706706 -0.568282
    outer loop
      vertex 43.9391 3.7879 45.3461
      vertex 42.3531 1.28801 43.4135
      vertex 41.7501 1.28801 43.8607
    endloop
  endfacet
  facet normal -0.421423 0.706698 -0.568314
    outer loop
      vertex 43.139 3.7879 45.9394
      vertex 43.9391 3.7879 45.3461
      vertex 41.7501 1.28801 43.8607
    endloop
  endfacet
  facet normal -0.595686 0 -0.803217
    outer loop
      vertex 41.7501 0 43.8607
      vertex 42.3531 1.28801 43.4135
      vertex 42.3531 0 43.4135
    endloop
  endfacet
  facet normal -0.595686 0 -0.803217
    outer loop
      vertex 42.3531 1.28801 43.4135
      vertex 41.7501 0 43.8607
      vertex 41.7501 1.28801 43.8607
    endloop
  endfacet
  facet normal -0.595638 0 -0.803253
    outer loop
      vertex 43.139 3.7879 45.9394
      vertex 43.9391 5.01999 45.3461
      vertex 43.9391 3.7879 45.3461
    endloop
  endfacet
  facet normal -0.595638 0 -0.803253
    outer loop
      vertex 43.9391 5.01999 45.3461
      vertex 43.139 3.7879 45.9394
      vertex 43.139 5.01999 45.9394
    endloop
  endfacet
  facet normal -0.363778 0.706699 -0.60683
    outer loop
      vertex 43.139 3.7879 45.9394
      vertex 41.7501 1.28801 43.8607
      vertex 41.1062 1.28801 44.2467
    endloop
  endfacet
  facet normal -0.363764 0.706696 -0.606842
    outer loop
      vertex 42.2847 3.7879 46.4515
      vertex 43.139 3.7879 45.9394
      vertex 41.1062 1.28801 44.2467
    endloop
  endfacet
  facet normal -0.514163 0 -0.857693
    outer loop
      vertex 41.1062 0 44.2467
      vertex 41.7501 1.28801 43.8607
      vertex 41.7501 0 43.8607
    endloop
  endfacet
  facet normal -0.514163 0 -0.857693
    outer loop
      vertex 41.7501 1.28801 43.8607
      vertex 41.1062 0 44.2467
      vertex 41.1062 1.28801 44.2467
    endloop
  endfacet
  facet normal -0.514141 0 -0.857705
    outer loop
      vertex 42.2847 3.7879 46.4515
      vertex 43.139 5.01999 45.9394
      vertex 43.139 3.7879 45.9394
    endloop
  endfacet
  facet normal -0.514141 0 -0.857705
    outer loop
      vertex 43.139 5.01999 45.9394
      vertex 42.2847 3.7879 46.4515
      vertex 42.2847 5.01999 46.4515
    endloop
  endfacet
  facet normal -0.302502 0.706696 -0.639588
    outer loop
      vertex 42.2847 3.7879 46.4515
      vertex 41.1062 1.28801 44.2467
      vertex 40.4275 1.28801 44.5677
    endloop
  endfacet
  facet normal -0.3025 0.706696 -0.63959
    outer loop
      vertex 41.3842 3.7879 46.8774
      vertex 42.2847 3.7879 46.4515
      vertex 40.4275 1.28801 44.5677
    endloop
  endfacet
  facet normal -0.427554 0 -0.90399
    outer loop
      vertex 40.4275 0 44.5677
      vertex 41.1062 1.28801 44.2467
      vertex 41.1062 0 44.2467
    endloop
  endfacet
  facet normal -0.427554 0 -0.90399
    outer loop
      vertex 41.1062 1.28801 44.2467
      vertex 40.4275 0 44.5677
      vertex 40.4275 1.28801 44.5677
    endloop
  endfacet
  facet normal -0.427551 0 -0.903991
    outer loop
      vertex 41.3842 3.7879 46.8774
      vertex 42.2847 5.01999 46.4515
      vertex 42.2847 3.7879 46.4515
    endloop
  endfacet
  facet normal -0.427551 0 -0.903991
    outer loop
      vertex 42.2847 5.01999 46.4515
      vertex 41.3842 3.7879 46.8774
      vertex 41.3842 5.01999 46.8774
    endloop
  endfacet
  facet normal -0.238358 0.706696 -0.666158
    outer loop
      vertex 41.3842 3.7879 46.8774
      vertex 40.4275 1.28801 44.5677
      vertex 39.7207 1.28801 44.8206
    endloop
  endfacet
  facet normal -0.238326 0.70669 -0.666176
    outer loop
      vertex 40.4464 3.7879 47.2129
      vertex 41.3842 3.7879 46.8774
      vertex 39.7207 1.28801 44.8206
    endloop
  endfacet
  facet normal -0.336893 0 -0.941543
    outer loop
      vertex 39.7207 0 44.8206
      vertex 40.4275 1.28801 44.5677
      vertex 40.4275 0 44.5677
    endloop
  endfacet
  facet normal -0.336893 0 -0.941543
    outer loop
      vertex 40.4275 1.28801 44.5677
      vertex 39.7207 0 44.8206
      vertex 39.7207 1.28801 44.8206
    endloop
  endfacet
  facet normal -0.336845 0 -0.94156
    outer loop
      vertex 40.4464 3.7879 47.2129
      vertex 41.3842 5.01999 46.8774
      vertex 41.3842 3.7879 46.8774
    endloop
  endfacet
  facet normal -0.336845 0 -0.94156
    outer loop
      vertex 41.3842 5.01999 46.8774
      vertex 40.4464 3.7879 47.2129
      vertex 40.4464 5.01999 47.2129
    endloop
  endfacet
  facet normal -0.171888 0.706688 -0.686328
    outer loop
      vertex 40.4464 3.7879 47.2129
      vertex 39.7207 1.28801 44.8206
      vertex 38.9924 1.28801 45.003
    endloop
  endfacet
  facet normal -0.171964 0.706702 -0.686294
    outer loop
      vertex 39.4802 3.7879 47.455
      vertex 40.4464 3.7879 47.2129
      vertex 38.9924 1.28801 45.003
    endloop
  endfacet
  facet normal -0.242943 0 -0.970041
    outer loop
      vertex 38.9924 0 45.003
      vertex 39.7207 1.28801 44.8206
      vertex 39.7207 0 44.8206
    endloop
  endfacet
  facet normal -0.242943 0 -0.970041
    outer loop
      vertex 39.7207 1.28801 44.8206
      vertex 38.9924 0 45.003
      vertex 38.9924 1.28801 45.003
    endloop
  endfacet
  facet normal -0.243055 0 -0.970012
    outer loop
      vertex 39.4802 3.7879 47.455
      vertex 40.4464 5.01999 47.2129
      vertex 40.4464 3.7879 47.2129
    endloop
  endfacet
  facet normal -0.243055 0 -0.970012
    outer loop
      vertex 40.4464 5.01999 47.2129
      vertex 39.4802 3.7879 47.455
      vertex 39.4802 5.01999 47.455
    endloop
  endfacet
  facet normal -0.103855 0.706704 -0.699846
    outer loop
      vertex 39.4802 3.7879 47.455
      vertex 38.9924 1.28801 45.003
      vertex 38.2498 1.28801 45.1132
    endloop
  endfacet
  facet normal -0.103777 0.70669 -0.699872
    outer loop
      vertex 38.4949 3.7879 47.6011
      vertex 39.4802 3.7879 47.455
      vertex 38.2498 1.28801 45.1132
    endloop
  endfacet
  facet normal -0.14679 0 -0.989168
    outer loop
      vertex 38.2498 0 45.1132
      vertex 38.9924 1.28801 45.003
      vertex 38.9924 0 45.003
    endloop
  endfacet
  facet normal -0.14679 0 -0.989168
    outer loop
      vertex 38.9924 1.28801 45.003
      vertex 38.2498 0 45.1132
      vertex 38.2498 1.28801 45.1132
    endloop
  endfacet
  facet normal -0.146676 0 -0.989185
    outer loop
      vertex 38.4949 3.7879 47.6011
      vertex 39.4802 5.01999 47.455
      vertex 39.4802 3.7879 47.455
    endloop
  endfacet
  facet normal -0.146676 0 -0.989185
    outer loop
      vertex 39.4802 5.01999 47.455
      vertex 38.4949 3.7879 47.6011
      vertex 38.4949 5.01999 47.6011
    endloop
  endfacet
  facet normal -0.0346835 0.706687 -0.706676
    outer loop
      vertex 38.4949 3.7879 47.6011
      vertex 38.2498 1.28801 45.1132
      vertex 37.5 1.28801 45.15
    endloop
  endfacet
  facet normal -0.034733 0.706696 -0.706665
    outer loop
      vertex 37.5 3.7879 47.65
      vertex 38.4949 3.7879 47.6011
      vertex 37.5 1.28801 45.15
    endloop
  endfacet
  facet normal -0.0490207 0 -0.998798
    outer loop
      vertex 37.5 0 45.15
      vertex 38.2498 1.28801 45.1132
      vertex 38.2498 0 45.1132
    endloop
  endfacet
  facet normal -0.0490207 0 -0.998798
    outer loop
      vertex 38.2498 1.28801 45.1132
      vertex 37.5 0 45.15
      vertex 37.5 1.28801 45.15
    endloop
  endfacet
  facet normal -0.0490914 0 -0.998794
    outer loop
      vertex 37.5 3.7879 47.65
      vertex 38.4949 5.01999 47.6011
      vertex 38.4949 3.7879 47.6011
    endloop
  endfacet
  facet normal -0.0490914 0 -0.998794
    outer loop
      vertex 38.4949 5.01999 47.6011
      vertex 37.5 3.7879 47.65
      vertex 37.5 5.01999 47.65
    endloop
  endfacet
  facet normal 0.034683 0.706697 -0.706666
    outer loop
      vertex 37.5 3.7879 47.65
      vertex 37.5 1.28801 45.15
      vertex 36.7502 1.28801 45.1132
    endloop
  endfacet
  facet normal 0.0347334 0.706688 -0.706672
    outer loop
      vertex 37.5 3.7879 47.65
      vertex 36.7502 1.28801 45.1132
      vertex 36.5051 3.7879 47.6011
    endloop
  endfacet
  facet normal 0.0490207 0 -0.998798
    outer loop
      vertex 36.7502 0 45.1132
      vertex 37.5 1.28801 45.15
      vertex 37.5 0 45.15
    endloop
  endfacet
  facet normal 0.0490207 0 -0.998798
    outer loop
      vertex 37.5 1.28801 45.15
      vertex 36.7502 0 45.1132
      vertex 36.7502 1.28801 45.1132
    endloop
  endfacet
  facet normal 0.0490914 0 -0.998794
    outer loop
      vertex 36.5051 3.7879 47.6011
      vertex 37.5 5.01999 47.65
      vertex 37.5 3.7879 47.65
    endloop
  endfacet
  facet normal 0.0490914 0 -0.998794
    outer loop
      vertex 37.5 5.01999 47.65
      vertex 36.5051 3.7879 47.6011
      vertex 36.5051 5.01999 47.6011
    endloop
  endfacet
  facet normal 0.103858 0.706688 -0.699862
    outer loop
      vertex 36.5051 3.7879 47.6011
      vertex 36.7502 1.28801 45.1132
      vertex 36.0076 1.28801 45.003
    endloop
  endfacet
  facet normal 0.103775 0.706702 -0.699859
    outer loop
      vertex 36.5051 3.7879 47.6011
      vertex 36.0076 1.28801 45.003
      vertex 35.5198 3.7879 47.455
    endloop
  endfacet
  facet normal 0.14679 0 -0.989168
    outer loop
      vertex 36.0076 0 45.003
      vertex 36.7502 1.28801 45.1132
      vertex 36.7502 0 45.1132
    endloop
  endfacet
  facet normal 0.14679 0 -0.989168
    outer loop
      vertex 36.7502 1.28801 45.1132
      vertex 36.0076 0 45.003
      vertex 36.0076 1.28801 45.003
    endloop
  endfacet
  facet normal 0.146676 0 -0.989185
    outer loop
      vertex 35.5198 3.7879 47.455
      vertex 36.5051 5.01999 47.6011
      vertex 36.5051 3.7879 47.6011
    endloop
  endfacet
  facet normal 0.146676 0 -0.989185
    outer loop
      vertex 36.5051 5.01999 47.6011
      vertex 35.5198 3.7879 47.455
      vertex 35.5198 5.01999 47.455
    endloop
  endfacet
  facet normal 0.171884 0.706704 -0.686312
    outer loop
      vertex 35.5198 3.7879 47.455
      vertex 36.0076 1.28801 45.003
      vertex 35.2793 1.28801 44.8206
    endloop
  endfacet
  facet normal 0.171967 0.70669 -0.686306
    outer loop
      vertex 35.5198 3.7879 47.455
      vertex 35.2793 1.28801 44.8206
      vertex 34.5536 3.7879 47.2129
    endloop
  endfacet
  facet normal 0.242943 0 -0.970041
    outer loop
      vertex 35.2793 0 44.8206
      vertex 36.0076 1.28801 45.003
      vertex 36.0076 0 45.003
    endloop
  endfacet
  facet normal 0.242943 0 -0.970041
    outer loop
      vertex 36.0076 1.28801 45.003
      vertex 35.2793 0 44.8206
      vertex 35.2793 1.28801 44.8206
    endloop
  endfacet
  facet normal 0.243055 0 -0.970012
    outer loop
      vertex 34.5536 3.7879 47.2129
      vertex 35.5198 5.01999 47.455
      vertex 35.5198 3.7879 47.455
    endloop
  endfacet
  facet normal 0.243055 0 -0.970012
    outer loop
      vertex 35.5198 5.01999 47.455
      vertex 34.5536 3.7879 47.2129
      vertex 34.5536 5.01999 47.2129
    endloop
  endfacet
  facet normal 0.23836 0.706689 -0.666165
    outer loop
      vertex 35.2793 1.28801 44.8206
      vertex 34.5725 1.28801 44.5677
      vertex 34.5536 3.7879 47.2129
    endloop
  endfacet
  facet normal 0.238324 0.706695 -0.666171
    outer loop
      vertex 34.5536 3.7879 47.2129
      vertex 34.5725 1.28801 44.5677
      vertex 33.6158 3.7879 46.8774
    endloop
  endfacet
  facet normal 0.336893 0 -0.941543
    outer loop
      vertex 34.5725 0 44.5677
      vertex 35.2793 1.28801 44.8206
      vertex 35.2793 0 44.8206
    endloop
  endfacet
  facet normal 0.336893 0 -0.941543
    outer loop
      vertex 35.2793 1.28801 44.8206
      vertex 34.5725 0 44.5677
      vertex 34.5725 1.28801 44.5677
    endloop
  endfacet
  facet normal 0.336845 0 -0.94156
    outer loop
      vertex 33.6158 3.7879 46.8774
      vertex 34.5536 5.01999 47.2129
      vertex 34.5536 3.7879 47.2129
    endloop
  endfacet
  facet normal 0.336845 0 -0.94156
    outer loop
      vertex 34.5536 5.01999 47.2129
      vertex 33.6158 3.7879 46.8774
      vertex 33.6158 5.01999 46.8774
    endloop
  endfacet
  facet normal 0.302502 0.706696 -0.639589
    outer loop
      vertex 34.5725 1.28801 44.5677
      vertex 33.8938 1.28801 44.2467
      vertex 33.6158 3.7879 46.8774
    endloop
  endfacet
  facet normal 0.3025 0.706696 -0.639589
    outer loop
      vertex 33.6158 3.7879 46.8774
      vertex 33.8938 1.28801 44.2467
      vertex 32.7153 3.7879 46.4515
    endloop
  endfacet
  facet normal 0.427554 0 -0.90399
    outer loop
      vertex 33.8938 0 44.2467
      vertex 34.5725 1.28801 44.5677
      vertex 34.5725 0 44.5677
    endloop
  endfacet
  facet normal 0.427554 0 -0.90399
    outer loop
      vertex 34.5725 1.28801 44.5677
      vertex 33.8938 0 44.2467
      vertex 33.8938 1.28801 44.2467
    endloop
  endfacet
  facet normal 0.427551 0 -0.903991
    outer loop
      vertex 32.7153 3.7879 46.4515
      vertex 33.6158 5.01999 46.8774
      vertex 33.6158 3.7879 46.8774
    endloop
  endfacet
  facet normal 0.427551 0 -0.903991
    outer loop
      vertex 33.6158 5.01999 46.8774
      vertex 32.7153 3.7879 46.4515
      vertex 32.7153 5.01999 46.4515
    endloop
  endfacet
  facet normal 0.363779 0.706695 -0.606833
    outer loop
      vertex 33.8938 1.28801 44.2467
      vertex 33.2499 1.28801 43.8607
      vertex 32.7153 3.7879 46.4515
    endloop
  endfacet
  facet normal 0.363763 0.706698 -0.60684
    outer loop
      vertex 32.7153 3.7879 46.4515
      vertex 33.2499 1.28801 43.8607
      vertex 31.861 3.7879 45.9394
    endloop
  endfacet
  facet normal 0.514163 0 -0.857693
    outer loop
      vertex 33.2499 0 43.8607
      vertex 33.8938 1.28801 44.2467
      vertex 33.8938 0 44.2467
    endloop
  endfacet
  facet normal 0.514163 0 -0.857693
    outer loop
      vertex 33.8938 1.28801 44.2467
      vertex 33.2499 0 43.8607
      vertex 33.2499 1.28801 43.8607
    endloop
  endfacet
  facet normal 0.514141 0 -0.857705
    outer loop
      vertex 31.861 3.7879 45.9394
      vertex 32.7153 5.01999 46.4515
      vertex 32.7153 3.7879 46.4515
    endloop
  endfacet
  facet normal 0.514141 0 -0.857705
    outer loop
      vertex 32.7153 5.01999 46.4515
      vertex 31.861 3.7879 45.9394
      vertex 31.861 5.01999 45.9394
    endloop
  endfacet
  facet normal 0.421458 0.706697 -0.568289
    outer loop
      vertex 33.2499 1.28801 43.8607
      vertex 32.6469 1.28801 43.4135
      vertex 31.861 3.7879 45.9394
    endloop
  endfacet
  facet normal 0.421419 0.706705 -0.568309
    outer loop
      vertex 31.861 3.7879 45.9394
      vertex 32.6469 1.28801 43.4135
      vertex 31.0609 3.7879 45.3461
    endloop
  endfacet
  facet normal 0.595686 0 -0.803217
    outer loop
      vertex 32.6469 0 43.4135
      vertex 33.2499 1.28801 43.8607
      vertex 33.2499 0 43.8607
    endloop
  endfacet
  facet normal 0.595686 0 -0.803217
    outer loop
      vertex 33.2499 1.28801 43.8607
      vertex 32.6469 0 43.4135
      vertex 32.6469 1.28801 43.4135
    endloop
  endfacet
  facet normal 0.595638 0 -0.803253
    outer loop
      vertex 31.0609 3.7879 45.3461
      vertex 31.861 5.01999 45.9394
      vertex 31.861 3.7879 45.9394
    endloop
  endfacet
  facet normal 0.595638 0 -0.803253
    outer loop
      vertex 31.861 5.01999 45.9394
      vertex 31.0609 3.7879 45.3461
      vertex 31.0609 5.01999 45.3461
    endloop
  endfacet
  facet normal 0.47508 0.706707 -0.524275
    outer loop
      vertex 32.6469 1.28801 43.4135
      vertex 32.0906 1.28801 42.9094
      vertex 31.0609 3.7879 45.3461
    endloop
  endfacet
  facet normal 0.475193 0.706684 -0.524204
    outer loop
      vertex 31.0609 3.7879 45.3461
      vertex 32.0906 1.28801 42.9094
      vertex 30.3229 3.7879 44.6771
    endloop
  endfacet
  facet normal 0.671485 0 -0.741018
    outer loop
      vertex 32.0906 0 42.9094
      vertex 32.6469 1.28801 43.4135
      vertex 32.6469 0 43.4135
    endloop
  endfacet
  facet normal 0.671485 0 -0.741018
    outer loop
      vertex 32.6469 1.28801 43.4135
      vertex 32.0906 0 42.9094
      vertex 32.0906 1.28801 42.9094
    endloop
  endfacet
  facet normal 0.671623 0 -0.740893
    outer loop
      vertex 30.3229 3.7879 44.6771
      vertex 31.0609 5.01999 45.3461
      vertex 31.0609 3.7879 45.3461
    endloop
  endfacet
  facet normal 0.671623 0 -0.740893
    outer loop
      vertex 31.0609 5.01999 45.3461
      vertex 30.3229 3.7879 44.6771
      vertex 30.3229 5.01999 44.6771
    endloop
  endfacet
  facet normal 0.524294 0.706681 -0.475097
    outer loop
      vertex 32.0906 1.28801 42.9094
      vertex 31.5865 1.28801 42.3531
      vertex 30.3229 3.7879 44.6771
    endloop
  endfacet
  facet normal 0.524189 0.706704 -0.475179
    outer loop
      vertex 30.3229 3.7879 44.6771
      vertex 31.5865 1.28801 42.3531
      vertex 29.6539 3.7879 43.9391
    endloop
  endfacet
  facet normal 0.741018 0 -0.671485
    outer loop
      vertex 32.0906 0 42.9094
      vertex 31.5865 1.28801 42.3531
      vertex 32.0906 1.28801 42.9094
    endloop
  endfacet
  facet normal 0.741018 0 -0.671485
    outer loop
      vertex 31.5865 1.28801 42.3531
      vertex 32.0906 0 42.9094
      vertex 31.5865 0 42.3531
    endloop
  endfacet
  facet normal 0.740893 0 -0.671623
    outer loop
      vertex 30.3229 3.7879 44.6771
      vertex 29.6539 5.01999 43.9391
      vertex 30.3229 5.01999 44.6771
    endloop
  endfacet
  facet normal 0.740893 0 -0.671623
    outer loop
      vertex 29.6539 5.01999 43.9391
      vertex 30.3229 3.7879 44.6771
      vertex 29.6539 3.7879 43.9391
    endloop
  endfacet
  facet normal 0.568282 0.706706 -0.421453
    outer loop
      vertex 31.5865 1.28801 42.3531
      vertex 31.1393 1.28801 41.7501
      vertex 29.6539 3.7879 43.9391
    endloop
  endfacet
  facet normal 0.568314 0.706698 -0.421423
    outer loop
      vertex 29.6539 3.7879 43.9391
      vertex 31.1393 1.28801 41.7501
      vertex 29.0606 3.7879 43.139
    endloop
  endfacet
  facet normal 0.803217 0 -0.595686
    outer loop
      vertex 31.5865 0 42.3531
      vertex 31.1393 1.28801 41.7501
      vertex 31.5865 1.28801 42.3531
    endloop
  endfacet
  facet normal 0.803217 0 -0.595686
    outer loop
      vertex 31.1393 1.28801 41.7501
      vertex 31.5865 0 42.3531
      vertex 31.1393 0 41.7501
    endloop
  endfacet
  facet normal 0.803253 0 -0.595638
    outer loop
      vertex 29.6539 3.7879 43.9391
      vertex 29.0606 5.01999 43.139
      vertex 29.6539 5.01999 43.9391
    endloop
  endfacet
  facet normal 0.803253 0 -0.595638
    outer loop
      vertex 29.0606 5.01999 43.139
      vertex 29.6539 3.7879 43.9391
      vertex 29.0606 3.7879 43.139
    endloop
  endfacet
  facet normal 0.60683 0.706699 -0.363778
    outer loop
      vertex 31.1393 1.28801 41.7501
      vertex 30.7533 1.28801 41.1062
      vertex 29.0606 3.7879 43.139
    endloop
  endfacet
  facet normal 0.606842 0.706696 -0.363764
    outer loop
      vertex 29.0606 3.7879 43.139
      vertex 30.7533 1.28801 41.1062
      vertex 28.5485 3.7879 42.2847
    endloop
  endfacet
  facet normal 0.857693 0 -0.514163
    outer loop
      vertex 31.1393 0 41.7501
      vertex 30.7533 1.28801 41.1062
      vertex 31.1393 1.28801 41.7501
    endloop
  endfacet
  facet normal 0.857693 0 -0.514163
    outer loop
      vertex 30.7533 1.28801 41.1062
      vertex 31.1393 0 41.7501
      vertex 30.7533 0 41.1062
    endloop
  endfacet
  facet normal 0.857705 0 -0.514141
    outer loop
      vertex 29.0606 3.7879 43.139
      vertex 28.5485 5.01999 42.2847
      vertex 29.0606 5.01999 43.139
    endloop
  endfacet
  facet normal 0.857705 0 -0.514141
    outer loop
      vertex 28.5485 5.01999 42.2847
      vertex 29.0606 3.7879 43.139
      vertex 28.5485 3.7879 42.2847
    endloop
  endfacet
  facet normal 0.639588 0.706696 -0.302502
    outer loop
      vertex 30.7533 1.28801 41.1062
      vertex 30.4323 1.28801 40.4275
      vertex 28.5485 3.7879 42.2847
    endloop
  endfacet
  facet normal 0.63959 0.706696 -0.3025
    outer loop
      vertex 28.5485 3.7879 42.2847
      vertex 30.4323 1.28801 40.4275
      vertex 28.1226 3.7879 41.3842
    endloop
  endfacet
  facet normal 0.90399 0 -0.427554
    outer loop
      vertex 30.7533 0 41.1062
      vertex 30.4323 1.28801 40.4275
      vertex 30.7533 1.28801 41.1062
    endloop
  endfacet
  facet normal 0.90399 0 -0.427554
    outer loop
      vertex 30.4323 1.28801 40.4275
      vertex 30.7533 0 41.1062
      vertex 30.4323 0 40.4275
    endloop
  endfacet
  facet normal 0.903991 0 -0.427551
    outer loop
      vertex 28.5485 3.7879 42.2847
      vertex 28.1226 5.01999 41.3842
      vertex 28.5485 5.01999 42.2847
    endloop
  endfacet
  facet normal 0.903991 0 -0.427551
    outer loop
      vertex 28.1226 5.01999 41.3842
      vertex 28.5485 3.7879 42.2847
      vertex 28.1226 3.7879 41.3842
    endloop
  endfacet
  facet normal 0.666158 0.706696 -0.238358
    outer loop
      vertex 30.4323 1.28801 40.4275
      vertex 30.1794 1.28801 39.7207
      vertex 28.1226 3.7879 41.3842
    endloop
  endfacet
  facet normal 0.666176 0.70669 -0.238326
    outer loop
      vertex 28.1226 3.7879 41.3842
      vertex 30.1794 1.28801 39.7207
      vertex 27.7871 3.7879 40.4464
    endloop
  endfacet
  facet normal 0.941543 0 -0.336893
    outer loop
      vertex 30.4323 0 40.4275
      vertex 30.1794 1.28801 39.7207
      vertex 30.4323 1.28801 40.4275
    endloop
  endfacet
  facet normal 0.941543 0 -0.336893
    outer loop
      vertex 30.1794 1.28801 39.7207
      vertex 30.4323 0 40.4275
      vertex 30.1794 0 39.7207
    endloop
  endfacet
  facet normal 0.94156 0 -0.336845
    outer loop
      vertex 28.1226 3.7879 41.3842
      vertex 27.7871 5.01999 40.4464
      vertex 28.1226 5.01999 41.3842
    endloop
  endfacet
  facet normal 0.94156 0 -0.336845
    outer loop
      vertex 27.7871 5.01999 40.4464
      vertex 28.1226 3.7879 41.3842
      vertex 27.7871 3.7879 40.4464
    endloop
  endfacet
  facet normal 0.686328 0.706688 -0.171888
    outer loop
      vertex 30.1794 1.28801 39.7207
      vertex 29.997 1.28801 38.9924
      vertex 27.7871 3.7879 40.4464
    endloop
  endfacet
  facet normal 0.686294 0.706702 -0.171964
    outer loop
      vertex 27.7871 3.7879 40.4464
      vertex 29.997 1.28801 38.9924
      vertex 27.545 3.7879 39.4802
    endloop
  endfacet
  facet normal 0.970041 0 -0.242943
    outer loop
      vertex 30.1794 0 39.7207
      vertex 29.997 1.28801 38.9924
      vertex 30.1794 1.28801 39.7207
    endloop
  endfacet
  facet normal 0.970041 0 -0.242943
    outer loop
      vertex 29.997 1.28801 38.9924
      vertex 30.1794 0 39.7207
      vertex 29.997 0 38.9924
    endloop
  endfacet
  facet normal 0.970012 0 -0.243055
    outer loop
      vertex 27.7871 3.7879 40.4464
      vertex 27.545 5.01999 39.4802
      vertex 27.7871 5.01999 40.4464
    endloop
  endfacet
  facet normal 0.970012 0 -0.243055
    outer loop
      vertex 27.545 5.01999 39.4802
      vertex 27.7871 3.7879 40.4464
      vertex 27.545 3.7879 39.4802
    endloop
  endfacet
  facet normal 0.699846 0.706704 -0.103855
    outer loop
      vertex 29.997 1.28801 38.9924
      vertex 29.8868 1.28801 38.2498
      vertex 27.545 3.7879 39.4802
    endloop
  endfacet
  facet normal 0.699872 0.70669 -0.103777
    outer loop
      vertex 27.545 3.7879 39.4802
      vertex 29.8868 1.28801 38.2498
      vertex 27.3989 3.7879 38.4949
    endloop
  endfacet
  facet normal 0.989168 0 -0.14679
    outer loop
      vertex 29.997 0 38.9924
      vertex 29.8868 1.28801 38.2498
      vertex 29.997 1.28801 38.9924
    endloop
  endfacet
  facet normal 0.989168 0 -0.14679
    outer loop
      vertex 29.8868 1.28801 38.2498
      vertex 29.997 0 38.9924
      vertex 29.8868 0 38.2498
    endloop
  endfacet
  facet normal 0.989185 0 -0.146676
    outer loop
      vertex 27.545 3.7879 39.4802
      vertex 27.3989 5.01999 38.4949
      vertex 27.545 5.01999 39.4802
    endloop
  endfacet
  facet normal 0.989185 0 -0.146676
    outer loop
      vertex 27.3989 5.01999 38.4949
      vertex 27.545 3.7879 39.4802
      vertex 27.3989 3.7879 38.4949
    endloop
  endfacet
  facet normal 0.706676 0.706687 -0.0346835
    outer loop
      vertex 29.8868 1.28801 38.2498
      vertex 29.85 1.28801 37.5
      vertex 27.3989 3.7879 38.4949
    endloop
  endfacet
  facet normal 0.706665 0.706696 -0.034733
    outer loop
      vertex 27.3989 3.7879 38.4949
      vertex 29.85 1.28801 37.5
      vertex 27.35 3.7879 37.5
    endloop
  endfacet
  facet normal 0.998798 0 -0.0490207
    outer loop
      vertex 29.8868 0 38.2498
      vertex 29.85 1.28801 37.5
      vertex 29.8868 1.28801 38.2498
    endloop
  endfacet
  facet normal 0.998798 0 -0.0490207
    outer loop
      vertex 29.85 1.28801 37.5
      vertex 29.8868 0 38.2498
      vertex 29.85 0 37.5
    endloop
  endfacet
  facet normal 0.998794 0 -0.0490914
    outer loop
      vertex 27.3989 3.7879 38.4949
      vertex 27.35 5.01999 37.5
      vertex 27.3989 5.01999 38.4949
    endloop
  endfacet
  facet normal 0.998794 0 -0.0490914
    outer loop
      vertex 27.35 5.01999 37.5
      vertex 27.3989 3.7879 38.4949
      vertex 27.35 3.7879 37.5
    endloop
  endfacet
  facet normal -0.758753 -0.650336 -0.0368384
    outer loop
      vertex 36.2034 5.01999 37.3723
      vertex 37.5 3.5 37.5
      vertex 36.1972 5.01999 37.5
    endloop
  endfacet
  facet normal -0.75139 -0.650341 -0.111669
    outer loop
      vertex 36.2222 5.01999 37.2458
      vertex 37.5 3.5 37.5
      vertex 36.2034 5.01999 37.3723
    endloop
  endfacet
  facet normal 0.0368384 -0.650336 0.758753
    outer loop
      vertex 37.6277 5.01999 38.7966
      vertex 37.5 5.01999 38.8028
      vertex 37.5 3.5 37.5
    endloop
  endfacet
  facet normal 0.0368384 -0.650336 -0.758753
    outer loop
      vertex 37.5 5.01999 36.1972
      vertex 37.6277 5.01999 36.2034
      vertex 37.5 3.5 37.5
    endloop
  endfacet
  facet normal 0.758753 -0.650336 -0.0368384
    outer loop
      vertex 38.7966 5.01999 37.3723
      vertex 38.8028 5.01999 37.5
      vertex 37.5 3.5 37.5
    endloop
  endfacet
  facet normal -0.509745 -0.650345 0.563215
    outer loop
      vertex 37.5 3.5 37.5
      vertex 36.6735 5.01999 38.5071
      vertex 36.5787 5.01999 38.4213
    endloop
  endfacet
  facet normal -0.509745 -0.650345 -0.563215
    outer loop
      vertex 36.6735 5.01999 36.4929
      vertex 37.5 3.5 37.5
      vertex 36.5787 5.01999 36.5787
    endloop
  endfacet
  facet normal -0.255497 -0.650337 -0.71539
    outer loop
      vertex 37.1218 5.01999 36.2533
      vertex 37.5 3.5 37.5
      vertex 37.0014 5.01999 36.2963
    endloop
  endfacet
  facet normal 0.563215 -0.650345 0.509745
    outer loop
      vertex 38.5071 5.01999 38.3265
      vertex 38.4213 5.01999 38.4213
      vertex 37.5 3.5 37.5
    endloop
  endfacet
  facet normal 0.563215 -0.650345 -0.509745
    outer loop
      vertex 38.4213 5.01999 36.5787
      vertex 38.5071 5.01999 36.6735
      vertex 37.5 3.5 37.5
    endloop
  endfacet
  facet normal -0.255497 -0.650337 0.71539
    outer loop
      vertex 37.5 3.5 37.5
      vertex 37.1218 5.01999 38.7467
      vertex 37.0014 5.01999 38.7037
    endloop
  endfacet
  facet normal -0.686648 -0.650345 0.32491
    outer loop
      vertex 37.5 3.5 37.5
      vertex 36.351 5.01999 38.1142
      vertex 36.2963 5.01999 37.9986
    endloop
  endfacet
  facet normal -0.686648 -0.650345 -0.32491
    outer loop
      vertex 36.351 5.01999 36.8858
      vertex 37.5 3.5 37.5
      vertex 36.2963 5.01999 37.0014
    endloop
  endfacet
  facet normal -0.610062 -0.650336 -0.452645
    outer loop
      vertex 36.4929 5.01999 36.6735
      vertex 37.5 3.5 37.5
      vertex 36.4167 5.01999 36.7762
    endloop
  endfacet
  facet normal -0.111669 -0.650341 -0.75139
    outer loop
      vertex 37.3723 5.01999 36.2034
      vertex 37.5 3.5 37.5
      vertex 37.2458 5.01999 36.2222
    endloop
  endfacet
  facet normal -0.39057 -0.650342 -0.651545
    outer loop
      vertex 36.8858 5.01999 36.351
      vertex 37.5 3.5 37.5
      vertex 36.7762 5.01999 36.4167
    endloop
  endfacet
  facet normal 0.32491 -0.650345 0.686648
    outer loop
      vertex 38.1142 5.01999 38.649
      vertex 37.9986 5.01999 38.7037
      vertex 37.5 3.5 37.5
    endloop
  endfacet
  facet normal 0.71539 -0.650337 0.255497
    outer loop
      vertex 38.7467 5.01999 37.8782
      vertex 38.7037 5.01999 37.9986
      vertex 37.5 3.5 37.5
    endloop
  endfacet
  facet normal 0.71539 -0.650337 -0.255497
    outer loop
      vertex 38.7037 5.01999 37.0014
      vertex 38.7467 5.01999 37.1218
      vertex 37.5 3.5 37.5
    endloop
  endfacet
  facet normal 0.32491 -0.650345 -0.686648
    outer loop
      vertex 37.9986 5.01999 36.2963
      vertex 38.1142 5.01999 36.351
      vertex 37.5 3.5 37.5
    endloop
  endfacet
  facet normal -0.39057 -0.650342 0.651545
    outer loop
      vertex 37.5 3.5 37.5
      vertex 36.8858 5.01999 38.649
      vertex 36.7762 5.01999 38.5833
    endloop
  endfacet
  facet normal -0.111669 -0.650341 0.75139
    outer loop
      vertex 37.5 3.5 37.5
      vertex 37.3723 5.01999 38.7966
      vertex 37.2458 5.01999 38.7778
    endloop
  endfacet
  facet normal -0.610062 -0.650336 0.452645
    outer loop
      vertex 37.5 3.5 37.5
      vertex 36.4929 5.01999 38.3265
      vertex 36.4167 5.01999 38.2238
    endloop
  endfacet
  facet normal -0.736829 -0.650331 0.184802
    outer loop
      vertex 37.5 3.5 37.5
      vertex 36.2533 5.01999 37.8782
      vertex 36.2222 5.01999 37.7542
    endloop
  endfacet
  facet normal -0.736829 -0.650331 -0.184802
    outer loop
      vertex 36.2533 5.01999 37.1218
      vertex 37.5 3.5 37.5
      vertex 36.2222 5.01999 37.2458
    endloop
  endfacet
  facet normal -0.71539 -0.650337 -0.255497
    outer loop
      vertex 36.2963 5.01999 37.0014
      vertex 37.5 3.5 37.5
      vertex 36.2533 5.01999 37.1218
    endloop
  endfacet
  facet normal -0.563215 -0.650345 -0.509745
    outer loop
      vertex 36.5787 5.01999 36.5787
      vertex 37.5 3.5 37.5
      vertex 36.4929 5.01999 36.6735
    endloop
  endfacet
  facet normal -0.651545 -0.650342 -0.39057
    outer loop
      vertex 36.4167 5.01999 36.7762
      vertex 37.5 3.5 37.5
      vertex 36.351 5.01999 36.8858
    endloop
  endfacet
  facet normal -0.0368384 -0.650336 -0.758753
    outer loop
      vertex 37.5 5.01999 36.1972
      vertex 37.5 3.5 37.5
      vertex 37.3723 5.01999 36.2034
    endloop
  endfacet
  facet normal -0.184802 -0.650331 -0.736829
    outer loop
      vertex 37.2458 5.01999 36.2222
      vertex 37.5 3.5 37.5
      vertex 37.1218 5.01999 36.2533
    endloop
  endfacet
  facet normal -0.32491 -0.650345 -0.686648
    outer loop
      vertex 37.0014 5.01999 36.2963
      vertex 37.5 3.5 37.5
      vertex 36.8858 5.01999 36.351
    endloop
  endfacet
  facet normal -0.452645 -0.650336 -0.610062
    outer loop
      vertex 36.7762 5.01999 36.4167
      vertex 37.5 3.5 37.5
      vertex 36.6735 5.01999 36.4929
    endloop
  endfacet
  facet normal 0.184802 -0.650331 0.736829
    outer loop
      vertex 37.8782 5.01999 38.7467
      vertex 37.7542 5.01999 38.7778
      vertex 37.5 3.5 37.5
    endloop
  endfacet
  facet normal 0.452645 -0.650336 0.610062
    outer loop
      vertex 38.3265 5.01999 38.5071
      vertex 38.2238 5.01999 38.5833
      vertex 37.5 3.5 37.5
    endloop
  endfacet
  facet normal 0.651545 -0.650342 0.39057
    outer loop
      vertex 38.649 5.01999 38.1142
      vertex 38.5833 5.01999 38.2238
      vertex 37.5 3.5 37.5
    endloop
  endfacet
  facet normal 0.75139 -0.650341 0.111669
    outer loop
      vertex 38.7966 5.01999 37.6277
      vertex 38.7778 5.01999 37.7542
      vertex 37.5 3.5 37.5
    endloop
  endfacet
  facet normal 0.75139 -0.650341 -0.111669
    outer loop
      vertex 38.7778 5.01999 37.2458
      vertex 38.7966 5.01999 37.3723
      vertex 37.5 3.5 37.5
    endloop
  endfacet
  facet normal 0.651545 -0.650342 -0.39057
    outer loop
      vertex 38.5833 5.01999 36.7762
      vertex 38.649 5.01999 36.8858
      vertex 37.5 3.5 37.5
    endloop
  endfacet
  facet normal 0.452645 -0.650336 -0.610062
    outer loop
      vertex 38.2238 5.01999 36.4167
      vertex 38.3265 5.01999 36.4929
      vertex 37.5 3.5 37.5
    endloop
  endfacet
  facet normal 0.184802 -0.650331 -0.736829
    outer loop
      vertex 37.7542 5.01999 36.2222
      vertex 37.8782 5.01999 36.2533
      vertex 37.5 3.5 37.5
    endloop
  endfacet
  facet normal -0.452645 -0.650336 0.610062
    outer loop
      vertex 37.5 3.5 37.5
      vertex 36.7762 5.01999 38.5833
      vertex 36.6735 5.01999 38.5071
    endloop
  endfacet
  facet normal -0.32491 -0.650345 0.686648
    outer loop
      vertex 37.5 3.5 37.5
      vertex 37.0014 5.01999 38.7037
      vertex 36.8858 5.01999 38.649
    endloop
  endfacet
  facet normal -0.184802 -0.650331 0.736829
    outer loop
      vertex 37.5 3.5 37.5
      vertex 37.2458 5.01999 38.7778
      vertex 37.1218 5.01999 38.7467
    endloop
  endfacet
  facet normal -0.0368384 -0.650336 0.758753
    outer loop
      vertex 37.5 3.5 37.5
      vertex 37.5 5.01999 38.8028
      vertex 37.3723 5.01999 38.7966
    endloop
  endfacet
  facet normal -0.651545 -0.650342 0.39057
    outer loop
      vertex 37.5 3.5 37.5
      vertex 36.4167 5.01999 38.2238
      vertex 36.351 5.01999 38.1142
    endloop
  endfacet
  facet normal -0.563215 -0.650345 0.509745
    outer loop
      vertex 37.5 3.5 37.5
      vertex 36.5787 5.01999 38.4213
      vertex 36.4929 5.01999 38.3265
    endloop
  endfacet
  facet normal -0.71539 -0.650337 0.255497
    outer loop
      vertex 37.5 3.5 37.5
      vertex 36.2963 5.01999 37.9986
      vertex 36.2533 5.01999 37.8782
    endloop
  endfacet
  facet normal -0.75139 -0.650341 0.111669
    outer loop
      vertex 37.5 3.5 37.5
      vertex 36.2222 5.01999 37.7542
      vertex 36.2034 5.01999 37.6277
    endloop
  endfacet
  facet normal -0.758753 -0.650336 0.0368384
    outer loop
      vertex 37.5 3.5 37.5
      vertex 36.2034 5.01999 37.6277
      vertex 36.1972 5.01999 37.5
    endloop
  endfacet
  facet normal 0.111669 -0.650341 0.75139
    outer loop
      vertex 37.7542 5.01999 38.7778
      vertex 37.6277 5.01999 38.7966
      vertex 37.5 3.5 37.5
    endloop
  endfacet
  facet normal 0.255497 -0.650337 0.71539
    outer loop
      vertex 37.9986 5.01999 38.7037
      vertex 37.8782 5.01999 38.7467
      vertex 37.5 3.5 37.5
    endloop
  endfacet
  facet normal 0.39057 -0.650342 0.651545
    outer loop
      vertex 38.2238 5.01999 38.5833
      vertex 38.1142 5.01999 38.649
      vertex 37.5 3.5 37.5
    endloop
  endfacet
  facet normal 0.509745 -0.650345 0.563215
    outer loop
      vertex 38.4213 5.01999 38.4213
      vertex 38.3265 5.01999 38.5071
      vertex 37.5 3.5 37.5
    endloop
  endfacet
  facet normal 0.610062 -0.650336 0.452645
    outer loop
      vertex 38.5833 5.01999 38.2238
      vertex 38.5071 5.01999 38.3265
      vertex 37.5 3.5 37.5
    endloop
  endfacet
  facet normal 0.686648 -0.650345 0.32491
    outer loop
      vertex 38.7037 5.01999 37.9986
      vertex 38.649 5.01999 38.1142
      vertex 37.5 3.5 37.5
    endloop
  endfacet
  facet normal 0.736829 -0.650331 0.184802
    outer loop
      vertex 38.7778 5.01999 37.7542
      vertex 38.7467 5.01999 37.8782
      vertex 37.5 3.5 37.5
    endloop
  endfacet
  facet normal 0.758753 -0.650336 0.0368384
    outer loop
      vertex 38.8028 5.01999 37.5
      vertex 38.7966 5.01999 37.6277
      vertex 37.5 3.5 37.5
    endloop
  endfacet
  facet normal 0.736829 -0.650331 -0.184802
    outer loop
      vertex 38.7467 5.01999 37.1218
      vertex 38.7778 5.01999 37.2458
      vertex 37.5 3.5 37.5
    endloop
  endfacet
  facet normal 0.686648 -0.650345 -0.32491
    outer loop
      vertex 38.649 5.01999 36.8858
      vertex 38.7037 5.01999 37.0014
      vertex 37.5 3.5 37.5
    endloop
  endfacet
  facet normal 0.610062 -0.650336 -0.452645
    outer loop
      vertex 38.5071 5.01999 36.6735
      vertex 38.5833 5.01999 36.7762
      vertex 37.5 3.5 37.5
    endloop
  endfacet
  facet normal 0.509745 -0.650345 -0.563215
    outer loop
      vertex 38.3265 5.01999 36.4929
      vertex 38.4213 5.01999 36.5787
      vertex 37.5 3.5 37.5
    endloop
  endfacet
  facet normal 0.39057 -0.650342 -0.651545
    outer loop
      vertex 38.1142 5.01999 36.351
      vertex 38.2238 5.01999 36.4167
      vertex 37.5 3.5 37.5
    endloop
  endfacet
  facet normal 0.255497 -0.650337 -0.71539
    outer loop
      vertex 37.8782 5.01999 36.2533
      vertex 37.9986 5.01999 36.2963
      vertex 37.5 3.5 37.5
    endloop
  endfacet
  facet normal 0.111669 -0.650341 -0.75139
    outer loop
      vertex 37.6277 5.01999 36.2034
      vertex 37.7542 5.01999 36.2222
      vertex 37.5 3.5 37.5
    endloop
  endfacet
  facet normal -0.707107 0.353561 -0.612368
    outer loop
      vertex 24.325 25.3781 18.7002
      vertex 17.3981 22.4343 24.9991
      vertex 24.325 25.8977 19.0002
    endloop
  endfacet
  facet normal -0.707107 0.353561 -0.612368
    outer loop
      vertex 17.3981 22.4343 24.9991
      vertex 24.325 25.3781 18.7002
      vertex 17.3981 21.9147 24.6991
    endloop
  endfacet
  facet normal 1 0 0
    outer loop
      vertex 0.675001 25.8977 19.0002
      vertex 0.675001 30.2762 10.2165
      vertex 0.675001 30.7958 10.5165
    endloop
  endfacet
  facet normal 1 0 0
    outer loop
      vertex 0.675001 30.2762 10.2165
      vertex 0.675001 25.8977 19.0002
      vertex 0.675001 25.3781 18.7002
    endloop
  endfacet
  facet normal 0.707106 0.353562 -0.612369
    outer loop
      vertex 7.60192 22.4343 24.9991
      vertex 0.675001 25.3781 18.7002
      vertex 0.675001 25.8977 19.0002
    endloop
  endfacet
  facet normal 0.707106 0.353562 -0.612369
    outer loop
      vertex 0.675001 25.3781 18.7002
      vertex 7.60192 22.4343 24.9991
      vertex 7.60192 21.9147 24.6991
    endloop
  endfacet
  facet normal 0 0.500011 -0.866019
    outer loop
      vertex 7.60192 21.9147 24.6991
      vertex 17.3981 22.4343 24.9991
      vertex 17.3981 21.9147 24.6991
    endloop
  endfacet
  facet normal 0 0.500011 -0.866019
    outer loop
      vertex 17.3981 22.4343 24.9991
      vertex 7.60192 21.9147 24.6991
      vertex 7.60192 22.4343 24.9991
    endloop
  endfacet
  facet normal -0 0.867812 0.496892
    outer loop
      vertex 7.73596 21.9218 24.6867
      vertex 17.3981 21.9147 24.6991
      vertex 17.3922 21.9218 24.6867
    endloop
  endfacet
  facet normal -0.00253816 0.867288 0.4978
    outer loop
      vertex 17.3981 21.9147 24.6991
      vertex 24.2201 25.3358 18.7735
      vertex 17.3922 21.9218 24.6867
    endloop
  endfacet
  facet normal 0.000810124 0.865624 0.500694
    outer loop
      vertex 24.325 25.3781 18.7002
      vertex 24.2201 25.3358 18.7735
      vertex 17.3981 21.9147 24.6991
    endloop
  endfacet
  facet normal 0.00227759 0.86471 0.502267
    outer loop
      vertex 24.325 25.3781 18.7002
      vertex 24.3107 25.3811 18.6951
      vertex 24.2201 25.3358 18.7735
    endloop
  endfacet
  facet normal 0.00332248 0.865973 0.50008
    outer loop
      vertex 24.325 25.3781 18.7002
      vertex 24.3107 25.4452 18.5841
      vertex 24.3107 25.3811 18.6951
    endloop
  endfacet
  facet normal 0.00418928 0.866016 0.499998
    outer loop
      vertex 24.325 30.2762 10.2165
      vertex 24.3107 25.4452 18.5841
      vertex 24.325 25.3781 18.7002
    endloop
  endfacet
  facet normal 0.00269445 0.866022 0.499999
    outer loop
      vertex 24.3107 25.4452 18.5841
      vertex 24.325 30.2762 10.2165
      vertex 24.3107 30.2733 10.2216
    endloop
  endfacet
  facet normal 0.00190736 0.866981 0.498337
    outer loop
      vertex 24.325 30.2762 10.2165
      vertex 17.4827 33.6872 4.30841
      vertex 24.3107 30.2733 10.2216
    endloop
  endfacet
  facet normal -0.00251333 0.864762 0.502176
    outer loop
      vertex 17.3981 33.7397 4.21758
      vertex 17.4827 33.6872 4.30841
      vertex 24.325 30.2762 10.2165
    endloop
  endfacet
  facet normal 0 0.86426 0.503045
    outer loop
      vertex 17.3981 33.7397 4.21758
      vertex 17.264 33.7325 4.22995
      vertex 17.3922 33.7325 4.22995
    endloop
  endfacet
  facet normal -0 0.86426 0.503045
    outer loop
      vertex 7.60192 33.7397 4.21758
      vertex 17.264 33.7325 4.22995
      vertex 17.3981 33.7397 4.21758
    endloop
  endfacet
  facet normal -0.0024871 0.864773 0.502158
    outer loop
      vertex 17.4827 33.6872 4.30841
      vertex 17.3981 33.7397 4.21758
      vertex 17.3922 33.7325 4.22995
    endloop
  endfacet
  facet normal 0 0.867812 0.496892
    outer loop
      vertex 17.3981 21.9147 24.6991
      vertex 7.73596 21.9218 24.6867
      vertex 7.60192 21.9147 24.6991
    endloop
  endfacet
  facet normal -0 0.867812 0.496892
    outer loop
      vertex 7.60784 21.9218 24.6867
      vertex 7.60192 21.9147 24.6991
      vertex 7.73596 21.9218 24.6867
    endloop
  endfacet
  facet normal 0.00277526 0.867237 0.497888
    outer loop
      vertex 7.51725 21.9671 24.6083
      vertex 7.60192 21.9147 24.6991
      vertex 7.60784 21.9218 24.6867
    endloop
  endfacet
  facet normal 0.000961887 0.86651 0.499159
    outer loop
      vertex 7.51725 21.9671 24.6083
      vertex 0.675001 25.3781 18.7002
      vertex 7.60192 21.9147 24.6991
    endloop
  endfacet
  facet normal -0.00237922 0.86483 0.502059
    outer loop
      vertex 0.689287 25.3811 18.6951
      vertex 0.675001 25.3781 18.7002
      vertex 7.51725 21.9671 24.6083
    endloop
  endfacet
  facet normal -0.00336708 0.866023 0.499993
    outer loop
      vertex 0.689287 30.2092 10.3325
      vertex 0.675001 25.3781 18.7002
      vertex 0.689287 25.3811 18.6951
    endloop
  endfacet
  facet normal -0.00289628 0.865779 0.500419
    outer loop
      vertex 0.675001 30.2762 10.2165
      vertex 0.689287 30.2092 10.3325
      vertex 0.689287 30.2733 10.2216
    endloop
  endfacet
  facet normal 0.00163132 0.866023 0.500002
    outer loop
      vertex 0.689287 30.2092 10.3325
      vertex 0.675001 30.2762 10.2165
      vertex 0.675001 25.3781 18.7002
    endloop
  endfacet
  facet normal -0.00157213 0.86739 0.497626
    outer loop
      vertex 0.779877 30.3185 10.1431
      vertex 0.675001 30.2762 10.2165
      vertex 0.689287 30.2733 10.2216
    endloop
  endfacet
  facet normal 0.00248644 0.864774 0.502155
    outer loop
      vertex 7.60192 33.7397 4.21758
      vertex 0.779877 30.3185 10.1431
      vertex 7.60784 33.7325 4.22995
    endloop
  endfacet
  facet normal 0.00334106 0.864344 0.50289
    outer loop
      vertex 0.779877 30.3185 10.1431
      vertex 7.60192 33.7397 4.21758
      vertex 0.675001 30.2762 10.2165
    endloop
  endfacet
  facet normal 0 0.86426 0.503045
    outer loop
      vertex 17.264 33.7325 4.22995
      vertex 7.60192 33.7397 4.21758
      vertex 7.60784 33.7325 4.22995
    endloop
  endfacet
  facet normal -1 0 0
    outer loop
      vertex 24.325 30.2762 10.2165
      vertex 24.325 25.8977 19.0002
      vertex 24.325 30.7958 10.5165
    endloop
  endfacet
  facet normal -1 0 -0
    outer loop
      vertex 24.325 25.8977 19.0002
      vertex 24.325 30.2762 10.2165
      vertex 24.325 25.3781 18.7002
    endloop
  endfacet
  facet normal 0.707109 -0.35356 0.612366
    outer loop
      vertex 0.675001 30.7958 10.5165
      vertex 7.60192 33.7397 4.21758
      vertex 7.60192 34.2593 4.51758
    endloop
  endfacet
  facet normal 0.707109 -0.35356 0.612366
    outer loop
      vertex 7.60192 33.7397 4.21758
      vertex 0.675001 30.7958 10.5165
      vertex 0.675001 30.2762 10.2165
    endloop
  endfacet
  facet normal -0.70711 -0.353559 0.612365
    outer loop
      vertex 17.3981 33.7397 4.21758
      vertex 24.325 30.7958 10.5165
      vertex 17.3981 34.2593 4.51758
    endloop
  endfacet
  facet normal -0.70711 -0.353559 0.612365
    outer loop
      vertex 24.325 30.7958 10.5165
      vertex 17.3981 33.7397 4.21758
      vertex 24.325 30.2762 10.2165
    endloop
  endfacet
  facet normal 0 -0.500011 0.866019
    outer loop
      vertex 7.60192 34.2593 4.51758
      vertex 17.3981 33.7397 4.21758
      vertex 17.3981 34.2593 4.51758
    endloop
  endfacet
  facet normal 0 -0.500011 0.866019
    outer loop
      vertex 17.3981 33.7397 4.21758
      vertex 7.60192 34.2593 4.51758
      vertex 7.60192 33.7397 4.21758
    endloop
  endfacet
  facet normal -0.57534 0.791144 -0.207544
    outer loop
      vertex 16.9839 21.2196 23.1431
      vertex 17.9411 21.7397 22.4722
      vertex 17.6915 21.5734 22.5302
    endloop
  endfacet
  facet normal -0.575399 0.791063 -0.207691
    outer loop
      vertex 16.9839 21.2196 23.1431
      vertex 18.4558 22.0397 22.1889
      vertex 17.9411 21.7397 22.4722
    endloop
  endfacet
  facet normal -0.574998 0.791647 -0.206571
    outer loop
      vertex 16.9839 21.2196 23.1431
      vertex 18.7542 22.2138 22.0255
      vertex 18.4558 22.0397 22.1889
    endloop
  endfacet
  facet normal -0.575319 0.791192 -0.20742
    outer loop
      vertex 24.2201 25.3358 18.7735
      vertex 19.7876 22.7682 21.2739
      vertex 18.7542 22.2138 22.0255
    endloop
  endfacet
  facet normal -0.575407 0.791047 -0.207727
    outer loop
      vertex 24.2201 25.3358 18.7735
      vertex 21.5817 23.6672 19.7277
      vertex 20.3911 23.0923 20.8364
    endloop
  endfacet
  facet normal -0.575621 0.790719 -0.208383
    outer loop
      vertex 24.2201 25.3358 18.7735
      vertex 18.7542 22.2138 22.0255
      vertex 16.9839 21.2196 23.1431
    endloop
  endfacet
  facet normal -0.575406 0.79105 -0.207722
    outer loop
      vertex 19.7876 22.7682 21.2739
      vertex 24.2201 25.3358 18.7735
      vertex 20.3911 23.0923 20.8364
    endloop
  endfacet
  facet normal -0.575403 0.791058 -0.207696
    outer loop
      vertex 21.5817 23.6672 19.7277
      vertex 24.2201 25.3358 18.7735
      vertex 21.9171 23.8293 19.4159
    endloop
  endfacet
  facet normal -0.5754 0.79107 -0.207659
    outer loop
      vertex 24.2201 25.3358 18.7735
      vertex 22.2405 23.9652 19.0375
      vertex 21.9171 23.8293 19.4159
    endloop
  endfacet
  facet normal -0.575343 0.791079 -0.207784
    outer loop
      vertex 23.325 24.3901 17.6515
      vertex 24.2201 25.3358 18.7735
      vertex 24.3107 25.3811 18.6951
    endloop
  endfacet
  facet normal -0.575398 0.791051 -0.207739
    outer loop
      vertex 24.2201 25.3358 18.7735
      vertex 22.6174 24.0363 18.2643
      vertex 22.2405 23.9652 19.0375
    endloop
  endfacet
  facet normal -0.575408 0.791052 -0.20771
    outer loop
      vertex 24.2201 25.3358 18.7735
      vertex 23.325 24.3901 17.6515
      vertex 22.6174 24.0363 18.2643
    endloop
  endfacet
  facet normal -0.575392 0.791074 -0.20767
    outer loop
      vertex 17.3922 21.9218 24.6867
      vertex 24.2201 25.3358 18.7735
      vertex 16.9839 21.2196 23.1431
    endloop
  endfacet
  facet normal 3.37031e-06 0.0964802 0.995335
    outer loop
      vertex 17.264 33.7325 4.22995
      vertex 12.5 33.072 4.29399
      vertex 13.0953 32.9716 4.30372
    endloop
  endfacet
  facet normal -4.56144e-07 0.096508 0.995332
    outer loop
      vertex 11.4968 32.9028 4.3104
      vertex 7.60784 33.7325 4.22995
      vertex 8.01614 32.0446 4.39361
    endloop
  endfacet
  facet normal 2.16181e-06 0.0965202 0.995331
    outer loop
      vertex 12.5 33.072 4.29399
      vertex 7.60784 33.7325 4.22995
      vertex 11.4968 32.9028 4.3104
    endloop
  endfacet
  facet normal -0 0.0965043 0.995333
    outer loop
      vertex 7.60784 33.7325 4.22995
      vertex 12.5 33.072 4.29399
      vertex 17.264 33.7325 4.22995
    endloop
  endfacet
  facet normal -1.99181e-06 0.0965142 0.995332
    outer loop
      vertex 11.8677 32.7476 4.32545
      vertex 11.4968 32.9028 4.3104
      vertex 8.01614 32.0446 4.39361
    endloop
  endfacet
  facet normal 0.813701 0.503265 0.290886
    outer loop
      vertex 0.689287 30.2092 10.3325
      vertex 1.675 28.874 9.88519
      vertex 0.689287 30.2733 10.2216
    endloop
  endfacet
  facet normal 0.813728 0.503373 0.290624
    outer loop
      vertex 1.675 28.874 9.88519
      vertex 0.689287 30.2092 10.3325
      vertex 1.675 24.3901 17.6515
    endloop
  endfacet
  facet normal -0.575412 0.215668 0.788916
    outer loop
      vertex 24.3107 30.2733 10.2216
      vertex 22.3254 29.719 8.92511
      vertex 23.325 28.874 9.88519
    endloop
  endfacet
  facet normal -0.575408 0.2156 0.788938
    outer loop
      vertex 24.3107 30.2733 10.2216
      vertex 21.9995 30.267 8.53766
      vertex 22.3254 29.719 8.92511
    endloop
  endfacet
  facet normal -0.575399 0.215668 0.788926
    outer loop
      vertex 24.3107 30.2733 10.2216
      vertex 20.5787 31.3989 7.19198
      vertex 21.9995 30.267 8.53766
    endloop
  endfacet
  facet normal -0.575381 0.21569 0.788933
    outer loop
      vertex 20.5787 31.3989 7.19198
      vertex 17.4827 33.6872 4.30841
      vertex 20.1163 31.5175 6.82232
    endloop
  endfacet
  facet normal -0.575405 0.215649 0.788926
    outer loop
      vertex 17.4827 33.6872 4.30841
      vertex 20.5787 31.3989 7.19198
      vertex 24.3107 30.2733 10.2216
    endloop
  endfacet
  facet normal -0.574688 0.216779 0.789139
    outer loop
      vertex 23.325 28.874 9.88519
      vertex 22.3254 29.719 8.92511
      vertex 22.3067 29.713 8.91314
    endloop
  endfacet
  facet normal -1.39601e-05 0.91022 -0.414126
    outer loop
      vertex 11.2769 21.3136 23.3498
      vertex 7.73596 21.9218 24.6867
      vertex 12.5 21.3613 23.4546
    endloop
  endfacet
  facet normal -4.94741e-06 0.910233 -0.414097
    outer loop
      vertex 7.73596 21.9218 24.6867
      vertex 13.5249 21.3442 23.417
      vertex 12.5 21.3613 23.4546
    endloop
  endfacet
  facet normal 1.14457e-05 0.910261 -0.414035
    outer loop
      vertex 7.73596 21.9218 24.6867
      vertex 14.6828 21.3254 23.3757
      vertex 13.5249 21.3442 23.417
    endloop
  endfacet
  facet normal -1.22409e-05 0.910214 -0.414139
    outer loop
      vertex 16.9839 21.2196 23.1431
      vertex 14.6828 21.3254 23.3757
      vertex 7.73596 21.9218 24.6867
    endloop
  endfacet
  facet normal 3.14202e-05 0.910376 -0.413781
    outer loop
      vertex 14.6828 21.3254 23.3757
      vertex 16.9839 21.2196 23.1431
      vertex 15.8957 21.2385 23.1846
    endloop
  endfacet
  facet normal 0 0.910066 -0.414464
    outer loop
      vertex 15.8957 21.2385 23.1846
      vertex 16.9839 21.2196 23.1431
      vertex 15.9832 21.2196 23.1431
    endloop
  endfacet
  facet normal -2.58241e-05 0.910208 -0.414152
    outer loop
      vertex 10.3306 21.2774 23.2703
      vertex 7.73596 21.9218 24.6867
      vertex 11.2769 21.3136 23.3498
    endloop
  endfacet
  facet normal 7.57761e-05 0.910278 -0.413998
    outer loop
      vertex 9.71753 21.2196 23.1431
      vertex 7.73596 21.9218 24.6867
      vertex 10.3306 21.2774 23.2703
    endloop
  endfacet
  facet normal 0 0.910241 -0.414078
    outer loop
      vertex 8.01614 21.2196 23.1431
      vertex 7.73596 21.9218 24.6867
      vertex 9.71753 21.2196 23.1431
    endloop
  endfacet
  facet normal 0 0.910241 -0.414078
    outer loop
      vertex 7.73596 21.9218 24.6867
      vertex 8.01614 21.2196 23.1431
      vertex 7.60784 21.9218 24.6867
    endloop
  endfacet
  facet normal 0 0.910241 -0.414078
    outer loop
      vertex 17.3922 21.9218 24.6867
      vertex 16.9839 21.2196 23.1431
      vertex 7.73596 21.9218 24.6867
    endloop
  endfacet
  facet normal 0.575404 0.791057 -0.207699
    outer loop
      vertex 7.51725 21.9671 24.6083
      vertex 1.675 24.3901 17.6515
      vertex 0.689287 25.3811 18.6951
    endloop
  endfacet
  facet normal 0.81374 0.503361 0.290613
    outer loop
      vertex 1.675 24.3901 17.6515
      vertex 0.689287 30.2092 10.3325
      vertex 0.689287 25.3811 18.6951
    endloop
  endfacet
  facet normal 0.575388 0.215681 0.78893
    outer loop
      vertex 8.01614 32.0446 4.39361
      vertex 7.60784 33.7325 4.22995
      vertex 0.779877 30.3185 10.1431
    endloop
  endfacet
  facet normal -0 0.0965081 0.995332
    outer loop
      vertex 17.264 33.7325 4.22995
      vertex 16.9839 32.0446 4.39361
      vertex 17.3922 33.7325 4.22995
    endloop
  endfacet
  facet normal 7.22346e-07 0.096508 0.995332
    outer loop
      vertex 17.264 33.7325 4.22995
      vertex 14.1871 32.7875 4.32158
      vertex 16.9839 32.0446 4.39361
    endloop
  endfacet
  facet normal -5.36649e-06 0.0965276 0.99533
    outer loop
      vertex 14.1871 32.7875 4.32158
      vertex 17.264 33.7325 4.22995
      vertex 13.0953 32.9716 4.30372
    endloop
  endfacet
  facet normal -3.03197e-06 0.096494 0.995334
    outer loop
      vertex 12.5 32.4748 4.35189
      vertex 16.9839 32.0446 4.39361
      vertex 14.1871 32.7875 4.32158
    endloop
  endfacet
  facet normal 4.74482e-05 0.0962458 0.995358
    outer loop
      vertex 8.01614 32.0446 4.39361
      vertex 11.9513 32.7125 4.32884
      vertex 11.8677 32.7476 4.32545
    endloop
  endfacet
  facet normal 0 0.0965253 0.995331
    outer loop
      vertex 12.5 32.4748 4.35189
      vertex 8.01614 32.0446 4.39361
      vertex 16.9839 32.0446 4.39361
    endloop
  endfacet
  facet normal 5.61174e-07 0.0965195 0.995331
    outer loop
      vertex 11.9513 32.7125 4.32884
      vertex 8.01614 32.0446 4.39361
      vertex 12.5 32.4748 4.35189
    endloop
  endfacet
  facet normal -0.575451 0.215595 0.788908
    outer loop
      vertex 18.8474 31.8431 5.80782
      vertex 17.4827 33.6872 4.30841
      vertex 18.6465 31.8166 5.66852
    endloop
  endfacet
  facet normal -0.575421 0.215627 0.788921
    outer loop
      vertex 17.4827 33.6872 4.30841
      vertex 18.8474 31.8431 5.80782
      vertex 20.1163 31.5175 6.82232
    endloop
  endfacet
  facet normal -0.575429 0.21559 0.788925
    outer loop
      vertex 16.9839 32.0446 4.39361
      vertex 19.0762 31.0214 6.19931
      vertex 18.7287 31.5003 5.81498
    endloop
  endfacet
  facet normal -0.575253 0.216286 0.788863
    outer loop
      vertex 16.9839 32.0446 4.39361
      vertex 18.6661 31.7437 5.7028
      vertex 18.6465 31.8166 5.66852
    endloop
  endfacet
  facet normal -0.575395 0.215648 0.788934
    outer loop
      vertex 16.9839 32.0446 4.39361
      vertex 18.6465 31.8166 5.66852
      vertex 17.4827 33.6872 4.30841
    endloop
  endfacet
  facet normal -0.575744 0.21574 0.788654
    outer loop
      vertex 16.9839 32.0446 4.39361
      vertex 17.4827 33.6872 4.30841
      vertex 17.3922 33.7325 4.22995
    endloop
  endfacet
  facet normal -0.574904 0.216769 0.788985
    outer loop
      vertex 19.0762 31.0214 6.19931
      vertex 16.9839 32.0446 4.39361
      vertex 19.1012 30.9859 6.22728
    endloop
  endfacet
  facet normal -0.575421 0.215613 0.788924
    outer loop
      vertex 18.6661 31.7437 5.7028
      vertex 16.9839 32.0446 4.39361
      vertex 18.7287 31.5003 5.81498
    endloop
  endfacet
  facet normal -0.575383 0.215694 0.78893
    outer loop
      vertex 23.325 28.874 9.88519
      vertex 22.3067 29.713 8.91314
      vertex 21.9063 29.5833 8.65658
    endloop
  endfacet
  facet normal 0.575343 0.791102 -0.207696
    outer loop
      vertex 8.01614 21.2196 23.1431
      vertex 7.51725 21.9671 24.6083
      vertex 7.60784 21.9218 24.6867
    endloop
  endfacet
  facet normal 0.575381 0.791081 -0.207672
    outer loop
      vertex 6.4677 21.9938 21.8021
      vertex 7.51725 21.9671 24.6083
      vertex 8.01614 21.2196 23.1431
    endloop
  endfacet
  facet normal 0.575142 0.791279 -0.207581
    outer loop
      vertex 6.36026 22.0545 21.7358
      vertex 7.51725 21.9671 24.6083
      vertex 6.4677 21.9938 21.8021
    endloop
  endfacet
  facet normal 0.575431 0.791036 -0.207704
    outer loop
      vertex 5.0365 22.7375 20.6696
      vertex 7.51725 21.9671 24.6083
      vertex 6.36026 22.0545 21.7358
    endloop
  endfacet
  facet normal 0.575186 0.791267 -0.207505
    outer loop
      vertex 4.80089 22.8591 20.4802
      vertex 7.51725 21.9671 24.6083
      vertex 5.0365 22.7375 20.6696
    endloop
  endfacet
  facet normal 0.575418 0.791045 -0.207706
    outer loop
      vertex 4.02827 23.2135 19.6895
      vertex 7.51725 21.9671 24.6083
      vertex 4.80089 22.8591 20.4802
    endloop
  endfacet
  facet normal 0.575376 0.791087 -0.207665
    outer loop
      vertex 7.51725 21.9671 24.6083
      vertex 4.02827 23.2135 19.6895
      vertex 1.675 24.3901 17.6515
    endloop
  endfacet
  facet normal 0.575385 0.215692 0.788929
    outer loop
      vertex 0.779877 30.3185 10.1431
      vertex 1.675 28.874 9.88519
      vertex 8.01614 32.0446 4.39361
    endloop
  endfacet
  facet normal 0.575672 0.215919 0.788658
    outer loop
      vertex 1.675 28.874 9.88519
      vertex 0.779877 30.3185 10.1431
      vertex 0.689287 30.2733 10.2216
    endloop
  endfacet
  facet normal -0.813748 0.503362 0.290587
    outer loop
      vertex 23.4894 28.302 11.3364
      vertex 24.3107 30.2733 10.2216
      vertex 23.325 28.874 9.88519
    endloop
  endfacet
  facet normal -0.813685 0.503399 0.2907
    outer loop
      vertex 23.7055 28.2078 12.1044
      vertex 24.3107 30.2733 10.2216
      vertex 23.4894 28.302 11.3364
    endloop
  endfacet
  facet normal -0.813746 0.503345 0.290621
    outer loop
      vertex 23.755 28.0164 12.5745
      vertex 24.3107 30.2733 10.2216
      vertex 23.7055 28.2078 12.1044
    endloop
  endfacet
  facet normal -0.81379 0.503303 0.29057
    outer loop
      vertex 23.7932 27.2452 14.0173
      vertex 24.3107 30.2733 10.2216
      vertex 23.755 28.0164 12.5745
    endloop
  endfacet
  facet normal -0.813755 0.50334 0.290604
    outer loop
      vertex 24.3107 30.2733 10.2216
      vertex 23.7932 27.2452 14.0173
      vertex 24.3107 25.4452 18.5841
    endloop
  endfacet
  facet normal -0.813592 0.503539 0.290716
    outer loop
      vertex 23.325 28.874 9.88519
      vertex 23.325 28.094 11.2362
      vertex 23.4338 28.3262 11.1385
    endloop
  endfacet
  facet normal -0.814509 0.502317 0.290262
    outer loop
      vertex 23.325 28.874 9.88519
      vertex 23.4338 28.3262 11.1385
      vertex 23.4894 28.302 11.3364
    endloop
  endfacet
  facet normal -0.813752 0.50334 0.290615
    outer loop
      vertex 24.3107 25.4452 18.5841
      vertex 23.7737 26.9785 14.4248
      vertex 23.6756 25.9457 15.9389
    endloop
  endfacet
  facet normal -0.814003 0.502933 0.290615
    outer loop
      vertex 24.3107 25.4452 18.5841
      vertex 23.6666 25.901 15.9912
      vertex 23.6513 25.824 16.0816
    endloop
  endfacet
  facet normal -0.815903 0.500386 0.289683
    outer loop
      vertex 23.7954 27.2023 14.0976
      vertex 24.3107 25.4452 18.5841
      vertex 23.7932 27.2452 14.0173
    endloop
  endfacet
  facet normal -0.813269 0.504012 0.290801
    outer loop
      vertex 23.7737 26.9785 14.4248
      vertex 24.3107 25.4452 18.5841
      vertex 23.7954 27.2023 14.0976
    endloop
  endfacet
  facet normal -0.813443 0.503828 0.290633
    outer loop
      vertex 23.6666 25.901 15.9912
      vertex 24.3107 25.4452 18.5841
      vertex 23.6756 25.9457 15.9389
    endloop
  endfacet
  facet normal -0.813744 0.503355 0.290611
    outer loop
      vertex 23.325 24.8905 16.7848
      vertex 24.3107 25.4452 18.5841
      vertex 23.6513 25.824 16.0816
    endloop
  endfacet
  facet normal -0.813747 0.503348 0.290614
    outer loop
      vertex 23.325 24.3901 17.6515
      vertex 24.3107 25.4452 18.5841
      vertex 23.325 24.8905 16.7848
    endloop
  endfacet
  facet normal -0.813751 0.503318 0.290655
    outer loop
      vertex 24.3107 25.4452 18.5841
      vertex 23.325 24.3901 17.6515
      vertex 24.3107 25.3811 18.6951
    endloop
  endfacet
  facet normal -0.707107 0.353516 -0.612394
    outer loop
      vertex 23.325 20.0427 15.1415
      vertex 22.6174 19.6889 15.7543
      vertex 22.6174 20.0118 15.9407
    endloop
  endfacet
  facet normal -0.707107 0.353718 -0.612277
    outer loop
      vertex 23.325 24.3901 17.6515
      vertex 22.6174 23.9089 18.1907
      vertex 22.6174 24.0363 18.2643
    endloop
  endfacet
  facet normal -0.707086 0.353556 -0.612394
    outer loop
      vertex 22.6174 22.1768 17.1907
      vertex 22.6174 23.9089 18.1907
      vertex 23.325 24.3901 17.6515
    endloop
  endfacet
  facet normal -0.707041 0.353579 -0.612434
    outer loop
      vertex 22.6174 23.9089 18.1907
      vertex 22.6174 22.1768 17.1907
      vertex 22.1579 23.5128 18.4925
    endloop
  endfacet
  facet normal -0.707169 0.353513 -0.612324
    outer loop
      vertex 22.1579 23.5128 18.4925
      vertex 21.677 21.9702 18.1573
      vertex 21.677 23.0959 18.8072
    endloop
  endfacet
  facet normal -0.707114 0.35351 -0.612389
    outer loop
      vertex 21.677 21.9702 18.1573
      vertex 22.1579 23.5128 18.4925
      vertex 22.6174 22.1768 17.1907
    endloop
  endfacet
  facet normal -0.707113 0.353558 -0.612362
    outer loop
      vertex 23.325 24.3901 17.6515
      vertex 22.6174 21.7438 16.9407
      vertex 22.6174 22.1768 17.1907
    endloop
  endfacet
  facet normal -0.707044 0.353592 -0.612422
    outer loop
      vertex 22.6174 20.0118 15.9407
      vertex 22.1579 21.3477 17.2425
      vertex 22.6174 21.7438 16.9407
    endloop
  endfacet
  facet normal -0.707103 0.353558 -0.612374
    outer loop
      vertex 23.325 20.0427 15.1415
      vertex 22.6174 21.7438 16.9407
      vertex 23.325 24.3901 17.6515
    endloop
  endfacet
  facet normal -0.707093 0.353568 -0.61238
    outer loop
      vertex 22.6174 20.0118 15.9407
      vertex 22.6174 21.7438 16.9407
      vertex 23.325 20.0427 15.1415
    endloop
  endfacet
  facet normal -0.707111 0.35353 -0.612381
    outer loop
      vertex 21.677 19.8052 16.9073
      vertex 22.1579 21.3477 17.2425
      vertex 22.6174 20.0118 15.9407
    endloop
  endfacet
  facet normal -0.707175 0.353533 -0.612305
    outer loop
      vertex 22.1579 21.3477 17.2425
      vertex 21.677 19.8052 16.9073
      vertex 21.677 20.9308 17.5572
    endloop
  endfacet
  facet normal -0.707094 0.353574 -0.612375
    outer loop
      vertex 21.677 20.9308 17.5572
      vertex 21.677 19.8052 16.9073
      vertex 21.2633 20.6615 17.8794
    endloop
  endfacet
  facet normal -0.707097 0.353571 -0.612374
    outer loop
      vertex 20.1544 19.142 18.2825
      vertex 21.2633 20.6615 17.8794
      vertex 21.677 19.8052 16.9073
    endloop
  endfacet
  facet normal -0.707098 0.353573 -0.612371
    outer loop
      vertex 21.2633 20.6615 17.8794
      vertex 20.1544 19.142 18.2825
      vertex 20.1544 19.9361 18.741
    endloop
  endfacet
  facet normal -0.707098 0.353573 -0.612371
    outer loop
      vertex 19.0455 18.4166 19.1441
      vertex 20.1544 19.9361 18.741
      vertex 20.1544 19.142 18.2825
    endloop
  endfacet
  facet normal -0.707118 0.353598 -0.612334
    outer loop
      vertex 20.1544 19.9361 18.741
      vertex 19.0455 18.4166 19.1441
      vertex 18.6319 19.2729 20.1162
    endloop
  endfacet
  facet normal -0.707179 0.353531 -0.612301
    outer loop
      vertex 18.6319 18.1473 19.4663
      vertex 18.6319 19.2729 20.1162
      vertex 19.0455 18.4166 19.1441
    endloop
  endfacet
  facet normal -0.707092 0.353552 -0.612391
    outer loop
      vertex 21.677 23.0959 18.8072
      vertex 21.677 21.9702 18.1573
      vertex 21.2633 22.8266 19.1294
    endloop
  endfacet
  facet normal -0.707086 0.353558 -0.612394
    outer loop
      vertex 20.1544 21.3071 19.5325
      vertex 21.2633 22.8266 19.1294
      vertex 21.677 21.9702 18.1573
    endloop
  endfacet
  facet normal -0.707098 0.353573 -0.612371
    outer loop
      vertex 21.2633 22.8266 19.1294
      vertex 20.1544 21.3071 19.5325
      vertex 20.1544 22.1012 19.991
    endloop
  endfacet
  facet normal -0.707114 0.353565 -0.612358
    outer loop
      vertex 19.0455 20.5816 20.3941
      vertex 20.1544 22.1012 19.991
      vertex 20.1544 21.3071 19.5325
    endloop
  endfacet
  facet normal -0.707119 0.353571 -0.612348
    outer loop
      vertex 20.1544 22.1012 19.991
      vertex 19.0455 20.5816 20.3941
      vertex 18.6319 21.438 21.3662
    endloop
  endfacet
  facet normal -0.707137 0.353553 -0.612338
    outer loop
      vertex 18.6319 20.3124 20.7163
      vertex 18.6319 21.438 21.3662
      vertex 19.0455 20.5816 20.3941
    endloop
  endfacet
  facet normal -0.707138 0.353552 -0.612337
    outer loop
      vertex 18.1509 19.8954 21.031
      vertex 18.6319 21.438 21.3662
      vertex 18.6319 20.3124 20.7163
    endloop
  endfacet
  facet normal -0.707107 0.35355 -0.612374
    outer loop
      vertex 18.6319 21.438 21.3662
      vertex 18.1509 19.8954 21.031
      vertex 17.6915 21.2314 22.3328
    endloop
  endfacet
  facet normal -0.707083 0.353573 -0.612389
    outer loop
      vertex 17.6915 19.4994 21.3328
      vertex 17.6915 21.2314 22.3328
      vertex 18.1509 19.8954 21.031
    endloop
  endfacet
  facet normal -0.707124 0.353552 -0.612353
    outer loop
      vertex 17.6915 21.2314 22.3328
      vertex 17.6915 19.4994 21.3328
      vertex 16.9839 21.2196 23.1431
    endloop
  endfacet
  facet normal -0.707169 0.35353 -0.612314
    outer loop
      vertex 16.9839 16.8721 20.6331
      vertex 17.6915 19.4994 21.3328
      vertex 17.6915 19.0664 21.0828
    endloop
  endfacet
  facet normal -0.707102 0.35357 -0.612369
    outer loop
      vertex 18.1509 17.7304 19.781
      vertex 18.6319 19.2729 20.1162
      vertex 18.6319 18.1473 19.4663
    endloop
  endfacet
  facet normal -0.707087 0.353569 -0.612386
    outer loop
      vertex 18.6319 19.2729 20.1162
      vertex 18.1509 17.7304 19.781
      vertex 17.6915 19.0664 21.0828
    endloop
  endfacet
  facet normal -0.707118 0.35354 -0.612367
    outer loop
      vertex 17.6915 17.3343 20.0828
      vertex 17.6915 19.0664 21.0828
      vertex 18.1509 17.7304 19.781
    endloop
  endfacet
  facet normal -0.707143 0.353528 -0.612346
    outer loop
      vertex 16.9839 16.8721 20.6331
      vertex 17.6915 19.0664 21.0828
      vertex 17.6915 17.3343 20.0828
    endloop
  endfacet
  facet normal -0.70715 0.353596 -0.612298
    outer loop
      vertex 16.9839 16.8721 20.6331
      vertex 17.6915 17.3343 20.0828
      vertex 17.6915 17.2259 20.0202
    endloop
  endfacet
  facet normal -0.707146 0.353531 -0.61234
    outer loop
      vertex 17.6915 19.4994 21.3328
      vertex 16.9839 16.8721 20.6331
      vertex 16.9839 21.2196 23.1431
    endloop
  endfacet
  facet normal -0.70715 0.353459 -0.612377
    outer loop
      vertex 17.6915 21.5734 22.5302
      vertex 17.6915 21.2314 22.3328
      vertex 16.9839 21.2196 23.1431
    endloop
  endfacet
  facet normal 1 0 -0
    outer loop
      vertex 1.675 22.9515 11.6433
      vertex 1.675 24.3224 12.4348
      vertex 1.675 22.9514 11.6433
    endloop
  endfacet
  facet normal 1 0 0
    outer loop
      vertex 1.675 27.2198 10.0857
      vertex 1.675 25.3292 9.74442
      vertex 1.675 25.4877 9.08566
    endloop
  endfacet
  facet normal 1 0 0
    outer loop
      vertex 1.675 26.2912 11.0852
      vertex 1.675 25.1656 10.4353
      vertex 1.675 25.3292 9.74442
    endloop
  endfacet
  facet normal 1 0 0
    outer loop
      vertex 1.675 24.9355 10.978
      vertex 1.675 26.2912 11.0852
      vertex 1.675 25.1165 12.8933
    endloop
  endfacet
  facet normal 1 0 0
    outer loop
      vertex 1.675 26.2912 11.0852
      vertex 1.675 24.9355 10.978
      vertex 1.675 25.1656 10.4353
    endloop
  endfacet
  facet normal 1 0 0
    outer loop
      vertex 1.675 24.3224 12.4348
      vertex 1.675 25.1165 12.8933
      vertex 1.675 24.5034 14.3501
    endloop
  endfacet
  facet normal 1 0 0
    outer loop
      vertex 1.675 25.1165 12.8933
      vertex 1.675 24.3224 12.4348
      vertex 1.675 24.9355 10.978
    endloop
  endfacet
  facet normal 1 0 0
    outer loop
      vertex 1.675 23.1477 14.2429
      vertex 1.675 24.5034 14.3501
      vertex 1.675 24.2733 14.8928
    endloop
  endfacet
  facet normal 1 0 0
    outer loop
      vertex 1.675 23.1477 14.2429
      vertex 1.675 24.2733 14.8928
      vertex 1.675 24.1097 15.5837
    endloop
  endfacet
  facet normal 1 0 0
    outer loop
      vertex 1.675 22.2191 15.2425
      vertex 1.675 24.1097 15.5837
      vertex 1.675 23.9511 16.2425
    endloop
  endfacet
  facet normal 1 0 0
    outer loop
      vertex 1.675 24.5034 14.3501
      vertex 1.675 23.1477 14.2429
      vertex 1.675 24.3224 12.4348
    endloop
  endfacet
  facet normal 1 0 0
    outer loop
      vertex 1.675 28.874 9.88519
      vertex 1.675 27.4943 10.9944
      vertex 1.675 27.6528 10.3357
    endloop
  endfacet
  facet normal 1 0 0
    outer loop
      vertex 1.675 28.874 9.88519
      vertex 1.675 27.3306 11.6853
      vertex 1.675 27.4943 10.9944
    endloop
  endfacet
  facet normal 1 0 0
    outer loop
      vertex 1.675 28.874 9.88519
      vertex 1.675 27.1006 12.228
      vertex 1.675 27.3306 11.6853
    endloop
  endfacet
  facet normal 1 0 0
    outer loop
      vertex 1.675 28.874 9.88519
      vertex 1.675 26.4874 13.6848
      vertex 1.675 27.1006 12.228
    endloop
  endfacet
  facet normal 1 0 0
    outer loop
      vertex 1.675 24.3901 17.6515
      vertex 1.675 26.4874 13.6848
      vertex 1.675 28.874 9.88519
    endloop
  endfacet
  facet normal 1 0 0
    outer loop
      vertex 1.675 24.3901 17.6515
      vertex 1.675 25.3127 15.4929
      vertex 1.675 26.4874 13.6848
    endloop
  endfacet
  facet normal 1 0 0
    outer loop
      vertex 1.675 24.3901 17.6515
      vertex 1.675 24.3842 16.4925
      vertex 1.675 25.3127 15.4929
    endloop
  endfacet
  facet normal 1 0 0
    outer loop
      vertex 1.675 24.3901 17.6515
      vertex 1.675 23.9511 16.2425
      vertex 1.675 24.3842 16.4925
    endloop
  endfacet
  facet normal 1 0 0
    outer loop
      vertex 1.675 22.2191 15.2425
      vertex 1.675 23.9511 16.2425
      vertex 1.675 24.3901 17.6515
    endloop
  endfacet
  facet normal 1 0 0
    outer loop
      vertex 1.675 24.1097 15.5837
      vertex 1.675 22.2191 15.2425
      vertex 1.675 23.1477 14.2429
    endloop
  endfacet
  facet normal 1 0 0
    outer loop
      vertex 1.675 20.0427 15.1415
      vertex 1.675 22.2191 15.2425
      vertex 1.675 24.3901 17.6515
    endloop
  endfacet
  facet normal 1 0 0
    outer loop
      vertex 1.675 22.2191 15.2425
      vertex 1.675 20.0427 15.1415
      vertex 1.675 21.7861 14.9925
    endloop
  endfacet
  facet normal 1 -0 0
    outer loop
      vertex 1.675 27.2198 10.0857
      vertex 1.675 28.874 9.88519
      vertex 1.675 27.6528 10.3357
    endloop
  endfacet
  facet normal 1 0 0
    outer loop
      vertex 1.675 25.3292 9.74442
      vertex 1.675 27.2198 10.0857
      vertex 1.675 26.2912 11.0852
    endloop
  endfacet
  facet normal 1 0 0
    outer loop
      vertex 1.675 25.4877 9.08566
      vertex 1.675 28.874 9.88519
      vertex 1.675 27.2198 10.0857
    endloop
  endfacet
  facet normal 1 0 0
    outer loop
      vertex 1.675 24.5265 7.37519
      vertex 1.675 25.4877 9.08566
      vertex 1.675 25.0547 8.83566
    endloop
  endfacet
  facet normal 1 -0 0
    outer loop
      vertex 1.675 25.4877 9.08566
      vertex 1.675 24.5265 7.37519
      vertex 1.675 28.874 9.88519
    endloop
  endfacet
  facet normal 1 0 0
    outer loop
      vertex 1.675 24.1262 9.83522
      vertex 1.675 24.5265 7.37519
      vertex 1.675 25.0547 8.83566
    endloop
  endfacet
  facet normal 1 -0 0
    outer loop
      vertex 1.675 22.9514 11.6433
      vertex 1.675 24.1262 9.83522
      vertex 1.675 22.9515 11.6433
    endloop
  endfacet
  facet normal 1 0 0
    outer loop
      vertex 1.675 24.1262 9.83522
      vertex 1.675 22.9514 11.6433
      vertex 1.675 24.5265 7.37519
    endloop
  endfacet
  facet normal 1 0 0
    outer loop
      vertex 1.675 20.0427 15.1415
      vertex 1.675 22.9514 11.6433
      vertex 1.675 22.3383 13.1001
    endloop
  endfacet
  facet normal 1 0 0
    outer loop
      vertex 1.675 20.0427 15.1415
      vertex 1.675 22.3383 13.1001
      vertex 1.675 22.1082 13.6428
    endloop
  endfacet
  facet normal 1 0 0
    outer loop
      vertex 1.675 20.0427 15.1415
      vertex 1.675 21.9446 14.3337
      vertex 1.675 21.7861 14.9925
    endloop
  endfacet
  facet normal 1 0 0
    outer loop
      vertex 1.675 22.9514 11.6433
      vertex 1.675 20.0427 15.1415
      vertex 1.675 24.5265 7.37519
    endloop
  endfacet
  facet normal 1 0 0
    outer loop
      vertex 1.675 21.9446 14.3337
      vertex 1.675 20.0427 15.1415
      vertex 1.675 22.1082 13.6428
    endloop
  endfacet
  facet normal 0.707107 0.353568 -0.612364
    outer loop
      vertex 8.01614 21.2196 23.1431
      vertex 7.30853 21.3377 22.3942
      vertex 6.4677 21.9938 21.8021
    endloop
  endfacet
  facet normal 0.707108 0.35356 -0.612367
    outer loop
      vertex 8.01614 21.2196 23.1431
      vertex 7.30853 20.9047 22.1442
      vertex 7.30853 21.3377 22.3942
    endloop
  endfacet
  facet normal 0.70712 0.353515 -0.612379
    outer loop
      vertex 6.84908 20.968 21.6502
      vertex 6.36813 19.9064 20.482
      vertex 4.84557 20.7658 19.22
    endloop
  endfacet
  facet normal 0.707118 0.35354 -0.612367
    outer loop
      vertex 7.30853 19.1726 21.1442
      vertex 7.30853 20.9047 22.1442
      vertex 8.01614 21.2196 23.1431
    endloop
  endfacet
  facet normal 0.707097 0.35354 -0.612392
    outer loop
      vertex 6.84908 20.968 21.6502
      vertex 7.30853 19.1726 21.1442
      vertex 6.36813 19.9064 20.482
    endloop
  endfacet
  facet normal 0.707108 0.35355 -0.612373
    outer loop
      vertex 8.01614 16.8721 20.6331
      vertex 7.30853 19.1726 21.1442
      vertex 8.01614 21.2196 23.1431
    endloop
  endfacet
  facet normal 0.707119 0.353496 -0.612391
    outer loop
      vertex 6.84908 18.803 20.4002
      vertex 6.36813 17.7413 19.232
      vertex 4.84557 18.6007 17.97
    endloop
  endfacet
  facet normal 0.707041 0.353579 -0.612434
    outer loop
      vertex 6.84908 18.803 20.4002
      vertex 6.52949 17.6154 19.3456
      vertex 6.36813 17.7413 19.232
    endloop
  endfacet
  facet normal 0.707109 0.35352 -0.612389
    outer loop
      vertex 6.84908 18.803 20.4002
      vertex 8.01614 16.8721 20.6331
      vertex 6.52949 17.6154 19.3456
    endloop
  endfacet
  facet normal 0.707128 0.35355 -0.612349
    outer loop
      vertex 7.30853 19.1726 21.1442
      vertex 8.01614 16.8721 20.6331
      vertex 7.30853 18.7396 20.8942
    endloop
  endfacet
  facet normal 0.707067 0.353676 -0.612348
    outer loop
      vertex 4.84557 21.5599 19.6785
      vertex 2.84206 21.3577 17.2483
      vertex 2.38261 21.4211 16.7544
    endloop
  endfacet
  facet normal 0.707101 0.353573 -0.612368
    outer loop
      vertex 4.84557 21.5599 19.6785
      vertex 3.32301 21.2937 17.7667
      vertex 2.84206 21.3577 17.2483
    endloop
  endfacet
  facet normal 0.707099 0.353572 -0.61237
    outer loop
      vertex 4.84557 20.7658 19.22
      vertex 4.84557 21.5599 19.6785
      vertex 5.95446 21.1764 20.7375
    endloop
  endfacet
  facet normal 0.70711 0.353547 -0.612372
    outer loop
      vertex 4.84557 21.5599 19.6785
      vertex 3.73668 21.1493 18.161
      vertex 3.32301 21.2937 17.7667
    endloop
  endfacet
  facet normal 0.707059 0.353662 -0.612365
    outer loop
      vertex 4.84557 20.7658 19.22
      vertex 5.95446 21.1764 20.7375
      vertex 6.36813 21.0321 21.1318
    endloop
  endfacet
  facet normal 0.707195 0.353291 -0.612422
    outer loop
      vertex 4.84557 20.7658 19.22
      vertex 6.36813 21.0321 21.1318
      vertex 6.84908 20.968 21.6502
    endloop
  endfacet
  facet normal 0.707121 0.353539 -0.612364
    outer loop
      vertex 7.30853 19.1726 21.1442
      vertex 6.84908 20.968 21.6502
      vertex 7.30853 20.9047 22.1442
    endloop
  endfacet
  facet normal 0.707099 0.353572 -0.61237
    outer loop
      vertex 4.84557 21.5599 19.6785
      vertex 4.84557 20.7658 19.22
      vertex 3.73668 21.1493 18.161
    endloop
  endfacet
  facet normal 0.707074 0.353481 -0.612452
    outer loop
      vertex 1.675 24.3901 17.6515
      vertex 2.84206 23.5228 18.4983
      vertex 2.38261 23.5861 18.0044
    endloop
  endfacet
  facet normal 0.70711 0.353682 -0.612294
    outer loop
      vertex 1.675 24.3901 17.6515
      vertex 3.32301 23.4587 19.0167
      vertex 2.84206 23.5228 18.4983
    endloop
  endfacet
  facet normal 0.707106 0.353594 -0.61235
    outer loop
      vertex 1.675 24.3901 17.6515
      vertex 3.73668 23.3143 19.411
      vertex 3.32301 23.4587 19.0167
    endloop
  endfacet
  facet normal 0.707105 0.353546 -0.612378
    outer loop
      vertex 3.73668 23.3143 19.411
      vertex 1.675 24.3901 17.6515
      vertex 4.02827 23.2135 19.6895
    endloop
  endfacet
  facet normal 0.707115 0.353557 -0.612361
    outer loop
      vertex 2.38261 23.1531 17.7544
      vertex 1.675 24.3901 17.6515
      vertex 2.38261 23.5861 18.0044
    endloop
  endfacet
  facet normal 0.707102 0.353563 -0.612372
    outer loop
      vertex 2.38261 21.4211 16.7544
      vertex 3.32301 22.4193 18.4166
      vertex 4.84557 21.5599 19.6785
    endloop
  endfacet
  facet normal 0.707101 0.353564 -0.612373
    outer loop
      vertex 2.38261 21.4211 16.7544
      vertex 2.38261 23.1531 17.7544
      vertex 3.32301 22.4193 18.4166
    endloop
  endfacet
  facet normal 0.707115 0.353557 -0.612361
    outer loop
      vertex 2.38261 21.4211 16.7544
      vertex 1.675 24.3901 17.6515
      vertex 2.38261 23.1531 17.7544
    endloop
  endfacet
  facet normal 0.707195 0.353456 -0.612327
    outer loop
      vertex 1.675 20.0427 15.1415
      vertex 2.38261 21.4211 16.7544
      vertex 2.38261 20.988 16.5044
    endloop
  endfacet
  facet normal 0.707103 0.353558 -0.612374
    outer loop
      vertex 2.38261 21.4211 16.7544
      vertex 1.675 20.0427 15.1415
      vertex 1.675 24.3901 17.6515
    endloop
  endfacet
  facet normal 0.707104 0.353576 -0.612363
    outer loop
      vertex 3.32301 20.2542 17.1666
      vertex 1.675 20.0427 15.1415
      vertex 2.38261 20.988 16.5044
    endloop
  endfacet
  facet normal 0.707089 0.353548 -0.612395
    outer loop
      vertex 3.91592 18.9222 17.0822
      vertex 3.32301 20.2542 17.1666
      vertex 4.84557 19.3949 18.4285
    endloop
  endfacet
  facet normal 0.707103 0.353537 -0.612387
    outer loop
      vertex 4.84557 18.6007 17.97
      vertex 4.84557 19.3949 18.4285
      vertex 5.95446 19.0114 19.4875
    endloop
  endfacet
  facet normal 0.707111 0.353556 -0.612366
    outer loop
      vertex 3.32301 20.2542 17.1666
      vertex 3.91592 18.9222 17.0822
      vertex 1.675 20.0427 15.1415
    endloop
  endfacet
  facet normal 0.707114 0.353512 -0.612388
    outer loop
      vertex 4.84557 18.6007 17.97
      vertex 5.95446 19.0114 19.4875
      vertex 6.36813 18.867 19.8818
    endloop
  endfacet
  facet normal 0.707115 0.35351 -0.612388
    outer loop
      vertex 4.84557 18.6007 17.97
      vertex 6.36813 18.867 19.8818
      vertex 6.84908 18.803 20.4002
    endloop
  endfacet
  facet normal 0.707152 0.353555 -0.612319
    outer loop
      vertex 8.01614 16.8721 20.6331
      vertex 6.84908 18.803 20.4002
      vertex 7.30853 18.7396 20.8942
    endloop
  endfacet
  facet normal 0.707092 0.353542 -0.612395
    outer loop
      vertex 4.84557 19.3949 18.4285
      vertex 4.84557 18.6007 17.97
      vertex 3.91592 18.9222 17.0822
    endloop
  endfacet
  facet normal 7.60093e-05 0.499974 -0.86604
    outer loop
      vertex 10.9318 19.2802 22.0233
      vertex 12.5 20.2453 22.5806
      vertex 12.5 19.4511 22.1221
    endloop
  endfacet
  facet normal -0.000123027 0.499987 -0.866033
    outer loop
      vertex 10.3468 20.3434 22.6372
      vertex 10.9318 19.2802 22.0233
      vertex 10.3468 19.2177 21.9873
    endloop
  endfacet
  facet normal 1.80309e-05 0.500045 -0.866
    outer loop
      vertex 10.9318 19.2802 22.0233
      vertex 10.3468 20.3434 22.6372
      vertex 12.5 20.2453 22.5806
    endloop
  endfacet
  facet normal 7.51809e-05 0.499987 -0.866033
    outer loop
      vertex 9.66661 19.0413 21.8854
      vertex 10.3468 20.3434 22.6372
      vertex 10.3468 19.2177 21.9873
    endloop
  endfacet
  facet normal -9.11086e-05 0.499989 -0.866032
    outer loop
      vertex 9.01685 20.607 22.7894
      vertex 9.66661 19.0413 21.8854
      vertex 9.01685 18.8749 21.7894
    endloop
  endfacet
  facet normal -2.32928e-06 0.500017 -0.866016
    outer loop
      vertex 9.66661 19.0413 21.8854
      vertex 9.01685 20.607 22.7894
      vertex 10.3468 20.3434 22.6372
    endloop
  endfacet
  facet normal 3.72607e-05 0.500021 -0.866013
    outer loop
      vertex 10.9318 17.1151 20.7733
      vertex 12.5 18.0802 21.3306
      vertex 12.5 17.2861 20.8721
    endloop
  endfacet
  facet normal -4.22962e-05 0.50002 -0.866014
    outer loop
      vertex 10.3468 18.1783 21.3872
      vertex 10.9318 17.1151 20.7733
      vertex 10.3468 17.0527 20.7373
    endloop
  endfacet
  facet normal 1.80309e-05 0.500045 -0.866
    outer loop
      vertex 10.9318 17.1151 20.7733
      vertex 10.3468 18.1783 21.3872
      vertex 12.5 18.0802 21.3306
    endloop
  endfacet
  facet normal -9.8521e-06 0.50002 -0.866014
    outer loop
      vertex 9.66661 16.8762 20.6354
      vertex 10.3468 18.1783 21.3872
      vertex 10.3468 17.0527 20.7373
    endloop
  endfacet
  facet normal -0.00328294 0.498993 -0.8666
    outer loop
      vertex 9.01685 18.4419 21.5394
      vertex 9.66661 16.8762 20.6354
      vertex 9.65056 16.8721 20.6331
    endloop
  endfacet
  facet normal -2.32928e-06 0.500017 -0.866016
    outer loop
      vertex 9.66661 16.8762 20.6354
      vertex 9.01685 18.4419 21.5394
      vertex 10.3468 18.1783 21.3872
    endloop
  endfacet
  facet normal -4.41696e-05 0.500011 -0.866019
    outer loop
      vertex 8.01614 16.8721 20.6331
      vertex 9.01685 18.8749 21.7894
      vertex 9.01685 18.4419 21.5394
    endloop
  endfacet
  facet normal -2.1869e-05 0.499989 -0.866032
    outer loop
      vertex 9.01685 18.8749 21.7894
      vertex 8.01614 21.2196 23.1431
      vertex 9.01685 20.607 22.7894
    endloop
  endfacet
  facet normal -2.73708e-06 0.499995 -0.866028
    outer loop
      vertex 9.01685 18.8749 21.7894
      vertex 8.01614 16.8721 20.6331
      vertex 8.01614 21.2196 23.1431
    endloop
  endfacet
  facet normal 0 0.49999 -0.866031
    outer loop
      vertex 8.01614 16.8721 20.6331
      vertex 9.01685 18.4419 21.5394
      vertex 9.65056 16.8721 20.6331
    endloop
  endfacet
  facet normal -9.1103e-05 0.499989 -0.866032
    outer loop
      vertex 15.9832 19.0894 21.9132
      vertex 15.3334 20.6551 22.8172
      vertex 15.9832 20.8215 22.9132
    endloop
  endfacet
  facet normal -2.3292e-06 0.500017 -0.866016
    outer loop
      vertex 14.6532 19.353 22.0654
      vertex 15.3334 20.6551 22.8172
      vertex 15.9832 19.0894 21.9132
    endloop
  endfacet
  facet normal 7.51798e-05 0.499987 -0.866033
    outer loop
      vertex 14.6532 19.353 22.0654
      vertex 14.6532 20.4787 22.7153
      vertex 15.3334 20.6551 22.8172
    endloop
  endfacet
  facet normal -0.000123027 0.499987 -0.866033
    outer loop
      vertex 14.6532 19.353 22.0654
      vertex 14.0682 20.4162 22.6793
      vertex 14.6532 20.4787 22.7153
    endloop
  endfacet
  facet normal -2.32227e-05 0.500028 -0.866009
    outer loop
      vertex 12.5 19.4511 22.1221
      vertex 14.0682 20.4162 22.6793
      vertex 14.6532 19.353 22.0654
    endloop
  endfacet
  facet normal 2.07842e-05 0.499974 -0.86604
    outer loop
      vertex 14.0682 20.4162 22.6793
      vertex 12.5 19.4511 22.1221
      vertex 12.5 20.2453 22.5806
    endloop
  endfacet
  facet normal -2.15456e-05 0.500011 -0.866019
    outer loop
      vertex 15.9832 16.9244 20.6632
      vertex 15.3334 18.4901 21.5672
      vertex 15.9832 18.6564 21.6632
    endloop
  endfacet
  facet normal -2.3292e-06 0.500017 -0.866016
    outer loop
      vertex 14.6532 17.188 20.8154
      vertex 15.3334 18.4901 21.5672
      vertex 15.9832 16.9244 20.6632
    endloop
  endfacet
  facet normal -9.85195e-06 0.50002 -0.866014
    outer loop
      vertex 14.6532 17.188 20.8154
      vertex 14.6532 18.3136 21.4653
      vertex 15.3334 18.4901 21.5672
    endloop
  endfacet
  facet normal -4.22962e-05 0.50002 -0.866014
    outer loop
      vertex 14.6532 17.188 20.8154
      vertex 14.0682 18.2512 21.4293
      vertex 14.6532 18.3136 21.4653
    endloop
  endfacet
  facet normal -2.32227e-05 0.500028 -0.866009
    outer loop
      vertex 12.5 17.2861 20.8721
      vertex 14.0682 18.2512 21.4293
      vertex 14.6532 17.188 20.8154
    endloop
  endfacet
  facet normal -1.79627e-05 0.500021 -0.866013
    outer loop
      vertex 14.0682 18.2512 21.4293
      vertex 12.5 17.2861 20.8721
      vertex 12.5 18.0802 21.3306
    endloop
  endfacet
  facet normal 0 0.498814 -0.866709
    outer loop
      vertex 15.9832 16.9244 20.6632
      vertex 16.9839 16.8721 20.6331
      vertex 15.9832 16.8721 20.6331
    endloop
  endfacet
  facet normal 8.33435e-05 0.500011 -0.866019
    outer loop
      vertex 15.9832 18.6564 21.6632
      vertex 16.9839 16.8721 20.6331
      vertex 15.9832 16.9244 20.6632
    endloop
  endfacet
  facet normal 8.33435e-05 0.500011 -0.866019
    outer loop
      vertex 15.9832 19.0894 21.9132
      vertex 16.9839 16.8721 20.6331
      vertex 15.9832 18.6564 21.6632
    endloop
  endfacet
  facet normal 3.74734e-05 0.499995 -0.866028
    outer loop
      vertex 16.9839 16.8721 20.6331
      vertex 15.9832 19.0894 21.9132
      vertex 16.9839 21.2196 23.1431
    endloop
  endfacet
  facet normal 5.48554e-05 0.499989 -0.866032
    outer loop
      vertex 15.9832 20.8215 22.9132
      vertex 16.9839 21.2196 23.1431
      vertex 15.9832 19.0894 21.9132
    endloop
  endfacet
  facet normal 0 0.500093 -0.865972
    outer loop
      vertex 16.9839 21.2196 23.1431
      vertex 15.9832 20.8215 22.9132
      vertex 15.9832 21.2196 23.1431
    endloop
  endfacet
  facet normal -1.13487e-05 0.499981 -0.866036
    outer loop
      vertex 8.01614 21.2196 23.1431
      vertex 9.66661 21.2063 23.1354
      vertex 9.01685 21.04 23.0394
    endloop
  endfacet
  facet normal 0 0.501036 -0.865426
    outer loop
      vertex 9.66661 21.2063 23.1354
      vertex 8.01614 21.2196 23.1431
      vertex 9.71753 21.2196 23.1431
    endloop
  endfacet
  facet normal -4.19711e-06 0.500011 -0.866019
    outer loop
      vertex 9.01685 20.607 22.7894
      vertex 8.01614 21.2196 23.1431
      vertex 9.01685 21.04 23.0394
    endloop
  endfacet
  facet normal 2.17635e-05 0.866003 0.500038
    outer loop
      vertex 12.5 16.8721 20.6331
      vertex 12.5 16.6073 21.0917
      vertex 14.3117 16.6613 20.9981
    endloop
  endfacet
  facet normal -0.000142281 0.86565 0.500649
    outer loop
      vertex 12.5 16.8721 20.6331
      vertex 14.3117 16.6613 20.9981
      vertex 14.7289 16.6819 20.9626
    endloop
  endfacet
  facet normal -1.45457e-05 0.86605 0.499957
    outer loop
      vertex 12.2106 16.6275 21.0568
      vertex 12.5 16.8721 20.6331
      vertex 10.3017 16.7588 20.8293
    endloop
  endfacet
  facet normal -0 0.866067 0.499927
    outer loop
      vertex 12.5 16.8721 20.6331
      vertex 14.7289 16.6819 20.9626
      vertex 15.9832 16.8721 20.6331
    endloop
  endfacet
  facet normal 0.000144857 0.866003 0.500038
    outer loop
      vertex 12.5 16.6073 21.0917
      vertex 12.5 16.8721 20.6331
      vertex 12.2106 16.6275 21.0568
    endloop
  endfacet
  facet normal -2.53231e-05 0.866103 0.499866
    outer loop
      vertex 10.3017 16.7588 20.8293
      vertex 12.5 16.8721 20.6331
      vertex 9.68621 16.8659 20.6437
    endloop
  endfacet
  facet normal 0 0.863188 0.504883
    outer loop
      vertex 9.68621 16.8659 20.6437
      vertex 12.5 16.8721 20.6331
      vertex 9.65056 16.8721 20.6331
    endloop
  endfacet
  facet normal 0 0.866061 0.499939
    outer loop
      vertex 17.6915 17.2259 20.0202
      vertex 15.9832 16.8721 20.6331
      vertex 16.9839 16.8721 20.6331
    endloop
  endfacet
  facet normal 0 0.866061 0.499939
    outer loop
      vertex 15.9832 16.8721 20.6331
      vertex 17.6915 17.2259 20.0202
      vertex 12.5 16.8721 20.6331
    endloop
  endfacet
  facet normal 1.02599e-05 0.866023 0.500004
    outer loop
      vertex 19.2135 26.5823 3.81457
      vertex 12.5 16.8721 20.6331
      vertex 17.6915 17.2259 20.0202
    endloop
  endfacet
  facet normal -3.0571e-06 0.866026 0.5
    outer loop
      vertex 8.01614 27.6971 1.88361
      vertex 12.5 16.8721 20.6331
      vertex 19.2135 26.5823 3.81457
    endloop
  endfacet
  facet normal -1.78235e-05 0.86603 0.499992
    outer loop
      vertex 23.325 22.2846 11.2583
      vertex 17.6915 17.2259 20.0202
      vertex 18.8474 17.5348 19.4852
    endloop
  endfacet
  facet normal 0 0.866037 0.499981
    outer loop
      vertex 9.65056 16.8721 20.6331
      vertex 6.52949 17.6154 19.3456
      vertex 8.01614 16.8721 20.6331
    endloop
  endfacet
  facet normal 1.05328e-06 0.866026 0.499999
    outer loop
      vertex 5.31239 18.1279 18.458
      vertex 12.5 16.8721 20.6331
      vertex 8.01614 27.6971 1.88361
    endloop
  endfacet
  facet normal 0 0.866037 0.499981
    outer loop
      vertex 12.5 16.8721 20.6331
      vertex 6.52949 17.6154 19.3456
      vertex 9.65056 16.8721 20.6331
    endloop
  endfacet
  facet normal -5.78662e-05 0.866039 0.499976
    outer loop
      vertex 23.325 22.2846 11.2583
      vertex 18.8474 17.5348 19.4852
      vertex 20.5787 18.2453 18.2547
    endloop
  endfacet
  facet normal -2.10373e-05 0.865994 0.500054
    outer loop
      vertex 12.5 16.8721 20.6331
      vertex 5.31239 18.1279 18.458
      vertex 6.52949 17.6154 19.3456
    endloop
  endfacet
  facet normal 0.000838505 0.866504 0.499169
    outer loop
      vertex 6.52949 17.6154 19.3456
      vertex 5.31239 18.1279 18.458
      vertex 6.33598 17.6721 19.2475
    endloop
  endfacet
  facet normal 6.58257e-05 0.866018 0.500013
    outer loop
      vertex 23.325 22.2846 11.2583
      vertex 20.5787 18.2453 18.2547
      vertex 21.9995 19.1109 16.7553
    endloop
  endfacet
  facet normal -0.000164148 0.866042 0.499971
    outer loop
      vertex 23.325 22.2846 11.2583
      vertex 21.9995 19.1109 16.7553
      vertex 22.6174 19.6889 15.7543
    endloop
  endfacet
  facet normal -7.71339e-05 0.866064 0.499933
    outer loop
      vertex 23.325 20.543 14.2748
      vertex 22.6174 19.6889 15.7543
      vertex 23.325 20.0427 15.1415
    endloop
  endfacet
  facet normal 0.000123565 0.866023 0.500005
    outer loop
      vertex 23.325 22.2846 11.2583
      vertex 22.6174 19.6889 15.7543
      vertex 23.325 20.543 14.2748
    endloop
  endfacet
  facet normal 4.67321e-06 0.866023 0.500003
    outer loop
      vertex 17.6915 17.2259 20.0202
      vertex 23.325 22.2846 11.2583
      vertex 19.2135 26.5823 3.81457
    endloop
  endfacet
  facet normal -0.000168168 0.866023 0.500005
    outer loop
      vertex 23.325 22.2846 11.2583
      vertex 23.325 20.543 14.2748
      vertex 23.7055 21.1702 13.1886
    endloop
  endfacet
  facet normal 0.00042658 0.866073 0.499917
    outer loop
      vertex 23.325 22.2846 11.2583
      vertex 23.7055 21.1702 13.1886
      vertex 23.7522 21.4073 12.7778
    endloop
  endfacet
  facet normal -8.61928e-06 0.866027 0.499998
    outer loop
      vertex 3.91592 18.9222 17.0822
      vertex 5.31239 18.1279 18.458
      vertex 8.01614 27.6971 1.88361
    endloop
  endfacet
  facet normal -0.000130705 0.866021 0.500007
    outer loop
      vertex 23.5537 23.384 9.35418
      vertex 23.325 22.2846 11.2583
      vertex 23.8178 22.4248 11.0156
    endloop
  endfacet
  facet normal -5.91665e-05 0.866017 0.500014
    outer loop
      vertex 23.325 22.2846 11.2583
      vertex 23.5537 23.384 9.35418
      vertex 23.3425 23.6874 8.82867
    endloop
  endfacet
  facet normal -0.00198572 0.866022 0.500002
    outer loop
      vertex 23.325 22.2846 11.2583
      vertex 23.3425 23.6874 8.82867
      vertex 23.325 23.7127 8.78478
    endloop
  endfacet
  facet normal 1.56982e-05 0.866023 0.500003
    outer loop
      vertex 21.8445 25.2668 6.09307
      vertex 23.325 22.2846 11.2583
      vertex 23.325 23.7127 8.78478
    endloop
  endfacet
  facet normal 0.000322171 0.866172 0.499746
    outer loop
      vertex 5.31239 18.1279 18.458
      vertex 3.91592 18.9222 17.0822
      vertex 4.7159 18.3926 17.9996
    endloop
  endfacet
  facet normal 5.40398e-05 0.866033 0.499987
    outer loop
      vertex 21.8445 25.2668 6.09307
      vertex 23.325 23.7127 8.78478
      vertex 23.325 24.5265 7.37519
    endloop
  endfacet
  facet normal -3.20686e-05 0.866018 0.500014
    outer loop
      vertex 23.325 22.2846 11.2583
      vertex 21.8445 25.2668 6.09307
      vertex 20.8214 25.8756 5.03857
    endloop
  endfacet
  facet normal 0.000951036 0.86643 0.499298
    outer loop
      vertex 20.8214 25.8756 5.03857
      vertex 21.8445 25.2668 6.09307
      vertex 21.727 25.3672 5.91907
    endloop
  endfacet
  facet normal 1.23844e-05 0.866025 0.5
    outer loop
      vertex 23.325 22.2846 11.2583
      vertex 20.8214 25.8756 5.03857
      vertex 19.2135 26.5823 3.81457
    endloop
  endfacet
  facet normal 0.000345155 0.866214 0.499672
    outer loop
      vertex 19.2135 26.5823 3.81457
      vertex 20.8214 25.8756 5.03857
      vertex 20.2857 26.1774 4.51575
    endloop
  endfacet
  facet normal -6.84888e-06 0.866026 0.499998
    outer loop
      vertex 1.675 24.5265 7.37519
      vertex 3.91592 18.9222 17.0822
      vertex 8.01614 27.6971 1.88361
    endloop
  endfacet
  facet normal -0 0.866033 0.499986
    outer loop
      vertex 8.01614 27.6971 1.88361
      vertex 19.2135 26.5823 3.81457
      vertex 16.9839 27.6971 1.88361
    endloop
  endfacet
  facet normal 2.18798e-05 0.866029 0.499993
    outer loop
      vertex 3.91592 18.9222 17.0822
      vertex 1.675 24.5265 7.37519
      vertex 1.675 20.0427 15.1415
    endloop
  endfacet
  facet normal 0 0.866021 0.500007
    outer loop
      vertex 23.8569 22.2846 11.2583
      vertex 23.325 22.2846 11.2583
      vertex 23.7522 21.4073 12.7778
    endloop
  endfacet
  facet normal 0 0.865906 0.500206
    outer loop
      vertex 23.8178 22.4248 11.0156
      vertex 23.325 22.2846 11.2583
      vertex 23.8569 22.2846 11.2583
    endloop
  endfacet
  facet normal -0.707106 -0.353462 0.612425
    outer loop
      vertex 21.8445 25.2668 6.09307
      vertex 23.325 24.5265 7.37519
      vertex 22.6174 25.097 6.88746
    endloop
  endfacet
  facet normal -0.707112 -0.353541 0.612374
    outer loop
      vertex 18.6319 30.1659 5.21194
      vertex 16.9839 32.0446 4.39361
      vertex 17.6915 30.3725 4.24533
    endloop
  endfacet
  facet normal -0.707134 -0.353547 0.612344
    outer loop
      vertex 16.9839 32.0446 4.39361
      vertex 17.6915 29.9395 3.99533
      vertex 17.6915 30.3725 4.24533
    endloop
  endfacet
  facet normal -0.707161 -0.353534 0.612321
    outer loop
      vertex 17.6915 28.2075 2.99533
      vertex 18.1509 29.5434 4.29719
      vertex 17.6915 29.9395 3.99533
    endloop
  endfacet
  facet normal -0.707062 -0.353586 0.612405
    outer loop
      vertex 18.1509 29.5434 4.29719
      vertex 18.6319 28.0009 3.96194
      vertex 18.6319 29.1265 4.61183
    endloop
  endfacet
  facet normal -0.707104 -0.353588 0.612356
    outer loop
      vertex 18.6319 28.0009 3.96194
      vertex 18.1509 29.5434 4.29719
      vertex 17.6915 28.2075 2.99533
    endloop
  endfacet
  facet normal -0.707116 -0.353545 0.612366
    outer loop
      vertex 16.9839 27.6971 1.88361
      vertex 17.6915 29.9395 3.99533
      vertex 16.9839 32.0446 4.39361
    endloop
  endfacet
  facet normal -0.707089 -0.35357 0.612383
    outer loop
      vertex 17.6915 29.9395 3.99533
      vertex 16.9839 27.6971 1.88361
      vertex 17.6915 28.2075 2.99533
    endloop
  endfacet
  facet normal -0.707089 -0.35357 0.612383
    outer loop
      vertex 17.6915 28.2075 2.99533
      vertex 16.9839 27.6971 1.88361
      vertex 17.6915 27.7745 2.74533
    endloop
  endfacet
  facet normal -0.707134 -0.353436 0.612408
    outer loop
      vertex 16.9839 27.6971 1.88361
      vertex 18.1509 27.3784 3.04719
      vertex 17.6915 27.7745 2.74533
    endloop
  endfacet
  facet normal -0.707096 -0.353708 0.612296
    outer loop
      vertex 16.9839 27.6971 1.88361
      vertex 18.6319 26.9615 3.36183
      vertex 18.1509 27.3784 3.04719
    endloop
  endfacet
  facet normal -0.707122 -0.352986 0.612683
    outer loop
      vertex 16.9839 27.6971 1.88361
      vertex 19.0455 26.6922 3.68403
      vertex 18.6319 26.9615 3.36183
    endloop
  endfacet
  facet normal -0.707116 -0.353622 0.612322
    outer loop
      vertex 19.0455 26.6922 3.68403
      vertex 16.9839 27.6971 1.88361
      vertex 19.2135 26.5823 3.81457
    endloop
  endfacet
  facet normal -0.707116 -0.353548 0.612365
    outer loop
      vertex 16.9839 32.0446 4.39361
      vertex 18.6319 30.1659 5.21194
      vertex 19.1012 30.9859 6.22728
    endloop
  endfacet
  facet normal -0.707123 -0.35354 0.612362
    outer loop
      vertex 20.1544 29.5027 6.58715
      vertex 19.1012 30.9859 6.22728
      vertex 18.6319 30.1659 5.21194
    endloop
  endfacet
  facet normal -0.707115 -0.353531 0.612376
    outer loop
      vertex 19.1012 30.9859 6.22728
      vertex 20.1544 29.5027 6.58715
      vertex 20.1544 30.2969 7.04565
    endloop
  endfacet
  facet normal -0.7071 -0.353538 0.612389
    outer loop
      vertex 21.2633 28.7773 7.44877
      vertex 20.1544 30.2969 7.04565
      vertex 20.1544 29.5027 6.58715
    endloop
  endfacet
  facet normal -0.7071 -0.353538 0.612389
    outer loop
      vertex 20.1544 30.2969 7.04565
      vertex 21.2633 28.7773 7.44877
      vertex 21.677 29.6337 8.42086
    endloop
  endfacet
  facet normal -0.707044 -0.353599 0.612419
    outer loop
      vertex 21.677 28.5081 7.77096
      vertex 21.677 29.6337 8.42086
      vertex 21.2633 28.7773 7.44877
    endloop
  endfacet
  facet normal -0.707165 -0.353538 0.612314
    outer loop
      vertex 21.677 29.6337 8.42086
      vertex 21.677 28.5081 7.77096
      vertex 21.9063 29.5833 8.65658
    endloop
  endfacet
  facet normal -0.707179 -0.353527 0.612304
    outer loop
      vertex 22.1579 28.0911 8.08561
      vertex 21.9063 29.5833 8.65658
      vertex 21.677 28.5081 7.77096
    endloop
  endfacet
  facet normal -0.707096 -0.353546 0.612389
    outer loop
      vertex 21.9063 29.5833 8.65658
      vertex 22.1579 28.0911 8.08561
      vertex 23.325 28.874 9.88519
    endloop
  endfacet
  facet normal -0.707049 -0.35363 0.612395
    outer loop
      vertex 22.6174 27.6951 8.38746
      vertex 23.325 28.874 9.88519
      vertex 22.1579 28.0911 8.08561
    endloop
  endfacet
  facet normal -0.707195 -0.353456 0.612327
    outer loop
      vertex 22.6174 27.262 8.13746
      vertex 23.325 28.874 9.88519
      vertex 22.6174 27.6951 8.38746
    endloop
  endfacet
  facet normal -0.707143 -0.353549 0.612333
    outer loop
      vertex 22.1579 25.9261 6.83561
      vertex 21.677 27.4686 7.17086
      vertex 21.677 26.343 6.52096
    endloop
  endfacet
  facet normal -0.707108 -0.353547 0.612375
    outer loop
      vertex 21.677 27.4686 7.17086
      vertex 22.1579 25.9261 6.83561
      vertex 22.6174 27.262 8.13746
    endloop
  endfacet
  facet normal -0.707078 -0.353576 0.612393
    outer loop
      vertex 22.6174 25.53 7.13746
      vertex 22.6174 27.262 8.13746
      vertex 22.1579 25.9261 6.83561
    endloop
  endfacet
  facet normal -0.707127 -0.353551 0.612351
    outer loop
      vertex 23.325 24.5265 7.37519
      vertex 22.6174 27.262 8.13746
      vertex 22.6174 25.53 7.13746
    endloop
  endfacet
  facet normal -0.707127 -0.353551 0.612351
    outer loop
      vertex 23.325 24.5265 7.37519
      vertex 22.6174 25.53 7.13746
      vertex 22.6174 25.097 6.88746
    endloop
  endfacet
  facet normal -0.707102 -0.353553 0.612378
    outer loop
      vertex 22.6174 27.262 8.13746
      vertex 23.325 24.5265 7.37519
      vertex 23.325 28.874 9.88519
    endloop
  endfacet
  facet normal -0.707179 -0.353527 0.612304
    outer loop
      vertex 18.6319 29.1265 4.61183
      vertex 18.6319 28.0009 3.96194
      vertex 19.0455 28.8572 4.93403
    endloop
  endfacet
  facet normal -0.70712 -0.353591 0.612335
    outer loop
      vertex 20.1544 27.3377 5.33715
      vertex 19.0455 28.8572 4.93403
      vertex 18.6319 28.0009 3.96194
    endloop
  endfacet
  facet normal -0.707103 -0.35357 0.612367
    outer loop
      vertex 19.0455 28.8572 4.93403
      vertex 20.1544 27.3377 5.33715
      vertex 20.1544 28.1318 5.79565
    endloop
  endfacet
  facet normal -0.707103 -0.35357 0.612367
    outer loop
      vertex 21.2633 26.6123 6.19877
      vertex 20.1544 28.1318 5.79565
      vertex 20.1544 27.3377 5.33715
    endloop
  endfacet
  facet normal -0.707099 -0.353564 0.612375
    outer loop
      vertex 20.1544 28.1318 5.79565
      vertex 21.2633 26.6123 6.19877
      vertex 21.677 27.4686 7.17086
    endloop
  endfacet
  facet normal -0.707087 -0.353578 0.612382
    outer loop
      vertex 21.677 26.343 6.52096
      vertex 21.677 27.4686 7.17086
      vertex 21.2633 26.6123 6.19877
    endloop
  endfacet
  facet normal 0.707032 -0.353787 0.612324
    outer loop
      vertex 4.84557 28.6731 6.10815
      vertex 6.84908 28.4709 3.67793
      vertex 7.30853 28.5342 3.18399
    endloop
  endfacet
  facet normal 0.707158 -0.353411 0.612396
    outer loop
      vertex 4.84557 28.6731 6.10815
      vertex 6.36813 28.4068 4.19631
      vertex 6.84908 28.4709 3.67793
    endloop
  endfacet
  facet normal 0.707111 -0.353533 0.612379
    outer loop
      vertex 4.84557 27.8789 5.64965
      vertex 4.84557 28.6731 6.10815
      vertex 3.73668 28.2896 7.16718
    endloop
  endfacet
  facet normal 0.707121 -0.35351 0.612381
    outer loop
      vertex 4.84557 28.6731 6.10815
      vertex 5.95446 28.2624 4.59062
      vertex 6.36813 28.4068 4.19631
    endloop
  endfacet
  facet normal 0.707116 -0.353563 0.612356
    outer loop
      vertex 3.32301 27.0196 6.91159
      vertex 3.73668 28.2896 7.16718
      vertex 3.32301 28.1452 7.56149
    endloop
  endfacet
  facet normal 0.707089 -0.353576 0.61238
    outer loop
      vertex 3.32301 27.0196 6.91159
      vertex 3.32301 28.1452 7.56149
      vertex 2.84206 28.0812 8.07987
    endloop
  endfacet
  facet normal 0.707116 -0.353556 0.61236
    outer loop
      vertex 2.38261 26.2858 7.57381
      vertex 2.84206 28.0812 8.07987
      vertex 2.38261 28.0178 8.57381
    endloop
  endfacet
  facet normal 0.707091 -0.353576 0.612377
    outer loop
      vertex 4.84557 28.6731 6.10815
      vertex 4.84557 27.879 5.64965
      vertex 5.95446 28.2624 4.59062
    endloop
  endfacet
  facet normal 0.707117 -0.353554 0.612361
    outer loop
      vertex 8.01614 32.0446 4.39361
      vertex 6.84908 30.6359 4.92793
      vertex 7.30853 30.6993 4.43399
    endloop
  endfacet
  facet normal 0.7071 -0.353526 0.612396
    outer loop
      vertex 8.01614 32.0446 4.39361
      vertex 6.36813 30.5719 5.44631
      vertex 6.84908 30.6359 4.92793
    endloop
  endfacet
  facet normal 0.707115 -0.353576 0.61235
    outer loop
      vertex 8.01614 32.0446 4.39361
      vertex 5.95446 30.4275 5.84062
      vertex 6.36813 30.5719 5.44631
    endloop
  endfacet
  facet normal 0.707109 -0.353549 0.612372
    outer loop
      vertex 8.01614 32.0446 4.39361
      vertex 4.84557 30.044 6.89965
      vertex 5.95446 30.4275 5.84062
    endloop
  endfacet
  facet normal 0.707107 -0.353527 0.612387
    outer loop
      vertex 1.675 28.874 9.88519
      vertex 4.84557 30.044 6.89965
      vertex 8.01614 32.0446 4.39361
    endloop
  endfacet
  facet normal 0.707108 -0.353517 0.612392
    outer loop
      vertex 4.84557 30.044 6.89965
      vertex 1.675 28.874 9.88519
      vertex 3.32301 29.1846 8.16159
    endloop
  endfacet
  facet normal 0.707104 -0.35354 0.612384
    outer loop
      vertex 1.675 28.874 9.88519
      vertex 2.38261 28.4508 8.82381
      vertex 3.32301 29.1846 8.16159
    endloop
  endfacet
  facet normal 0.707087 -0.353571 0.612385
    outer loop
      vertex 1.675 28.874 9.88519
      vertex 2.38261 28.0178 8.57381
      vertex 2.38261 28.4508 8.82381
    endloop
  endfacet
  facet normal 1 0 0
    outer loop
      vertex 4.84557 28.6731 6.10815
      vertex 4.84557 27.8789 5.64965
      vertex 4.84557 27.879 5.64965
    endloop
  endfacet
  facet normal 0.707098 -0.353561 0.612378
    outer loop
      vertex 3.73668 28.2896 7.16718
      vertex 3.32301 27.0196 6.91159
      vertex 4.84557 27.8789 5.64965
    endloop
  endfacet
  facet normal 0.707107 -0.353557 0.61237
    outer loop
      vertex 2.84206 28.0812 8.07987
      vertex 2.38261 26.2858 7.57381
      vertex 3.32301 27.0196 6.91159
    endloop
  endfacet
  facet normal 0.707087 -0.353571 0.612385
    outer loop
      vertex 1.675 28.874 9.88519
      vertex 2.38261 26.2858 7.57381
      vertex 2.38261 28.0178 8.57381
    endloop
  endfacet
  facet normal 0.707118 -0.353545 0.612365
    outer loop
      vertex 1.675 24.5265 7.37519
      vertex 2.38261 26.2858 7.57381
      vertex 1.675 28.874 9.88519
    endloop
  endfacet
  facet normal 0.707132 -0.353549 0.612346
    outer loop
      vertex 2.38261 26.2858 7.57381
      vertex 1.675 24.5265 7.37519
      vertex 2.38261 25.8528 7.32381
    endloop
  endfacet
  facet normal 0.707119 -0.353555 0.612357
    outer loop
      vertex 7.30853 30.2663 4.18399
      vertex 8.01614 32.0446 4.39361
      vertex 7.30853 30.6993 4.43399
    endloop
  endfacet
  facet normal 0.707109 -0.353541 0.612377
    outer loop
      vertex 7.30853 28.5342 3.18399
      vertex 6.36813 29.5325 4.84621
      vertex 4.84557 28.6731 6.10815
    endloop
  endfacet
  facet normal 0.707105 -0.353547 0.612378
    outer loop
      vertex 7.30853 28.5342 3.18399
      vertex 7.30853 30.2663 4.18399
      vertex 6.36813 29.5325 4.84621
    endloop
  endfacet
  facet normal 0.707116 -0.353541 0.612369
    outer loop
      vertex 8.01614 27.6971 1.88361
      vertex 7.30853 30.2663 4.18399
      vertex 7.30853 28.5342 3.18399
    endloop
  endfacet
  facet normal 0.707099 -0.353565 0.612375
    outer loop
      vertex 8.01614 27.6971 1.88361
      vertex 7.30853 28.5342 3.18399
      vertex 7.30853 28.1012 2.93399
    endloop
  endfacet
  facet normal 0.707104 -0.353551 0.612376
    outer loop
      vertex 7.30853 30.2663 4.18399
      vertex 8.01614 27.6971 1.88361
      vertex 8.01614 32.0446 4.39361
    endloop
  endfacet
  facet normal 0.707106 -0.353552 0.612374
    outer loop
      vertex 6.36813 27.3674 3.59621
      vertex 8.01614 27.6971 1.88361
      vertex 7.30853 28.1012 2.93399
    endloop
  endfacet
  facet normal 0.707109 -0.353536 0.61238
    outer loop
      vertex 6.36813 27.3674 3.59621
      vertex 4.84557 26.508 4.85815
      vertex 8.01614 27.6971 1.88361
    endloop
  endfacet
  facet normal 0.707086 -0.353455 0.612454
    outer loop
      vertex 1.675 24.5265 7.37519
      vertex 3.73668 26.1245 5.91718
      vertex 3.32301 25.9802 6.31149
    endloop
  endfacet
  facet normal 0.707089 -0.353523 0.61241
    outer loop
      vertex 1.675 24.5265 7.37519
      vertex 2.84206 25.9161 6.82987
      vertex 2.38261 25.8528 7.32381
    endloop
  endfacet
  facet normal 0.707107 -0.353558 0.61237
    outer loop
      vertex 4.84557 26.508 4.85815
      vertex 1.675 24.5265 7.37519
      vertex 8.01614 27.6971 1.88361
    endloop
  endfacet
  facet normal 0.707108 -0.353564 0.612365
    outer loop
      vertex 3.73668 26.1245 5.91718
      vertex 1.675 24.5265 7.37519
      vertex 4.84557 26.508 4.85815
    endloop
  endfacet
  facet normal 0.707121 -0.353577 0.612342
    outer loop
      vertex 2.84206 25.9161 6.82987
      vertex 1.675 24.5265 7.37519
      vertex 3.32301 25.9802 6.31149
    endloop
  endfacet
  facet normal -1 0 0
    outer loop
      vertex 23.325 26.7848 9.8345
      vertex 23.325 28.094 11.2362
      vertex 23.325 28.874 9.88519
    endloop
  endfacet
  facet normal -1 -0 0
    outer loop
      vertex 23.325 28.094 11.2362
      vertex 23.325 26.7848 9.8345
      vertex 23.325 28.0256 11.3012
    endloop
  endfacet
  facet normal -1 0 0
    outer loop
      vertex 23.325 26.3834 11.1384
      vertex 23.325 28.0256 11.3012
      vertex 23.325 26.7848 9.8345
    endloop
  endfacet
  facet normal -1 -0 0
    outer loop
      vertex 23.325 28.0256 11.3012
      vertex 23.325 26.3834 11.1384
      vertex 23.325 27.5091 11.7883
    endloop
  endfacet
  facet normal -1 0 0
    outer loop
      vertex 23.325 28.874 9.88519
      vertex 23.325 26.3518 9.5845
      vertex 23.325 26.7848 9.8345
    endloop
  endfacet
  facet normal -1 0 0
    outer loop
      vertex 23.325 24.6197 8.5845
      vertex 23.325 25.8605 10.0512
      vertex 23.325 26.3518 9.5845
    endloop
  endfacet
  facet normal -1 -0 0
    outer loop
      vertex 23.325 25.8605 10.0512
      vertex 23.325 24.2184 9.88845
      vertex 23.325 25.344 10.5383
    endloop
  endfacet
  facet normal -1 0 0
    outer loop
      vertex 23.325 24.2184 9.88845
      vertex 23.325 25.8605 10.0512
      vertex 23.325 24.6197 8.5845
    endloop
  endfacet
  facet normal -1 0 0
    outer loop
      vertex 23.325 24.5265 7.37519
      vertex 23.325 26.3518 9.5845
      vertex 23.325 28.874 9.88519
    endloop
  endfacet
  facet normal -1 0 0
    outer loop
      vertex 23.325 26.3518 9.5845
      vertex 23.325 24.5265 7.37519
      vertex 23.325 24.6197 8.5845
    endloop
  endfacet
  facet normal -1 0 0
    outer loop
      vertex 23.325 24.5265 7.37519
      vertex 23.325 24.1867 8.3345
      vertex 23.325 24.6197 8.5845
    endloop
  endfacet
  facet normal -1 -0 -0
    outer loop
      vertex 23.325 24.1867 8.3345
      vertex 23.325 24.5265 7.37519
      vertex 23.325 23.7127 8.78478
    endloop
  endfacet
  facet normal -1 -0 0
    outer loop
      vertex 23.325 27.5091 11.7883
      vertex 23.325 26.3834 11.1384
      vertex 23.325 27.1541 12.2589
    endloop
  endfacet
  facet normal -1 0 0
    outer loop
      vertex 23.325 25.4049 13.0598
      vertex 23.325 27.1541 12.2589
      vertex 23.325 26.3834 11.1384
    endloop
  endfacet
  facet normal -1 0 0
    outer loop
      vertex 23.325 27.1541 12.2589
      vertex 23.325 25.4049 13.0598
      vertex 23.325 26.199 13.5183
    endloop
  endfacet
  facet normal -1 0 0
    outer loop
      vertex 23.325 24.4498 14.3192
      vertex 23.325 26.199 13.5183
      vertex 23.325 25.4049 13.0598
    endloop
  endfacet
  facet normal -1 0 0
    outer loop
      vertex 23.325 26.199 13.5183
      vertex 23.325 24.4498 14.3192
      vertex 23.325 25.2205 15.4397
    endloop
  endfacet
  facet normal -1 0 0
    outer loop
      vertex 23.325 24.0949 14.7898
      vertex 23.325 25.2205 15.4397
      vertex 23.325 24.4498 14.3192
    endloop
  endfacet
  facet normal -1 0 0
    outer loop
      vertex 23.325 24.8192 16.7437
      vertex 23.325 24.3901 17.6515
      vertex 23.325 24.8905 16.7848
    endloop
  endfacet
  facet normal -1 0 0
    outer loop
      vertex 23.325 23.5784 15.277
      vertex 23.325 25.2205 15.4397
      vertex 23.325 24.0949 14.7898
    endloop
  endfacet
  facet normal -1 -0 0
    outer loop
      vertex 23.325 25.2205 15.4397
      vertex 23.325 23.5784 15.277
      vertex 23.325 24.8192 16.7437
    endloop
  endfacet
  facet normal -1 0 0
    outer loop
      vertex 23.325 23.0871 15.7437
      vertex 23.325 24.8192 16.7437
      vertex 23.325 23.5784 15.277
    endloop
  endfacet
  facet normal -1 -0 0
    outer loop
      vertex 23.325 24.8192 16.7437
      vertex 23.325 23.0871 15.7437
      vertex 23.325 24.3901 17.6515
    endloop
  endfacet
  facet normal -1 0 0
    outer loop
      vertex 23.325 22.6541 15.4937
      vertex 23.325 24.3901 17.6515
      vertex 23.325 23.0871 15.7437
    endloop
  endfacet
  facet normal -1 0 0
    outer loop
      vertex 23.325 21.4133 14.027
      vertex 23.325 23.0555 14.1897
      vertex 23.325 21.9298 13.5398
    endloop
  endfacet
  facet normal -1 -0 0
    outer loop
      vertex 23.325 23.0555 14.1897
      vertex 23.325 21.4133 14.027
      vertex 23.325 22.6541 15.4937
    endloop
  endfacet
  facet normal -1 0 0
    outer loop
      vertex 23.325 20.9221 14.4937
      vertex 23.325 22.6541 15.4937
      vertex 23.325 21.4133 14.027
    endloop
  endfacet
  facet normal -1 0 0
    outer loop
      vertex 23.325 20.0427 15.1415
      vertex 23.325 22.6541 15.4937
      vertex 23.325 20.9221 14.4937
    endloop
  endfacet
  facet normal -1 0 0
    outer loop
      vertex 23.325 20.0427 15.1415
      vertex 23.325 20.9221 14.4937
      vertex 23.325 20.543 14.2748
    endloop
  endfacet
  facet normal -1 -0 0
    outer loop
      vertex 23.325 22.6541 15.4937
      vertex 23.325 20.0427 15.1415
      vertex 23.325 24.3901 17.6515
    endloop
  endfacet
  facet normal -1 -0 0
    outer loop
      vertex 23.325 25.344 10.5383
      vertex 23.325 24.2184 9.88845
      vertex 23.325 24.989 11.0089
    endloop
  endfacet
  facet normal -1 0 0
    outer loop
      vertex 23.325 23.2398 11.8098
      vertex 23.325 24.989 11.0089
      vertex 23.325 24.2184 9.88845
    endloop
  endfacet
  facet normal -1 0 0
    outer loop
      vertex 23.325 24.989 11.0089
      vertex 23.325 23.2398 11.8098
      vertex 23.325 24.034 12.2683
    endloop
  endfacet
  facet normal -1 0 0
    outer loop
      vertex 23.325 22.2848 13.0692
      vertex 23.325 24.034 12.2683
      vertex 23.325 23.2398 11.8098
    endloop
  endfacet
  facet normal -1 0 0
    outer loop
      vertex 23.325 24.034 12.2683
      vertex 23.325 22.2848 13.0692
      vertex 23.325 23.0555 14.1897
    endloop
  endfacet
  facet normal -1 0 0
    outer loop
      vertex 23.325 21.9298 13.5398
      vertex 23.325 23.0555 14.1897
      vertex 23.325 22.2848 13.0692
    endloop
  endfacet
  facet normal -1.79627e-05 -0.500021 0.866013
    outer loop
      vertex 10.9318 30.1587 3.30481
      vertex 12.5 29.1936 2.74761
      vertex 12.5 29.9877 3.20611
    endloop
  endfacet
  facet normal -3.42029e-05 -0.499987 0.866033
    outer loop
      vertex 10.3468 29.0955 2.69097
      vertex 10.9318 30.1587 3.30481
      vertex 10.3468 30.2212 3.34087
    endloop
  endfacet
  facet normal -7.54316e-07 -0.5 0.866025
    outer loop
      vertex 10.9318 30.1587 3.30481
      vertex 10.3468 29.0955 2.69097
      vertex 12.5 29.1936 2.74761
    endloop
  endfacet
  facet normal 2.4252e-05 -0.499987 0.866033
    outer loop
      vertex 9.66661 30.3976 3.44273
      vertex 10.3468 29.0955 2.69097
      vertex 10.3468 30.2212 3.34087
    endloop
  endfacet
  facet normal -2.44662e-05 -0.499989 0.866032
    outer loop
      vertex 9.01685 28.8319 2.53878
      vertex 9.66661 30.3976 3.44273
      vertex 9.01685 30.564 3.53878
    endloop
  endfacet
  facet normal -1.2068e-06 -0.499997 0.866027
    outer loop
      vertex 9.66661 30.3976 3.44273
      vertex 9.01685 28.8319 2.53878
      vertex 10.3468 29.0955 2.69097
    endloop
  endfacet
  facet normal -3.18567e-05 -0.500011 0.866019
    outer loop
      vertex 15.9832 30.3494 3.41493
      vertex 15.3334 28.7838 2.51098
      vertex 15.9832 28.6174 2.41493
    endloop
  endfacet
  facet normal 5.69015e-06 -0.500023 0.866012
    outer loop
      vertex 14.6532 30.0858 3.26274
      vertex 15.3334 28.7838 2.51098
      vertex 15.9832 30.3494 3.41493
    endloop
  endfacet
  facet normal 1.27318e-05 -0.50002 0.866014
    outer loop
      vertex 14.6532 30.0858 3.26274
      vertex 14.6532 28.9602 2.61284
      vertex 15.3334 28.7838 2.51098
    endloop
  endfacet
  facet normal 4.65258e-05 -0.50002 0.866014
    outer loop
      vertex 14.6532 30.0858 3.26274
      vertex 14.0682 29.0226 2.6489
      vertex 14.6532 28.9602 2.61284
    endloop
  endfacet
  facet normal 3.37114e-06 -0.500002 0.866024
    outer loop
      vertex 12.5 29.9877 3.20611
      vertex 14.0682 29.0226 2.6489
      vertex 14.6532 30.0858 3.26274
    endloop
  endfacet
  facet normal -1.24404e-05 -0.500021 0.866013
    outer loop
      vertex 14.0682 29.0226 2.6489
      vertex 12.5 29.9877 3.20611
      vertex 12.5 29.1936 2.74761
    endloop
  endfacet
  facet normal -0.000132503 -0.499924 0.866069
    outer loop
      vertex 15.9832 30.3494 3.41493
      vertex 16.9839 32.0446 4.39361
      vertex 15.9832 30.7825 3.66493
    endloop
  endfacet
  facet normal 3.96966e-05 -0.500027 0.86601
    outer loop
      vertex 16.9839 32.0446 4.39361
      vertex 15.3334 30.9488 3.76098
      vertex 15.9832 30.7825 3.66493
    endloop
  endfacet
  facet normal -3.4258e-05 -0.499943 0.866058
    outer loop
      vertex 16.9839 32.0446 4.39361
      vertex 14.6532 31.1253 3.86284
      vertex 15.3334 30.9488 3.76098
    endloop
  endfacet
  facet normal 3.79105e-05 -0.50008 0.865979
    outer loop
      vertex 16.9839 32.0446 4.39361
      vertex 14.0682 31.1877 3.8989
      vertex 14.6532 31.1253 3.86284
    endloop
  endfacet
  facet normal -5.08191e-06 -0.499971 0.866042
    outer loop
      vertex 16.9839 32.0446 4.39361
      vertex 12.5 31.3587 3.99761
      vertex 14.0682 31.1877 3.8989
    endloop
  endfacet
  facet normal 0 -0.499996 0.866028
    outer loop
      vertex 8.01614 32.0446 4.39361
      vertex 12.5 31.3587 3.99761
      vertex 16.9839 32.0446 4.39361
    endloop
  endfacet
  facet normal -1.72082e-05 -0.500011 0.866019
    outer loop
      vertex 8.01614 32.0446 4.39361
      vertex 9.01685 30.564 3.53878
      vertex 9.01685 30.997 3.78878
    endloop
  endfacet
  facet normal 1.34216e-05 -0.499995 0.866028
    outer loop
      vertex 8.01614 27.6971 1.88361
      vertex 9.01685 30.564 3.53878
      vertex 8.01614 32.0446 4.39361
    endloop
  endfacet
  facet normal -9.97121e-06 -0.499989 0.866032
    outer loop
      vertex 9.01685 30.564 3.53878
      vertex 8.01614 27.6971 1.88361
      vertex 9.01685 28.8319 2.53878
    endloop
  endfacet
  facet normal -5.51901e-07 -0.499999 0.866026
    outer loop
      vertex 10.3468 31.2606 3.94097
      vertex 8.01614 32.0446 4.39361
      vertex 9.01685 30.997 3.78878
    endloop
  endfacet
  facet normal -8.02433e-07 -0.5 0.866026
    outer loop
      vertex 12.5 31.3587 3.99761
      vertex 8.01614 32.0446 4.39361
      vertex 10.3468 31.2606 3.94097
    endloop
  endfacet
  facet normal 2.8008e-05 -0.499995 0.866028
    outer loop
      vertex 16.9839 32.0446 4.39361
      vertex 15.9832 30.3494 3.41493
      vertex 16.9839 27.6971 1.88361
    endloop
  endfacet
  facet normal -2.68618e-05 -0.500011 0.866019
    outer loop
      vertex 15.9832 28.6174 2.41493
      vertex 16.9839 27.6971 1.88361
      vertex 15.9832 30.3494 3.41493
    endloop
  endfacet
  facet normal -2.68618e-05 -0.500011 0.866019
    outer loop
      vertex 15.9832 28.1844 2.16493
      vertex 16.9839 27.6971 1.88361
      vertex 15.9832 28.6174 2.41493
    endloop
  endfacet
  facet normal -5.92146e-06 -0.499979 0.866038
    outer loop
      vertex 14.6532 27.9208 2.01274
      vertex 16.9839 27.6971 1.88361
      vertex 15.9832 28.1844 2.16493
    endloop
  endfacet
  facet normal -5.8281e-07 -0.499937 0.866062
    outer loop
      vertex 12.5 27.8227 1.95611
      vertex 16.9839 27.6971 1.88361
      vertex 14.6532 27.9208 2.01274
    endloop
  endfacet
  facet normal -1.99915e-05 -0.499887 0.866091
    outer loop
      vertex 8.01614 27.6971 1.88361
      vertex 10.9318 27.9936 2.05481
      vertex 10.3468 28.0561 2.09087
    endloop
  endfacet
  facet normal -1.7248e-05 -0.499968 0.866044
    outer loop
      vertex 8.01614 27.6971 1.88361
      vertex 9.66661 28.2325 2.19273
      vertex 9.01685 28.3989 2.28878
    endloop
  endfacet
  facet normal 0 -0.499921 0.866071
    outer loop
      vertex 12.5 27.8227 1.95611
      vertex 8.01614 27.6971 1.88361
      vertex 16.9839 27.6971 1.88361
    endloop
  endfacet
  facet normal 5.81661e-06 -0.500077 0.865981
    outer loop
      vertex 10.9318 27.9936 2.05481
      vertex 8.01614 27.6971 1.88361
      vertex 12.5 27.8227 1.95611
    endloop
  endfacet
  facet normal 9.35101e-06 -0.50003 0.866008
    outer loop
      vertex 9.66661 28.2325 2.19273
      vertex 8.01614 27.6971 1.88361
      vertex 10.3468 28.0561 2.09087
    endloop
  endfacet
  facet normal 2.27643e-05 -0.500011 0.866019
    outer loop
      vertex 9.01685 28.8319 2.53878
      vertex 8.01614 27.6971 1.88361
      vertex 9.01685 28.3989 2.28878
    endloop
  endfacet
  facet normal 0.0980437 -0.497729 0.861774
    outer loop
      vertex 12.5 33.072 4.29399
      vertex 11.4968 32.9028 4.3104
      vertex 12.5 32.9218 4.20724
    endloop
  endfacet
  facet normal 0.0930039 0.306548 0.947301
    outer loop
      vertex 12.5 32.9218 4.20724
      vertex 11.9513 32.7125 4.32884
      vertex 12.5 32.4748 4.35189
    endloop
  endfacet
  facet normal 0.0916288 0.309645 0.946427
    outer loop
      vertex 12.5 32.9218 4.20724
      vertex 11.8677 32.7476 4.32545
      vertex 11.9513 32.7125 4.32884
    endloop
  endfacet
  facet normal 0.0914274 0.310254 0.946247
    outer loop
      vertex 11.8677 32.7476 4.32545
      vertex 12.5 32.9218 4.20724
      vertex 11.4968 32.9028 4.3104
    endloop
  endfacet
  facet normal -0.0980297 -0.497729 0.861775
    outer loop
      vertex 12.5 32.9218 4.20724
      vertex 13.0953 32.9716 4.30372
      vertex 12.5 33.072 4.29399
    endloop
  endfacet
  facet normal -0.0980271 -0.497745 0.861766
    outer loop
      vertex 13.0953 32.9716 4.30372
      vertex 12.5 32.9218 4.20724
      vertex 14.1871 32.7875 4.32158
    endloop
  endfacet
  facet normal -0.0399404 0.307637 0.950665
    outer loop
      vertex 12.5 32.9218 4.20724
      vertex 12.5 32.4748 4.35189
      vertex 14.1871 32.7875 4.32158
    endloop
  endfacet
  facet normal -0.4713 -0.441253 0.763657
    outer loop
      vertex 18.8474 31.8431 5.80782
      vertex 18.6465 31.8166 5.66852
      vertex 18.8474 31.7561 5.75755
    endloop
  endfacet
  facet normal -0.293231 0.33694 0.894699
    outer loop
      vertex 18.8474 31.7561 5.75755
      vertex 18.6661 31.7437 5.7028
      vertex 18.7287 31.5003 5.81498
    endloop
  endfacet
  facet normal -0.293053 0.341195 0.893144
    outer loop
      vertex 18.8474 31.7561 5.75755
      vertex 18.6465 31.8166 5.66852
      vertex 18.6661 31.7437 5.7028
    endloop
  endfacet
  facet normal -0.634347 -0.386516 0.669484
    outer loop
      vertex 20.1163 31.5175 6.82232
      vertex 20.5787 30.978 6.94898
      vertex 20.5787 31.3989 7.19198
    endloop
  endfacet
  facet normal -0.634373 -0.386747 0.669326
    outer loop
      vertex 18.8474 31.7561 5.75755
      vertex 20.1163 31.5175 6.82232
      vertex 18.8474 31.8431 5.80782
    endloop
  endfacet
  facet normal -0.6344 -0.386582 0.669395
    outer loop
      vertex 20.1163 31.5175 6.82232
      vertex 18.8474 31.7561 5.75755
      vertex 20.5787 30.978 6.94898
    endloop
  endfacet
  facet normal -0.405905 0.371385 0.835054
    outer loop
      vertex 20.5787 30.978 6.94898
      vertex 19.1012 30.9859 6.22728
      vertex 20.1544 30.2969 7.04565
    endloop
  endfacet
  facet normal -0.405796 0.371987 0.834838
    outer loop
      vertex 19.1012 30.9859 6.22728
      vertex 20.5787 30.978 6.94898
      vertex 19.0762 31.0214 6.19931
    endloop
  endfacet
  facet normal -0.405157 0.375136 0.833739
    outer loop
      vertex 18.8474 31.7561 5.75755
      vertex 19.0762 31.0214 6.19931
      vertex 20.5787 30.978 6.94898
    endloop
  endfacet
  facet normal -0.405095 0.375166 0.833756
    outer loop
      vertex 19.0762 31.0214 6.19931
      vertex 18.8474 31.7561 5.75755
      vertex 18.7287 31.5003 5.81498
    endloop
  endfacet
  facet normal -0.773027 -0.31718 0.549388
    outer loop
      vertex 20.5787 30.978 6.94898
      vertex 21.9995 30.267 8.53766
      vertex 20.5787 31.3989 7.19198
    endloop
  endfacet
  facet normal -0.773021 -0.317274 0.549341
    outer loop
      vertex 21.9995 30.267 8.53766
      vertex 20.5787 30.978 6.94898
      vertex 21.9995 30.0447 8.40927
    endloop
  endfacet
  facet normal -0.503001 0.416054 0.757555
    outer loop
      vertex 21.9995 30.0447 8.40927
      vertex 20.1544 30.2969 7.04565
      vertex 21.677 29.6337 8.42086
    endloop
  endfacet
  facet normal -0.501616 0.419843 0.756381
    outer loop
      vertex 20.5787 30.978 6.94898
      vertex 20.1544 30.2969 7.04565
      vertex 21.9995 30.0447 8.40927
    endloop
  endfacet
  facet normal -0.881879 -0.2358 0.408274
    outer loop
      vertex 21.9995 30.267 8.53766
      vertex 21.9995 30.0447 8.40927
      vertex 22.3254 29.719 8.92511
    endloop
  endfacet
  facet normal -0.577503 0.474409 0.664399
    outer loop
      vertex 21.9995 30.0447 8.40927
      vertex 22.3067 29.713 8.91314
      vertex 22.3254 29.719 8.92511
    endloop
  endfacet
  facet normal -0.57884 0.472967 0.664264
    outer loop
      vertex 21.9995 30.0447 8.40927
      vertex 21.9063 29.5833 8.65658
      vertex 22.3067 29.713 8.91314
    endloop
  endfacet
  facet normal -0.578877 0.47296 0.664236
    outer loop
      vertex 21.9063 29.5833 8.65658
      vertex 21.9995 30.0447 8.40927
      vertex 21.677 29.6337 8.42086
    endloop
  endfacet
  facet normal -0.956921 -0.145164 0.251453
    outer loop
      vertex 23.4894 28.302 11.3364
      vertex 23.7055 27.8501 11.8979
      vertex 23.7055 28.2078 12.1044
    endloop
  endfacet
  facet normal -0.95695 -0.145692 0.251039
    outer loop
      vertex 23.7055 27.8501 11.8979
      vertex 23.4894 28.302 11.3364
      vertex 23.4338 28.3262 11.1385
    endloop
  endfacet
  facet normal -0.63612 0.529387 0.561339
    outer loop
      vertex 23.325 28.0256 11.3012
      vertex 23.325 27.5091 11.7883
      vertex 23.7055 27.8501 11.8979
    endloop
  endfacet
  facet normal -0.63372 0.532877 0.560751
    outer loop
      vertex 23.325 28.0256 11.3012
      vertex 23.4338 28.3262 11.1385
      vertex 23.325 28.094 11.2362
    endloop
  endfacet
  facet normal -0.633666 0.532886 0.560803
    outer loop
      vertex 23.4338 28.3262 11.1385
      vertex 23.325 28.0256 11.3012
      vertex 23.7055 27.8501 11.8979
    endloop
  endfacet
  facet normal -0.995189 -0.0489822 0.0848472
    outer loop
      vertex 23.7055 27.8501 11.8979
      vertex 23.755 28.0164 12.5745
      vertex 23.7055 28.2078 12.1044
    endloop
  endfacet
  facet normal -0.995186 -0.0490301 0.0848587
    outer loop
      vertex 23.925 26.668 13.7891
      vertex 23.755 28.0164 12.5745
      vertex 23.7055 27.8501 11.8979
    endloop
  endfacet
  facet normal -0.995185 -0.0490085 0.0848826
    outer loop
      vertex 23.755 28.0164 12.5745
      vertex 23.925 26.668 13.7891
      vertex 23.925 27.101 14.0391
    endloop
  endfacet
  facet normal -0.667129 0.593559 0.450141
    outer loop
      vertex 23.325 26.199 13.5183
      vertex 23.925 26.668 13.7891
      vertex 23.325 27.1541 12.2589
    endloop
  endfacet
  facet normal -0.664376 0.596669 0.450101
    outer loop
      vertex 23.325 27.1541 12.2589
      vertex 23.7055 27.8501 11.8979
      vertex 23.325 27.5091 11.7883
    endloop
  endfacet
  facet normal -0.664407 0.596665 0.450061
    outer loop
      vertex 23.7055 27.8501 11.8979
      vertex 23.325 27.1541 12.2589
      vertex 23.925 26.668 13.7891
    endloop
  endfacet
  facet normal -0.66948 -0.662658 -0.335681
    outer loop
      vertex 23.7932 27.2452 14.0173
      vertex 23.925 27.101 14.0391
      vertex 23.7954 27.2023 14.0976
    endloop
  endfacet
  facet normal -0.669227 -0.662539 -0.336419
    outer loop
      vertex 23.925 27.101 14.0391
      vertex 23.7932 27.2452 14.0173
      vertex 23.755 28.0164 12.5745
    endloop
  endfacet
  facet normal -0.995186 0.049004 -0.084875
    outer loop
      vertex 23.925 26.668 13.7891
      vertex 23.7055 25.9189 15.9303
      vertex 23.925 27.101 14.0391
    endloop
  endfacet
  facet normal -0.995186 0.049004 -0.084875
    outer loop
      vertex 23.7055 25.9189 15.9303
      vertex 23.925 26.668 13.7891
      vertex 23.7055 25.4859 15.6803
    endloop
  endfacet
  facet normal -0.672433 0.659556 0.335888
    outer loop
      vertex 23.7055 25.4859 15.6803
      vertex 23.325 26.199 13.5183
      vertex 23.325 25.2205 15.4397
    endloop
  endfacet
  facet normal -0.669499 0.662331 0.336287
    outer loop
      vertex 23.925 26.668 13.7891
      vertex 23.325 26.199 13.5183
      vertex 23.7055 25.4859 15.6803
    endloop
  endfacet
  facet normal -0.66427 -0.596776 -0.450115
    outer loop
      vertex 23.7055 25.9189 15.9303
      vertex 23.7737 26.9785 14.4248
      vertex 23.925 27.101 14.0391
    endloop
  endfacet
  facet normal -0.664324 -0.596736 -0.450089
    outer loop
      vertex 23.7737 26.9785 14.4248
      vertex 23.7055 25.9189 15.9303
      vertex 23.6756 25.9457 15.9389
    endloop
  endfacet
  facet normal -0.667128 -0.593515 -0.4502
    outer loop
      vertex 23.925 27.101 14.0391
      vertex 23.7737 26.9785 14.4248
      vertex 23.7954 27.2023 14.0976
    endloop
  endfacet
  facet normal -0.956853 0.14529 -0.251642
    outer loop
      vertex 23.7055 25.4859 15.6803
      vertex 23.6513 25.824 16.0816
      vertex 23.7055 25.9189 15.9303
    endloop
  endfacet
  facet normal -0.956934 0.145065 -0.251464
    outer loop
      vertex 23.7055 25.4859 15.6803
      vertex 23.325 24.8905 16.7848
      vertex 23.6513 25.824 16.0816
    endloop
  endfacet
  facet normal -0.956935 0.14498 -0.25151
    outer loop
      vertex 23.325 24.8905 16.7848
      vertex 23.7055 25.4859 15.6803
      vertex 23.325 24.8192 16.7437
    endloop
  endfacet
  facet normal -0.648812 0.727288 0.223819
    outer loop
      vertex 23.325 25.2205 15.4397
      vertex 23.325 24.8192 16.7437
      vertex 23.7055 25.4859 15.6803
    endloop
  endfacet
  facet normal -0.633269 -0.532984 -0.561159
    outer loop
      vertex 23.7055 25.9189 15.9303
      vertex 23.6513 25.824 16.0816
      vertex 23.6666 25.901 15.9912
    endloop
  endfacet
  facet normal -0.635913 -0.529211 -0.561739
    outer loop
      vertex 23.7055 25.9189 15.9303
      vertex 23.6666 25.901 15.9912
      vertex 23.6756 25.9457 15.9389
    endloop
  endfacet
  facet normal -0.881906 0.235823 -0.408204
    outer loop
      vertex 22.6174 23.9089 18.1907
      vertex 22.2405 23.9652 19.0375
      vertex 22.6174 24.0363 18.2643
    endloop
  endfacet
  facet normal -0.881912 0.235796 -0.408205
    outer loop
      vertex 21.9995 23.2913 19.1689
      vertex 22.2405 23.9652 19.0375
      vertex 22.6174 23.9089 18.1907
    endloop
  endfacet
  facet normal -0.881866 0.235755 -0.408328
    outer loop
      vertex 22.2405 23.9652 19.0375
      vertex 21.9995 23.2913 19.1689
      vertex 21.9995 23.7243 19.4189
    endloop
  endfacet
  facet normal -0.606364 0.786735 0.115632
    outer loop
      vertex 22.1579 23.5128 18.4925
      vertex 21.677 23.0959 18.8072
      vertex 21.9995 23.2913 19.1689
    endloop
  endfacet
  facet normal -0.603186 0.788957 0.117104
    outer loop
      vertex 22.1579 23.5128 18.4925
      vertex 21.9995 23.2913 19.1689
      vertex 22.6174 23.9089 18.1907
    endloop
  endfacet
  facet normal -0.578609 -0.473053 -0.664403
    outer loop
      vertex 21.9995 23.7243 19.4189
      vertex 21.9171 23.8293 19.4159
      vertex 22.2405 23.9652 19.0375
    endloop
  endfacet
  facet normal -0.773021 0.317197 -0.549386
    outer loop
      vertex 21.9995 23.2913 19.1689
      vertex 20.5787 22.791 20.8792
      vertex 21.9995 23.7243 19.4189
    endloop
  endfacet
  facet normal -0.773021 0.317197 -0.549386
    outer loop
      vertex 20.5787 22.791 20.8792
      vertex 21.9995 23.2913 19.1689
      vertex 20.5787 22.358 20.6292
    endloop
  endfacet
  facet normal -0.537467 0.843091 0.0180842
    outer loop
      vertex 21.2633 22.8266 19.1294
      vertex 20.1544 22.1012 19.991
      vertex 20.5787 22.358 20.6292
    endloop
  endfacet
  facet normal -0.534434 0.844972 0.020056
    outer loop
      vertex 21.9995 23.2913 19.1689
      vertex 21.2633 22.8266 19.1294
      vertex 20.5787 22.358 20.6292
    endloop
  endfacet
  facet normal -0.534434 0.844973 0.0200367
    outer loop
      vertex 21.2633 22.8266 19.1294
      vertex 21.9995 23.2913 19.1689
      vertex 21.677 23.0959 18.8072
    endloop
  endfacet
  facet normal -0.501685 -0.419754 -0.756386
    outer loop
      vertex 20.5787 22.791 20.8792
      vertex 21.5817 23.6672 19.7277
      vertex 21.9995 23.7243 19.4189
    endloop
  endfacet
  facet normal -0.501652 -0.419792 -0.756386
    outer loop
      vertex 21.5817 23.6672 19.7277
      vertex 20.5787 22.791 20.8792
      vertex 20.3911 23.0923 20.8364
    endloop
  endfacet
  facet normal -0.502937 -0.416327 -0.757447
    outer loop
      vertex 21.9995 23.7243 19.4189
      vertex 21.5817 23.6672 19.7277
      vertex 21.9171 23.8293 19.4159
    endloop
  endfacet
  facet normal -0.634391 0.386515 -0.669443
    outer loop
      vertex 18.8474 22.0129 22.0706
      vertex 20.5787 22.358 20.6292
      vertex 18.8474 21.5799 21.8206
    endloop
  endfacet
  facet normal -0.634391 0.386515 -0.669443
    outer loop
      vertex 20.5787 22.358 20.6292
      vertex 18.8474 22.0129 22.0706
      vertex 20.5787 22.791 20.8792
    endloop
  endfacet
  facet normal -0.447977 0.891607 -0.065977
    outer loop
      vertex 20.1544 22.1012 19.991
      vertex 18.6319 21.438 21.3662
      vertex 18.8474 21.5799 21.8206
    endloop
  endfacet
  facet normal -0.445123 0.893217 -0.0634792
    outer loop
      vertex 20.5787 22.358 20.6292
      vertex 20.1544 22.1012 19.991
      vertex 18.8474 21.5799 21.8206
    endloop
  endfacet
  facet normal -0.405169 -0.375095 -0.833751
    outer loop
      vertex 18.8474 22.0129 22.0706
      vertex 19.7876 22.7682 21.2739
      vertex 20.5787 22.791 20.8792
    endloop
  endfacet
  facet normal -0.405147 -0.375121 -0.83375
    outer loop
      vertex 19.7876 22.7682 21.2739
      vertex 18.8474 22.0129 22.0706
      vertex 18.7542 22.2138 22.0255
    endloop
  endfacet
  facet normal -0.405926 -0.371364 -0.835053
    outer loop
      vertex 20.5787 22.791 20.8792
      vertex 19.7876 22.7682 21.2739
      vertex 20.3911 23.0923 20.8364
    endloop
  endfacet
  facet normal -0.471373 0.440977 -0.763772
    outer loop
      vertex 18.8474 21.5799 21.8206
      vertex 17.9411 21.7397 22.4722
      vertex 18.8474 22.0129 22.0706
    endloop
  endfacet
  facet normal -0.471388 0.44094 -0.763783
    outer loop
      vertex 17.6915 21.2314 22.3328
      vertex 17.9411 21.7397 22.4722
      vertex 18.8474 21.5799 21.8206
    endloop
  endfacet
  facet normal -0.471265 0.440906 -0.763879
    outer loop
      vertex 17.9411 21.7397 22.4722
      vertex 17.6915 21.2314 22.3328
      vertex 17.6915 21.5734 22.5302
    endloop
  endfacet
  facet normal -0.338704 0.931819 -0.130357
    outer loop
      vertex 18.6319 21.438 21.3662
      vertex 17.6915 21.2314 22.3328
      vertex 18.8474 21.5799 21.8206
    endloop
  endfacet
  facet normal -0.293179 -0.340602 -0.893329
    outer loop
      vertex 18.8474 22.0129 22.0706
      vertex 17.9411 21.7397 22.4722
      vertex 18.4558 22.0397 22.1889
    endloop
  endfacet
  facet normal -0.293333 -0.336925 -0.894671
    outer loop
      vertex 18.8474 22.0129 22.0706
      vertex 18.4558 22.0397 22.1889
      vertex 18.7542 22.2138 22.0255
    endloop
  endfacet
  facet normal -0.289716 0.478645 -0.828833
    outer loop
      vertex 15.9832 20.8215 22.9132
      vertex 15.8957 21.2385 23.1846
      vertex 15.9832 21.2196 23.1431
    endloop
  endfacet
  facet normal -0.290301 0.478478 -0.828724
    outer loop
      vertex 14.7289 21.0247 23.4699
      vertex 15.9832 20.8215 22.9132
      vertex 14.7289 20.5917 23.2199
    endloop
  endfacet
  facet normal -0.290308 0.478457 -0.828734
    outer loop
      vertex 15.9832 20.8215 22.9132
      vertex 14.7289 21.0247 23.4699
      vertex 15.8957 21.2385 23.1846
    endloop
  endfacet
  facet normal -0.22132 0.958186 -0.181374
    outer loop
      vertex 15.3334 20.6551 22.8172
      vertex 14.6532 20.4787 22.7153
      vertex 14.7289 20.5917 23.2199
    endloop
  endfacet
  facet normal -0.219315 0.959243 -0.178197
    outer loop
      vertex 15.3334 20.6551 22.8172
      vertex 14.7289 20.5917 23.2199
      vertex 15.9832 20.8215 22.9132
    endloop
  endfacet
  facet normal -0.169751 -0.31821 -0.932699
    outer loop
      vertex 14.7289 21.0247 23.4699
      vertex 14.6828 21.3254 23.3757
      vertex 15.8957 21.2385 23.1846
    endloop
  endfacet
  facet normal -0.0980142 0.497603 -0.861849
    outer loop
      vertex 12.5 20.8472 23.6209
      vertex 14.7289 20.5917 23.2199
      vertex 12.5 20.4142 23.3709
    endloop
  endfacet
  facet normal -0.0980142 0.497603 -0.861849
    outer loop
      vertex 14.7289 20.5917 23.2199
      vertex 12.5 20.8472 23.6209
      vertex 14.7289 21.0247 23.4699
    endloop
  endfacet
  facet normal -0.0930129 0.973677 -0.208091
    outer loop
      vertex 12.5 20.2453 22.5806
      vertex 12.5 20.4142 23.3709
      vertex 14.0682 20.4162 22.6793
    endloop
  endfacet
  facet normal -0.0915357 0.974574 -0.204514
    outer loop
      vertex 14.0682 20.4162 22.6793
      vertex 14.7289 20.5917 23.2199
      vertex 14.6532 20.4787 22.7153
    endloop
  endfacet
  facet normal -0.0914704 0.974564 -0.20459
    outer loop
      vertex 14.7289 20.5917 23.2199
      vertex 14.0682 20.4162 22.6793
      vertex 12.5 20.4142 23.3709
    endloop
  endfacet
  facet normal -0.0398951 -0.307738 -0.950634
    outer loop
      vertex 12.5 20.8472 23.6209
      vertex 13.5249 21.3442 23.417
      vertex 14.7289 21.0247 23.4699
    endloop
  endfacet
  facet normal -0.0400087 -0.30753 -0.950697
    outer loop
      vertex 13.5249 21.3442 23.417
      vertex 12.5 20.8472 23.6209
      vertex 12.5 21.3613 23.4546
    endloop
  endfacet
  facet normal -0.0388881 -0.304142 -0.951833
    outer loop
      vertex 14.7289 21.0247 23.4699
      vertex 13.5249 21.3442 23.417
      vertex 14.6828 21.3254 23.3757
    endloop
  endfacet
  facet normal 0.0980236 0.497603 -0.861848
    outer loop
      vertex 10.2711 20.4563 23.1417
      vertex 12.5 20.8472 23.6209
      vertex 12.5 20.4142 23.3709
    endloop
  endfacet
  facet normal 0.0980491 0.497516 -0.861896
    outer loop
      vertex 12.5 20.8472 23.6209
      vertex 10.2711 20.4563 23.1417
      vertex 10.2711 20.8894 23.3917
    endloop
  endfacet
  facet normal 0.0388927 0.976352 -0.212658
    outer loop
      vertex 10.2711 20.4563 23.1417
      vertex 12.5 20.2453 22.5806
      vertex 10.3468 20.3434 22.6372
    endloop
  endfacet
  facet normal 0.0399306 0.977136 -0.20883
    outer loop
      vertex 12.5 20.2453 22.5806
      vertex 10.2711 20.4563 23.1417
      vertex 12.5 20.4142 23.3709
    endloop
  endfacet
  facet normal 0.0914297 -0.310249 -0.946248
    outer loop
      vertex 10.2711 20.8894 23.3917
      vertex 11.2769 21.3136 23.3498
      vertex 12.5 20.8472 23.6209
    endloop
  endfacet
  facet normal 0.0913629 -0.310097 -0.946305
    outer loop
      vertex 11.2769 21.3136 23.3498
      vertex 10.2711 20.8894 23.3917
      vertex 10.3306 21.2774 23.2703
    endloop
  endfacet
  facet normal 0.0931214 -0.306439 -0.947325
    outer loop
      vertex 12.5 20.8472 23.6209
      vertex 11.2769 21.3136 23.3498
      vertex 12.5 21.3613 23.4546
    endloop
  endfacet
  facet normal 0.290272 0.4784 -0.82878
    outer loop
      vertex 9.01685 20.607 22.7894
      vertex 10.2711 20.8894 23.3917
      vertex 10.2711 20.4563 23.1417
    endloop
  endfacet
  facet normal 0.290234 0.478488 -0.828742
    outer loop
      vertex 10.2711 20.8894 23.3917
      vertex 9.01685 20.607 22.7894
      vertex 9.01685 21.04 23.0394
    endloop
  endfacet
  facet normal 0.169781 0.966818 -0.190885
    outer loop
      vertex 10.3468 20.3434 22.6372
      vertex 9.01685 20.607 22.7894
      vertex 10.2711 20.4563 23.1417
    endloop
  endfacet
  facet normal 0.219234 -0.325654 -0.919721
    outer loop
      vertex 10.2711 20.8894 23.3917
      vertex 9.01685 21.04 23.0394
      vertex 9.66661 21.2063 23.1354
    endloop
  endfacet
  facet normal 0.221343 -0.32196 -0.920516
    outer loop
      vertex 10.2711 20.8894 23.3917
      vertex 9.71753 21.2196 23.1431
      vertex 10.3306 21.2774 23.2703
    endloop
  endfacet
  facet normal 0.222794 -0.319825 -0.92091
    outer loop
      vertex 9.71753 21.2196 23.1431
      vertex 10.2711 20.8894 23.3917
      vertex 9.66661 21.2063 23.1354
    endloop
  endfacet
  facet normal 0.47142 0.440964 -0.76375
    outer loop
      vertex 6.15261 21.174 21.5862
      vertex 7.30853 21.3377 22.3942
      vertex 7.30853 20.9047 22.1442
    endloop
  endfacet
  facet normal 0.47142 0.440964 -0.76375
    outer loop
      vertex 7.30853 21.3377 22.3942
      vertex 6.15261 21.174 21.5862
      vertex 6.15261 21.607 21.8362
    endloop
  endfacet
  facet normal 0.293292 0.943298 -0.155466
    outer loop
      vertex 6.36813 21.0321 21.1318
      vertex 6.15261 21.174 21.5862
      vertex 6.84908 20.968 21.6502
    endloop
  endfacet
  facet normal 0.29314 0.943961 -0.151681
    outer loop
      vertex 6.84908 20.968 21.6502
      vertex 6.15261 21.174 21.5862
      vertex 7.30853 20.9047 22.1442
    endloop
  endfacet
  facet normal 0.33881 -0.352887 -0.872169
    outer loop
      vertex 6.15261 21.607 21.8362
      vertex 6.4677 21.9938 21.8021
      vertex 7.30853 21.3377 22.3942
    endloop
  endfacet
  facet normal 0.338824 -0.352897 -0.872159
    outer loop
      vertex 6.4677 21.9938 21.8021
      vertex 6.15261 21.607 21.8362
      vertex 6.36026 22.0545 21.7358
    endloop
  endfacet
  facet normal 0.634387 0.386516 -0.669446
    outer loop
      vertex 4.42131 21.8168 20.3167
      vertex 6.15261 21.607 21.8362
      vertex 6.15261 21.174 21.5862
    endloop
  endfacet
  facet normal 0.634387 0.386516 -0.669446
    outer loop
      vertex 6.15261 21.607 21.8362
      vertex 4.42131 21.8168 20.3167
      vertex 4.42131 22.2498 20.5667
    endloop
  endfacet
  facet normal 0.405963 0.908837 -0.0959673
    outer loop
      vertex 4.84557 21.5599 19.6785
      vertex 4.42131 21.8168 20.3167
      vertex 5.95446 21.1764 20.7375
    endloop
  endfacet
  facet normal 0.404999 0.909678 -0.0919847
    outer loop
      vertex 5.95446 21.1764 20.7375
      vertex 6.15261 21.174 21.5862
      vertex 6.36813 21.0321 21.1318
    endloop
  endfacet
  facet normal 0.405196 0.909586 -0.0920307
    outer loop
      vertex 6.15261 21.174 21.5862
      vertex 5.95446 21.1764 20.7375
      vertex 4.42131 21.8168 20.3167
    endloop
  endfacet
  facet normal 0.445126 -0.391572 -0.805316
    outer loop
      vertex 4.42131 22.2498 20.5667
      vertex 5.0365 22.7375 20.6696
      vertex 6.15261 21.607 21.8362
    endloop
  endfacet
  facet normal 0.445179 -0.391654 -0.805247
    outer loop
      vertex 5.0365 22.7375 20.6696
      vertex 4.42131 22.2498 20.5667
      vertex 4.80089 22.8591 20.4802
    endloop
  endfacet
  facet normal 0.448037 -0.388545 -0.805168
    outer loop
      vertex 6.15261 21.607 21.8362
      vertex 5.0365 22.7375 20.6696
      vertex 6.36026 22.0545 21.7358
    endloop
  endfacet
  facet normal 0.773007 0.317206 -0.5494
    outer loop
      vertex 4.42131 21.8168 20.3167
      vertex 3.00046 23.0478 19.0283
      vertex 4.42131 22.2498 20.5667
    endloop
  endfacet
  facet normal 0.773 0.317155 -0.54944
    outer loop
      vertex 3.00046 23.0478 19.0283
      vertex 4.42131 21.8168 20.3167
      vertex 3.00046 22.6147 18.7783
    endloop
  endfacet
  facet normal 0.502939 0.864128 -0.0183238
    outer loop
      vertex 3.32301 22.4193 18.4166
      vertex 3.00046 22.6147 18.7783
      vertex 4.84557 21.5599 19.6785
    endloop
  endfacet
  facet normal 0.50164 0.864951 -0.0146977
    outer loop
      vertex 4.42131 21.8168 20.3167
      vertex 4.84557 21.5599 19.6785
      vertex 3.00046 22.6147 18.7783
    endloop
  endfacet
  facet normal 0.534405 -0.439879 -0.721746
    outer loop
      vertex 3.00046 23.0478 19.0283
      vertex 3.73668 23.3143 19.411
      vertex 4.42131 22.2498 20.5667
    endloop
  endfacet
  facet normal 0.534405 -0.439875 -0.721748
    outer loop
      vertex 3.73668 23.3143 19.411
      vertex 3.00046 23.0478 19.0283
      vertex 3.32301 23.4587 19.0167
    endloop
  endfacet
  facet normal 0.537451 -0.437194 -0.721116
    outer loop
      vertex 4.42131 22.2498 20.5667
      vertex 4.02827 23.2135 19.6895
      vertex 4.80089 22.8591 20.4802
    endloop
  endfacet
  facet normal 0.5376 -0.437089 -0.721068
    outer loop
      vertex 4.02827 23.2135 19.6895
      vertex 4.42131 22.2498 20.5667
      vertex 3.73668 23.3143 19.411
    endloop
  endfacet
  facet normal 0.881915 0.235669 -0.408273
    outer loop
      vertex 3.00046 22.6147 18.7783
      vertex 2.38261 23.5861 18.0044
      vertex 3.00046 23.0478 19.0283
    endloop
  endfacet
  facet normal 0.881922 0.235702 -0.408237
    outer loop
      vertex 2.38261 23.5861 18.0044
      vertex 3.00046 22.6147 18.7783
      vertex 2.38261 23.1531 17.7544
    endloop
  endfacet
  facet normal 0.57879 0.811776 0.0775998
    outer loop
      vertex 3.32301 22.4193 18.4166
      vertex 2.38261 23.1531 17.7544
      vertex 3.00046 22.6147 18.7783
    endloop
  endfacet
  facet normal 0.603216 -0.49587 -0.624694
    outer loop
      vertex 3.00046 23.0478 19.0283
      vertex 2.38261 23.5861 18.0044
      vertex 2.84206 23.5228 18.4983
    endloop
  endfacet
  facet normal 0.606311 -0.493547 -0.623537
    outer loop
      vertex 3.00046 23.0478 19.0283
      vertex 2.84206 23.5228 18.4983
      vertex 3.32301 23.4587 19.0167
    endloop
  endfacet
  facet normal 0.956942 0.145118 -0.251403
    outer loop
      vertex 1.675 23.9511 16.2425
      vertex 1.29453 24.9717 15.3834
      vertex 1.675 24.3842 16.4925
    endloop
  endfacet
  facet normal 0.956945 0.145138 -0.25138
    outer loop
      vertex 1.29453 24.9717 15.3834
      vertex 1.675 23.9511 16.2425
      vertex 1.29453 24.5387 15.1334
    endloop
  endfacet
  facet normal 0.636153 0.750801 0.177784
    outer loop
      vertex 1.675 24.2733 14.8928
      vertex 1.29453 24.5387 15.1334
      vertex 1.675 24.1097 15.5837
    endloop
  endfacet
  facet normal 0.63372 0.752076 0.181055
    outer loop
      vertex 1.675 24.1097 15.5837
      vertex 1.29453 24.5387 15.1334
      vertex 1.675 23.9511 16.2425
    endloop
  endfacet
  facet normal 0.648772 -0.55756 -0.517902
    outer loop
      vertex 1.675 24.3842 16.4925
      vertex 1.29453 24.9717 15.3834
      vertex 1.675 25.3127 15.4929
    endloop
  endfacet
  facet normal 0.995184 0.049011 -0.0848871
    outer loop
      vertex 1.29453 24.5387 15.1334
      vertex 1.075 26.0185 13.4141
      vertex 1.29453 24.9717 15.3834
    endloop
  endfacet
  facet normal 0.995184 0.049011 -0.0848871
    outer loop
      vertex 1.075 26.0185 13.4141
      vertex 1.29453 24.5387 15.1334
      vertex 1.075 25.5855 13.1641
    endloop
  endfacet
  facet normal 0.667125 0.686617 0.288965
    outer loop
      vertex 1.675 25.1165 12.8933
      vertex 1.075 25.5855 13.1641
      vertex 1.675 24.5034 14.3501
    endloop
  endfacet
  facet normal 0.664438 0.688052 0.291728
    outer loop
      vertex 1.675 24.5034 14.3501
      vertex 1.29453 24.5387 15.1334
      vertex 1.675 24.2733 14.8928
    endloop
  endfacet
  facet normal 0.664395 0.688105 0.291704
    outer loop
      vertex 1.29453 24.5387 15.1334
      vertex 1.675 24.5034 14.3501
      vertex 1.075 25.5855 13.1641
    endloop
  endfacet
  facet normal 0.669406 -0.622467 -0.405501
    outer loop
      vertex 1.29453 24.9717 15.3834
      vertex 1.075 26.0185 13.4141
      vertex 1.675 26.4874 13.6848
    endloop
  endfacet
  facet normal 0.672379 -0.62071 -0.403268
    outer loop
      vertex 1.29453 24.9717 15.3834
      vertex 1.675 26.4874 13.6848
      vertex 1.675 25.3127 15.4929
    endloop
  endfacet
  facet normal 0.995185 -0.0490091 0.0848838
    outer loop
      vertex 1.075 25.5855 13.1641
      vertex 1.29453 27.0653 11.4447
      vertex 1.075 26.0185 13.4141
    endloop
  endfacet
  facet normal 0.995185 -0.0490091 0.0848838
    outer loop
      vertex 1.29453 27.0653 11.4447
      vertex 1.075 25.5855 13.1641
      vertex 1.29453 26.6323 11.1947
    endloop
  endfacet
  facet normal 0.672468 0.620642 0.403224
    outer loop
      vertex 1.675 26.2912 11.0852
      vertex 1.29453 26.6323 11.1947
      vertex 1.675 25.1165 12.8933
    endloop
  endfacet
  facet normal 0.669501 0.622396 0.405453
    outer loop
      vertex 1.29453 26.6323 11.1947
      vertex 1.075 25.5855 13.1641
      vertex 1.675 25.1165 12.8933
    endloop
  endfacet
  facet normal 0.664383 -0.688119 -0.291698
    outer loop
      vertex 1.29453 27.0653 11.4447
      vertex 1.675 27.1006 12.228
      vertex 1.075 26.0185 13.4141
    endloop
  endfacet
  facet normal 0.664317 -0.688197 -0.291663
    outer loop
      vertex 1.675 27.1006 12.228
      vertex 1.29453 27.0653 11.4447
      vertex 1.675 27.3306 11.6853
    endloop
  endfacet
  facet normal 0.667038 -0.686672 -0.289036
    outer loop
      vertex 1.675 26.4874 13.6848
      vertex 1.075 26.0185 13.4141
      vertex 1.675 27.1006 12.228
    endloop
  endfacet
  facet normal 0.956936 -0.145153 0.251405
    outer loop
      vertex 1.29453 26.6323 11.1947
      vertex 1.675 27.6528 10.3357
      vertex 1.29453 27.0653 11.4447
    endloop
  endfacet
  facet normal 0.956936 -0.145153 0.251405
    outer loop
      vertex 1.675 27.6528 10.3357
      vertex 1.29453 26.6323 11.1947
      vertex 1.675 27.2198 10.0857
    endloop
  endfacet
  facet normal 0.648838 0.557465 0.517921
    outer loop
      vertex 1.675 27.2198 10.0857
      vertex 1.29453 26.6323 11.1947
      vertex 1.675 26.2912 11.0852
    endloop
  endfacet
  facet normal 0.633791 -0.752039 -0.18096
    outer loop
      vertex 1.675 27.4943 10.9944
      vertex 1.29453 27.0653 11.4447
      vertex 1.675 27.6528 10.3357
    endloop
  endfacet
  facet normal 0.636065 -0.750848 -0.177904
    outer loop
      vertex 1.675 27.3306 11.6853
      vertex 1.29453 27.0653 11.4447
      vertex 1.675 27.4943 10.9944
    endloop
  endfacet
  facet normal 0.881925 -0.2357 0.408232
    outer loop
      vertex 2.38261 28.0178 8.57381
      vertex 3.00046 28.9892 7.79989
      vertex 2.38261 28.4508 8.82381
    endloop
  endfacet
  facet normal 0.881925 -0.2357 0.408232
    outer loop
      vertex 3.00046 28.9892 7.79989
      vertex 2.38261 28.0178 8.57381
      vertex 3.00046 28.5562 7.54989
    endloop
  endfacet
  facet normal 0.60638 0.493481 0.623522
    outer loop
      vertex 3.00046 28.5562 7.54989
      vertex 2.84206 28.0812 8.07987
      vertex 3.32301 28.1452 7.56149
    endloop
  endfacet
  facet normal 0.603186 0.495879 0.624716
    outer loop
      vertex 3.00046 28.5562 7.54989
      vertex 2.38261 28.0178 8.57381
      vertex 2.84206 28.0812 8.07987
    endloop
  endfacet
  facet normal 0.57879 -0.811776 -0.077599
    outer loop
      vertex 3.32301 29.1846 8.16159
      vertex 2.38261 28.4508 8.82381
      vertex 3.00046 28.9892 7.79989
    endloop
  endfacet
  facet normal 0.773009 -0.317205 0.549398
    outer loop
      vertex 3.00046 28.5562 7.54989
      vertex 4.42131 29.7872 6.26148
      vertex 3.00046 28.9892 7.79989
    endloop
  endfacet
  facet normal 0.773009 -0.317205 0.549398
    outer loop
      vertex 4.42131 29.7872 6.26148
      vertex 3.00046 28.5562 7.54989
      vertex 4.42131 29.3542 6.01148
    endloop
  endfacet
  facet normal 0.537495 0.437156 0.721106
    outer loop
      vertex 4.42131 29.3542 6.01148
      vertex 3.73668 28.2896 7.16718
      vertex 4.84557 28.6731 6.10815
    endloop
  endfacet
  facet normal 0.534453 0.439813 0.721751
    outer loop
      vertex 3.00046 28.5562 7.54989
      vertex 3.73668 28.2896 7.16718
      vertex 4.42131 29.3542 6.01148
    endloop
  endfacet
  facet normal 0.534453 0.439806 0.721755
    outer loop
      vertex 3.73668 28.2896 7.16718
      vertex 3.00046 28.5562 7.54989
      vertex 3.32301 28.1452 7.56149
    endloop
  endfacet
  facet normal 0.501604 -0.864974 0.0145961
    outer loop
      vertex 4.42131 29.7872 6.26148
      vertex 4.84557 30.044 6.89965
      vertex 3.00046 28.9892 7.79989
    endloop
  endfacet
  facet normal 0.502939 -0.864128 0.0183236
    outer loop
      vertex 3.32301 29.1846 8.16159
      vertex 3.00046 28.9892 7.79989
      vertex 4.84557 30.044 6.89965
    endloop
  endfacet
  facet normal 0.634401 -0.386444 0.669475
    outer loop
      vertex 4.42131 29.7872 6.26148
      vertex 6.15261 29.9969 4.74193
      vertex 6.15261 30.43 4.99193
    endloop
  endfacet
  facet normal 0.634385 -0.386517 0.669447
    outer loop
      vertex 6.15261 29.9969 4.74193
      vertex 4.42131 29.7872 6.26148
      vertex 4.42131 29.3542 6.01148
    endloop
  endfacet
  facet normal 0.447946 0.388679 0.805154
    outer loop
      vertex 6.15261 29.9969 4.74193
      vertex 4.84557 28.6731 6.10815
      vertex 6.36813 29.5325 4.84621
    endloop
  endfacet
  facet normal 0.445152 0.391584 0.805296
    outer loop
      vertex 4.42131 29.3542 6.01148
      vertex 4.84557 28.6731 6.10815
      vertex 6.15261 29.9969 4.74193
    endloop
  endfacet
  facet normal 0.405124 -0.90963 0.0919079
    outer loop
      vertex 6.15261 30.43 4.99193
      vertex 5.95446 30.4275 5.84062
      vertex 4.42131 29.7872 6.26148
    endloop
  endfacet
  facet normal 0.405132 -0.909627 0.0919097
    outer loop
      vertex 5.95446 30.4275 5.84062
      vertex 6.15261 30.43 4.99193
      vertex 6.36813 30.5719 5.44631
    endloop
  endfacet
  facet normal 0.4059 -0.908873 0.0958857
    outer loop
      vertex 4.84557 30.044 6.89965
      vertex 4.42131 29.7872 6.26148
      vertex 5.95446 30.4275 5.84062
    endloop
  endfacet
  facet normal 0.471389 -0.440972 0.763764
    outer loop
      vertex 6.15261 30.43 4.99193
      vertex 7.30853 30.2663 4.18399
      vertex 7.30853 30.6993 4.43399
    endloop
  endfacet
  facet normal 0.471422 -0.440887 0.763793
    outer loop
      vertex 7.30853 30.2663 4.18399
      vertex 6.15261 30.43 4.99193
      vertex 6.15261 29.9969 4.74193
    endloop
  endfacet
  facet normal 0.338697 0.353024 0.872157
    outer loop
      vertex 7.30853 30.2663 4.18399
      vertex 6.15261 29.9969 4.74193
      vertex 6.36813 29.5325 4.84621
    endloop
  endfacet
  facet normal 0.293004 -0.944053 0.15137
    outer loop
      vertex 6.84908 30.6359 4.92793
      vertex 6.15261 30.43 4.99193
      vertex 7.30853 30.6993 4.43399
    endloop
  endfacet
  facet normal 0.293171 -0.943323 0.155538
    outer loop
      vertex 6.36813 30.5719 5.44631
      vertex 6.15261 30.43 4.99193
      vertex 6.84908 30.6359 4.92793
    endloop
  endfacet
  facet normal 0.29027 -0.478483 0.828732
    outer loop
      vertex 9.01685 30.997 3.78878
      vertex 10.2711 30.7146 3.18642
      vertex 10.2711 31.1476 3.43642
    endloop
  endfacet
  facet normal 0.29027 -0.478483 0.828732
    outer loop
      vertex 10.2711 30.7146 3.18642
      vertex 9.01685 30.997 3.78878
      vertex 9.01685 30.564 3.53878
    endloop
  endfacet
  facet normal 0.221374 0.322098 0.92046
    outer loop
      vertex 10.2711 30.7146 3.18642
      vertex 9.66661 30.3976 3.44273
      vertex 10.3468 30.2212 3.34087
    endloop
  endfacet
  facet normal 0.219314 0.325466 0.919768
    outer loop
      vertex 10.2711 30.7146 3.18642
      vertex 9.01685 30.564 3.53878
      vertex 9.66661 30.3976 3.44273
    endloop
  endfacet
  facet normal 0.169757 -0.966789 0.191054
    outer loop
      vertex 10.3468 31.2606 3.94097
      vertex 9.01685 30.997 3.78878
      vertex 10.2711 31.1476 3.43642
    endloop
  endfacet
  facet normal 0.0980159 -0.497603 0.861849
    outer loop
      vertex 10.2711 31.1476 3.43642
      vertex 12.5 30.7567 2.95724
      vertex 12.5 31.1897 3.20724
    endloop
  endfacet
  facet normal 0.0980159 -0.497603 0.861849
    outer loop
      vertex 12.5 30.7567 2.95724
      vertex 10.2711 31.1476 3.43642
      vertex 10.2711 30.7146 3.18642
    endloop
  endfacet
  facet normal 0.0930499 0.306569 0.947289
    outer loop
      vertex 12.5 29.9877 3.20611
      vertex 12.5 30.7567 2.95724
      vertex 10.9318 30.1587 3.30481
    endloop
  endfacet
  facet normal 0.0914376 0.310201 0.946263
    outer loop
      vertex 10.2711 30.7146 3.18642
      vertex 10.9318 30.1587 3.30481
      vertex 12.5 30.7567 2.95724
    endloop
  endfacet
  facet normal 0.0914729 0.31024 0.946247
    outer loop
      vertex 10.9318 30.1587 3.30481
      vertex 10.2711 30.7146 3.18642
      vertex 10.3468 30.2212 3.34087
    endloop
  endfacet
  facet normal 0.0399386 -0.977115 0.20893
    outer loop
      vertex 12.5 31.3587 3.99761
      vertex 10.2711 31.1476 3.43642
      vertex 12.5 31.1897 3.20724
    endloop
  endfacet
  facet normal 0.0388827 -0.976317 0.212824
    outer loop
      vertex 10.2711 31.1476 3.43642
      vertex 12.5 31.3587 3.99761
      vertex 10.3468 31.2606 3.94097
    endloop
  endfacet
  facet normal -0.0980151 -0.497603 0.861849
    outer loop
      vertex 12.5 30.7567 2.95724
      vertex 14.7289 31.0123 3.3583
      vertex 12.5 31.1897 3.20724
    endloop
  endfacet
  facet normal -0.0980151 -0.497603 0.861849
    outer loop
      vertex 14.7289 31.0123 3.3583
      vertex 12.5 30.7567 2.95724
      vertex 14.7289 30.5793 3.1083
    endloop
  endfacet
  facet normal -0.0388801 0.303866 0.951921
    outer loop
      vertex 14.7289 30.5793 3.1083
      vertex 12.5 29.9877 3.20611
      vertex 14.6532 30.0858 3.26274
    endloop
  endfacet
  facet normal -0.0399424 0.30766 0.950658
    outer loop
      vertex 12.5 30.7567 2.95724
      vertex 12.5 29.9877 3.20611
      vertex 14.7289 30.5793 3.1083
    endloop
  endfacet
  facet normal -0.0913455 -0.974581 0.204568
    outer loop
      vertex 14.0682 31.1877 3.8989
      vertex 14.7289 31.0123 3.3583
      vertex 14.6532 31.1253 3.86284
    endloop
  endfacet
  facet normal -0.0914265 -0.974593 0.204473
    outer loop
      vertex 14.7289 31.0123 3.3583
      vertex 14.0682 31.1877 3.8989
      vertex 12.5 31.1897 3.20724
    endloop
  endfacet
  facet normal -0.0930646 -0.973651 0.20819
    outer loop
      vertex 12.5 31.3587 3.99761
      vertex 12.5 31.1897 3.20724
      vertex 14.0682 31.1877 3.8989
    endloop
  endfacet
  facet normal -0.290258 -0.478485 0.828735
    outer loop
      vertex 14.7289 30.5793 3.1083
      vertex 15.9832 30.7825 3.66493
      vertex 14.7289 31.0123 3.3583
    endloop
  endfacet
  facet normal -0.29029 -0.478397 0.828775
    outer loop
      vertex 15.9832 30.7825 3.66493
      vertex 14.7289 30.5793 3.1083
      vertex 15.9832 30.3494 3.41493
    endloop
  endfacet
  facet normal -0.169754 0.317953 0.932786
    outer loop
      vertex 14.7289 30.5793 3.1083
      vertex 14.6532 30.0858 3.26274
      vertex 15.9832 30.3494 3.41493
    endloop
  endfacet
  facet normal -0.219231 -0.959331 0.177828
    outer loop
      vertex 15.3334 30.9488 3.76098
      vertex 14.7289 31.0123 3.3583
      vertex 15.9832 30.7825 3.66493
    endloop
  endfacet
  facet normal -0.221465 -0.958154 0.181366
    outer loop
      vertex 15.3334 30.9488 3.76098
      vertex 14.6532 31.1253 3.86284
      vertex 14.7289 31.0123 3.3583
    endloop
  endfacet
  facet normal -0.4714 -0.44097 0.763759
    outer loop
      vertex 17.6915 29.9395 3.99533
      vertex 18.8474 30.024 4.75755
      vertex 17.6915 30.3725 4.24533
    endloop
  endfacet
  facet normal -0.4714 -0.44097 0.763759
    outer loop
      vertex 18.8474 30.024 4.75755
      vertex 17.6915 29.9395 3.99533
      vertex 18.8474 29.591 4.50755
    endloop
  endfacet
  facet normal -0.293248 0.33691 0.894705
    outer loop
      vertex 18.8474 29.591 4.50755
      vertex 18.1509 29.5434 4.29719
      vertex 18.6319 29.1265 4.61183
    endloop
  endfacet
  facet normal -0.293083 0.340826 0.893275
    outer loop
      vertex 18.8474 29.591 4.50755
      vertex 17.6915 29.9395 3.99533
      vertex 18.1509 29.5434 4.29719
    endloop
  endfacet
  facet normal -0.338707 -0.931818 0.130359
    outer loop
      vertex 18.6319 30.1659 5.21194
      vertex 17.6915 30.3725 4.24533
      vertex 18.8474 30.024 4.75755
    endloop
  endfacet
  facet normal -0.634398 -0.386512 0.669438
    outer loop
      vertex 18.8474 29.591 4.50755
      vertex 20.5787 29.2459 5.94898
      vertex 18.8474 30.024 4.75755
    endloop
  endfacet
  facet normal -0.634398 -0.386512 0.669438
    outer loop
      vertex 20.5787 29.2459 5.94898
      vertex 18.8474 29.591 4.50755
      vertex 20.5787 28.8129 5.69898
    endloop
  endfacet
  facet normal -0.405899 0.371382 0.835058
    outer loop
      vertex 20.5787 28.8129 5.69898
      vertex 19.0455 28.8572 4.93403
      vertex 20.1544 28.1318 5.79565
    endloop
  endfacet
  facet normal -0.405127 0.375189 0.83373
    outer loop
      vertex 18.8474 29.591 4.50755
      vertex 19.0455 28.8572 4.93403
      vertex 20.5787 28.8129 5.69898
    endloop
  endfacet
  facet normal -0.405201 0.375156 0.833708
    outer loop
      vertex 19.0455 28.8572 4.93403
      vertex 18.8474 29.591 4.50755
      vertex 18.6319 29.1265 4.61183
    endloop
  endfacet
  facet normal -0.445124 -0.893216 0.0634807
    outer loop
      vertex 20.5787 29.2459 5.94898
      vertex 20.1544 29.5027 6.58715
      vertex 18.8474 30.024 4.75755
    endloop
  endfacet
  facet normal -0.447978 -0.891607 0.0659778
    outer loop
      vertex 20.1544 29.5027 6.58715
      vertex 18.6319 30.1659 5.21194
      vertex 18.8474 30.024 4.75755
    endloop
  endfacet
  facet normal -0.773019 -0.317198 0.549387
    outer loop
      vertex 20.5787 28.8129 5.69898
      vertex 21.9995 28.3126 7.40927
      vertex 20.5787 29.2459 5.94898
    endloop
  endfacet
  facet normal -0.773019 -0.317198 0.549387
    outer loop
      vertex 21.9995 28.3126 7.40927
      vertex 20.5787 28.8129 5.69898
      vertex 21.9995 27.8796 7.15927
    endloop
  endfacet
  facet normal -0.503001 0.416054 0.757555
    outer loop
      vertex 21.9995 27.8796 7.15927
      vertex 20.1544 28.1318 5.79565
      vertex 21.677 27.4686 7.17086
    endloop
  endfacet
  facet normal -0.501616 0.419843 0.756381
    outer loop
      vertex 20.5787 28.8129 5.69898
      vertex 20.1544 28.1318 5.79565
      vertex 21.9995 27.8796 7.15927
    endloop
  endfacet
  facet normal -0.534427 -0.844983 -0.0197922
    outer loop
      vertex 21.2633 28.7773 7.44877
      vertex 21.9995 28.3126 7.40927
      vertex 21.677 28.5081 7.77096
    endloop
  endfacet
  facet normal -0.534434 -0.844972 -0.0200561
    outer loop
      vertex 21.9995 28.3126 7.40927
      vertex 21.2633 28.7773 7.44877
      vertex 20.5787 29.2459 5.94898
    endloop
  endfacet
  facet normal -0.537466 -0.843091 -0.0180847
    outer loop
      vertex 21.2633 28.7773 7.44877
      vertex 20.1544 29.5027 6.58715
      vertex 20.5787 29.2459 5.94898
    endloop
  endfacet
  facet normal -0.881901 -0.235723 0.408272
    outer loop
      vertex 21.9995 27.8796 7.15927
      vertex 22.6174 27.6951 8.38746
      vertex 21.9995 28.3126 7.40927
    endloop
  endfacet
  facet normal -0.881908 -0.235675 0.408283
    outer loop
      vertex 22.6174 27.6951 8.38746
      vertex 21.9995 27.8796 7.15927
      vertex 22.6174 27.262 8.13746
    endloop
  endfacet
  facet normal -0.578862 0.472948 0.664259
    outer loop
      vertex 21.9995 27.8796 7.15927
      vertex 21.677 27.4686 7.17086
      vertex 22.6174 27.262 8.13746
    endloop
  endfacet
  facet normal -0.603037 -0.789059 -0.117183
    outer loop
      vertex 22.1579 28.0911 8.08561
      vertex 21.9995 28.3126 7.40927
      vertex 22.6174 27.6951 8.38746
    endloop
  endfacet
  facet normal -0.606492 -0.786643 -0.115583
    outer loop
      vertex 22.1579 28.0911 8.08561
      vertex 21.677 28.5081 7.77096
      vertex 21.9995 28.3126 7.40927
    endloop
  endfacet
  facet normal -0.956937 -0.145152 0.251403
    outer loop
      vertex 23.325 26.3518 9.5845
      vertex 23.7055 26.1181 10.8979
      vertex 23.325 26.7848 9.8345
    endloop
  endfacet
  facet normal -0.95694 -0.145122 0.251409
    outer loop
      vertex 23.7055 26.1181 10.8979
      vertex 23.325 26.3518 9.5845
      vertex 23.7055 25.685 10.6479
    endloop
  endfacet
  facet normal -0.63612 0.529387 0.561339
    outer loop
      vertex 23.325 25.8605 10.0512
      vertex 23.325 25.344 10.5383
      vertex 23.7055 25.685 10.6479
    endloop
  endfacet
  facet normal -0.633766 0.532744 0.560825
    outer loop
      vertex 23.325 26.3518 9.5845
      vertex 23.325 25.8605 10.0512
      vertex 23.7055 25.685 10.6479
    endloop
  endfacet
  facet normal -0.648684 -0.727372 -0.223918
    outer loop
      vertex 23.7055 26.1181 10.8979
      vertex 23.325 26.3834 11.1384
      vertex 23.325 26.7848 9.8345
    endloop
  endfacet
  facet normal -0.995186 -0.0489946 0.0848783
    outer loop
      vertex 23.7055 25.685 10.6479
      vertex 23.925 24.9359 12.7891
      vertex 23.7055 26.1181 10.8979
    endloop
  endfacet
  facet normal -0.995186 -0.049004 0.084875
    outer loop
      vertex 23.925 24.9359 12.7891
      vertex 23.7055 25.685 10.6479
      vertex 23.925 24.5029 12.5391
    endloop
  endfacet
  facet normal -0.667076 0.593619 0.45014
    outer loop
      vertex 23.325 24.034 12.2683
      vertex 23.925 24.5029 12.5391
      vertex 23.325 24.989 11.0089
    endloop
  endfacet
  facet normal -0.664376 0.596669 0.450101
    outer loop
      vertex 23.325 24.989 11.0089
      vertex 23.7055 25.685 10.6479
      vertex 23.325 25.344 10.5383
    endloop
  endfacet
  facet normal -0.664407 0.596665 0.450061
    outer loop
      vertex 23.7055 25.685 10.6479
      vertex 23.325 24.989 11.0089
      vertex 23.925 24.5029 12.5391
    endloop
  endfacet
  facet normal -0.669469 -0.662339 -0.336331
    outer loop
      vertex 23.925 24.9359 12.7891
      vertex 23.325 25.4049 13.0598
      vertex 23.7055 26.1181 10.8979
    endloop
  endfacet
  facet normal -0.672289 -0.659672 -0.335947
    outer loop
      vertex 23.325 26.3834 11.1384
      vertex 23.7055 26.1181 10.8979
      vertex 23.325 25.4049 13.0598
    endloop
  endfacet
  facet normal -0.995186 0.049004 -0.084875
    outer loop
      vertex 23.925 24.5029 12.5391
      vertex 23.7055 23.7538 14.6803
      vertex 23.925 24.9359 12.7891
    endloop
  endfacet
  facet normal -0.995186 0.049004 -0.084875
    outer loop
      vertex 23.7055 23.7538 14.6803
      vertex 23.925 24.5029 12.5391
      vertex 23.7055 23.3208 14.4303
    endloop
  endfacet
  facet normal -0.672338 0.659632 0.335927
    outer loop
      vertex 23.325 24.034 12.2683
      vertex 23.325 23.0555 14.1897
      vertex 23.7055 23.3208 14.4303
    endloop
  endfacet
  facet normal -0.669439 0.662374 0.336321
    outer loop
      vertex 23.925 24.5029 12.5391
      vertex 23.325 24.034 12.2683
      vertex 23.7055 23.3208 14.4303
    endloop
  endfacet
  facet normal -0.664351 -0.59671 -0.450083
    outer loop
      vertex 23.7055 23.7538 14.6803
      vertex 23.325 24.4498 14.3192
      vertex 23.925 24.9359 12.7891
    endloop
  endfacet
  facet normal -0.664415 -0.596702 -0.449999
    outer loop
      vertex 23.325 24.4498 14.3192
      vertex 23.7055 23.7538 14.6803
      vertex 23.325 24.0949 14.7898
    endloop
  endfacet
  facet normal -0.667087 -0.593588 -0.450164
    outer loop
      vertex 23.325 25.4049 13.0598
      vertex 23.925 24.9359 12.7891
      vertex 23.325 24.4498 14.3192
    endloop
  endfacet
  facet normal -0.956937 0.145152 -0.251403
    outer loop
      vertex 23.7055 23.3208 14.4303
      vertex 23.325 23.0871 15.7437
      vertex 23.7055 23.7538 14.6803
    endloop
  endfacet
  facet normal -0.956937 0.145152 -0.251403
    outer loop
      vertex 23.325 23.0871 15.7437
      vertex 23.7055 23.3208 14.4303
      vertex 23.325 22.6541 15.4937
    endloop
  endfacet
  facet normal -0.648714 0.727352 0.223895
    outer loop
      vertex 23.325 23.0555 14.1897
      vertex 23.325 22.6541 15.4937
      vertex 23.7055 23.3208 14.4303
    endloop
  endfacet
  facet normal -0.633849 -0.532697 -0.560775
    outer loop
      vertex 23.7055 23.7538 14.6803
      vertex 23.325 23.0871 15.7437
      vertex 23.325 23.5784 15.277
    endloop
  endfacet
  facet normal -0.636136 -0.529435 -0.561275
    outer loop
      vertex 23.7055 23.7538 14.6803
      vertex 23.325 23.5784 15.277
      vertex 23.325 24.0949 14.7898
    endloop
  endfacet
  facet normal -0.881902 0.235721 -0.40827
    outer loop
      vertex 22.6174 21.7438 16.9407
      vertex 21.9995 21.5593 18.1689
      vertex 22.6174 22.1768 17.1907
    endloop
  endfacet
  facet normal -0.881902 0.235721 -0.40827
    outer loop
      vertex 21.9995 21.5593 18.1689
      vertex 22.6174 21.7438 16.9407
      vertex 21.9995 21.1263 17.9189
    endloop
  endfacet
  facet normal -0.60643 0.786705 0.115491
    outer loop
      vertex 22.1579 21.3477 17.2425
      vertex 21.677 20.9308 17.5572
      vertex 21.9995 21.1263 17.9189
    endloop
  endfacet
  facet normal -0.603253 0.788927 0.116962
    outer loop
      vertex 22.1579 21.3477 17.2425
      vertex 21.9995 21.1263 17.9189
      vertex 22.6174 21.7438 16.9407
    endloop
  endfacet
  facet normal -0.578815 -0.473042 -0.664233
    outer loop
      vertex 21.9995 21.5593 18.1689
      vertex 21.677 21.9702 18.1573
      vertex 22.6174 22.1768 17.1907
    endloop
  endfacet
  facet normal -0.773021 0.317197 -0.549386
    outer loop
      vertex 21.9995 21.1263 17.9189
      vertex 20.5787 20.626 19.6292
      vertex 21.9995 21.5593 18.1689
    endloop
  endfacet
  facet normal -0.773021 0.317197 -0.549386
    outer loop
      vertex 20.5787 20.626 19.6292
      vertex 21.9995 21.1263 17.9189
      vertex 20.5787 20.193 19.3792
    endloop
  endfacet
  facet normal -0.537516 0.843062 0.0179965
    outer loop
      vertex 21.2633 20.6615 17.8794
      vertex 20.1544 19.9361 18.741
      vertex 20.5787 20.193 19.3792
    endloop
  endfacet
  facet normal -0.534514 0.844924 0.0199488
    outer loop
      vertex 21.9995 21.1263 17.9189
      vertex 21.2633 20.6615 17.8794
      vertex 20.5787 20.193 19.3792
    endloop
  endfacet
  facet normal -0.534512 0.844927 0.0198978
    outer loop
      vertex 21.2633 20.6615 17.8794
      vertex 21.9995 21.1263 17.9189
      vertex 21.677 20.9308 17.5572
    endloop
  endfacet
  facet normal -0.501602 -0.419867 -0.756378
    outer loop
      vertex 20.5787 20.626 19.6292
      vertex 20.1544 21.3071 19.5325
      vertex 21.9995 21.5593 18.1689
    endloop
  endfacet
  facet normal -0.502963 -0.416143 -0.757531
    outer loop
      vertex 21.9995 21.5593 18.1689
      vertex 20.1544 21.3071 19.5325
      vertex 21.677 21.9702 18.1573
    endloop
  endfacet
  facet normal -0.634391 0.386515 -0.669443
    outer loop
      vertex 18.8474 19.8479 20.8206
      vertex 20.5787 20.193 19.3792
      vertex 18.8474 19.4149 20.5706
    endloop
  endfacet
  facet normal -0.634391 0.386515 -0.669443
    outer loop
      vertex 20.5787 20.193 19.3792
      vertex 18.8474 19.8479 20.8206
      vertex 20.5787 20.626 19.6292
    endloop
  endfacet
  facet normal -0.448072 0.89155 -0.0661101
    outer loop
      vertex 20.1544 19.9361 18.741
      vertex 18.6319 19.2729 20.1162
      vertex 18.8474 19.4149 20.5706
    endloop
  endfacet
  facet normal -0.445173 0.893185 -0.063573
    outer loop
      vertex 20.5787 20.193 19.3792
      vertex 20.1544 19.9361 18.741
      vertex 18.8474 19.4149 20.5706
    endloop
  endfacet
  facet normal -0.405068 -0.375273 -0.833721
    outer loop
      vertex 18.8474 19.8479 20.8206
      vertex 19.0455 20.5816 20.3941
      vertex 20.5787 20.626 19.6292
    endloop
  endfacet
  facet normal -0.405236 -0.3752 -0.833672
    outer loop
      vertex 19.0455 20.5816 20.3941
      vertex 18.8474 19.8479 20.8206
      vertex 18.6319 20.3124 20.7163
    endloop
  endfacet
  facet normal -0.405856 -0.371394 -0.835074
    outer loop
      vertex 20.5787 20.626 19.6292
      vertex 19.0455 20.5816 20.3941
      vertex 20.1544 21.3071 19.5325
    endloop
  endfacet
  facet normal -0.471389 0.440972 -0.763764
    outer loop
      vertex 17.6915 19.4994 21.3328
      vertex 18.8474 19.4149 20.5706
      vertex 17.6915 19.0664 21.0828
    endloop
  endfacet
  facet normal -0.471389 0.440972 -0.763764
    outer loop
      vertex 18.8474 19.4149 20.5706
      vertex 17.6915 19.4994 21.3328
      vertex 18.8474 19.8479 20.8206
    endloop
  endfacet
  facet normal -0.338763 0.931775 -0.130521
    outer loop
      vertex 18.6319 19.2729 20.1162
      vertex 17.6915 19.0664 21.0828
      vertex 18.8474 19.4149 20.5706
    endloop
  endfacet
  facet normal -0.293087 -0.340784 -0.893289
    outer loop
      vertex 18.8474 19.8479 20.8206
      vertex 17.6915 19.4994 21.3328
      vertex 18.1509 19.8954 21.031
    endloop
  endfacet
  facet normal -0.293249 -0.336946 -0.894691
    outer loop
      vertex 18.8474 19.8479 20.8206
      vertex 18.1509 19.8954 21.031
      vertex 18.6319 20.3124 20.7163
    endloop
  endfacet
  facet normal -0.290301 0.478478 -0.828724
    outer loop
      vertex 14.7289 18.8596 22.2199
      vertex 15.9832 18.6564 21.6632
      vertex 14.7289 18.4266 21.9699
    endloop
  endfacet
  facet normal -0.290301 0.478478 -0.828724
    outer loop
      vertex 15.9832 18.6564 21.6632
      vertex 14.7289 18.8596 22.2199
      vertex 15.9832 19.0894 21.9132
    endloop
  endfacet
  facet normal -0.221458 0.958159 -0.181347
    outer loop
      vertex 15.3334 18.4901 21.5672
      vertex 14.6532 18.3136 21.4653
      vertex 14.7289 18.4266 21.9699
    endloop
  endfacet
  facet normal -0.219242 0.959326 -0.177837
    outer loop
      vertex 15.3334 18.4901 21.5672
      vertex 14.7289 18.4266 21.9699
      vertex 15.9832 18.6564 21.6632
    endloop
  endfacet
  facet normal -0.169787 -0.318117 -0.932724
    outer loop
      vertex 14.7289 18.8596 22.2199
      vertex 14.6532 19.353 22.0654
      vertex 15.9832 19.0894 21.9132
    endloop
  endfacet
  facet normal -0.0979921 0.497605 -0.861851
    outer loop
      vertex 12.5 18.6822 22.3709
      vertex 14.7289 18.4266 21.9699
      vertex 12.5 18.2492 22.1209
    endloop
  endfacet
  facet normal -0.0979921 0.497605 -0.861851
    outer loop
      vertex 14.7289 18.4266 21.9699
      vertex 12.5 18.6822 22.3709
      vertex 14.7289 18.8596 22.2199
    endloop
  endfacet
  facet normal -0.0930644 0.973647 -0.208207
    outer loop
      vertex 12.5 18.0802 21.3306
      vertex 12.5 18.2492 22.1209
      vertex 14.0682 18.2512 21.4293
    endloop
  endfacet
  facet normal -0.0913685 0.974584 -0.204541
    outer loop
      vertex 14.0682 18.2512 21.4293
      vertex 14.7289 18.4266 21.9699
      vertex 14.6532 18.3136 21.4653
    endloop
  endfacet
  facet normal -0.0914214 0.974592 -0.204479
    outer loop
      vertex 14.7289 18.4266 21.9699
      vertex 14.0682 18.2512 21.4293
      vertex 12.5 18.2492 22.1209
    endloop
  endfacet
  facet normal -0.0399211 -0.307618 -0.950672
    outer loop
      vertex 14.7289 18.8596 22.2199
      vertex 12.5 18.6822 22.3709
      vertex 12.5 19.4511 22.1221
    endloop
  endfacet
  facet normal -0.0389171 -0.304032 -0.951867
    outer loop
      vertex 14.7289 18.8596 22.2199
      vertex 12.5 19.4511 22.1221
      vertex 14.6532 19.353 22.0654
    endloop
  endfacet
  facet normal 0.0980236 0.497603 -0.861848
    outer loop
      vertex 10.2711 18.2913 21.8917
      vertex 12.5 18.6822 22.3709
      vertex 12.5 18.2492 22.1209
    endloop
  endfacet
  facet normal 0.0980236 0.497603 -0.861848
    outer loop
      vertex 12.5 18.6822 22.3709
      vertex 10.2711 18.2913 21.8917
      vertex 10.2711 18.7243 22.1417
    endloop
  endfacet
  facet normal 0.038886 0.976312 -0.212844
    outer loop
      vertex 10.2711 18.2913 21.8917
      vertex 12.5 18.0802 21.3306
      vertex 10.3468 18.1783 21.3872
    endloop
  endfacet
  facet normal 0.0399422 0.977111 -0.208948
    outer loop
      vertex 12.5 18.0802 21.3306
      vertex 10.2711 18.2913 21.8917
      vertex 12.5 18.2492 22.1209
    endloop
  endfacet
  facet normal 0.0914447 -0.310225 -0.946255
    outer loop
      vertex 10.2711 18.7243 22.1417
      vertex 10.9318 19.2802 22.0233
      vertex 12.5 18.6822 22.3709
    endloop
  endfacet
  facet normal 0.091368 -0.310141 -0.94629
    outer loop
      vertex 10.9318 19.2802 22.0233
      vertex 10.2711 18.7243 22.1417
      vertex 10.3468 19.2177 21.9873
    endloop
  endfacet
  facet normal 0.0930867 -0.306526 -0.9473
    outer loop
      vertex 12.5 19.4511 22.1221
      vertex 12.5 18.6822 22.3709
      vertex 10.9318 19.2802 22.0233
    endloop
  endfacet
  facet normal 0.290234 0.478488 -0.828742
    outer loop
      vertex 9.01685 18.4419 21.5394
      vertex 10.2711 18.7243 22.1417
      vertex 10.2711 18.2913 21.8917
    endloop
  endfacet
  facet normal 0.290234 0.478488 -0.828742
    outer loop
      vertex 10.2711 18.7243 22.1417
      vertex 9.01685 18.4419 21.5394
      vertex 9.01685 18.8749 21.7894
    endloop
  endfacet
  facet normal 0.169753 0.966786 -0.191073
    outer loop
      vertex 10.3468 18.1783 21.3872
      vertex 9.01685 18.4419 21.5394
      vertex 10.2711 18.2913 21.8917
    endloop
  endfacet
  facet normal 0.219259 -0.325534 -0.919757
    outer loop
      vertex 10.2711 18.7243 22.1417
      vertex 9.01685 18.8749 21.7894
      vertex 9.66661 19.0413 21.8854
    endloop
  endfacet
  facet normal 0.22141 -0.322016 -0.92048
    outer loop
      vertex 10.2711 18.7243 22.1417
      vertex 9.66661 19.0413 21.8854
      vertex 10.3468 19.2177 21.9873
    endloop
  endfacet
  facet normal 0.47142 0.440964 -0.76375
    outer loop
      vertex 6.15261 19.0089 20.3362
      vertex 7.30853 19.1726 21.1442
      vertex 7.30853 18.7396 20.8942
    endloop
  endfacet
  facet normal 0.47142 0.440964 -0.76375
    outer loop
      vertex 7.30853 19.1726 21.1442
      vertex 6.15261 19.0089 20.3362
      vertex 6.15261 19.4419 20.5862
    endloop
  endfacet
  facet normal 0.293171 0.943324 -0.155532
    outer loop
      vertex 6.36813 18.867 19.8818
      vertex 6.15261 19.0089 20.3362
      vertex 6.84908 18.803 20.4002
    endloop
  endfacet
  facet normal 0.293003 0.944056 -0.15135
    outer loop
      vertex 6.84908 18.803 20.4002
      vertex 6.15261 19.0089 20.3362
      vertex 7.30853 18.7396 20.8942
    endloop
  endfacet
  facet normal 0.33882 -0.35286 -0.872176
    outer loop
      vertex 7.30853 19.1726 21.1442
      vertex 6.15261 19.4419 20.5862
      vertex 6.36813 19.9064 20.482
    endloop
  endfacet
  facet normal 0.634387 0.386516 -0.669446
    outer loop
      vertex 4.42131 19.6517 19.0667
      vertex 6.15261 19.4419 20.5862
      vertex 6.15261 19.0089 20.3362
    endloop
  endfacet
  facet normal 0.634387 0.386516 -0.669446
    outer loop
      vertex 6.15261 19.4419 20.5862
      vertex 4.42131 19.6517 19.0667
      vertex 4.42131 20.0847 19.3167
    endloop
  endfacet
  facet normal 0.405897 0.908875 -0.0958842
    outer loop
      vertex 4.84557 19.3949 18.4285
      vertex 4.42131 19.6517 19.0667
      vertex 5.95446 19.0114 19.4875
    endloop
  endfacet
  facet normal 0.405129 0.909628 -0.0919078
    outer loop
      vertex 5.95446 19.0114 19.4875
      vertex 6.15261 19.0089 20.3362
      vertex 6.36813 18.867 19.8818
    endloop
  endfacet
  facet normal 0.405121 0.909632 -0.091906
    outer loop
      vertex 6.15261 19.0089 20.3362
      vertex 5.95446 19.0114 19.4875
      vertex 4.42131 19.6517 19.0667
    endloop
  endfacet
  facet normal 0.445113 -0.391598 -0.805311
    outer loop
      vertex 4.42131 20.0847 19.3167
      vertex 4.84557 20.7658 19.22
      vertex 6.15261 19.4419 20.5862
    endloop
  endfacet
  facet normal 0.448074 -0.388518 -0.80516
    outer loop
      vertex 6.15261 19.4419 20.5862
      vertex 4.84557 20.7658 19.22
      vertex 6.36813 19.9064 20.482
    endloop
  endfacet
  facet normal 0.773007 0.317206 -0.5494
    outer loop
      vertex 4.42131 19.6517 19.0667
      vertex 3.00046 20.8827 17.7783
      vertex 4.42131 20.0847 19.3167
    endloop
  endfacet
  facet normal 0.773007 0.317206 -0.5494
    outer loop
      vertex 3.00046 20.8827 17.7783
      vertex 4.42131 19.6517 19.0667
      vertex 3.00046 20.4497 17.5283
    endloop
  endfacet
  facet normal 0.502998 0.86409 -0.0184895
    outer loop
      vertex 3.32301 20.2542 17.1666
      vertex 3.00046 20.4497 17.5283
      vertex 4.84557 19.3949 18.4285
    endloop
  endfacet
  facet normal 0.501604 0.864974 -0.0145958
    outer loop
      vertex 4.42131 19.6517 19.0667
      vertex 4.84557 19.3949 18.4285
      vertex 3.00046 20.4497 17.5283
    endloop
  endfacet
  facet normal 0.534447 -0.439819 -0.721752
    outer loop
      vertex 3.00046 20.8827 17.7783
      vertex 3.73668 21.1493 18.161
      vertex 4.42131 20.0847 19.3167
    endloop
  endfacet
  facet normal 0.534446 -0.439801 -0.721764
    outer loop
      vertex 3.73668 21.1493 18.161
      vertex 3.00046 20.8827 17.7783
      vertex 3.32301 21.2937 17.7667
    endloop
  endfacet
  facet normal 0.537474 -0.437175 -0.72111
    outer loop
      vertex 4.42131 20.0847 19.3167
      vertex 3.73668 21.1493 18.161
      vertex 4.84557 20.7658 19.22
    endloop
  endfacet
  facet normal 0.881922 0.235702 -0.408237
    outer loop
      vertex 3.00046 20.4497 17.5283
      vertex 2.38261 21.4211 16.7544
      vertex 3.00046 20.8827 17.7783
    endloop
  endfacet
  facet normal 0.881915 0.235669 -0.408273
    outer loop
      vertex 2.38261 21.4211 16.7544
      vertex 3.00046 20.4497 17.5283
      vertex 2.38261 20.988 16.5044
    endloop
  endfacet
  facet normal 0.578861 0.811739 0.0774584
    outer loop
      vertex 3.32301 20.2542 17.1666
      vertex 2.38261 20.988 16.5044
      vertex 3.00046 20.4497 17.5283
    endloop
  endfacet
  facet normal 0.603133 -0.495933 -0.624725
    outer loop
      vertex 3.00046 20.8827 17.7783
      vertex 2.38261 21.4211 16.7544
      vertex 2.84206 21.3577 17.2483
    endloop
  endfacet
  facet normal 0.606389 -0.493488 -0.623507
    outer loop
      vertex 3.00046 20.8827 17.7783
      vertex 2.84206 21.3577 17.2483
      vertex 3.32301 21.2937 17.7667
    endloop
  endfacet
  facet normal 0.956941 0.145144 -0.251389
    outer loop
      vertex 1.675 21.7861 14.9925
      vertex 1.29453 22.8066 14.1334
      vertex 1.675 22.2191 15.2425
    endloop
  endfacet
  facet normal 0.956941 0.145144 -0.251389
    outer loop
      vertex 1.29453 22.8066 14.1334
      vertex 1.675 21.7861 14.9925
      vertex 1.29453 22.3736 13.8834
    endloop
  endfacet
  facet normal 0.636153 0.750801 0.177784
    outer loop
      vertex 1.675 22.1082 13.6428
      vertex 1.29453 22.3736 13.8834
      vertex 1.675 21.9446 14.3337
    endloop
  endfacet
  facet normal 0.633814 0.752027 0.180929
    outer loop
      vertex 1.675 21.9446 14.3337
      vertex 1.29453 22.3736 13.8834
      vertex 1.675 21.7861 14.9925
    endloop
  endfacet
  facet normal 0.648847 -0.557485 -0.517888
    outer loop
      vertex 1.675 22.2191 15.2425
      vertex 1.29453 22.8066 14.1334
      vertex 1.675 23.1477 14.2429
    endloop
  endfacet
  facet normal 0.995184 0.049011 -0.0848871
    outer loop
      vertex 1.29453 22.3736 13.8834
      vertex 1.075 23.8534 12.1641
      vertex 1.29453 22.8066 14.1334
    endloop
  endfacet
  facet normal 0.995184 0.049011 -0.0848871
    outer loop
      vertex 1.075 23.8534 12.1641
      vertex 1.29453 22.3736 13.8834
      vertex 1.075 23.4204 11.9141
    endloop
  endfacet
  facet normal 0.667125 0.686617 0.288965
    outer loop
      vertex 1.675 22.9514 11.6433
      vertex 1.075 23.4204 11.9141
      vertex 1.675 22.3383 13.1001
    endloop
  endfacet
  facet normal 0.664438 0.688052 0.291728
    outer loop
      vertex 1.675 22.3383 13.1001
      vertex 1.29453 22.3736 13.8834
      vertex 1.675 22.1082 13.6428
    endloop
  endfacet
  facet normal 0.664395 0.688105 0.291704
    outer loop
      vertex 1.29453 22.3736 13.8834
      vertex 1.675 22.3383 13.1001
      vertex 1.075 23.4204 11.9141
    endloop
  endfacet
  facet normal 0.669463 -0.622418 -0.405481
    outer loop
      vertex 1.29453 22.8066 14.1334
      vertex 1.075 23.8534 12.1641
      vertex 1.675 24.3224 12.4348
    endloop
  endfacet
  facet normal 0.672468 -0.620642 -0.403224
    outer loop
      vertex 1.29453 22.8066 14.1334
      vertex 1.675 24.3224 12.4348
      vertex 1.675 23.1477 14.2429
    endloop
  endfacet
  facet normal 0.995185 -0.0490091 0.0848838
    outer loop
      vertex 1.075 23.4204 11.9141
      vertex 1.29453 24.9002 10.1947
      vertex 1.075 23.8534 12.1641
    endloop
  endfacet
  facet normal 0.995185 -0.0490052 0.0848872
    outer loop
      vertex 1.29453 24.9002 10.1947
      vertex 1.075 23.4204 11.9141
      vertex 1.29453 24.4672 9.94473
    endloop
  endfacet
  facet normal 0.672381 0.620692 0.403294
    outer loop
      vertex 1.675 24.1262 9.83522
      vertex 1.29453 24.4672 9.94473
      vertex 1.675 22.9514 11.6433
    endloop
  endfacet
  facet normal -1 -0 -0
    outer loop
      vertex 1.675 22.9515 11.6433
      vertex 1.675 24.1262 9.83522
      vertex 1.675 22.9514 11.6433
    endloop
  endfacet
  facet normal 0.6695 0.622393 0.405458
    outer loop
      vertex 1.29453 24.4672 9.94473
      vertex 1.075 23.4204 11.9141
      vertex 1.675 22.9514 11.6433
    endloop
  endfacet
  facet normal -1 0 0
    outer loop
      vertex 1.675 22.9514 11.6433
      vertex 1.675 24.3224 12.4348
      vertex 1.675 22.9515 11.6433
    endloop
  endfacet
  facet normal 0.664383 -0.688119 -0.291698
    outer loop
      vertex 1.29453 24.9002 10.1947
      vertex 1.675 24.9355 10.978
      vertex 1.075 23.8534 12.1641
    endloop
  endfacet
  facet normal 0.664438 -0.688052 -0.291728
    outer loop
      vertex 1.675 24.9355 10.978
      vertex 1.29453 24.9002 10.1947
      vertex 1.675 25.1656 10.4353
    endloop
  endfacet
  facet normal 0.667099 -0.686639 -0.288975
    outer loop
      vertex 1.675 24.3224 12.4348
      vertex 1.075 23.8534 12.1641
      vertex 1.675 24.9355 10.978
    endloop
  endfacet
  facet normal 0.956938 -0.145136 0.251406
    outer loop
      vertex 1.29453 24.4672 9.94473
      vertex 1.675 25.4877 9.08566
      vertex 1.29453 24.9002 10.1947
    endloop
  endfacet
  facet normal 0.95694 -0.145147 0.251394
    outer loop
      vertex 1.675 25.4877 9.08566
      vertex 1.29453 24.4672 9.94473
      vertex 1.675 25.0547 8.83566
    endloop
  endfacet
  facet normal 0.648776 0.557547 0.51791
    outer loop
      vertex 1.675 25.0547 8.83566
      vertex 1.29453 24.4672 9.94473
      vertex 1.675 24.1262 9.83522
    endloop
  endfacet
  facet normal 0.63381 -0.752027 -0.18094
    outer loop
      vertex 1.675 25.3292 9.74442
      vertex 1.29453 24.9002 10.1947
      vertex 1.675 25.4877 9.08566
    endloop
  endfacet
  facet normal 0.636155 -0.750798 -0.177789
    outer loop
      vertex 1.675 25.1656 10.4353
      vertex 1.29453 24.9002 10.1947
      vertex 1.675 25.3292 9.74442
    endloop
  endfacet
  facet normal 0.881917 -0.235708 0.408246
    outer loop
      vertex 2.38261 25.8528 7.32381
      vertex 3.00046 26.8241 6.54989
      vertex 2.38261 26.2858 7.57381
    endloop
  endfacet
  facet normal 0.881917 -0.235708 0.408246
    outer loop
      vertex 3.00046 26.8241 6.54989
      vertex 2.38261 25.8528 7.32381
      vertex 3.00046 26.3911 6.29989
    endloop
  endfacet
  facet normal 0.606301 0.49354 0.623551
    outer loop
      vertex 3.00046 26.3911 6.29989
      vertex 2.84206 25.9161 6.82987
      vertex 3.32301 25.9802 6.31149
    endloop
  endfacet
  facet normal 0.603269 0.495817 0.624686
    outer loop
      vertex 3.00046 26.3911 6.29989
      vertex 2.38261 25.8528 7.32381
      vertex 2.84206 25.9161 6.82987
    endloop
  endfacet
  facet normal 0.578861 -0.811739 -0.0774576
    outer loop
      vertex 3.32301 27.0196 6.91159
      vertex 2.38261 26.2858 7.57381
      vertex 3.00046 26.8241 6.54989
    endloop
  endfacet
  facet normal 0.773009 -0.317205 0.549398
    outer loop
      vertex 3.00046 26.3911 6.29989
      vertex 4.42131 27.6221 5.01148
      vertex 3.00046 26.8241 6.54989
    endloop
  endfacet
  facet normal 0.773009 -0.317205 0.549398
    outer loop
      vertex 4.42131 27.6221 5.01148
      vertex 3.00046 26.3911 6.29989
      vertex 4.42131 27.1891 4.76148
    endloop
  endfacet
  facet normal 0.537495 0.437156 0.721106
    outer loop
      vertex 4.42131 27.1891 4.76148
      vertex 3.73668 26.1245 5.91718
      vertex 4.84557 26.508 4.85815
    endloop
  endfacet
  facet normal 0.534453 0.439813 0.721751
    outer loop
      vertex 3.00046 26.3911 6.29989
      vertex 3.73668 26.1245 5.91718
      vertex 4.42131 27.1891 4.76148
    endloop
  endfacet
  facet normal 0.534457 0.439914 0.721687
    outer loop
      vertex 3.73668 26.1245 5.91718
      vertex 3.00046 26.3911 6.29989
      vertex 3.32301 25.9802 6.31149
    endloop
  endfacet
  facet normal 0.501604 -0.864974 0.0145961
    outer loop
      vertex 4.42131 27.6221 5.01148
      vertex 4.84557 27.8789 5.64965
      vertex 3.00046 26.8241 6.54989
    endloop
  endfacet
  facet normal 0.832764 0 -0.553628
    outer loop
      vertex 4.84557 27.8789 5.64965
      vertex 4.42131 27.6221 5.01148
      vertex 4.84557 27.879 5.64965
    endloop
  endfacet
  facet normal 0.502998 -0.86409 0.0184892
    outer loop
      vertex 3.32301 27.0196 6.91159
      vertex 3.00046 26.8241 6.54989
      vertex 4.84557 27.8789 5.64965
    endloop
  endfacet
  facet normal 0.634399 -0.386512 0.669438
    outer loop
      vertex 4.42131 27.6221 5.01148
      vertex 6.15261 27.8319 3.49193
      vertex 6.15261 28.2649 3.74193
    endloop
  endfacet
  facet normal 0.634399 -0.386512 0.669438
    outer loop
      vertex 6.15261 27.8319 3.49193
      vertex 4.42131 27.6221 5.01148
      vertex 4.42131 27.1891 4.76148
    endloop
  endfacet
  facet normal 0.447987 0.388617 0.805161
    outer loop
      vertex 6.15261 27.8319 3.49193
      vertex 4.84557 26.508 4.85815
      vertex 6.36813 27.3674 3.59621
    endloop
  endfacet
  facet normal 0.445139 0.391578 0.805306
    outer loop
      vertex 4.42131 27.1891 4.76148
      vertex 4.84557 26.508 4.85815
      vertex 6.15261 27.8319 3.49193
    endloop
  endfacet
  facet normal 0.405124 -0.90963 0.0919079
    outer loop
      vertex 6.15261 28.2649 3.74193
      vertex 5.95446 28.2624 4.59062
      vertex 4.42131 27.6221 5.01148
    endloop
  endfacet
  facet normal 0.405132 -0.909627 0.0919097
    outer loop
      vertex 5.95446 28.2624 4.59062
      vertex 6.15261 28.2649 3.74193
      vertex 6.36813 28.4068 4.19631
    endloop
  endfacet
  facet normal 0.405923 -0.908851 0.0960038
    outer loop
      vertex 4.84557 27.879 5.64965
      vertex 4.42131 27.6221 5.01148
      vertex 5.95446 28.2624 4.59062
    endloop
  endfacet
  facet normal 0.471389 -0.440972 0.763764
    outer loop
      vertex 6.15261 28.2649 3.74193
      vertex 7.30853 28.1012 2.93399
      vertex 7.30853 28.5342 3.18399
    endloop
  endfacet
  facet normal 0.471389 -0.440972 0.763764
    outer loop
      vertex 7.30853 28.1012 2.93399
      vertex 6.15261 28.2649 3.74193
      vertex 6.15261 27.8319 3.49193
    endloop
  endfacet
  facet normal 0.338742 0.35297 0.872161
    outer loop
      vertex 7.30853 28.1012 2.93399
      vertex 6.15261 27.8319 3.49193
      vertex 6.36813 27.3674 3.59621
    endloop
  endfacet
  facet normal 0.293141 -0.943957 0.151701
    outer loop
      vertex 6.84908 28.4709 3.67793
      vertex 6.15261 28.2649 3.74193
      vertex 7.30853 28.5342 3.18399
    endloop
  endfacet
  facet normal 0.293292 -0.943296 0.155472
    outer loop
      vertex 6.36813 28.4068 4.19631
      vertex 6.15261 28.2649 3.74193
      vertex 6.84908 28.4709 3.67793
    endloop
  endfacet
  facet normal 0.29027 -0.478483 0.828732
    outer loop
      vertex 9.01685 28.8319 2.53878
      vertex 10.2711 28.5495 1.93642
      vertex 10.2711 28.9825 2.18642
    endloop
  endfacet
  facet normal 0.29027 -0.478483 0.828732
    outer loop
      vertex 10.2711 28.5495 1.93642
      vertex 9.01685 28.8319 2.53878
      vertex 9.01685 28.3989 2.28878
    endloop
  endfacet
  facet normal 0.221374 0.322098 0.92046
    outer loop
      vertex 10.2711 28.5495 1.93642
      vertex 9.66661 28.2325 2.19273
      vertex 10.3468 28.0561 2.09087
    endloop
  endfacet
  facet normal 0.219314 0.325466 0.919768
    outer loop
      vertex 10.2711 28.5495 1.93642
      vertex 9.01685 28.3989 2.28878
      vertex 9.66661 28.2325 2.19273
    endloop
  endfacet
  facet normal 0.169757 -0.966789 0.191054
    outer loop
      vertex 10.3468 29.0955 2.69097
      vertex 9.01685 28.8319 2.53878
      vertex 10.2711 28.9825 2.18642
    endloop
  endfacet
  facet normal 0.0980159 -0.497603 0.861849
    outer loop
      vertex 10.2711 28.9825 2.18642
      vertex 12.5 28.5916 1.70724
      vertex 12.5 29.0246 1.95724
    endloop
  endfacet
  facet normal 0.0980159 -0.497603 0.861849
    outer loop
      vertex 12.5 28.5916 1.70724
      vertex 10.2711 28.9825 2.18642
      vertex 10.2711 28.5495 1.93642
    endloop
  endfacet
  facet normal 0.0930337 0.306606 0.947279
    outer loop
      vertex 12.5 27.8227 1.95611
      vertex 12.5 28.5916 1.70724
      vertex 10.9318 27.9936 2.05481
    endloop
  endfacet
  facet normal 0.0914376 0.310201 0.946263
    outer loop
      vertex 10.2711 28.5495 1.93642
      vertex 10.9318 27.9936 2.05481
      vertex 12.5 28.5916 1.70724
    endloop
  endfacet
  facet normal 0.0914729 0.31024 0.946247
    outer loop
      vertex 10.9318 27.9936 2.05481
      vertex 10.2711 28.5495 1.93642
      vertex 10.3468 28.0561 2.09087
    endloop
  endfacet
  facet normal 0.0399386 -0.977115 0.20893
    outer loop
      vertex 12.5 29.1936 2.74761
      vertex 10.2711 28.9825 2.18642
      vertex 12.5 29.0246 1.95724
    endloop
  endfacet
  facet normal 0.0388827 -0.976317 0.212824
    outer loop
      vertex 10.2711 28.9825 2.18642
      vertex 12.5 29.1936 2.74761
      vertex 10.3468 29.0955 2.69097
    endloop
  endfacet
  facet normal -0.0980151 -0.497603 0.861849
    outer loop
      vertex 12.5 28.5916 1.70724
      vertex 14.7289 28.8472 2.1083
      vertex 12.5 29.0246 1.95724
    endloop
  endfacet
  facet normal -0.0980151 -0.497603 0.861849
    outer loop
      vertex 14.7289 28.8472 2.1083
      vertex 12.5 28.5916 1.70724
      vertex 14.7289 28.4142 1.8583
    endloop
  endfacet
  facet normal -0.0388822 0.303922 0.951903
    outer loop
      vertex 14.7289 28.4142 1.8583
      vertex 12.5 27.8227 1.95611
      vertex 14.6532 27.9208 2.01274
    endloop
  endfacet
  facet normal -0.0399387 0.307696 0.950646
    outer loop
      vertex 12.5 28.5916 1.70724
      vertex 12.5 27.8227 1.95611
      vertex 14.7289 28.4142 1.8583
    endloop
  endfacet
  facet normal -0.0913455 -0.974581 0.204568
    outer loop
      vertex 14.0682 29.0226 2.6489
      vertex 14.7289 28.8472 2.1083
      vertex 14.6532 28.9602 2.61284
    endloop
  endfacet
  facet normal -0.0914265 -0.974593 0.204473
    outer loop
      vertex 14.7289 28.8472 2.1083
      vertex 14.0682 29.0226 2.6489
      vertex 12.5 29.0246 1.95724
    endloop
  endfacet
  facet normal -0.0930646 -0.973651 0.20819
    outer loop
      vertex 12.5 29.1936 2.74761
      vertex 12.5 29.0246 1.95724
      vertex 14.0682 29.0226 2.6489
    endloop
  endfacet
  facet normal -0.290258 -0.478485 0.828735
    outer loop
      vertex 14.7289 28.4142 1.8583
      vertex 15.9832 28.6174 2.41493
      vertex 14.7289 28.8472 2.1083
    endloop
  endfacet
  facet normal -0.290258 -0.478485 0.828735
    outer loop
      vertex 15.9832 28.6174 2.41493
      vertex 14.7289 28.4142 1.8583
      vertex 15.9832 28.1844 2.16493
    endloop
  endfacet
  facet normal -0.169763 0.318012 0.932764
    outer loop
      vertex 14.7289 28.4142 1.8583
      vertex 14.6532 27.9208 2.01274
      vertex 15.9832 28.1844 2.16493
    endloop
  endfacet
  facet normal -0.219304 -0.959247 0.178189
    outer loop
      vertex 15.3334 28.7838 2.51098
      vertex 14.7289 28.8472 2.1083
      vertex 15.9832 28.6174 2.41493
    endloop
  endfacet
  facet normal -0.221327 -0.958181 0.181393
    outer loop
      vertex 15.3334 28.7838 2.51098
      vertex 14.6532 28.9602 2.61284
      vertex 14.7289 28.8472 2.1083
    endloop
  endfacet
  facet normal -0.471429 -0.440962 0.763746
    outer loop
      vertex 17.6915 27.7745 2.74533
      vertex 18.8474 27.8589 3.50755
      vertex 17.6915 28.2075 2.99533
    endloop
  endfacet
  facet normal -0.471429 -0.440962 0.763746
    outer loop
      vertex 18.8474 27.8589 3.50755
      vertex 17.6915 27.7745 2.74533
      vertex 18.8474 27.4259 3.25755
    endloop
  endfacet
  facet normal -0.293202 0.33696 0.894701
    outer loop
      vertex 18.8474 27.4259 3.25755
      vertex 18.1509 27.3784 3.04719
      vertex 18.6319 26.9615 3.36183
    endloop
  endfacet
  facet normal -0.293037 0.340877 0.89327
    outer loop
      vertex 18.8474 27.4259 3.25755
      vertex 17.6915 27.7745 2.74533
      vertex 18.1509 27.3784 3.04719
    endloop
  endfacet
  facet normal -0.338826 -0.931756 0.130488
    outer loop
      vertex 18.6319 28.0009 3.96194
      vertex 17.6915 28.2075 2.99533
      vertex 18.8474 27.8589 3.50755
    endloop
  endfacet
  facet normal -0.634385 -0.386517 0.669448
    outer loop
      vertex 18.8474 27.4259 3.25755
      vertex 20.5787 27.0809 4.69898
      vertex 18.8474 27.8589 3.50755
    endloop
  endfacet
  facet normal -0.634385 -0.386517 0.669448
    outer loop
      vertex 20.5787 27.0809 4.69898
      vertex 18.8474 27.4259 3.25755
      vertex 20.5787 26.6479 4.44898
    endloop
  endfacet
  facet normal -0.40591 0.371288 0.835094
    outer loop
      vertex 20.5787 26.6479 4.44898
      vertex 19.2135 26.5823 3.81457
      vertex 20.2857 26.1774 4.51575
    endloop
  endfacet
  facet normal -0.405895 0.371402 0.835051
    outer loop
      vertex 19.2135 26.5823 3.81457
      vertex 20.5787 26.6479 4.44898
      vertex 19.0455 26.6922 3.68403
    endloop
  endfacet
  facet normal -0.405118 0.375233 0.833714
    outer loop
      vertex 18.8474 27.4259 3.25755
      vertex 19.0455 26.6922 3.68403
      vertex 20.5787 26.6479 4.44898
    endloop
  endfacet
  facet normal -0.405158 0.375216 0.833703
    outer loop
      vertex 19.0455 26.6922 3.68403
      vertex 18.8474 27.4259 3.25755
      vertex 18.6319 26.9615 3.36183
    endloop
  endfacet
  facet normal -0.445095 -0.893228 0.0635052
    outer loop
      vertex 20.5787 27.0809 4.69898
      vertex 20.1544 27.3377 5.33715
      vertex 18.8474 27.8589 3.50755
    endloop
  endfacet
  facet normal -0.448073 -0.891549 0.0661109
    outer loop
      vertex 20.1544 27.3377 5.33715
      vertex 18.6319 28.0009 3.96194
      vertex 18.8474 27.8589 3.50755
    endloop
  endfacet
  facet normal -0.773019 -0.317198 0.549387
    outer loop
      vertex 20.5787 26.6479 4.44898
      vertex 21.9995 26.1476 6.15927
      vertex 20.5787 27.0809 4.69898
    endloop
  endfacet
  facet normal -0.773027 -0.317139 0.549411
    outer loop
      vertex 21.9995 26.1476 6.15927
      vertex 20.5787 26.6479 4.44898
      vertex 21.9995 25.7145 5.90927
    endloop
  endfacet
  facet normal -0.503 0.416043 0.757562
    outer loop
      vertex 21.9995 25.7145 5.90927
      vertex 20.8214 25.8756 5.03857
      vertex 21.727 25.3672 5.91907
    endloop
  endfacet
  facet normal -0.501623 0.41981 0.756395
    outer loop
      vertex 20.5787 26.6479 4.44898
      vertex 20.8214 25.8756 5.03857
      vertex 21.9995 25.7145 5.90927
    endloop
  endfacet
  facet normal -0.501698 0.419767 0.75637
    outer loop
      vertex 20.8214 25.8756 5.03857
      vertex 20.5787 26.6479 4.44898
      vertex 20.2857 26.1774 4.51575
    endloop
  endfacet
  facet normal -0.534434 -0.844973 -0.0200373
    outer loop
      vertex 21.2633 26.6123 6.19877
      vertex 21.9995 26.1476 6.15927
      vertex 21.677 26.343 6.52096
    endloop
  endfacet
  facet normal -0.534434 -0.844972 -0.0200561
    outer loop
      vertex 21.9995 26.1476 6.15927
      vertex 21.2633 26.6123 6.19877
      vertex 20.5787 27.0809 4.69898
    endloop
  endfacet
  facet normal -0.537466 -0.843091 -0.0180847
    outer loop
      vertex 21.2633 26.6123 6.19877
      vertex 20.1544 27.3377 5.33715
      vertex 20.5787 27.0809 4.69898
    endloop
  endfacet
  facet normal -0.881908 -0.235675 0.408283
    outer loop
      vertex 21.9995 25.7145 5.90927
      vertex 22.6174 25.53 7.13746
      vertex 21.9995 26.1476 6.15927
    endloop
  endfacet
  facet normal -0.881901 -0.235723 0.408272
    outer loop
      vertex 22.6174 25.53 7.13746
      vertex 21.9995 25.7145 5.90927
      vertex 22.6174 25.097 6.88746
    endloop
  endfacet
  facet normal -0.578776 0.473079 0.664239
    outer loop
      vertex 21.9995 25.7145 5.90927
      vertex 21.8445 25.2668 6.09307
      vertex 22.6174 25.097 6.88746
    endloop
  endfacet
  facet normal -0.579054 0.473077 0.663999
    outer loop
      vertex 21.8445 25.2668 6.09307
      vertex 21.9995 25.7145 5.90927
      vertex 21.727 25.3672 5.91907
    endloop
  endfacet
  facet normal -0.60317 -0.788967 -0.117122
    outer loop
      vertex 22.1579 25.9261 6.83561
      vertex 21.9995 26.1476 6.15927
      vertex 22.6174 25.53 7.13746
    endloop
  endfacet
  facet normal -0.606367 -0.786731 -0.115641
    outer loop
      vertex 22.1579 25.9261 6.83561
      vertex 21.677 26.343 6.52096
      vertex 21.9995 26.1476 6.15927
    endloop
  endfacet
  facet normal -0.956934 -0.145156 0.251411
    outer loop
      vertex 23.325 24.1867 8.3345
      vertex 23.7055 23.953 9.64785
      vertex 23.325 24.6197 8.5845
    endloop
  endfacet
  facet normal -0.956934 -0.145156 0.251411
    outer loop
      vertex 23.7055 23.953 9.64785
      vertex 23.325 24.1867 8.3345
      vertex 23.7055 23.52 9.39785
    endloop
  endfacet
  facet normal -0.635952 0.529587 0.56134
    outer loop
      vertex 23.7055 23.52 9.39785
      vertex 23.3425 23.6874 8.82867
      vertex 23.5537 23.384 9.35418
    endloop
  endfacet
  facet normal -0.635291 0.53189 0.559909
    outer loop
      vertex 23.3425 23.6874 8.82867
      vertex 23.325 24.1867 8.3345
      vertex 23.325 23.7127 8.78478
    endloop
  endfacet
  facet normal -0.633652 0.532866 0.560837
    outer loop
      vertex 23.325 24.1867 8.3345
      vertex 23.3425 23.6874 8.82867
      vertex 23.7055 23.52 9.39785
    endloop
  endfacet
  facet normal -0.648814 -0.727284 -0.223827
    outer loop
      vertex 23.7055 23.953 9.64785
      vertex 23.325 24.2184 9.88845
      vertex 23.325 24.6197 8.5845
    endloop
  endfacet
  facet normal -0.995186 -0.0490031 0.0848734
    outer loop
      vertex 23.7055 23.52 9.39785
      vertex 23.925 22.7709 11.5391
      vertex 23.7055 23.953 9.64785
    endloop
  endfacet
  facet normal -0.995186 -0.0490031 0.0848734
    outer loop
      vertex 23.925 22.7709 11.5391
      vertex 23.7055 23.52 9.39785
      vertex 23.925 22.3379 11.2891
    endloop
  endfacet
  facet normal -0.667675 0.592972 0.450106
    outer loop
      vertex 23.925 22.3379 11.2891
      vertex 23.8178 22.4248 11.0156
      vertex 23.8569 22.2846 11.2583
    endloop
  endfacet
  facet normal -0.664203 0.596824 0.450151
    outer loop
      vertex 23.8178 22.4248 11.0156
      vertex 23.7055 23.52 9.39785
      vertex 23.5537 23.384 9.35418
    endloop
  endfacet
  facet normal -0.664506 0.59659 0.450014
    outer loop
      vertex 23.7055 23.52 9.39785
      vertex 23.8178 22.4248 11.0156
      vertex 23.925 22.3379 11.2891
    endloop
  endfacet
  facet normal -0.669408 -0.6624 -0.336332
    outer loop
      vertex 23.925 22.7709 11.5391
      vertex 23.325 23.2398 11.8098
      vertex 23.7055 23.953 9.64785
    endloop
  endfacet
  facet normal -0.672438 -0.659534 -0.33592
    outer loop
      vertex 23.325 24.2184 9.88845
      vertex 23.7055 23.953 9.64785
      vertex 23.325 23.2398 11.8098
    endloop
  endfacet
  facet normal -0.995185 0.0490073 -0.0848806
    outer loop
      vertex 23.7522 21.4073 12.7778
      vertex 23.925 22.7709 11.5391
      vertex 23.925 22.3379 11.2891
    endloop
  endfacet
  facet normal -0.995186 0.0490236 -0.0848628
    outer loop
      vertex 23.925 22.7709 11.5391
      vertex 23.7522 21.4073 12.7778
      vertex 23.7055 21.5888 13.4303
    endloop
  endfacet
  facet normal -0.995188 0.0489954 -0.0848551
    outer loop
      vertex 23.7055 21.5888 13.4303
      vertex 23.7522 21.4073 12.7778
      vertex 23.7055 21.1702 13.1886
    endloop
  endfacet
  facet normal -0.670039 0.661928 0.336003
    outer loop
      vertex 23.8569 22.2846 11.2583
      vertex 23.7522 21.4073 12.7778
      vertex 23.925 22.3379 11.2891
    endloop
  endfacet
  facet normal -0.664351 -0.59671 -0.450083
    outer loop
      vertex 23.7055 21.5888 13.4303
      vertex 23.325 22.2848 13.0692
      vertex 23.925 22.7709 11.5391
    endloop
  endfacet
  facet normal -0.66431 -0.596716 -0.450136
    outer loop
      vertex 23.325 22.2848 13.0692
      vertex 23.7055 21.5888 13.4303
      vertex 23.325 21.9298 13.5398
    endloop
  endfacet
  facet normal -0.667035 -0.593649 -0.450162
    outer loop
      vertex 23.325 23.2398 11.8098
      vertex 23.925 22.7709 11.5391
      vertex 23.325 22.2848 13.0692
    endloop
  endfacet
  facet normal -0.956937 0.145158 -0.251399
    outer loop
      vertex 23.7055 21.1702 13.1886
      vertex 23.325 20.9221 14.4937
      vertex 23.7055 21.5888 13.4303
    endloop
  endfacet
  facet normal -0.956936 0.145162 -0.251398
    outer loop
      vertex 23.325 20.9221 14.4937
      vertex 23.7055 21.1702 13.1886
      vertex 23.325 20.543 14.2748
    endloop
  endfacet
  facet normal -0.633699 -0.532839 -0.560811
    outer loop
      vertex 23.7055 21.5888 13.4303
      vertex 23.325 20.9221 14.4937
      vertex 23.325 21.4133 14.027
    endloop
  endfacet
  facet normal -0.636053 -0.529482 -0.561325
    outer loop
      vertex 23.7055 21.5888 13.4303
      vertex 23.325 21.4133 14.027
      vertex 23.325 21.9298 13.5398
    endloop
  endfacet
  facet normal -0.88191 0.235684 -0.408274
    outer loop
      vertex 22.6174 19.6889 15.7543
      vertex 21.9995 19.3942 16.9189
      vertex 22.6174 20.0118 15.9407
    endloop
  endfacet
  facet normal -0.881901 0.235757 -0.408251
    outer loop
      vertex 21.9995 19.3942 16.9189
      vertex 22.6174 19.6889 15.7543
      vertex 21.9995 19.1109 16.7553
    endloop
  endfacet
  facet normal -0.578856 -0.472959 -0.664256
    outer loop
      vertex 21.9995 19.3942 16.9189
      vertex 21.677 19.8052 16.9073
      vertex 22.6174 20.0118 15.9407
    endloop
  endfacet
  facet normal -0.773022 0.317243 -0.549358
    outer loop
      vertex 21.9995 19.1109 16.7553
      vertex 20.5787 18.4609 18.3792
      vertex 21.9995 19.3942 16.9189
    endloop
  endfacet
  facet normal -0.773023 0.317234 -0.549362
    outer loop
      vertex 20.5787 18.4609 18.3792
      vertex 21.9995 19.1109 16.7553
      vertex 20.5787 18.2453 18.2547
    endloop
  endfacet
  facet normal -0.501602 -0.419867 -0.756378
    outer loop
      vertex 20.5787 18.4609 18.3792
      vertex 20.1544 19.142 18.2825
      vertex 21.9995 19.3942 16.9189
    endloop
  endfacet
  facet normal -0.502992 -0.416065 -0.757555
    outer loop
      vertex 21.9995 19.3942 16.9189
      vertex 20.1544 19.142 18.2825
      vertex 21.677 19.8052 16.9073
    endloop
  endfacet
  facet normal -0.634407 0.386337 -0.66953
    outer loop
      vertex 18.8474 17.6828 19.5706
      vertex 20.5787 18.2453 18.2547
      vertex 18.8474 17.5348 19.4852
    endloop
  endfacet
  facet normal -0.634393 0.38656 -0.669416
    outer loop
      vertex 20.5787 18.2453 18.2547
      vertex 18.8474 17.6828 19.5706
      vertex 20.5787 18.4609 18.3792
    endloop
  endfacet
  facet normal -0.405099 -0.375219 -0.83373
    outer loop
      vertex 18.8474 17.6828 19.5706
      vertex 19.0455 18.4166 19.1441
      vertex 20.5787 18.4609 18.3792
    endloop
  endfacet
  facet normal -0.405182 -0.375183 -0.833706
    outer loop
      vertex 19.0455 18.4166 19.1441
      vertex 18.8474 17.6828 19.5706
      vertex 18.6319 18.1473 19.4663
    endloop
  endfacet
  facet normal -0.405873 -0.371403 -0.835061
    outer loop
      vertex 20.5787 18.4609 18.3792
      vertex 19.0455 18.4166 19.1441
      vertex 20.1544 19.142 18.2825
    endloop
  endfacet
  facet normal -0.471356 0.441052 -0.763738
    outer loop
      vertex 17.6915 17.3343 20.0828
      vertex 18.8474 17.5348 19.4852
      vertex 17.6915 17.2259 20.0202
    endloop
  endfacet
  facet normal -0.471382 0.440779 -0.76388
    outer loop
      vertex 18.8474 17.5348 19.4852
      vertex 17.6915 17.3343 20.0828
      vertex 18.8474 17.6828 19.5706
    endloop
  endfacet
  facet normal -0.293137 -0.340663 -0.893319
    outer loop
      vertex 18.8474 17.6828 19.5706
      vertex 17.6915 17.3343 20.0828
      vertex 18.1509 17.7304 19.781
    endloop
  endfacet
  facet normal -0.293292 -0.336962 -0.894671
    outer loop
      vertex 18.8474 17.6828 19.5706
      vertex 18.1509 17.7304 19.781
      vertex 18.6319 18.1473 19.4663
    endloop
  endfacet
  facet normal -0.290262 0.479724 -0.828017
    outer loop
      vertex 14.7289 16.6945 20.9699
      vertex 15.9832 16.8721 20.6331
      vertex 14.7289 16.6819 20.9626
    endloop
  endfacet
  facet normal -0.290291 0.477334 -0.829387
    outer loop
      vertex 15.9832 16.8721 20.6331
      vertex 14.7289 16.6945 20.9699
      vertex 15.9832 16.9244 20.6632
    endloop
  endfacet
  facet normal -0.169777 -0.318058 -0.932746
    outer loop
      vertex 14.7289 16.6945 20.9699
      vertex 14.6532 17.188 20.8154
      vertex 15.9832 16.9244 20.6632
    endloop
  endfacet
  facet normal -0.097907 0.498898 -0.861112
    outer loop
      vertex 14.7289 16.6819 20.9626
      vertex 14.3117 16.6613 20.9981
      vertex 14.7289 16.6945 20.9699
    endloop
  endfacet
  facet normal -0.0399494 -0.30756 -0.95069
    outer loop
      vertex 12.5 17.2861 20.8721
      vertex 14.3117 16.6613 20.9981
      vertex 12.5 16.6073 21.0917
    endloop
  endfacet
  facet normal -0.0398211 -0.307211 -0.950808
    outer loop
      vertex 14.3117 16.6613 20.9981
      vertex 12.5 17.2861 20.8721
      vertex 14.7289 16.6945 20.9699
    endloop
  endfacet
  facet normal -0.038915 -0.303976 -0.951885
    outer loop
      vertex 14.7289 16.6945 20.9699
      vertex 12.5 17.2861 20.8721
      vertex 14.6532 17.188 20.8154
    endloop
  endfacet
  facet normal 0.0914182 -0.310385 -0.946205
    outer loop
      vertex 10.3017 16.7588 20.8293
      vertex 10.9318 17.1151 20.7733
      vertex 12.2106 16.6275 21.0568
    endloop
  endfacet
  facet normal 0.0913225 -0.310225 -0.946267
    outer loop
      vertex 10.9318 17.1151 20.7733
      vertex 10.3017 16.7588 20.8293
      vertex 10.3468 17.0527 20.7373
    endloop
  endfacet
  facet normal 0.0928518 -0.306476 -0.947339
    outer loop
      vertex 12.2106 16.6275 21.0568
      vertex 12.5 17.2861 20.8721
      vertex 12.5 16.6073 21.0917
    endloop
  endfacet
  facet normal 0.0931102 -0.306573 -0.947282
    outer loop
      vertex 12.5 17.2861 20.8721
      vertex 12.2106 16.6275 21.0568
      vertex 10.9318 17.1151 20.7733
    endloop
  endfacet
  facet normal 0.215928 -0.329709 -0.919058
    outer loop
      vertex 9.68621 16.8659 20.6437
      vertex 9.65056 16.8721 20.6331
      vertex 9.66661 16.8762 20.6354
    endloop
  endfacet
  facet normal 0.221502 -0.322112 -0.920424
    outer loop
      vertex 9.68621 16.8659 20.6437
      vertex 10.3468 17.0527 20.7373
      vertex 10.3017 16.7588 20.8293
    endloop
  endfacet
  facet normal 0.221257 -0.321023 -0.920864
    outer loop
      vertex 10.3468 17.0527 20.7373
      vertex 9.68621 16.8659 20.6437
      vertex 9.66661 16.8762 20.6354
    endloop
  endfacet
  facet normal 0.338805 -0.352774 -0.872217
    outer loop
      vertex 6.52949 17.6154 19.3456
      vertex 6.33598 17.6721 19.2475
      vertex 6.36813 17.7413 19.232
    endloop
  endfacet
  facet normal 0.44498 -0.391815 -0.805278
    outer loop
      vertex 4.7159 18.3926 17.9996
      vertex 4.84557 18.6007 17.97
      vertex 5.31239 18.1279 18.458
    endloop
  endfacet
  facet normal 0.44804 -0.388509 -0.805183
    outer loop
      vertex 5.31239 18.1279 18.458
      vertex 6.36813 17.7413 19.232
      vertex 6.33598 17.6721 19.2475
    endloop
  endfacet
  facet normal 0.447904 -0.388776 -0.805131
    outer loop
      vertex 6.36813 17.7413 19.232
      vertex 5.31239 18.1279 18.458
      vertex 4.84557 18.6007 17.97
    endloop
  endfacet
  facet normal 0.537348 -0.437394 -0.721072
    outer loop
      vertex 4.7159 18.3926 17.9996
      vertex 3.91592 18.9222 17.0822
      vertex 4.84557 18.6007 17.97
    endloop
  endfacet
  facet normal -0.707107 0.353561 -0.612368
    outer loop
      vertex 24.325 12.8781 40.3508
      vertex 17.3981 9.93429 46.6497
      vertex 24.325 13.3977 40.6508
    endloop
  endfacet
  facet normal -0.707108 0.353551 -0.612373
    outer loop
      vertex 17.3981 9.93429 46.6497
      vertex 24.325 12.8781 40.3508
      vertex 17.3981 9.41467 46.3497
    endloop
  endfacet
  facet normal 1 0 0
    outer loop
      vertex 0.675001 13.3977 40.6508
      vertex 0.675001 17.7762 31.8671
      vertex 0.675001 18.2958 32.1671
    endloop
  endfacet
  facet normal 1 0 0
    outer loop
      vertex 0.675001 17.7762 31.8671
      vertex 0.675001 13.3977 40.6508
      vertex 0.675001 12.8781 40.3508
    endloop
  endfacet
  facet normal 0.707106 0.353562 -0.612369
    outer loop
      vertex 7.60192 9.93429 46.6497
      vertex 0.675001 12.8781 40.3508
      vertex 0.675001 13.3977 40.6508
    endloop
  endfacet
  facet normal 0.707107 0.353551 -0.612374
    outer loop
      vertex 0.675001 12.8781 40.3508
      vertex 7.60192 9.93429 46.6497
      vertex 7.60192 9.41467 46.3497
    endloop
  endfacet
  facet normal 0 0.499997 -0.866027
    outer loop
      vertex 7.60192 9.41467 46.3497
      vertex 17.3981 9.93429 46.6497
      vertex 17.3981 9.41467 46.3497
    endloop
  endfacet
  facet normal 0 0.499997 -0.866027
    outer loop
      vertex 17.3981 9.93429 46.6497
      vertex 7.60192 9.41467 46.3497
      vertex 7.60192 9.93429 46.6497
    endloop
  endfacet
  facet normal -0 0.866302 0.499521
    outer loop
      vertex 7.73596 9.42182 46.3373
      vertex 17.3981 9.41467 46.3497
      vertex 17.3922 9.42182 46.3373
    endloop
  endfacet
  facet normal -0.000396233 0.86622 0.499662
    outer loop
      vertex 17.3981 9.41467 46.3497
      vertex 24.2201 12.8358 40.4242
      vertex 17.3922 9.42182 46.3373
    endloop
  endfacet
  facet normal 0.00330648 0.864365 0.502854
    outer loop
      vertex 24.325 12.8781 40.3508
      vertex 24.2201 12.8358 40.4242
      vertex 17.3981 9.41467 46.3497
    endloop
  endfacet
  facet normal 0.0024398 0.864906 0.501927
    outer loop
      vertex 24.325 12.8781 40.3508
      vertex 24.3107 12.8811 40.3457
      vertex 24.2201 12.8358 40.4242
    endloop
  endfacet
  facet normal 0.00332248 0.865973 0.50008
    outer loop
      vertex 24.325 12.8781 40.3508
      vertex 24.3107 12.9452 40.2347
      vertex 24.3107 12.8811 40.3457
    endloop
  endfacet
  facet normal 0.00418928 0.866016 0.499998
    outer loop
      vertex 24.325 17.7762 31.8671
      vertex 24.3107 12.9452 40.2347
      vertex 24.325 12.8781 40.3508
    endloop
  endfacet
  facet normal 0.00269445 0.866022 0.499999
    outer loop
      vertex 24.3107 12.9452 40.2347
      vertex 24.325 17.7762 31.8671
      vertex 24.3107 17.7733 31.8722
    endloop
  endfacet
  facet normal 0.00190715 0.866981 0.498337
    outer loop
      vertex 24.325 17.7762 31.8671
      vertex 17.4827 21.1872 25.959
      vertex 24.3107 17.7733 31.8722
    endloop
  endfacet
  facet normal -0.00324852 0.86439 0.502812
    outer loop
      vertex 17.3981 21.2397 25.8682
      vertex 17.4827 21.1872 25.959
      vertex 24.325 17.7762 31.8671
    endloop
  endfacet
  facet normal 0 0.864789 0.502136
    outer loop
      vertex 17.3981 21.2397 25.8682
      vertex 17.264 21.2325 25.8806
      vertex 17.3922 21.2325 25.8806
    endloop
  endfacet
  facet normal -0 0.864789 0.502136
    outer loop
      vertex 7.60192 21.2397 25.8682
      vertex 17.264 21.2325 25.8806
      vertex 17.3981 21.2397 25.8682
    endloop
  endfacet
  facet normal -0.00150665 0.865099 0.501599
    outer loop
      vertex 17.4827 21.1872 25.959
      vertex 17.3981 21.2397 25.8682
      vertex 17.3922 21.2325 25.8806
    endloop
  endfacet
  facet normal 0 0.866302 0.499521
    outer loop
      vertex 17.3981 9.41467 46.3497
      vertex 7.73596 9.42182 46.3373
      vertex 7.60192 9.41467 46.3497
    endloop
  endfacet
  facet normal -0 0.866302 0.499521
    outer loop
      vertex 7.60784 9.42182 46.3373
      vertex 7.60192 9.41467 46.3497
      vertex 7.73596 9.42182 46.3373
    endloop
  endfacet
  facet normal 0.000565291 0.866185 0.499723
    outer loop
      vertex 7.51725 9.46711 46.2589
      vertex 7.60192 9.41467 46.3497
      vertex 7.60784 9.42182 46.3373
    endloop
  endfacet
  facet normal -0.000735741 0.865659 0.500633
    outer loop
      vertex 7.51725 9.46711 46.2589
      vertex 0.675001 12.8781 40.3508
      vertex 7.60192 9.41467 46.3497
    endloop
  endfacet
  facet normal -0.00237959 0.864831 0.502058
    outer loop
      vertex 0.689287 12.8811 40.3457
      vertex 0.675001 12.8781 40.3508
      vertex 7.51725 9.46711 46.2589
    endloop
  endfacet
  facet normal -0.00336494 0.86602 0.499998
    outer loop
      vertex 0.689287 17.7092 31.9832
      vertex 0.675001 12.8781 40.3508
      vertex 0.689287 12.8811 40.3457
    endloop
  endfacet
  facet normal -0.00273596 0.865974 0.500081
    outer loop
      vertex 0.675001 17.7762 31.8671
      vertex 0.689287 17.7092 31.9832
      vertex 0.689287 17.7733 31.8722
    endloop
  endfacet
  facet normal -0.00186862 0.866022 0.500002
    outer loop
      vertex 0.689287 17.7092 31.9832
      vertex 0.675001 17.7762 31.8671
      vertex 0.675001 12.8781 40.3508
    endloop
  endfacet
  facet normal -0.00173217 0.867196 0.497964
    outer loop
      vertex 0.779877 17.8185 31.7938
      vertex 0.675001 17.7762 31.8671
      vertex 0.689287 17.7733 31.8722
    endloop
  endfacet
  facet normal 0.00174544 0.865149 0.501511
    outer loop
      vertex 7.60192 21.2397 25.8682
      vertex 0.779877 17.8185 31.7938
      vertex 7.60784 21.2325 25.8806
    endloop
  endfacet
  facet normal 0.000863327 0.865591 0.500751
    outer loop
      vertex 0.779877 17.8185 31.7938
      vertex 7.60192 21.2397 25.8682
      vertex 0.675001 17.7762 31.8671
    endloop
  endfacet
  facet normal 0 0.864789 0.502136
    outer loop
      vertex 17.264 21.2325 25.8806
      vertex 7.60192 21.2397 25.8682
      vertex 7.60784 21.2325 25.8806
    endloop
  endfacet
  facet normal -1 0 0
    outer loop
      vertex 24.325 17.7762 31.8671
      vertex 24.325 13.3977 40.6508
      vertex 24.325 18.2958 32.1671
    endloop
  endfacet
  facet normal -1 0 -0
    outer loop
      vertex 24.325 13.3977 40.6508
      vertex 24.325 17.7762 31.8671
      vertex 24.325 12.8781 40.3508
    endloop
  endfacet
  facet normal 0.707108 -0.35356 0.612367
    outer loop
      vertex 0.675001 18.2958 32.1671
      vertex 7.60192 21.2397 25.8682
      vertex 7.60192 21.7593 26.1682
    endloop
  endfacet
  facet normal 0.707108 -0.35356 0.612367
    outer loop
      vertex 7.60192 21.2397 25.8682
      vertex 0.675001 18.2958 32.1671
      vertex 0.675001 17.7762 31.8671
    endloop
  endfacet
  facet normal -0.707109 -0.35356 0.612366
    outer loop
      vertex 17.3981 21.2397 25.8682
      vertex 24.325 18.2958 32.1671
      vertex 17.3981 21.7593 26.1682
    endloop
  endfacet
  facet normal -0.707109 -0.35356 0.612366
    outer loop
      vertex 24.325 18.2958 32.1671
      vertex 17.3981 21.2397 25.8682
      vertex 24.325 17.7762 31.8671
    endloop
  endfacet
  facet normal 0 -0.500011 0.866019
    outer loop
      vertex 7.60192 21.7593 26.1682
      vertex 17.3981 21.2397 25.8682
      vertex 17.3981 21.7593 26.1682
    endloop
  endfacet
  facet normal 0 -0.500011 0.866019
    outer loop
      vertex 17.3981 21.2397 25.8682
      vertex 7.60192 21.7593 26.1682
      vertex 7.60192 21.2397 25.8682
    endloop
  endfacet
  facet normal -0.575471 0.790975 -0.207827
    outer loop
      vertex 16.9839 8.71956 44.7937
      vertex 17.9411 9.23969 44.1228
      vertex 17.6915 9.07336 44.1809
    endloop
  endfacet
  facet normal -0.575358 0.791131 -0.207544
    outer loop
      vertex 16.9839 8.71956 44.7937
      vertex 18.4558 9.53969 43.8395
      vertex 17.9411 9.23969 44.1228
    endloop
  endfacet
  facet normal -0.57529 0.79123 -0.207355
    outer loop
      vertex 16.9839 8.71956 44.7937
      vertex 18.7542 9.71383 43.6761
      vertex 18.4558 9.53969 43.8395
    endloop
  endfacet
  facet normal -0.575344 0.791147 -0.20752
    outer loop
      vertex 24.2201 12.8358 40.4242
      vertex 19.7876 10.2682 42.9245
      vertex 18.7542 9.71383 43.6761
    endloop
  endfacet
  facet normal -0.575397 0.791066 -0.207687
    outer loop
      vertex 24.2201 12.8358 40.4242
      vertex 21.5817 11.1672 41.3783
      vertex 20.3911 10.5923 42.4871
    endloop
  endfacet
  facet normal -0.575314 0.791195 -0.207424
    outer loop
      vertex 24.2201 12.8358 40.4242
      vertex 18.7542 9.71383 43.6761
      vertex 16.9839 8.71956 44.7937
    endloop
  endfacet
  facet normal -0.57545 0.790974 -0.207887
    outer loop
      vertex 19.7876 10.2682 42.9245
      vertex 24.2201 12.8358 40.4242
      vertex 20.3911 10.5923 42.4871
    endloop
  endfacet
  facet normal -0.57541 0.791031 -0.207784
    outer loop
      vertex 21.5817 11.1672 41.3783
      vertex 24.2201 12.8358 40.4242
      vertex 21.9171 11.3293 41.0666
    endloop
  endfacet
  facet normal -0.575396 0.791091 -0.207592
    outer loop
      vertex 24.2201 12.8358 40.4242
      vertex 22.2405 11.4652 40.6881
      vertex 21.9171 11.3293 41.0666
    endloop
  endfacet
  facet normal -0.575442 0.791041 -0.207655
    outer loop
      vertex 23.325 11.8901 39.3021
      vertex 24.2201 12.8358 40.4242
      vertex 24.3107 12.8811 40.3457
    endloop
  endfacet
  facet normal -0.575391 0.791057 -0.207735
    outer loop
      vertex 24.2201 12.8358 40.4242
      vertex 22.6174 11.5363 39.9149
      vertex 22.2405 11.4652 40.6881
    endloop
  endfacet
  facet normal -0.575403 0.791058 -0.2077
    outer loop
      vertex 24.2201 12.8358 40.4242
      vertex 23.325 11.8901 39.3021
      vertex 22.6174 11.5363 39.9149
    endloop
  endfacet
  facet normal -0.5754 0.791061 -0.207693
    outer loop
      vertex 17.3922 9.42182 46.3373
      vertex 24.2201 12.8358 40.4242
      vertex 16.9839 8.71956 44.7937
    endloop
  endfacet
  facet normal -5.40191e-05 0.0968306 0.995301
    outer loop
      vertex 17.264 21.2325 25.8806
      vertex 12.5 20.572 25.9446
      vertex 13.0953 20.4716 25.9544
    endloop
  endfacet
  facet normal 5.07788e-06 0.0964743 0.995335
    outer loop
      vertex 11.4968 20.4028 25.961
      vertex 7.60784 21.2325 25.8806
      vertex 8.01614 19.5446 26.0442
    endloop
  endfacet
  facet normal 2.27068e-06 0.0964613 0.995337
    outer loop
      vertex 12.5 20.572 25.9446
      vertex 7.60784 21.2325 25.8806
      vertex 11.4968 20.4028 25.961
    endloop
  endfacet
  facet normal -0 0.0964446 0.995338
    outer loop
      vertex 7.60784 21.2325 25.8806
      vertex 12.5 20.572 25.9446
      vertex 17.264 21.2325 25.8806
    endloop
  endfacet
  facet normal -5.35391e-05 0.0967098 0.995313
    outer loop
      vertex 11.8677 20.2476 25.9761
      vertex 11.4968 20.4028 25.961
      vertex 8.01614 19.5446 26.0442
    endloop
  endfacet
  facet normal 0.813732 0.503341 0.290668
    outer loop
      vertex 0.689287 17.7092 31.9832
      vertex 1.675 16.374 31.5358
      vertex 0.689287 17.7733 31.8722
    endloop
  endfacet
  facet normal 0.813737 0.503362 0.290618
    outer loop
      vertex 1.675 16.374 31.5358
      vertex 0.689287 17.7092 31.9832
      vertex 1.675 11.8901 39.3021
    endloop
  endfacet
  facet normal -0.575416 0.215678 0.788911
    outer loop
      vertex 24.3107 17.7733 31.8722
      vertex 22.3254 17.219 30.5757
      vertex 23.325 16.374 31.5358
    endloop
  endfacet
  facet normal -0.575406 0.215541 0.788955
    outer loop
      vertex 24.3107 17.7733 31.8722
      vertex 21.9995 17.767 30.1883
      vertex 22.3254 17.219 30.5757
    endloop
  endfacet
  facet normal -0.575386 0.215699 0.788926
    outer loop
      vertex 24.3107 17.7733 31.8722
      vertex 20.5787 18.8989 28.8426
      vertex 21.9995 17.767 30.1883
    endloop
  endfacet
  facet normal -0.575245 0.215928 0.788967
    outer loop
      vertex 20.5787 18.8989 28.8426
      vertex 17.4827 21.1872 25.959
      vertex 20.1163 19.0175 28.473
    endloop
  endfacet
  facet normal -0.575393 0.215676 0.788927
    outer loop
      vertex 17.4827 21.1872 25.959
      vertex 20.5787 18.8989 28.8426
      vertex 24.3107 17.7733 31.8722
    endloop
  endfacet
  facet normal -0.572936 0.219473 0.789669
    outer loop
      vertex 23.325 16.374 31.5358
      vertex 22.3254 17.219 30.5757
      vertex 22.3067 17.213 30.5638
    endloop
  endfacet
  facet normal -3.47565e-06 0.910221 -0.414123
    outer loop
      vertex 11.2769 8.81363 45.0005
      vertex 7.73596 9.42182 46.3373
      vertex 12.5 8.86127 45.1052
    endloop
  endfacet
  facet normal 9.50602e-06 0.91024 -0.414081
    outer loop
      vertex 7.73596 9.42182 46.3373
      vertex 13.5249 8.8442 45.0677
      vertex 12.5 8.86127 45.1052
    endloop
  endfacet
  facet normal 5.76752e-08 0.910224 -0.414117
    outer loop
      vertex 7.73596 9.42182 46.3373
      vertex 14.6828 8.82541 45.0264
      vertex 13.5249 8.8442 45.0677
    endloop
  endfacet
  facet normal -1.6801e-05 0.91019 -0.414191
    outer loop
      vertex 16.9839 8.71956 44.7937
      vertex 14.6828 8.82541 45.0264
      vertex 7.73596 9.42182 46.3373
    endloop
  endfacet
  facet normal -1.73544e-05 0.910188 -0.414196
    outer loop
      vertex 14.6828 8.82541 45.0264
      vertex 16.9839 8.71956 44.7937
      vertex 15.8957 8.73847 44.8353
    endloop
  endfacet
  facet normal 0 0.910359 -0.413819
    outer loop
      vertex 15.8957 8.73847 44.8353
      vertex 16.9839 8.71956 44.7937
      vertex 15.9832 8.71956 44.7937
    endloop
  endfacet
  facet normal 1.16299e-05 0.910236 -0.41409
    outer loop
      vertex 10.3306 8.77743 44.9209
      vertex 7.73596 9.42182 46.3373
      vertex 11.2769 8.81363 45.0005
    endloop
  endfacet
  facet normal -5.01298e-07 0.910228 -0.414108
    outer loop
      vertex 9.71753 8.71956 44.7937
      vertex 7.73596 9.42182 46.3373
      vertex 10.3306 8.77743 44.9209
    endloop
  endfacet
  facet normal 0 0.910228 -0.414108
    outer loop
      vertex 8.01614 8.71956 44.7937
      vertex 7.73596 9.42182 46.3373
      vertex 9.71753 8.71956 44.7937
    endloop
  endfacet
  facet normal 0 0.910228 -0.414108
    outer loop
      vertex 7.73596 9.42182 46.3373
      vertex 8.01614 8.71956 44.7937
      vertex 7.60784 9.42182 46.3373
    endloop
  endfacet
  facet normal 0 0.910228 -0.414108
    outer loop
      vertex 17.3922 9.42182 46.3373
      vertex 16.9839 8.71956 44.7937
      vertex 7.73596 9.42182 46.3373
    endloop
  endfacet
  facet normal 0.575403 0.791057 -0.2077
    outer loop
      vertex 7.51725 9.46711 46.2589
      vertex 1.675 11.8901 39.3021
      vertex 0.689287 12.8811 40.3457
    endloop
  endfacet
  facet normal 0.81374 0.503359 0.290615
    outer loop
      vertex 1.675 11.8901 39.3021
      vertex 0.689287 17.7092 31.9832
      vertex 0.689287 12.8811 40.3457
    endloop
  endfacet
  facet normal 0.575403 0.215656 0.788926
    outer loop
      vertex 8.01614 19.5446 26.0442
      vertex 7.60784 21.2325 25.8806
      vertex 0.779877 17.8185 31.7938
    endloop
  endfacet
  facet normal -0 0.0964731 0.995336
    outer loop
      vertex 17.264 21.2325 25.8806
      vertex 16.9839 19.5446 26.0442
      vertex 17.3922 21.2325 25.8806
    endloop
  endfacet
  facet normal 1.94673e-06 0.0964728 0.995336
    outer loop
      vertex 17.264 21.2325 25.8806
      vertex 14.1871 20.2875 25.9722
      vertex 16.9839 19.5446 26.0442
    endloop
  endfacet
  facet normal 2.65058e-05 0.0963935 0.995343
    outer loop
      vertex 14.1871 20.2875 25.9722
      vertex 17.264 21.2325 25.8806
      vertex 13.0953 20.4716 25.9544
    endloop
  endfacet
  facet normal -2.11893e-06 0.0964576 0.995337
    outer loop
      vertex 12.5 19.9748 26.0025
      vertex 16.9839 19.5446 26.0442
      vertex 14.1871 20.2875 25.9722
    endloop
  endfacet
  facet normal 5.64483e-07 0.0964162 0.995341
    outer loop
      vertex 8.01614 19.5446 26.0442
      vertex 11.9513 20.2125 25.9795
      vertex 11.8677 20.2476 25.9761
    endloop
  endfacet
  facet normal 0 0.0964795 0.995335
    outer loop
      vertex 12.5 19.9748 26.0025
      vertex 8.01614 19.5446 26.0442
      vertex 16.9839 19.5446 26.0442
    endloop
  endfacet
  facet normal 1.33721e-05 0.0963414 0.995348
    outer loop
      vertex 11.9513 20.2125 25.9795
      vertex 8.01614 19.5446 26.0442
      vertex 12.5 19.9748 26.0025
    endloop
  endfacet
  facet normal -0.57545 0.215628 0.7889
    outer loop
      vertex 18.8474 19.3431 27.4585
      vertex 17.4827 21.1872 25.959
      vertex 18.6465 19.3166 27.3192
    endloop
  endfacet
  facet normal -0.575407 0.215674 0.788918
    outer loop
      vertex 17.4827 21.1872 25.959
      vertex 18.8474 19.3431 27.4585
      vertex 20.1163 19.0175 28.473
    endloop
  endfacet
  facet normal -0.575464 0.215512 0.788921
    outer loop
      vertex 16.9839 19.5446 26.0442
      vertex 19.0762 18.5214 27.8499
      vertex 18.7287 19.0003 27.4656
    endloop
  endfacet
  facet normal -0.575478 0.215397 0.788942
    outer loop
      vertex 16.9839 19.5446 26.0442
      vertex 18.6661 19.2437 27.3534
      vertex 18.6465 19.3166 27.3192
    endloop
  endfacet
  facet normal -0.575421 0.215655 0.788913
    outer loop
      vertex 16.9839 19.5446 26.0442
      vertex 18.6465 19.3166 27.3192
      vertex 17.4827 21.1872 25.959
    endloop
  endfacet
  facet normal -0.575457 0.215665 0.788884
    outer loop
      vertex 16.9839 19.5446 26.0442
      vertex 17.4827 21.1872 25.959
      vertex 17.3922 21.2325 25.8806
    endloop
  endfacet
  facet normal -0.574444 0.2178 0.789036
    outer loop
      vertex 19.0762 18.5214 27.8499
      vertex 16.9839 19.5446 26.0442
      vertex 19.1012 18.4859 27.8779
    endloop
  endfacet
  facet normal -0.575408 0.215677 0.788916
    outer loop
      vertex 18.6661 19.2437 27.3534
      vertex 16.9839 19.5446 26.0442
      vertex 18.7287 19.0003 27.4656
    endloop
  endfacet
  facet normal -0.575426 0.21559 0.788927
    outer loop
      vertex 23.325 16.374 31.5358
      vertex 22.3067 17.213 30.5638
      vertex 21.9063 17.0833 30.3072
    endloop
  endfacet
  facet normal 0.575305 0.791118 -0.207744
    outer loop
      vertex 8.01614 8.71956 44.7937
      vertex 7.51725 9.46711 46.2589
      vertex 7.60784 9.42182 46.3373
    endloop
  endfacet
  facet normal 0.575396 0.791066 -0.207686
    outer loop
      vertex 6.4677 9.49378 43.4527
      vertex 7.51725 9.46711 46.2589
      vertex 8.01614 8.71956 44.7937
    endloop
  endfacet
  facet normal 0.575324 0.791126 -0.207659
    outer loop
      vertex 6.36026 9.55451 43.3864
      vertex 7.51725 9.46711 46.2589
      vertex 6.4677 9.49378 43.4527
    endloop
  endfacet
  facet normal 0.575425 0.791041 -0.207702
    outer loop
      vertex 5.0365 10.2375 42.3202
      vertex 7.51725 9.46711 46.2589
      vertex 6.36026 9.55451 43.3864
    endloop
  endfacet
  facet normal 0.575187 0.791265 -0.207508
    outer loop
      vertex 4.80089 10.3591 42.1308
      vertex 7.51725 9.46711 46.2589
      vertex 5.0365 10.2375 42.3202
    endloop
  endfacet
  facet normal 0.575421 0.791042 -0.20771
    outer loop
      vertex 4.02827 10.7135 41.3401
      vertex 7.51725 9.46711 46.2589
      vertex 4.80089 10.3591 42.1308
    endloop
  endfacet
  facet normal 0.575378 0.791084 -0.207669
    outer loop
      vertex 7.51725 9.46711 46.2589
      vertex 4.02827 10.7135 41.3401
      vertex 1.675 11.8901 39.3021
    endloop
  endfacet
  facet normal 0.575403 0.215655 0.788926
    outer loop
      vertex 0.779877 17.8185 31.7938
      vertex 1.675 16.374 31.5358
      vertex 8.01614 19.5446 26.0442
    endloop
  endfacet
  facet normal 0.575295 0.21557 0.789028
    outer loop
      vertex 1.675 16.374 31.5358
      vertex 0.779877 17.8185 31.7938
      vertex 0.689287 17.7733 31.8722
    endloop
  endfacet
  facet normal -0.813749 0.503369 0.290572
    outer loop
      vertex 23.4894 15.802 32.9871
      vertex 24.3107 17.7733 31.8722
      vertex 23.325 16.374 31.5358
    endloop
  endfacet
  facet normal -0.813659 0.503422 0.290733
    outer loop
      vertex 23.7055 15.7078 33.755
      vertex 24.3107 17.7733 31.8722
      vertex 23.4894 15.802 32.9871
    endloop
  endfacet
  facet normal -0.813806 0.503293 0.290544
    outer loop
      vertex 23.755 15.5164 34.2252
      vertex 24.3107 17.7733 31.8722
      vertex 23.7055 15.7078 33.755
    endloop
  endfacet
  facet normal -0.813775 0.503323 0.29058
    outer loop
      vertex 23.7932 14.7452 35.668
      vertex 24.3107 17.7733 31.8722
      vertex 23.755 15.5164 34.2252
    endloop
  endfacet
  facet normal -0.813736 0.503363 0.290617
    outer loop
      vertex 24.3107 17.7733 31.8722
      vertex 23.7932 14.7452 35.668
      vertex 24.3107 12.9452 40.2347
    endloop
  endfacet
  facet normal -0.813591 0.50354 0.290719
    outer loop
      vertex 23.325 16.374 31.5358
      vertex 23.325 15.594 32.8868
      vertex 23.4338 15.8262 32.7891
    endloop
  endfacet
  facet normal -0.814751 0.501993 0.290143
    outer loop
      vertex 23.325 16.374 31.5358
      vertex 23.4338 15.8262 32.7891
      vertex 23.4894 15.802 32.9871
    endloop
  endfacet
  facet normal -0.813769 0.503312 0.290614
    outer loop
      vertex 24.3107 12.9452 40.2347
      vertex 23.7737 14.4785 36.0755
      vertex 23.6756 13.4457 37.5895
    endloop
  endfacet
  facet normal -0.814003 0.502933 0.290615
    outer loop
      vertex 24.3107 12.9452 40.2347
      vertex 23.6666 13.401 37.6418
      vertex 23.6513 13.324 37.7322
    endloop
  endfacet
  facet normal -0.817165 0.498636 0.289142
    outer loop
      vertex 23.7954 14.7023 35.7482
      vertex 24.3107 12.9452 40.2347
      vertex 23.7932 14.7452 35.668
    endloop
  endfacet
  facet normal -0.813116 0.504222 0.290865
    outer loop
      vertex 23.7737 14.4785 36.0755
      vertex 24.3107 12.9452 40.2347
      vertex 23.7954 14.7023 35.7482
    endloop
  endfacet
  facet normal -0.813443 0.503828 0.290633
    outer loop
      vertex 23.6666 13.401 37.6418
      vertex 24.3107 12.9452 40.2347
      vertex 23.6756 13.4457 37.5895
    endloop
  endfacet
  facet normal -0.813728 0.503381 0.290611
    outer loop
      vertex 23.325 12.3905 38.4355
      vertex 24.3107 12.9452 40.2347
      vertex 23.6513 13.324 37.7322
    endloop
  endfacet
  facet normal -0.813749 0.503331 0.290638
    outer loop
      vertex 23.325 11.8901 39.3021
      vertex 24.3107 12.9452 40.2347
      vertex 23.325 12.3905 38.4355
    endloop
  endfacet
  facet normal -0.813751 0.503318 0.290655
    outer loop
      vertex 24.3107 12.9452 40.2347
      vertex 23.325 11.8901 39.3021
      vertex 24.3107 12.8811 40.3457
    endloop
  endfacet
  facet normal -0.707107 0.353524 -0.612389
    outer loop
      vertex 23.325 7.54268 36.7921
      vertex 22.6174 7.18888 37.4049
      vertex 22.6174 7.51177 37.5913
    endloop
  endfacet
  facet normal -0.707107 0.353718 -0.612277
    outer loop
      vertex 23.325 11.8901 39.3021
      vertex 22.6174 11.4089 39.8413
      vertex 22.6174 11.5363 39.9149
    endloop
  endfacet
  facet normal -0.707087 0.35356 -0.612391
    outer loop
      vertex 22.6174 9.67683 38.8413
      vertex 22.6174 11.4089 39.8413
      vertex 23.325 11.8901 39.3021
    endloop
  endfacet
  facet normal -0.707108 0.35355 -0.612373
    outer loop
      vertex 22.6174 11.4089 39.8413
      vertex 22.6174 9.67683 38.8413
      vertex 22.1579 11.0128 40.1432
    endloop
  endfacet
  facet normal -0.707107 0.353551 -0.612373
    outer loop
      vertex 22.1579 11.0128 40.1432
      vertex 21.677 9.47023 39.8079
      vertex 21.677 10.5959 40.4578
    endloop
  endfacet
  facet normal -0.707107 0.353551 -0.612373
    outer loop
      vertex 21.677 9.47023 39.8079
      vertex 22.1579 11.0128 40.1432
      vertex 22.6174 9.67683 38.8413
    endloop
  endfacet
  facet normal -0.707095 0.353561 -0.612382
    outer loop
      vertex 23.325 11.8901 39.3021
      vertex 22.6174 9.24382 38.5913
      vertex 22.6174 9.67683 38.8413
    endloop
  endfacet
  facet normal -0.707101 0.353556 -0.612377
    outer loop
      vertex 22.6174 7.51177 37.5913
      vertex 22.1579 8.84774 38.8932
      vertex 22.6174 9.24382 38.5913
    endloop
  endfacet
  facet normal -0.707095 0.353561 -0.612382
    outer loop
      vertex 23.325 7.54268 36.7921
      vertex 22.6174 9.24382 38.5913
      vertex 23.325 11.8901 39.3021
    endloop
  endfacet
  facet normal -0.707098 0.353558 -0.61238
    outer loop
      vertex 22.6174 7.51177 37.5913
      vertex 22.6174 9.24382 38.5913
      vertex 23.325 7.54268 36.7921
    endloop
  endfacet
  facet normal -0.707107 0.353551 -0.612373
    outer loop
      vertex 21.677 7.30517 38.5579
      vertex 22.1579 8.84774 38.8932
      vertex 22.6174 7.51177 37.5913
    endloop
  endfacet
  facet normal -0.707112 0.353551 -0.612368
    outer loop
      vertex 22.1579 8.84774 38.8932
      vertex 21.677 7.30517 38.5579
      vertex 21.677 8.43083 39.2078
    endloop
  endfacet
  facet normal -0.707088 0.353563 -0.612388
    outer loop
      vertex 21.677 8.43083 39.2078
      vertex 21.677 7.30517 38.5579
      vertex 21.2633 8.16154 39.53
    endloop
  endfacet
  facet normal -0.707095 0.353555 -0.612385
    outer loop
      vertex 20.1544 6.64199 39.9331
      vertex 21.2633 8.16154 39.53
      vertex 21.677 7.30517 38.5579
    endloop
  endfacet
  facet normal -0.707098 0.353559 -0.612379
    outer loop
      vertex 21.2633 8.16154 39.53
      vertex 20.1544 6.64199 39.9331
      vertex 20.1544 7.43613 40.3916
    endloop
  endfacet
  facet normal -0.707126 0.353546 -0.612355
    outer loop
      vertex 19.0455 5.91658 40.7948
      vertex 20.1544 7.43613 40.3916
      vertex 20.1544 6.64199 39.9331
    endloop
  endfacet
  facet normal -0.707137 0.35356 -0.612334
    outer loop
      vertex 20.1544 7.43613 40.3916
      vertex 19.0455 5.91658 40.7948
      vertex 18.6319 6.77295 41.7669
    endloop
  endfacet
  facet normal -0.707174 0.35352 -0.612314
    outer loop
      vertex 18.6319 5.64729 41.117
      vertex 18.6319 6.77295 41.7669
      vertex 19.0455 5.91658 40.7948
    endloop
  endfacet
  facet normal -0.707092 0.353558 -0.612386
    outer loop
      vertex 21.677 10.5959 40.4578
      vertex 21.677 9.47023 39.8079
      vertex 21.2633 10.3266 40.78
    endloop
  endfacet
  facet normal -0.707095 0.353555 -0.612385
    outer loop
      vertex 20.1544 8.80705 41.1831
      vertex 21.2633 10.3266 40.78
      vertex 21.677 9.47023 39.8079
    endloop
  endfacet
  facet normal -0.707096 0.353557 -0.612382
    outer loop
      vertex 21.2633 10.3266 40.78
      vertex 20.1544 8.80705 41.1831
      vertex 20.1544 9.6012 41.6416
    endloop
  endfacet
  facet normal -0.707125 0.353542 -0.612357
    outer loop
      vertex 19.0455 8.08164 42.0448
      vertex 20.1544 9.6012 41.6416
      vertex 20.1544 8.80705 41.1831
    endloop
  endfacet
  facet normal -0.707138 0.353558 -0.612333
    outer loop
      vertex 20.1544 9.6012 41.6416
      vertex 19.0455 8.08164 42.0448
      vertex 18.6319 8.93801 43.0169
    endloop
  endfacet
  facet normal -0.70717 0.353524 -0.612317
    outer loop
      vertex 18.6319 7.81236 42.367
      vertex 18.6319 8.93801 43.0169
      vertex 19.0455 8.08164 42.0448
    endloop
  endfacet
  facet normal -0.707039 0.35359 -0.61243
    outer loop
      vertex 18.1509 7.39545 42.6816
      vertex 18.6319 8.93801 43.0169
      vertex 18.6319 7.81236 42.367
    endloop
  endfacet
  facet normal -0.707098 0.353593 -0.612359
    outer loop
      vertex 18.6319 8.93801 43.0169
      vertex 18.1509 7.39545 42.6816
      vertex 17.6915 8.73142 43.9835
    endloop
  endfacet
  facet normal -0.707178 0.353518 -0.61231
    outer loop
      vertex 17.6915 6.99937 42.9835
      vertex 17.6915 8.73142 43.9835
      vertex 18.1509 7.39545 42.6816
    endloop
  endfacet
  facet normal -0.707099 0.353558 -0.612379
    outer loop
      vertex 17.6915 8.73142 43.9835
      vertex 17.6915 6.99937 42.9835
      vertex 16.9839 8.71956 44.7937
    endloop
  endfacet
  facet normal -0.707069 0.353568 -0.612407
    outer loop
      vertex 16.9839 5.01999 42.6577
      vertex 17.6915 6.99937 42.9835
      vertex 17.6915 6.56635 42.7335
    endloop
  endfacet
  facet normal -0.707038 0.353588 -0.612432
    outer loop
      vertex 18.1509 5.23038 41.4316
      vertex 18.6319 6.77295 41.7669
      vertex 18.6319 5.64729 41.117
    endloop
  endfacet
  facet normal -0.7071 0.353591 -0.612358
    outer loop
      vertex 18.6319 6.77295 41.7669
      vertex 18.1509 5.23038 41.4316
      vertex 17.6915 6.56635 42.7335
    endloop
  endfacet
  facet normal -0.707124 0.353504 -0.612381
    outer loop
      vertex 16.9839 5.01999 42.6577
      vertex 18.1509 5.23038 41.4316
      vertex 17.9069 5.01999 41.5919
    endloop
  endfacet
  facet normal -0.707109 0.353583 -0.612353
    outer loop
      vertex 18.1509 5.23038 41.4316
      vertex 16.9839 5.01999 42.6577
      vertex 17.6915 6.56635 42.7335
    endloop
  endfacet
  facet normal -0.707086 0.35357 -0.612387
    outer loop
      vertex 17.6915 6.99937 42.9835
      vertex 16.9839 5.01999 42.6577
      vertex 16.9839 8.71956 44.7937
    endloop
  endfacet
  facet normal -0.707107 0.353528 -0.612387
    outer loop
      vertex 17.6915 9.07336 44.1809
      vertex 17.6915 8.73142 43.9835
      vertex 16.9839 8.71956 44.7937
    endloop
  endfacet
  facet normal 1 0 0
    outer loop
      vertex 1.675 14.7198 31.7363
      vertex 1.675 12.8292 31.3951
      vertex 1.675 12.9877 30.7363
    endloop
  endfacet
  facet normal 1 0 0
    outer loop
      vertex 1.675 13.7912 32.7359
      vertex 1.675 12.6656 32.086
      vertex 1.675 12.8292 31.3951
    endloop
  endfacet
  facet normal 1 0 0
    outer loop
      vertex 1.675 12.4355 32.6287
      vertex 1.675 13.7912 32.7359
      vertex 1.675 12.6165 34.544
    endloop
  endfacet
  facet normal 1 0 0
    outer loop
      vertex 1.675 13.7912 32.7359
      vertex 1.675 12.4355 32.6287
      vertex 1.675 12.6656 32.086
    endloop
  endfacet
  facet normal 1 0 0
    outer loop
      vertex 1.675 11.8224 34.0855
      vertex 1.675 12.6165 34.544
      vertex 1.675 12.0034 36.0008
    endloop
  endfacet
  facet normal 1 0 0
    outer loop
      vertex 1.675 12.6165 34.544
      vertex 1.675 11.8224 34.0855
      vertex 1.675 12.4355 32.6287
    endloop
  endfacet
  facet normal 1 0 0
    outer loop
      vertex 1.675 10.6477 35.8936
      vertex 1.675 12.0034 36.0008
      vertex 1.675 11.7733 36.5435
    endloop
  endfacet
  facet normal 1 0 0
    outer loop
      vertex 1.675 10.6477 35.8936
      vertex 1.675 11.7733 36.5435
      vertex 1.675 11.6097 37.2344
    endloop
  endfacet
  facet normal 1 0 0
    outer loop
      vertex 1.675 9.71909 36.8931
      vertex 1.675 11.6097 37.2344
      vertex 1.675 11.4511 37.8931
    endloop
  endfacet
  facet normal 1 0 0
    outer loop
      vertex 1.675 12.0034 36.0008
      vertex 1.675 10.6477 35.8936
      vertex 1.675 11.8224 34.0855
    endloop
  endfacet
  facet normal 1 0 0
    outer loop
      vertex 1.675 16.374 31.5358
      vertex 1.675 14.9943 32.6451
      vertex 1.675 15.1528 31.9863
    endloop
  endfacet
  facet normal 1 0 0
    outer loop
      vertex 1.675 16.374 31.5358
      vertex 1.675 14.8306 33.336
      vertex 1.675 14.9943 32.6451
    endloop
  endfacet
  facet normal 1 0 0
    outer loop
      vertex 1.675 16.374 31.5358
      vertex 1.675 14.6006 33.8787
      vertex 1.675 14.8306 33.336
    endloop
  endfacet
  facet normal 1 0 0
    outer loop
      vertex 1.675 13.9874 35.3355
      vertex 1.675 14.6006 33.8787
      vertex 1.675 16.374 31.5358
    endloop
  endfacet
  facet normal 1 0 0
    outer loop
      vertex 1.675 11.8901 39.3021
      vertex 1.675 13.9874 35.3355
      vertex 1.675 16.374 31.5358
    endloop
  endfacet
  facet normal 1 0 0
    outer loop
      vertex 1.675 11.8901 39.3021
      vertex 1.675 12.8127 37.1436
      vertex 1.675 13.9874 35.3355
    endloop
  endfacet
  facet normal 1 0 0
    outer loop
      vertex 1.675 11.8901 39.3021
      vertex 1.675 11.8842 38.1431
      vertex 1.675 12.8127 37.1436
    endloop
  endfacet
  facet normal 1 0 0
    outer loop
      vertex 1.675 11.8901 39.3021
      vertex 1.675 11.4511 37.8931
      vertex 1.675 11.8842 38.1431
    endloop
  endfacet
  facet normal 1 0 0
    outer loop
      vertex 1.675 9.71909 36.8931
      vertex 1.675 11.4511 37.8931
      vertex 1.675 11.8901 39.3021
    endloop
  endfacet
  facet normal 1 0 0
    outer loop
      vertex 1.675 11.6097 37.2344
      vertex 1.675 9.71909 36.8931
      vertex 1.675 10.6477 35.8936
    endloop
  endfacet
  facet normal 1 0 0
    outer loop
      vertex 1.675 7.54268 36.7921
      vertex 1.675 9.71909 36.8931
      vertex 1.675 11.8901 39.3021
    endloop
  endfacet
  facet normal 1 0 0
    outer loop
      vertex 1.675 9.71909 36.8931
      vertex 1.675 7.54268 36.7921
      vertex 1.675 9.28608 36.6431
    endloop
  endfacet
  facet normal 1 -0 0
    outer loop
      vertex 1.675 14.7198 31.7363
      vertex 1.675 16.374 31.5358
      vertex 1.675 15.1528 31.9863
    endloop
  endfacet
  facet normal 1 0 0
    outer loop
      vertex 1.675 12.8292 31.3951
      vertex 1.675 14.7198 31.7363
      vertex 1.675 13.7912 32.7359
    endloop
  endfacet
  facet normal 1 0 0
    outer loop
      vertex 1.675 12.9877 30.7363
      vertex 1.675 16.374 31.5358
      vertex 1.675 14.7198 31.7363
    endloop
  endfacet
  facet normal 1 0 0
    outer loop
      vertex 1.675 12.0265 29.0258
      vertex 1.675 12.9877 30.7363
      vertex 1.675 12.5547 30.4863
    endloop
  endfacet
  facet normal 1 -0 0
    outer loop
      vertex 1.675 12.9877 30.7363
      vertex 1.675 12.0265 29.0258
      vertex 1.675 16.374 31.5358
    endloop
  endfacet
  facet normal 1 0 0
    outer loop
      vertex 1.675 11.6262 31.4859
      vertex 1.675 12.0265 29.0258
      vertex 1.675 12.5547 30.4863
    endloop
  endfacet
  facet normal 1 0 0
    outer loop
      vertex 1.675 10.4514 33.294
      vertex 1.675 12.0265 29.0258
      vertex 1.675 11.6262 31.4859
    endloop
  endfacet
  facet normal 1 0 0
    outer loop
      vertex 1.675 7.54268 36.7921
      vertex 1.675 10.4514 33.294
      vertex 1.675 9.83831 34.7508
    endloop
  endfacet
  facet normal 1 0 0
    outer loop
      vertex 1.675 7.54268 36.7921
      vertex 1.675 9.83831 34.7508
      vertex 1.675 9.60825 35.2935
    endloop
  endfacet
  facet normal 1 0 0
    outer loop
      vertex 1.675 7.54268 36.7921
      vertex 1.675 9.4446 35.9844
      vertex 1.675 9.28608 36.6431
    endloop
  endfacet
  facet normal 1 0 0
    outer loop
      vertex 1.675 10.4514 33.294
      vertex 1.675 7.54268 36.7921
      vertex 1.675 12.0265 29.0258
    endloop
  endfacet
  facet normal 1 0 0
    outer loop
      vertex 1.675 9.4446 35.9844
      vertex 1.675 7.54268 36.7921
      vertex 1.675 9.60825 35.2935
    endloop
  endfacet
  facet normal 0.707109 0.353568 -0.612362
    outer loop
      vertex 8.01614 8.71956 44.7937
      vertex 7.30853 8.83767 44.0448
      vertex 6.4677 9.49378 43.4527
    endloop
  endfacet
  facet normal 0.707113 0.353546 -0.612369
    outer loop
      vertex 8.01614 8.71956 44.7937
      vertex 7.30853 8.40465 43.7948
      vertex 7.30853 8.83767 44.0448
    endloop
  endfacet
  facet normal 0.807423 0 -0.589973
    outer loop
      vertex 5.95446 8.67645 42.3882
      vertex 4.84557 8.26578 40.8706
      vertex 4.84557 8.26579 40.8706
    endloop
  endfacet
  facet normal 0.707118 0.353548 -0.612362
    outer loop
      vertex 6.84908 8.46803 43.3009
      vertex 6.36813 7.40641 42.1326
      vertex 4.84557 8.26578 40.8706
    endloop
  endfacet
  facet normal 0.707111 0.353552 -0.612369
    outer loop
      vertex 7.30853 6.6726 42.7948
      vertex 7.30853 8.40465 43.7948
      vertex 8.01614 8.71956 44.7937
    endloop
  endfacet
  facet normal 0.707104 0.353564 -0.61237
    outer loop
      vertex 6.84908 8.46803 43.3009
      vertex 7.30853 6.6726 42.7948
      vertex 6.36813 7.40641 42.1326
    endloop
  endfacet
  facet normal 0.707096 0.353565 -0.612378
    outer loop
      vertex 8.01614 5.01999 42.6577
      vertex 7.30853 6.6726 42.7948
      vertex 8.01614 8.71956 44.7937
    endloop
  endfacet
  facet normal 0.707119 0.353547 -0.612361
    outer loop
      vertex 6.84908 6.30296 42.0509
      vertex 6.36813 5.24134 40.8826
      vertex 4.84557 6.10072 39.6206
    endloop
  endfacet
  facet normal 0.707069 0.353601 -0.612389
    outer loop
      vertex 6.84908 6.30296 42.0509
      vertex 6.72038 5.01999 41.1615
      vertex 6.36813 5.24134 40.8826
    endloop
  endfacet
  facet normal 0.70709 0.353563 -0.612386
    outer loop
      vertex 7.30853 6.6726 42.7948
      vertex 8.01614 5.01999 42.6577
      vertex 7.30853 6.23959 42.5448
    endloop
  endfacet
  facet normal 0.707095 0.353584 -0.612368
    outer loop
      vertex 6.84908 6.30296 42.0509
      vertex 8.01614 5.01999 42.6577
      vertex 6.72038 5.01999 41.1615
    endloop
  endfacet
  facet normal 0.707086 0.353801 -0.612253
    outer loop
      vertex 6.36813 5.24134 40.8826
      vertex 6.72038 5.01999 41.1615
      vertex 6.52949 5.11544 40.9962
    endloop
  endfacet
  facet normal 0.707079 0.353569 -0.612395
    outer loop
      vertex 2.38261 10.6531 39.405
      vertex 2.84206 8.85769 38.8989
      vertex 2.38261 8.92106 38.405
    endloop
  endfacet
  facet normal 0.70712 0.353547 -0.612361
    outer loop
      vertex 3.32301 9.91931 40.0672
      vertex 3.32301 8.79365 39.4173
      vertex 2.84206 8.85769 38.8989
    endloop
  endfacet
  facet normal 0.707125 0.353546 -0.612356
    outer loop
      vertex 4.84557 8.26579 40.8706
      vertex 4.84557 9.05993 41.3291
      vertex 5.95446 8.67645 42.3882
    endloop
  endfacet
  facet normal 0.707102 0.353556 -0.612377
    outer loop
      vertex 3.32301 9.91931 40.0672
      vertex 3.73668 8.64927 39.8116
      vertex 3.32301 8.79365 39.4173
    endloop
  endfacet
  facet normal 0.707102 0.353595 -0.612354
    outer loop
      vertex 4.84557 8.26578 40.8706
      vertex 5.95446 8.67645 42.3882
      vertex 6.36813 8.53206 42.7825
    endloop
  endfacet
  facet normal 0.707112 0.353567 -0.612359
    outer loop
      vertex 4.84557 8.26578 40.8706
      vertex 6.36813 8.53206 42.7825
      vertex 6.84908 8.46803 43.3009
    endloop
  endfacet
  facet normal 0.707084 0.353565 -0.612392
    outer loop
      vertex 7.30853 6.6726 42.7948
      vertex 6.84908 8.46803 43.3009
      vertex 7.30853 8.40465 43.7948
    endloop
  endfacet
  facet normal 0.707097 0.35356 -0.61238
    outer loop
      vertex 4.84557 9.05993 41.3291
      vertex 4.84557 8.26579 40.8706
      vertex 3.73668 8.64927 39.8116
    endloop
  endfacet
  facet normal 0.707074 0.353481 -0.612452
    outer loop
      vertex 1.675 11.8901 39.3021
      vertex 2.84206 11.0228 40.1489
      vertex 2.38261 11.0861 39.655
    endloop
  endfacet
  facet normal 0.70711 0.353682 -0.612294
    outer loop
      vertex 1.675 11.8901 39.3021
      vertex 3.32301 10.9587 40.6673
      vertex 2.84206 11.0228 40.1489
    endloop
  endfacet
  facet normal 0.707106 0.353594 -0.61235
    outer loop
      vertex 1.675 11.8901 39.3021
      vertex 3.73668 10.8143 41.0616
      vertex 3.32301 10.9587 40.6673
    endloop
  endfacet
  facet normal 0.707105 0.353546 -0.612378
    outer loop
      vertex 3.73668 10.8143 41.0616
      vertex 1.675 11.8901 39.3021
      vertex 4.02827 10.7135 41.3401
    endloop
  endfacet
  facet normal 0.707115 0.353557 -0.612361
    outer loop
      vertex 2.38261 10.6531 39.405
      vertex 1.675 11.8901 39.3021
      vertex 2.38261 11.0861 39.655
    endloop
  endfacet
  facet normal 0.707099 0.353556 -0.61238
    outer loop
      vertex 4.84557 9.05993 41.3291
      vertex 3.73668 8.64927 39.8116
      vertex 3.32301 9.91931 40.0672
    endloop
  endfacet
  facet normal 0.7071 0.353567 -0.612372
    outer loop
      vertex 2.84206 8.85769 38.8989
      vertex 2.38261 10.6531 39.405
      vertex 3.32301 9.91931 40.0672
    endloop
  endfacet
  facet normal 0.70711 0.353553 -0.612369
    outer loop
      vertex 2.38261 8.92106 38.405
      vertex 1.675 11.8901 39.3021
      vertex 2.38261 10.6531 39.405
    endloop
  endfacet
  facet normal 0.70711 0.353553 -0.612368
    outer loop
      vertex 1.675 7.54268 36.7921
      vertex 2.38261 8.92106 38.405
      vertex 2.38261 8.48805 38.155
    endloop
  endfacet
  facet normal 0.70711 0.353553 -0.612368
    outer loop
      vertex 2.38261 8.92106 38.405
      vertex 1.675 7.54268 36.7921
      vertex 1.675 11.8901 39.3021
    endloop
  endfacet
  facet normal 0.707103 0.353563 -0.612371
    outer loop
      vertex 3.32301 7.75424 38.8172
      vertex 1.675 7.54268 36.7921
      vertex 2.38261 8.48805 38.155
    endloop
  endfacet
  facet normal 0.707098 0.353546 -0.612387
    outer loop
      vertex 3.91592 6.42222 38.7328
      vertex 3.32301 7.75424 38.8172
      vertex 4.84557 6.89487 40.0791
    endloop
  endfacet
  facet normal 0.707127 0.353542 -0.612356
    outer loop
      vertex 4.84557 6.10072 39.6206
      vertex 4.84557 6.89487 40.0791
      vertex 5.95446 6.51138 41.1382
    endloop
  endfacet
  facet normal 0.707108 0.35355 -0.612373
    outer loop
      vertex 3.32301 7.75424 38.8172
      vertex 3.91592 6.42222 38.7328
      vertex 1.675 7.54268 36.7921
    endloop
  endfacet
  facet normal 0.707096 0.35361 -0.612352
    outer loop
      vertex 4.84557 6.10072 39.6206
      vertex 5.95446 6.51138 41.1382
      vertex 6.36813 6.367 41.5325
    endloop
  endfacet
  facet normal 0.70712 0.353545 -0.612362
    outer loop
      vertex 4.84557 6.10072 39.6206
      vertex 6.36813 6.367 41.5325
      vertex 6.84908 6.30296 42.0509
    endloop
  endfacet
  facet normal 0.707082 0.353557 -0.612399
    outer loop
      vertex 8.01614 5.01999 42.6577
      vertex 6.84908 6.30296 42.0509
      vertex 7.30853 6.23959 42.5448
    endloop
  endfacet
  facet normal 0.707091 0.35356 -0.612387
    outer loop
      vertex 4.84557 6.89487 40.0791
      vertex 4.84557 6.10072 39.6206
      vertex 3.91592 6.42222 38.7328
    endloop
  endfacet
  facet normal -1.77672e-06 0.499998 -0.866027
    outer loop
      vertex 10.9318 6.78017 43.674
      vertex 12.5 7.74528 44.2312
      vertex 12.5 6.95113 43.7727
    endloop
  endfacet
  facet normal 6.58497e-05 0.5 -0.866025
    outer loop
      vertex 10.3468 7.84338 44.2878
      vertex 10.9318 6.78017 43.674
      vertex 10.3468 6.71772 43.6379
    endloop
  endfacet
  facet normal 1.40054e-05 0.499979 -0.866038
    outer loop
      vertex 10.9318 6.78017 43.674
      vertex 10.3468 7.84338 44.2878
      vertex 12.5 7.74528 44.2312
    endloop
  endfacet
  facet normal -8.61521e-05 0.5 -0.866025
    outer loop
      vertex 9.66661 6.54128 43.5361
      vertex 10.3468 7.84338 44.2878
      vertex 10.3468 6.71772 43.6379
    endloop
  endfacet
  facet normal 7.69554e-05 0.5 -0.866025
    outer loop
      vertex 9.01685 8.10698 44.44
      vertex 9.66661 6.54128 43.5361
      vertex 9.01685 6.37493 43.44
    endloop
  endfacet
  facet normal -1.42752e-05 0.499972 -0.866042
    outer loop
      vertex 9.66661 6.54128 43.5361
      vertex 9.01685 8.10698 44.44
      vertex 10.3468 7.84338 44.2878
    endloop
  endfacet
  facet normal 7.69506e-05 0.5 -0.866025
    outer loop
      vertex 15.9832 6.58943 43.5639
      vertex 15.3334 8.15513 44.4678
      vertex 15.9832 8.32148 44.5639
    endloop
  endfacet
  facet normal -1.01786e-05 0.499973 -0.866041
    outer loop
      vertex 14.6532 6.85304 43.7161
      vertex 15.3334 8.15513 44.4678
      vertex 15.9832 6.58943 43.5639
    endloop
  endfacet
  facet normal -8.73028e-05 0.500003 -0.866024
    outer loop
      vertex 14.6532 6.85304 43.7161
      vertex 14.6532 7.97869 44.366
      vertex 15.3334 8.15513 44.4678
    endloop
  endfacet
  facet normal 6.53754e-05 0.500003 -0.866024
    outer loop
      vertex 14.6532 6.85304 43.7161
      vertex 14.0682 7.91624 44.3299
      vertex 14.6532 7.97869 44.366
    endloop
  endfacet
  facet normal 1.18433e-05 0.499981 -0.866036
    outer loop
      vertex 12.5 6.95113 43.7727
      vertex 14.0682 7.91624 44.3299
      vertex 14.6532 6.85304 43.7161
    endloop
  endfacet
  facet normal -1.77672e-06 0.499998 -0.866027
    outer loop
      vertex 14.0682 7.91624 44.3299
      vertex 12.5 6.95113 43.7727
      vertex 12.5 7.74528 44.2312
    endloop
  endfacet
  facet normal -6.72772e-05 0.500002 -0.866024
    outer loop
      vertex 15.9832 6.58943 43.5639
      vertex 16.9839 5.01999 42.6577
      vertex 15.9832 6.15642 43.3139
    endloop
  endfacet
  facet normal 4.35331e-05 0.500076 -0.865982
    outer loop
      vertex 16.9839 5.01999 42.6577
      vertex 15.3334 5.99006 43.2178
      vertex 15.9832 6.15642 43.3139
    endloop
  endfacet
  facet normal -5.94805e-05 0.499944 -0.866058
    outer loop
      vertex 16.9839 5.01999 42.6577
      vertex 14.6532 5.81363 43.116
      vertex 15.3334 5.99006 43.2178
    endloop
  endfacet
  facet normal 4.19864e-05 0.500168 -0.865929
    outer loop
      vertex 16.9839 5.01999 42.6577
      vertex 14.0682 5.75118 43.0799
      vertex 14.6532 5.81363 43.116
    endloop
  endfacet
  facet normal -5.71631e-06 0.500025 -0.866011
    outer loop
      vertex 16.9839 5.01999 42.6577
      vertex 12.5 5.58022 42.9812
      vertex 14.0682 5.75118 43.0799
    endloop
  endfacet
  facet normal 0 0.500059 -0.865991
    outer loop
      vertex 8.01614 5.01999 42.6577
      vertex 12.5 5.58022 42.9812
      vertex 16.9839 5.01999 42.6577
    endloop
  endfacet
  facet normal 1.74337e-05 0.500002 -0.866024
    outer loop
      vertex 8.01614 5.01999 42.6577
      vertex 9.01685 6.37493 43.44
      vertex 9.01685 5.94192 43.19
    endloop
  endfacet
  facet normal -2.30262e-05 0.5 -0.866025
    outer loop
      vertex 9.01685 6.37493 43.44
      vertex 8.01614 8.71956 44.7937
      vertex 9.01685 8.10698 44.44
    endloop
  endfacet
  facet normal 5.09269e-06 0.500009 -0.86602
    outer loop
      vertex 9.01685 6.37493 43.44
      vertex 8.01614 5.01999 42.6577
      vertex 8.01614 8.71956 44.7937
    endloop
  endfacet
  facet normal 1.07938e-06 0.500016 -0.866016
    outer loop
      vertex 10.3468 5.67831 43.0378
      vertex 8.01614 5.01999 42.6577
      vertex 9.01685 5.94192 43.19
    endloop
  endfacet
  facet normal 1.21515e-05 0.499986 -0.866033
    outer loop
      vertex 12.5 5.58022 42.9812
      vertex 8.01614 5.01999 42.6577
      vertex 10.3468 5.67831 43.0378
    endloop
  endfacet
  facet normal -5.29821e-05 0.500009 -0.86602
    outer loop
      vertex 16.9839 5.01999 42.6577
      vertex 15.9832 6.58943 43.5639
      vertex 16.9839 8.71956 44.7937
    endloop
  endfacet
  facet normal -2.74358e-05 0.5 -0.866025
    outer loop
      vertex 15.9832 8.32148 44.5639
      vertex 16.9839 8.71956 44.7937
      vertex 15.9832 6.58943 43.5639
    endloop
  endfacet
  facet normal 0 0.499948 -0.866055
    outer loop
      vertex 16.9839 8.71956 44.7937
      vertex 15.9832 8.32148 44.5639
      vertex 15.9832 8.71956 44.7937
    endloop
  endfacet
  facet normal 1.57342e-05 0.500157 -0.865935
    outer loop
      vertex 8.01614 8.71956 44.7937
      vertex 9.66661 8.70635 44.7861
      vertex 9.01685 8.53999 44.69
    endloop
  endfacet
  facet normal 0 0.498681 -0.866786
    outer loop
      vertex 9.66661 8.70635 44.7861
      vertex 8.01614 8.71956 44.7937
      vertex 9.71753 8.71956 44.7937
    endloop
  endfacet
  facet normal -2.1259e-05 0.500002 -0.866024
    outer loop
      vertex 9.01685 8.10698 44.44
      vertex 8.01614 8.71956 44.7937
      vertex 9.01685 8.53999 44.69
    endloop
  endfacet
  facet normal -0.000548 0.866362 0.499417
    outer loop
      vertex 20.5787 5.74526 39.9053
      vertex 18.7918 5.01999 41.1615
      vertex 18.8474 5.03484 41.1358
    endloop
  endfacet
  facet normal 0 0.865994 0.500055
    outer loop
      vertex 18.7918 5.01999 41.1615
      vertex 6.52949 5.11544 40.9962
      vertex 6.72038 5.01999 41.1615
    endloop
  endfacet
  facet normal 9.53504e-07 0.866024 0.500002
    outer loop
      vertex 18.7918 5.01999 41.1615
      vertex 19.2135 14.0823 25.4652
      vertex 6.52949 5.11544 40.9962
    endloop
  endfacet
  facet normal -4.57399e-06 0.866026 0.499999
    outer loop
      vertex 8.01614 15.1971 23.5342
      vertex 6.52949 5.11544 40.9962
      vertex 19.2135 14.0823 25.4652
    endloop
  endfacet
  facet normal 5.76584e-07 0.866024 0.500002
    outer loop
      vertex 18.7918 5.01999 41.1615
      vertex 20.5787 5.74526 39.9053
      vertex 19.2135 14.0823 25.4652
    endloop
  endfacet
  facet normal -3.05074e-06 0.866026 0.499999
    outer loop
      vertex 5.31239 5.62789 40.1086
      vertex 6.52949 5.11544 40.9962
      vertex 8.01614 15.1971 23.5342
    endloop
  endfacet
  facet normal -0.000255206 0.865876 0.500258
    outer loop
      vertex 6.52949 5.11544 40.9962
      vertex 5.31239 5.62789 40.1086
      vertex 6.33598 5.17206 40.8981
    endloop
  endfacet
  facet normal -0.000134113 0.866071 0.499921
    outer loop
      vertex 22.6174 7.18888 37.4049
      vertex 20.5787 5.74526 39.9053
      vertex 21.9995 6.61092 38.406
    endloop
  endfacet
  facet normal -4.08225e-06 0.866025 0.500001
    outer loop
      vertex 20.5787 5.74526 39.9053
      vertex 22.6174 7.18888 37.4049
      vertex 20.8214 13.3756 26.6892
    endloop
  endfacet
  facet normal 1.61e-05 0.866018 0.500014
    outer loop
      vertex 23.325 8.04303 35.9255
      vertex 22.6174 7.18888 37.4049
      vertex 23.325 7.54268 36.7921
    endloop
  endfacet
  facet normal -3.54716e-05 0.866028 0.499995
    outer loop
      vertex 23.325 11.2127 30.4354
      vertex 22.6174 7.18888 37.4049
      vertex 23.325 8.04303 35.9255
    endloop
  endfacet
  facet normal 7.22188e-06 0.866025 0.5
    outer loop
      vertex 3.91592 6.42222 38.7328
      vertex 5.31239 5.62789 40.1086
      vertex 8.01614 15.1971 23.5342
    endloop
  endfacet
  facet normal -0.000178912 0.866048 0.49996
    outer loop
      vertex 23.7522 8.90732 34.4285
      vertex 23.325 8.04303 35.9255
      vertex 23.7055 8.67016 34.8393
    endloop
  endfacet
  facet normal -6.0267e-05 0.866034 0.499986
    outer loop
      vertex 23.8178 9.92475 32.6662
      vertex 23.325 8.04303 35.9255
      vertex 23.7522 8.90732 34.4285
    endloop
  endfacet
  facet normal -0.000646029 0.866043 0.499969
    outer loop
      vertex 23.8178 9.92475 32.6662
      vertex 23.7522 8.90732 34.4285
      vertex 23.8569 9.78461 32.909
    endloop
  endfacet
  facet normal 2.38341e-05 0.866028 0.499995
    outer loop
      vertex 23.325 8.04303 35.9255
      vertex 23.8178 9.92475 32.6662
      vertex 23.325 11.2127 30.4354
    endloop
  endfacet
  facet normal -6.98801e-05 0.866012 0.500024
    outer loop
      vertex 23.3425 11.1874 30.4793
      vertex 23.8178 9.92475 32.6662
      vertex 23.5537 10.884 31.0048
    endloop
  endfacet
  facet normal -0.00506063 0.86553 0.500831
    outer loop
      vertex 23.325 11.2127 30.4354
      vertex 23.8178 9.92475 32.6662
      vertex 23.3425 11.1874 30.4793
    endloop
  endfacet
  facet normal 1.27996e-05 0.866026 0.499999
    outer loop
      vertex 22.6174 7.18888 37.4049
      vertex 23.325 11.2127 30.4354
      vertex 20.8214 13.3756 26.6892
    endloop
  endfacet
  facet normal 6.38659e-05 0.866034 0.499985
    outer loop
      vertex 21.8445 12.7668 27.7437
      vertex 23.325 11.2127 30.4354
      vertex 23.325 12.0265 29.0258
    endloop
  endfacet
  facet normal -6.64301e-05 0.866003 0.500039
    outer loop
      vertex 20.8214 13.3756 26.6892
      vertex 23.325 11.2127 30.4354
      vertex 21.8445 12.7668 27.7437
    endloop
  endfacet
  facet normal 5.81206e-05 0.866048 0.499961
    outer loop
      vertex 5.31239 5.62789 40.1086
      vertex 3.91592 6.42222 38.7328
      vertex 4.7159 5.89256 39.6502
    endloop
  endfacet
  facet normal 0.000951036 0.86643 0.499298
    outer loop
      vertex 20.8214 13.3756 26.6892
      vertex 21.8445 12.7668 27.7437
      vertex 21.727 12.8672 27.5697
    endloop
  endfacet
  facet normal 1.13225e-05 0.866025 0.500001
    outer loop
      vertex 20.5787 5.74526 39.9053
      vertex 20.8214 13.3756 26.6892
      vertex 19.2135 14.0823 25.4652
    endloop
  endfacet
  facet normal 0.000278993 0.866177 0.499737
    outer loop
      vertex 19.2135 14.0823 25.4652
      vertex 20.8214 13.3756 26.6892
      vertex 20.2857 13.6774 26.1664
    endloop
  endfacet
  facet normal -6.4507e-06 0.866027 0.499997
    outer loop
      vertex 1.675 12.0265 29.0258
      vertex 3.91592 6.42222 38.7328
      vertex 8.01614 15.1971 23.5342
    endloop
  endfacet
  facet normal -0 0.866038 0.499979
    outer loop
      vertex 8.01614 15.1971 23.5342
      vertex 19.2135 14.0823 25.4652
      vertex 16.9839 15.1971 23.5342
    endloop
  endfacet
  facet normal 3.93233e-06 0.866028 0.499995
    outer loop
      vertex 3.91592 6.42222 38.7328
      vertex 1.675 12.0265 29.0258
      vertex 1.675 7.54268 36.7921
    endloop
  endfacet
  facet normal -0.707102 -0.353508 0.612404
    outer loop
      vertex 21.8445 12.7668 27.7437
      vertex 23.325 12.0265 29.0258
      vertex 22.6174 12.597 28.5381
    endloop
  endfacet
  facet normal -0.707114 -0.353513 0.612388
    outer loop
      vertex 18.6319 17.6659 26.8626
      vertex 16.9839 19.5446 26.0442
      vertex 17.6915 17.8725 25.896
    endloop
  endfacet
  facet normal -0.707169 -0.35353 0.612314
    outer loop
      vertex 16.9839 19.5446 26.0442
      vertex 17.6915 17.4395 25.646
      vertex 17.6915 17.8725 25.896
    endloop
  endfacet
  facet normal -0.707121 -0.353554 0.612355
    outer loop
      vertex 17.6915 15.7075 24.646
      vertex 18.1509 17.0434 25.9478
      vertex 17.6915 17.4395 25.646
    endloop
  endfacet
  facet normal -0.707102 -0.35357 0.612369
    outer loop
      vertex 18.1509 17.0434 25.9478
      vertex 18.6319 15.5009 25.6126
      vertex 18.6319 16.6265 26.2625
    endloop
  endfacet
  facet normal -0.707104 -0.35357 0.612366
    outer loop
      vertex 18.6319 15.5009 25.6126
      vertex 18.1509 17.0434 25.9478
      vertex 17.6915 15.7075 24.646
    endloop
  endfacet
  facet normal -0.707151 -0.353528 0.612336
    outer loop
      vertex 16.9839 15.1971 23.5342
      vertex 17.6915 17.4395 25.646
      vertex 16.9839 19.5446 26.0442
    endloop
  endfacet
  facet normal -0.707124 -0.353553 0.612353
    outer loop
      vertex 17.6915 17.4395 25.646
      vertex 16.9839 15.1971 23.5342
      vertex 17.6915 15.7075 24.646
    endloop
  endfacet
  facet normal -0.707124 -0.353553 0.612353
    outer loop
      vertex 17.6915 15.7075 24.646
      vertex 16.9839 15.1971 23.5342
      vertex 17.6915 15.2745 24.396
    endloop
  endfacet
  facet normal -0.707122 -0.353557 0.612352
    outer loop
      vertex 16.9839 15.1971 23.5342
      vertex 18.1509 14.8784 24.6978
      vertex 17.6915 15.2745 24.396
    endloop
  endfacet
  facet normal -0.707114 -0.353615 0.612328
    outer loop
      vertex 16.9839 15.1971 23.5342
      vertex 18.6319 14.4615 25.0125
      vertex 18.1509 14.8784 24.6978
    endloop
  endfacet
  facet normal -0.707133 -0.353089 0.61261
    outer loop
      vertex 16.9839 15.1971 23.5342
      vertex 19.0455 14.1922 25.3347
      vertex 18.6319 14.4615 25.0125
    endloop
  endfacet
  facet normal -0.707122 -0.354381 0.611877
    outer loop
      vertex 19.0455 14.1922 25.3347
      vertex 16.9839 15.1971 23.5342
      vertex 19.2135 14.0823 25.4652
    endloop
  endfacet
  facet normal -0.70712 -0.353525 0.612373
    outer loop
      vertex 16.9839 19.5446 26.0442
      vertex 18.6319 17.6659 26.8626
      vertex 19.1012 18.4859 27.8779
    endloop
  endfacet
  facet normal -0.707121 -0.353524 0.612373
    outer loop
      vertex 20.1544 17.0027 28.2378
      vertex 19.1012 18.4859 27.8779
      vertex 18.6319 17.6659 26.8626
    endloop
  endfacet
  facet normal -0.707123 -0.353527 0.612369
    outer loop
      vertex 19.1012 18.4859 27.8779
      vertex 20.1544 17.0027 28.2378
      vertex 20.1544 17.7969 28.6963
    endloop
  endfacet
  facet normal -0.707095 -0.353541 0.612394
    outer loop
      vertex 21.2633 16.2773 29.0994
      vertex 20.1544 17.7969 28.6963
      vertex 20.1544 17.0027 28.2378
    endloop
  endfacet
  facet normal -0.707098 -0.353545 0.612388
    outer loop
      vertex 20.1544 17.7969 28.6963
      vertex 21.2633 16.2773 29.0994
      vertex 21.677 17.1337 30.0715
    endloop
  endfacet
  facet normal -0.707051 -0.353595 0.612412
    outer loop
      vertex 21.677 16.0081 29.4216
      vertex 21.677 17.1337 30.0715
      vertex 21.2633 16.2773 29.0994
    endloop
  endfacet
  facet normal -0.707138 -0.353552 0.612337
    outer loop
      vertex 21.677 17.1337 30.0715
      vertex 21.677 16.0081 29.4216
      vertex 21.9063 17.0833 30.3072
    endloop
  endfacet
  facet normal -0.707148 -0.353544 0.612331
    outer loop
      vertex 22.1579 15.5911 29.7362
      vertex 21.9063 17.0833 30.3072
      vertex 21.677 16.0081 29.4216
    endloop
  endfacet
  facet normal -0.707094 -0.353556 0.612385
    outer loop
      vertex 21.9063 17.0833 30.3072
      vertex 22.1579 15.5911 29.7362
      vertex 23.325 16.374 31.5358
    endloop
  endfacet
  facet normal -0.707076 -0.353589 0.612388
    outer loop
      vertex 22.6174 15.1951 30.0381
      vertex 23.325 16.374 31.5358
      vertex 22.1579 15.5911 29.7362
    endloop
  endfacet
  facet normal -0.707182 -0.353462 0.612338
    outer loop
      vertex 22.6174 14.762 29.7881
      vertex 23.325 16.374 31.5358
      vertex 22.6174 15.1951 30.0381
    endloop
  endfacet
  facet normal -0.707111 -0.353565 0.61236
    outer loop
      vertex 22.1579 13.4261 28.4862
      vertex 21.677 14.9686 28.8215
      vertex 21.677 13.843 28.1716
    endloop
  endfacet
  facet normal -0.707105 -0.353565 0.612368
    outer loop
      vertex 21.677 14.9686 28.8215
      vertex 22.1579 13.4261 28.4862
      vertex 22.6174 14.762 29.7881
    endloop
  endfacet
  facet normal -0.707111 -0.353559 0.612364
    outer loop
      vertex 22.6174 13.03 28.7881
      vertex 22.6174 14.762 29.7881
      vertex 22.1579 13.4261 28.4862
    endloop
  endfacet
  facet normal -0.707114 -0.353558 0.612362
    outer loop
      vertex 23.325 12.0265 29.0258
      vertex 22.6174 14.762 29.7881
      vertex 22.6174 13.03 28.7881
    endloop
  endfacet
  facet normal -0.707114 -0.353558 0.612362
    outer loop
      vertex 23.325 12.0265 29.0258
      vertex 22.6174 13.03 28.7881
      vertex 22.6174 12.597 28.5381
    endloop
  endfacet
  facet normal -0.707089 -0.353559 0.61239
    outer loop
      vertex 22.6174 14.762 29.7881
      vertex 23.325 12.0265 29.0258
      vertex 23.325 16.374 31.5358
    endloop
  endfacet
  facet normal -0.707179 -0.353531 0.612301
    outer loop
      vertex 18.6319 16.6265 26.2625
      vertex 18.6319 15.5009 25.6126
      vertex 19.0455 16.3572 26.5847
    endloop
  endfacet
  facet normal -0.707118 -0.353598 0.612334
    outer loop
      vertex 20.1544 14.8377 26.9878
      vertex 19.0455 16.3572 26.5847
      vertex 18.6319 15.5009 25.6126
    endloop
  endfacet
  facet normal -0.707098 -0.353573 0.612371
    outer loop
      vertex 19.0455 16.3572 26.5847
      vertex 20.1544 14.8377 26.9878
      vertex 20.1544 15.6318 27.4463
    endloop
  endfacet
  facet normal -0.707098 -0.353573 0.612371
    outer loop
      vertex 21.2633 14.1123 27.8494
      vertex 20.1544 15.6318 27.4463
      vertex 20.1544 14.8377 26.9878
    endloop
  endfacet
  facet normal -0.707097 -0.353571 0.612374
    outer loop
      vertex 20.1544 15.6318 27.4463
      vertex 21.2633 14.1123 27.8494
      vertex 21.677 14.9686 28.8215
    endloop
  endfacet
  facet normal -0.707094 -0.353574 0.612375
    outer loop
      vertex 21.677 13.843 28.1716
      vertex 21.677 14.9686 28.8215
      vertex 21.2633 14.1123 27.8494
    endloop
  endfacet
  facet normal 0.707121 -0.353539 0.612364
    outer loop
      vertex 7.30853 17.7663 25.8346
      vertex 6.84908 15.9709 25.3286
      vertex 7.30853 16.0342 24.8346
    endloop
  endfacet
  facet normal 0.70708 -0.353557 0.612401
    outer loop
      vertex 6.36813 17.0325 26.4968
      vertex 6.36813 15.9068 25.8469
      vertex 6.84908 15.9709 25.3286
    endloop
  endfacet
  facet normal 0.707103 -0.353537 0.612387
    outer loop
      vertex 4.84557 15.3789 27.3003
      vertex 4.84557 16.1731 27.7588
      vertex 3.73668 15.7896 28.8178
    endloop
  endfacet
  facet normal 0.707185 -0.353505 0.61231
    outer loop
      vertex 6.36813 17.0325 26.4968
      vertex 5.95446 15.7624 26.2413
      vertex 6.36813 15.9068 25.8469
    endloop
  endfacet
  facet normal 0.707109 -0.353567 0.612363
    outer loop
      vertex 3.32301 14.5196 28.5622
      vertex 3.73668 15.7896 28.8178
      vertex 3.32301 15.6452 29.2121
    endloop
  endfacet
  facet normal 0.707102 -0.35357 0.612369
    outer loop
      vertex 3.32301 14.5196 28.5622
      vertex 3.32301 15.6452 29.2121
      vertex 2.84206 15.5812 29.7305
    endloop
  endfacet
  facet normal 0.707089 -0.35357 0.612383
    outer loop
      vertex 2.38261 13.7858 29.2244
      vertex 2.84206 15.5812 29.7305
      vertex 2.38261 15.5178 30.2244
    endloop
  endfacet
  facet normal 0.707083 -0.35358 0.612384
    outer loop
      vertex 4.84557 16.1731 27.7588
      vertex 4.84557 15.379 27.3003
      vertex 5.95446 15.7624 26.2413
    endloop
  endfacet
  facet normal 0.70715 -0.353564 0.612316
    outer loop
      vertex 8.01614 19.5446 26.0442
      vertex 6.84908 18.1359 26.5786
      vertex 7.30853 18.1993 26.0846
    endloop
  endfacet
  facet normal 0.707073 -0.353439 0.612477
    outer loop
      vertex 8.01614 19.5446 26.0442
      vertex 6.36813 18.0719 27.0969
      vertex 6.84908 18.1359 26.5786
    endloop
  endfacet
  facet normal 0.707163 -0.353735 0.612203
    outer loop
      vertex 8.01614 19.5446 26.0442
      vertex 5.95446 17.9275 27.4913
      vertex 6.36813 18.0719 27.0969
    endloop
  endfacet
  facet normal 0.707109 -0.353476 0.612415
    outer loop
      vertex 8.01614 19.5446 26.0442
      vertex 4.84557 17.544 28.5503
      vertex 5.95446 17.9275 27.4913
    endloop
  endfacet
  facet normal 0.707108 -0.353471 0.612418
    outer loop
      vertex 1.675 16.374 31.5358
      vertex 4.84557 17.544 28.5503
      vertex 8.01614 19.5446 26.0442
    endloop
  endfacet
  facet normal 0.707101 -0.353552 0.612379
    outer loop
      vertex 4.84557 17.544 28.5503
      vertex 1.675 16.374 31.5358
      vertex 3.32301 16.6846 29.8122
    endloop
  endfacet
  facet normal 0.7071 -0.353558 0.612377
    outer loop
      vertex 1.675 16.374 31.5358
      vertex 2.38261 15.9508 30.4744
      vertex 3.32301 16.6846 29.8122
    endloop
  endfacet
  facet normal 0.707096 -0.353567 0.612377
    outer loop
      vertex 1.675 16.374 31.5358
      vertex 2.38261 15.5178 30.2244
      vertex 2.38261 15.9508 30.4744
    endloop
  endfacet
  facet normal 1 0 0
    outer loop
      vertex 4.84557 16.1731 27.7588
      vertex 4.84557 15.3789 27.3003
      vertex 4.84557 15.379 27.3003
    endloop
  endfacet
  facet normal 0.70709 -0.353565 0.612385
    outer loop
      vertex 3.73668 15.7896 28.8178
      vertex 3.32301 14.5196 28.5622
      vertex 4.84557 15.3789 27.3003
    endloop
  endfacet
  facet normal 0.707103 -0.353569 0.612368
    outer loop
      vertex 2.84206 15.5812 29.7305
      vertex 2.38261 13.7858 29.2244
      vertex 3.32301 14.5196 28.5622
    endloop
  endfacet
  facet normal 0.707096 -0.353567 0.612377
    outer loop
      vertex 1.675 16.374 31.5358
      vertex 2.38261 13.7858 29.2244
      vertex 2.38261 15.5178 30.2244
    endloop
  endfacet
  facet normal 0.707126 -0.35354 0.612357
    outer loop
      vertex 1.675 12.0265 29.0258
      vertex 2.38261 13.7858 29.2244
      vertex 1.675 16.374 31.5358
    endloop
  endfacet
  facet normal 0.707141 -0.353544 0.612339
    outer loop
      vertex 2.38261 13.7858 29.2244
      vertex 1.675 12.0265 29.0258
      vertex 2.38261 13.3528 28.9744
    endloop
  endfacet
  facet normal 0.707128 -0.353551 0.61235
    outer loop
      vertex 7.30853 17.7663 25.8346
      vertex 8.01614 19.5446 26.0442
      vertex 7.30853 18.1993 26.0846
    endloop
  endfacet
  facet normal 0.70712 -0.353499 0.612389
    outer loop
      vertex 5.95446 15.7624 26.2413
      vertex 6.36813 17.0325 26.4968
      vertex 4.84557 16.1731 27.7588
    endloop
  endfacet
  facet normal 0.707097 -0.35354 0.612392
    outer loop
      vertex 6.84908 15.9709 25.3286
      vertex 7.30853 17.7663 25.8346
      vertex 6.36813 17.0325 26.4968
    endloop
  endfacet
  facet normal 0.707125 -0.353537 0.612361
    outer loop
      vertex 8.01614 15.1971 23.5342
      vertex 7.30853 17.7663 25.8346
      vertex 7.30853 16.0342 24.8346
    endloop
  endfacet
  facet normal 0.707108 -0.353561 0.612367
    outer loop
      vertex 8.01614 15.1971 23.5342
      vertex 7.30853 16.0342 24.8346
      vertex 7.30853 15.6012 24.5846
    endloop
  endfacet
  facet normal 0.707113 -0.353547 0.612369
    outer loop
      vertex 7.30853 17.7663 25.8346
      vertex 8.01614 15.1971 23.5342
      vertex 8.01614 19.5446 26.0442
    endloop
  endfacet
  facet normal 0.707103 -0.35357 0.612367
    outer loop
      vertex 6.36813 14.8674 25.2468
      vertex 8.01614 15.1971 23.5342
      vertex 7.30853 15.6012 24.5846
    endloop
  endfacet
  facet normal 0.707119 -0.353482 0.6124
    outer loop
      vertex 6.36813 14.8674 25.2468
      vertex 4.84557 14.008 26.5088
      vertex 8.01614 15.1971 23.5342
    endloop
  endfacet
  facet normal 0.70708 -0.353437 0.61247
    outer loop
      vertex 1.675 12.0265 29.0258
      vertex 3.73668 13.6245 27.5678
      vertex 3.32301 13.4802 27.9621
    endloop
  endfacet
  facet normal 0.70707 -0.353502 0.612445
    outer loop
      vertex 1.675 12.0265 29.0258
      vertex 2.84206 13.4161 28.4805
      vertex 2.38261 13.3528 28.9744
    endloop
  endfacet
  facet normal 0.707108 -0.353615 0.612335
    outer loop
      vertex 4.84557 14.008 26.5088
      vertex 1.675 12.0265 29.0258
      vertex 8.01614 15.1971 23.5342
    endloop
  endfacet
  facet normal 0.707102 -0.353543 0.612384
    outer loop
      vertex 3.73668 13.6245 27.5678
      vertex 1.675 12.0265 29.0258
      vertex 4.84557 14.008 26.5088
    endloop
  endfacet
  facet normal 0.707128 -0.353599 0.612321
    outer loop
      vertex 2.84206 13.4161 28.4805
      vertex 1.675 12.0265 29.0258
      vertex 3.32301 13.4802 27.9621
    endloop
  endfacet
  facet normal -1 0 0
    outer loop
      vertex 23.325 14.2848 31.4851
      vertex 23.325 15.594 32.8868
      vertex 23.325 16.374 31.5358
    endloop
  endfacet
  facet normal -1 -0 0
    outer loop
      vertex 23.325 15.594 32.8868
      vertex 23.325 14.2848 31.4851
      vertex 23.325 15.5256 32.9518
    endloop
  endfacet
  facet normal -1 0 0
    outer loop
      vertex 23.325 13.8834 32.7891
      vertex 23.325 15.5256 32.9518
      vertex 23.325 14.2848 31.4851
    endloop
  endfacet
  facet normal -1 -0 0
    outer loop
      vertex 23.325 15.5256 32.9518
      vertex 23.325 13.8834 32.7891
      vertex 23.325 15.0091 33.439
    endloop
  endfacet
  facet normal -1 0 0
    outer loop
      vertex 23.325 16.374 31.5358
      vertex 23.325 13.8518 31.2351
      vertex 23.325 14.2848 31.4851
    endloop
  endfacet
  facet normal -1 0 0
    outer loop
      vertex 23.325 12.1197 30.2351
      vertex 23.325 13.3605 31.7018
      vertex 23.325 13.8518 31.2351
    endloop
  endfacet
  facet normal -1 -0 0
    outer loop
      vertex 23.325 13.3605 31.7018
      vertex 23.325 11.7184 31.5391
      vertex 23.325 12.844 32.189
    endloop
  endfacet
  facet normal -1 0 0
    outer loop
      vertex 23.325 11.7184 31.5391
      vertex 23.325 13.3605 31.7018
      vertex 23.325 12.1197 30.2351
    endloop
  endfacet
  facet normal -1 0 0
    outer loop
      vertex 23.325 12.0265 29.0258
      vertex 23.325 13.8518 31.2351
      vertex 23.325 16.374 31.5358
    endloop
  endfacet
  facet normal -1 0 0
    outer loop
      vertex 23.325 13.8518 31.2351
      vertex 23.325 12.0265 29.0258
      vertex 23.325 12.1197 30.2351
    endloop
  endfacet
  facet normal -1 0 0
    outer loop
      vertex 23.325 12.0265 29.0258
      vertex 23.325 11.6867 29.9851
      vertex 23.325 12.1197 30.2351
    endloop
  endfacet
  facet normal -1 -0 -0
    outer loop
      vertex 23.325 11.6867 29.9851
      vertex 23.325 12.0265 29.0258
      vertex 23.325 11.2127 30.4354
    endloop
  endfacet
  facet normal -1 -0 0
    outer loop
      vertex 23.325 15.0091 33.439
      vertex 23.325 13.8834 32.7891
      vertex 23.325 14.6541 33.9096
    endloop
  endfacet
  facet normal -1 0 0
    outer loop
      vertex 23.325 12.9049 34.7105
      vertex 23.325 14.6541 33.9096
      vertex 23.325 13.8834 32.7891
    endloop
  endfacet
  facet normal -1 0 0
    outer loop
      vertex 23.325 14.6541 33.9096
      vertex 23.325 12.9049 34.7105
      vertex 23.325 13.699 35.169
    endloop
  endfacet
  facet normal -1 0 0
    outer loop
      vertex 23.325 11.9498 35.9699
      vertex 23.325 13.699 35.169
      vertex 23.325 12.9049 34.7105
    endloop
  endfacet
  facet normal -1 0 0
    outer loop
      vertex 23.325 13.699 35.169
      vertex 23.325 11.9498 35.9699
      vertex 23.325 12.7205 37.0904
    endloop
  endfacet
  facet normal -1 0 0
    outer loop
      vertex 23.325 11.5949 36.4405
      vertex 23.325 12.7205 37.0904
      vertex 23.325 11.9498 35.9699
    endloop
  endfacet
  facet normal -1 0 0
    outer loop
      vertex 23.325 12.3192 38.3943
      vertex 23.325 11.8901 39.3021
      vertex 23.325 12.3905 38.4355
    endloop
  endfacet
  facet normal -1 0 0
    outer loop
      vertex 23.325 11.0784 36.9276
      vertex 23.325 12.7205 37.0904
      vertex 23.325 11.5949 36.4405
    endloop
  endfacet
  facet normal -1 -0 0
    outer loop
      vertex 23.325 12.7205 37.0904
      vertex 23.325 11.0784 36.9276
      vertex 23.325 12.3192 38.3943
    endloop
  endfacet
  facet normal -1 0 0
    outer loop
      vertex 23.325 10.5871 37.3943
      vertex 23.325 12.3192 38.3943
      vertex 23.325 11.0784 36.9276
    endloop
  endfacet
  facet normal -1 -0 0
    outer loop
      vertex 23.325 12.3192 38.3943
      vertex 23.325 10.5871 37.3943
      vertex 23.325 11.8901 39.3021
    endloop
  endfacet
  facet normal -1 0 0
    outer loop
      vertex 23.325 10.1541 37.1443
      vertex 23.325 11.8901 39.3021
      vertex 23.325 10.5871 37.3943
    endloop
  endfacet
  facet normal -1 0 0
    outer loop
      vertex 23.325 8.91329 35.6776
      vertex 23.325 10.5555 35.8404
      vertex 23.325 9.42981 35.1905
    endloop
  endfacet
  facet normal -1 -0 0
    outer loop
      vertex 23.325 10.5555 35.8404
      vertex 23.325 8.91329 35.6776
      vertex 23.325 10.1541 37.1443
    endloop
  endfacet
  facet normal -1 0 0
    outer loop
      vertex 23.325 8.42205 36.1443
      vertex 23.325 10.1541 37.1443
      vertex 23.325 8.91329 35.6776
    endloop
  endfacet
  facet normal -1 0 0
    outer loop
      vertex 23.325 7.54268 36.7921
      vertex 23.325 10.1541 37.1443
      vertex 23.325 8.42205 36.1443
    endloop
  endfacet
  facet normal -1 0 0
    outer loop
      vertex 23.325 7.54268 36.7921
      vertex 23.325 8.42205 36.1443
      vertex 23.325 8.04303 35.9255
    endloop
  endfacet
  facet normal -1 -0 0
    outer loop
      vertex 23.325 10.1541 37.1443
      vertex 23.325 7.54268 36.7921
      vertex 23.325 11.8901 39.3021
    endloop
  endfacet
  facet normal -1 -0 0
    outer loop
      vertex 23.325 12.844 32.189
      vertex 23.325 11.7184 31.5391
      vertex 23.325 12.489 32.6596
    endloop
  endfacet
  facet normal -1 0 0
    outer loop
      vertex 23.325 10.7398 33.4605
      vertex 23.325 12.489 32.6596
      vertex 23.325 11.7184 31.5391
    endloop
  endfacet
  facet normal -1 0 0
    outer loop
      vertex 23.325 12.489 32.6596
      vertex 23.325 10.7398 33.4605
      vertex 23.325 11.534 33.919
    endloop
  endfacet
  facet normal -1 0 0
    outer loop
      vertex 23.325 9.78477 34.7199
      vertex 23.325 11.534 33.919
      vertex 23.325 10.7398 33.4605
    endloop
  endfacet
  facet normal -1 0 0
    outer loop
      vertex 23.325 11.534 33.919
      vertex 23.325 9.78477 34.7199
      vertex 23.325 10.5555 35.8404
    endloop
  endfacet
  facet normal -1 0 0
    outer loop
      vertex 23.325 9.42981 35.1905
      vertex 23.325 10.5555 35.8404
      vertex 23.325 9.78477 34.7199
    endloop
  endfacet
  facet normal -1.79627e-05 -0.500021 0.866013
    outer loop
      vertex 10.9318 17.6587 24.9554
      vertex 12.5 16.6936 24.3982
      vertex 12.5 17.4877 24.8567
    endloop
  endfacet
  facet normal 2.5013e-05 -0.499987 0.866033
    outer loop
      vertex 10.3468 16.5955 24.3416
      vertex 10.9318 17.6587 24.9554
      vertex 10.3468 17.7212 24.9915
    endloop
  endfacet
  facet normal 1.42251e-05 -0.499982 0.866036
    outer loop
      vertex 10.9318 17.6587 24.9554
      vertex 10.3468 16.5955 24.3416
      vertex 12.5 16.6936 24.3982
    endloop
  endfacet
  facet normal 7.51809e-05 -0.499987 0.866033
    outer loop
      vertex 9.66661 17.8976 25.0934
      vertex 10.3468 16.5955 24.3416
      vertex 10.3468 17.7212 24.9915
    endloop
  endfacet
  facet normal -9.11086e-05 -0.499989 0.866032
    outer loop
      vertex 9.01685 16.3319 24.1894
      vertex 9.66661 17.8976 25.0934
      vertex 9.01685 18.064 25.1894
    endloop
  endfacet
  facet normal -2.32928e-06 -0.500017 0.866016
    outer loop
      vertex 9.66661 17.8976 25.0934
      vertex 9.01685 16.3319 24.1894
      vertex 10.3468 16.5955 24.3416
    endloop
  endfacet
  facet normal -9.8494e-05 -0.500011 0.866019
    outer loop
      vertex 15.9832 17.8494 25.0656
      vertex 15.3334 16.2838 24.1616
      vertex 15.9832 16.1174 24.0656
    endloop
  endfacet
  facet normal 4.56801e-06 -0.500043 0.866001
    outer loop
      vertex 14.6532 17.5858 24.9134
      vertex 15.3334 16.2838 24.1616
      vertex 15.9832 17.8494 25.0656
    endloop
  endfacet
  facet normal 6.36588e-05 -0.50002 0.866014
    outer loop
      vertex 14.6532 17.5858 24.9134
      vertex 14.6532 16.4602 24.2635
      vertex 15.3334 16.2838 24.1616
    endloop
  endfacet
  facet normal -4.22962e-05 -0.50002 0.866014
    outer loop
      vertex 14.6532 17.5858 24.9134
      vertex 14.0682 16.5226 24.2995
      vertex 14.6532 16.4602 24.2635
    endloop
  endfacet
  facet normal -2.32227e-05 -0.500028 0.866009
    outer loop
      vertex 12.5 17.4877 24.8567
      vertex 14.0682 16.5226 24.2995
      vertex 14.6532 17.5858 24.9134
    endloop
  endfacet
  facet normal -1.79627e-05 -0.500021 0.866013
    outer loop
      vertex 14.0682 16.5226 24.2995
      vertex 12.5 17.4877 24.8567
      vertex 12.5 16.6936 24.3982
    endloop
  endfacet
  facet normal -6.32661e-05 -0.499924 0.866069
    outer loop
      vertex 15.9832 17.8494 25.0656
      vertex 16.9839 19.5446 26.0442
      vertex 15.9832 18.2825 25.3156
    endloop
  endfacet
  facet normal -4.02067e-06 -0.49996 0.866049
    outer loop
      vertex 16.9839 19.5446 26.0442
      vertex 15.3334 18.4488 25.4116
      vertex 15.9832 18.2825 25.3156
    endloop
  endfacet
  facet normal 6.78347e-06 -0.499972 0.866042
    outer loop
      vertex 16.9839 19.5446 26.0442
      vertex 14.6532 18.6253 25.5135
      vertex 15.3334 18.4488 25.4116
    endloop
  endfacet
  facet normal -2.64681e-05 -0.499909 0.866078
    outer loop
      vertex 16.9839 19.5446 26.0442
      vertex 14.0682 18.6877 25.5495
      vertex 14.6532 18.6253 25.5135
    endloop
  endfacet
  facet normal -8.30619e-06 -0.499955 0.866051
    outer loop
      vertex 16.9839 19.5446 26.0442
      vertex 12.5 18.8587 25.6482
      vertex 14.0682 18.6877 25.5495
    endloop
  endfacet
  facet normal 0 -0.499996 0.866028
    outer loop
      vertex 8.01614 19.5446 26.0442
      vertex 12.5 18.8587 25.6482
      vertex 16.9839 19.5446 26.0442
    endloop
  endfacet
  facet normal -4.31703e-05 -0.500011 0.866019
    outer loop
      vertex 8.01614 19.5446 26.0442
      vertex 9.01685 18.064 25.1894
      vertex 9.01685 18.497 25.4394
    endloop
  endfacet
  facet normal -1.25408e-05 -0.499995 0.866028
    outer loop
      vertex 8.01614 15.1971 23.5342
      vertex 9.01685 18.064 25.1894
      vertex 8.01614 19.5446 26.0442
    endloop
  endfacet
  facet normal -3.59337e-05 -0.499989 0.866032
    outer loop
      vertex 9.01685 18.064 25.1894
      vertex 8.01614 15.1971 23.5342
      vertex 9.01685 16.3319 24.1894
    endloop
  endfacet
  facet normal -1.01601e-05 -0.499987 0.866033
    outer loop
      vertex 10.3468 18.7606 25.5916
      vertex 8.01614 19.5446 26.0442
      vertex 9.01685 18.497 25.4394
    endloop
  endfacet
  facet normal 1.15942e-05 -0.499939 0.866061
    outer loop
      vertex 12.5 18.8587 25.6482
      vertex 8.01614 19.5446 26.0442
      vertex 10.3468 18.7606 25.5916
    endloop
  endfacet
  facet normal 9.72418e-05 -0.499995 0.866028
    outer loop
      vertex 16.9839 19.5446 26.0442
      vertex 15.9832 17.8494 25.0656
      vertex 16.9839 15.1971 23.5342
    endloop
  endfacet
  facet normal 4.23713e-05 -0.500011 0.866019
    outer loop
      vertex 15.9832 16.1174 24.0656
      vertex 16.9839 15.1971 23.5342
      vertex 15.9832 17.8494 25.0656
    endloop
  endfacet
  facet normal 4.23713e-05 -0.500011 0.866019
    outer loop
      vertex 15.9832 15.6844 23.8156
      vertex 16.9839 15.1971 23.5342
      vertex 15.9832 16.1174 24.0656
    endloop
  endfacet
  facet normal 9.47762e-06 -0.500062 0.86599
    outer loop
      vertex 14.6532 15.4208 23.6634
      vertex 16.9839 15.1971 23.5342
      vertex 15.9832 15.6844 23.8156
    endloop
  endfacet
  facet normal -1.13005e-05 -0.500224 0.865896
    outer loop
      vertex 12.5 15.3227 23.6067
      vertex 16.9839 15.1971 23.5342
      vertex 14.6532 15.4208 23.6634
    endloop
  endfacet
  facet normal 8.88656e-06 -0.5001 0.865968
    outer loop
      vertex 8.01614 15.1971 23.5342
      vertex 10.9318 15.4936 23.7054
      vertex 10.3468 15.5561 23.7415
    endloop
  endfacet
  facet normal -7.30112e-05 -0.499936 0.866062
    outer loop
      vertex 8.01614 15.1971 23.5342
      vertex 9.66661 15.7325 23.8434
      vertex 9.01685 15.8989 23.9394
    endloop
  endfacet
  facet normal 0 -0.499921 0.866071
    outer loop
      vertex 12.5 15.3227 23.6067
      vertex 8.01614 15.1971 23.5342
      vertex 16.9839 15.1971 23.5342
    endloop
  endfacet
  facet normal 5.81661e-06 -0.500077 0.865981
    outer loop
      vertex 10.9318 15.4936 23.7054
      vertex 8.01614 15.1971 23.5342
      vertex 12.5 15.3227 23.6067
    endloop
  endfacet
  facet normal 1.90018e-05 -0.500149 0.865939
    outer loop
      vertex 9.66661 15.7325 23.8434
      vertex 8.01614 15.1971 23.5342
      vertex 10.3468 15.5561 23.7415
    endloop
  endfacet
  facet normal -3.1978e-06 -0.500011 0.866019
    outer loop
      vertex 9.01685 16.3319 24.1894
      vertex 8.01614 15.1971 23.5342
      vertex 9.01685 15.8989 23.9394
    endloop
  endfacet
  facet normal 0.0980012 -0.497516 0.861901
    outer loop
      vertex 12.5 20.572 25.9446
      vertex 11.4968 20.4028 25.961
      vertex 12.5 20.4218 25.8579
    endloop
  endfacet
  facet normal 0.093047 0.306451 0.947328
    outer loop
      vertex 12.5 20.4218 25.8579
      vertex 11.9513 20.2125 25.9795
      vertex 12.5 19.9748 26.0025
    endloop
  endfacet
  facet normal 0.0915714 0.309775 0.94639
    outer loop
      vertex 12.5 20.4218 25.8579
      vertex 11.8677 20.2476 25.9761
      vertex 11.9513 20.2125 25.9795
    endloop
  endfacet
  facet normal 0.0913637 0.310403 0.946204
    outer loop
      vertex 11.8677 20.2476 25.9761
      vertex 12.5 20.4218 25.8579
      vertex 11.4968 20.4028 25.961
    endloop
  endfacet
  facet normal -0.0980962 -0.497511 0.861893
    outer loop
      vertex 12.5 20.4218 25.8579
      vertex 13.0953 20.4716 25.9544
      vertex 12.5 20.572 25.9446
    endloop
  endfacet
  facet normal -0.0980159 -0.497972 0.861636
    outer loop
      vertex 13.0953 20.4716 25.9544
      vertex 12.5 20.4218 25.8579
      vertex 14.1871 20.2875 25.9722
    endloop
  endfacet
  facet normal -0.0399276 0.307541 0.950697
    outer loop
      vertex 12.5 20.4218 25.8579
      vertex 12.5 19.9748 26.0025
      vertex 14.1871 20.2875 25.9722
    endloop
  endfacet
  facet normal -0.471218 -0.441472 0.763581
    outer loop
      vertex 18.8474 19.3431 27.4585
      vertex 18.6465 19.3166 27.3192
      vertex 18.8474 19.2561 27.4082
    endloop
  endfacet
  facet normal -0.293457 0.336924 0.894632
    outer loop
      vertex 18.8474 19.2561 27.4082
      vertex 18.6661 19.2437 27.3534
      vertex 18.7287 19.0003 27.4656
    endloop
  endfacet
  facet normal -0.293316 0.340269 0.89341
    outer loop
      vertex 18.8474 19.2561 27.4082
      vertex 18.6465 19.3166 27.3192
      vertex 18.6661 19.2437 27.3534
    endloop
  endfacet
  facet normal -0.634295 -0.386537 0.669521
    outer loop
      vertex 20.1163 19.0175 28.473
      vertex 20.5787 18.478 28.5996
      vertex 20.5787 18.8989 28.8426
    endloop
  endfacet
  facet normal -0.634352 -0.386929 0.669241
    outer loop
      vertex 18.8474 19.2561 27.4082
      vertex 20.1163 19.0175 28.473
      vertex 18.8474 19.3431 27.4585
    endloop
  endfacet
  facet normal -0.634396 -0.386663 0.669353
    outer loop
      vertex 20.1163 19.0175 28.473
      vertex 18.8474 19.2561 27.4082
      vertex 20.5787 18.478 28.5996
    endloop
  endfacet
  facet normal -0.405899 0.371416 0.835042
    outer loop
      vertex 20.5787 18.478 28.5996
      vertex 19.1012 18.4859 27.8779
      vertex 20.1544 17.7969 28.6963
    endloop
  endfacet
  facet normal -0.405686 0.372597 0.83462
    outer loop
      vertex 19.1012 18.4859 27.8779
      vertex 20.5787 18.478 28.5996
      vertex 19.0762 18.5214 27.8499
    endloop
  endfacet
  facet normal -0.405184 0.37507 0.833756
    outer loop
      vertex 18.8474 19.2561 27.4082
      vertex 19.0762 18.5214 27.8499
      vertex 20.5787 18.478 28.5996
    endloop
  endfacet
  facet normal -0.405139 0.375091 0.833768
    outer loop
      vertex 19.0762 18.5214 27.8499
      vertex 18.8474 19.2561 27.4082
      vertex 18.7287 19.0003 27.4656
    endloop
  endfacet
  facet normal -0.77303 -0.317178 0.549384
    outer loop
      vertex 20.5787 18.478 28.5996
      vertex 21.9995 17.767 30.1883
      vertex 20.5787 18.8989 28.8426
    endloop
  endfacet
  facet normal -0.773023 -0.317291 0.549328
    outer loop
      vertex 21.9995 17.767 30.1883
      vertex 20.5787 18.478 28.5996
      vertex 21.9995 17.5447 30.0599
    endloop
  endfacet
  facet normal -0.502992 0.416065 0.757555
    outer loop
      vertex 21.9995 17.5447 30.0599
      vertex 20.1544 17.7969 28.6963
      vertex 21.677 17.1337 30.0715
    endloop
  endfacet
  facet normal -0.501602 0.419867 0.756378
    outer loop
      vertex 20.5787 18.478 28.5996
      vertex 20.1544 17.7969 28.6963
      vertex 21.9995 17.5447 30.0599
    endloop
  endfacet
  facet normal -0.881868 -0.235824 0.408284
    outer loop
      vertex 21.9995 17.767 30.1883
      vertex 21.9995 17.5447 30.0599
      vertex 22.3254 17.219 30.5757
    endloop
  endfacet
  facet normal -0.575734 0.476341 0.664552
    outer loop
      vertex 21.9995 17.5447 30.0599
      vertex 22.3067 17.213 30.5638
      vertex 22.3254 17.219 30.5757
    endloop
  endfacet
  facet normal -0.578884 0.472948 0.664239
    outer loop
      vertex 21.9995 17.5447 30.0599
      vertex 21.9063 17.0833 30.3072
      vertex 22.3067 17.213 30.5638
    endloop
  endfacet
  facet normal -0.578849 0.472955 0.664264
    outer loop
      vertex 21.9063 17.0833 30.3072
      vertex 21.9995 17.5447 30.0599
      vertex 21.677 17.1337 30.0715
    endloop
  endfacet
  facet normal -0.956953 -0.145944 0.250882
    outer loop
      vertex 23.7055 15.3501 33.5485
      vertex 23.4894 15.802 32.9871
      vertex 23.4338 15.8262 32.7891
    endloop
  endfacet
  facet normal -0.956912 -0.14518 0.251481
    outer loop
      vertex 23.4894 15.802 32.9871
      vertex 23.7055 15.3501 33.5485
      vertex 23.7055 15.7078 33.755
    endloop
  endfacet
  facet normal -0.636053 0.529482 0.561325
    outer loop
      vertex 23.325 15.5256 32.9518
      vertex 23.325 15.0091 33.439
      vertex 23.7055 15.3501 33.5485
    endloop
  endfacet
  facet normal -0.63372 0.532877 0.560751
    outer loop
      vertex 23.325 15.5256 32.9518
      vertex 23.4338 15.8262 32.7891
      vertex 23.325 15.594 32.8868
    endloop
  endfacet
  facet normal -0.633666 0.532886 0.560803
    outer loop
      vertex 23.4338 15.8262 32.7891
      vertex 23.325 15.5256 32.9518
      vertex 23.7055 15.3501 33.5485
    endloop
  endfacet
  facet normal -0.995191 -0.0489739 0.0848327
    outer loop
      vertex 23.7055 15.3501 33.5485
      vertex 23.755 15.5164 34.2252
      vertex 23.7055 15.7078 33.755
    endloop
  endfacet
  facet normal -0.995186 -0.0490445 0.0848497
    outer loop
      vertex 23.925 14.168 35.4397
      vertex 23.755 15.5164 34.2252
      vertex 23.7055 15.3501 33.5485
    endloop
  endfacet
  facet normal -0.995184 -0.0490109 0.0848869
    outer loop
      vertex 23.755 15.5164 34.2252
      vertex 23.925 14.168 35.4397
      vertex 23.925 14.601 35.6897
    endloop
  endfacet
  facet normal -0.667087 0.593588 0.450164
    outer loop
      vertex 23.325 13.699 35.169
      vertex 23.925 14.168 35.4397
      vertex 23.325 14.6541 33.9096
    endloop
  endfacet
  facet normal -0.66431 0.596716 0.450136
    outer loop
      vertex 23.325 14.6541 33.9096
      vertex 23.7055 15.3501 33.5485
      vertex 23.325 15.0091 33.439
    endloop
  endfacet
  facet normal -0.664351 0.59671 0.450083
    outer loop
      vertex 23.7055 15.3501 33.5485
      vertex 23.325 14.6541 33.9096
      vertex 23.925 14.168 35.4397
    endloop
  endfacet
  facet normal -0.66937 -0.662426 -0.336355
    outer loop
      vertex 23.925 14.601 35.6897
      vertex 23.7932 14.7452 35.668
      vertex 23.755 15.5164 34.2252
    endloop
  endfacet
  facet normal -0.66949 -0.662483 -0.336006
    outer loop
      vertex 23.7932 14.7452 35.668
      vertex 23.925 14.601 35.6897
      vertex 23.7954 14.7023 35.7482
    endloop
  endfacet
  facet normal -0.995186 0.049004 -0.084875
    outer loop
      vertex 23.925 14.168 35.4397
      vertex 23.7055 13.4189 37.5809
      vertex 23.925 14.601 35.6897
    endloop
  endfacet
  facet normal -0.995186 0.049004 -0.084875
    outer loop
      vertex 23.7055 13.4189 37.5809
      vertex 23.925 14.168 35.4397
      vertex 23.7055 12.9859 37.3309
    endloop
  endfacet
  facet normal -0.672384 0.659595 0.335908
    outer loop
      vertex 23.325 13.699 35.169
      vertex 23.325 12.7205 37.0904
      vertex 23.7055 12.9859 37.3309
    endloop
  endfacet
  facet normal -0.669468 0.662353 0.336304
    outer loop
      vertex 23.925 14.168 35.4397
      vertex 23.325 13.699 35.169
      vertex 23.7055 12.9859 37.3309
    endloop
  endfacet
  facet normal -0.664492 -0.596596 -0.450027
    outer loop
      vertex 23.7055 13.4189 37.5809
      vertex 23.7737 14.4785 36.0755
      vertex 23.925 14.601 35.6897
    endloop
  endfacet
  facet normal -0.66432 -0.596724 -0.45011
    outer loop
      vertex 23.7737 14.4785 36.0755
      vertex 23.7055 13.4189 37.5809
      vertex 23.6756 13.4457 37.5895
    endloop
  endfacet
  facet normal -0.667135 -0.593578 -0.450106
    outer loop
      vertex 23.925 14.601 35.6897
      vertex 23.7737 14.4785 36.0755
      vertex 23.7954 14.7023 35.7482
    endloop
  endfacet
  facet normal -0.956853 0.14529 -0.251642
    outer loop
      vertex 23.7055 12.9859 37.3309
      vertex 23.6513 13.324 37.7322
      vertex 23.7055 13.4189 37.5809
    endloop
  endfacet
  facet normal -0.956939 0.14505 -0.251451
    outer loop
      vertex 23.7055 12.9859 37.3309
      vertex 23.325 12.3905 38.4355
      vertex 23.6513 13.324 37.7322
    endloop
  endfacet
  facet normal -0.956938 0.145239 -0.251348
    outer loop
      vertex 23.325 12.3905 38.4355
      vertex 23.7055 12.9859 37.3309
      vertex 23.325 12.3192 38.3943
    endloop
  endfacet
  facet normal -0.648782 0.727308 0.223843
    outer loop
      vertex 23.325 12.7205 37.0904
      vertex 23.325 12.3192 38.3943
      vertex 23.7055 12.9859 37.3309
    endloop
  endfacet
  facet normal -0.633269 -0.532984 -0.561159
    outer loop
      vertex 23.7055 13.4189 37.5809
      vertex 23.6513 13.324 37.7322
      vertex 23.6666 13.401 37.6418
    endloop
  endfacet
  facet normal -0.635913 -0.529211 -0.561739
    outer loop
      vertex 23.7055 13.4189 37.5809
      vertex 23.6666 13.401 37.6418
      vertex 23.6756 13.4457 37.5895
    endloop
  endfacet
  facet normal -0.881906 0.235823 -0.408204
    outer loop
      vertex 22.6174 11.4089 39.8413
      vertex 22.2405 11.4652 40.6881
      vertex 22.6174 11.5363 39.9149
    endloop
  endfacet
  facet normal -0.881912 0.235796 -0.408205
    outer loop
      vertex 21.9995 10.7913 40.8195
      vertex 22.2405 11.4652 40.6881
      vertex 22.6174 11.4089 39.8413
    endloop
  endfacet
  facet normal -0.881866 0.235755 -0.408328
    outer loop
      vertex 22.2405 11.4652 40.6881
      vertex 21.9995 10.7913 40.8195
      vertex 21.9995 11.2243 41.0695
    endloop
  endfacet
  facet normal -0.606372 0.786727 0.115645
    outer loop
      vertex 22.1579 11.0128 40.1432
      vertex 21.677 10.5959 40.4578
      vertex 21.9995 10.7913 40.8195
    endloop
  endfacet
  facet normal -0.603156 0.788975 0.117135
    outer loop
      vertex 22.1579 11.0128 40.1432
      vertex 21.9995 10.7913 40.8195
      vertex 22.6174 11.4089 39.8413
    endloop
  endfacet
  facet normal -0.578942 -0.472681 -0.664378
    outer loop
      vertex 21.9995 11.2243 41.0695
      vertex 21.9171 11.3293 41.0666
      vertex 22.2405 11.4652 40.6881
    endloop
  endfacet
  facet normal -0.773021 0.317197 -0.549386
    outer loop
      vertex 21.9995 10.7913 40.8195
      vertex 20.5787 10.291 42.5298
      vertex 21.9995 11.2243 41.0695
    endloop
  endfacet
  facet normal -0.773019 0.317209 -0.549381
    outer loop
      vertex 20.5787 10.291 42.5298
      vertex 21.9995 10.7913 40.8195
      vertex 20.5787 9.85802 42.2798
    endloop
  endfacet
  facet normal -0.537477 0.843085 0.0180667
    outer loop
      vertex 21.2633 10.3266 40.78
      vertex 20.1544 9.6012 41.6416
      vertex 20.5787 9.85802 42.2798
    endloop
  endfacet
  facet normal -0.534434 0.844972 0.020045
    outer loop
      vertex 21.9995 10.7913 40.8195
      vertex 21.2633 10.3266 40.78
      vertex 20.5787 9.85802 42.2798
    endloop
  endfacet
  facet normal -0.534434 0.844973 0.0200367
    outer loop
      vertex 21.2633 10.3266 40.78
      vertex 21.9995 10.7913 40.8195
      vertex 21.677 10.5959 40.4578
    endloop
  endfacet
  facet normal -0.501685 -0.419754 -0.756386
    outer loop
      vertex 20.5787 10.291 42.5298
      vertex 21.5817 11.1672 41.3783
      vertex 21.9995 11.2243 41.0695
    endloop
  endfacet
  facet normal -0.501793 -0.419628 -0.756384
    outer loop
      vertex 21.5817 11.1672 41.3783
      vertex 20.5787 10.291 42.5298
      vertex 20.3911 10.5923 42.4871
    endloop
  endfacet
  facet normal -0.50314 -0.41577 -0.757618
    outer loop
      vertex 21.9995 11.2243 41.0695
      vertex 21.5817 11.1672 41.3783
      vertex 21.9171 11.3293 41.0666
    endloop
  endfacet
  facet normal -0.634388 0.386509 -0.669449
    outer loop
      vertex 18.8474 9.51295 43.7212
      vertex 20.5787 9.85802 42.2798
      vertex 18.8474 9.07994 43.4712
    endloop
  endfacet
  facet normal -0.634385 0.386531 -0.66944
    outer loop
      vertex 20.5787 9.85802 42.2798
      vertex 18.8474 9.51295 43.7212
      vertex 20.5787 10.291 42.5298
    endloop
  endfacet
  facet normal -0.448012 0.891586 -0.0660273
    outer loop
      vertex 20.1544 9.6012 41.6416
      vertex 18.6319 8.93801 43.0169
      vertex 18.8474 9.07994 43.4712
    endloop
  endfacet
  facet normal -0.445127 0.893213 -0.0635029
    outer loop
      vertex 20.5787 9.85802 42.2798
      vertex 20.1544 9.6012 41.6416
      vertex 18.8474 9.07994 43.4712
    endloop
  endfacet
  facet normal -0.405165 -0.375118 -0.833744
    outer loop
      vertex 18.8474 9.51295 43.7212
      vertex 19.7876 10.2682 42.9245
      vertex 20.5787 10.291 42.5298
    endloop
  endfacet
  facet normal -0.405136 -0.375152 -0.833742
    outer loop
      vertex 19.7876 10.2682 42.9245
      vertex 18.8474 9.51295 43.7212
      vertex 18.7542 9.71383 43.6761
    endloop
  endfacet
  facet normal -0.405974 -0.371128 -0.835134
    outer loop
      vertex 20.5787 10.291 42.5298
      vertex 19.7876 10.2682 42.9245
      vertex 20.3911 10.5923 42.4871
    endloop
  endfacet
  facet normal -0.471396 0.440963 -0.763766
    outer loop
      vertex 18.8474 9.07994 43.4712
      vertex 17.9411 9.23969 44.1228
      vertex 18.8474 9.51295 43.7212
    endloop
  endfacet
  facet normal -0.471443 0.440848 -0.763803
    outer loop
      vertex 17.6915 8.73142 43.9835
      vertex 17.9411 9.23969 44.1228
      vertex 18.8474 9.07994 43.4712
    endloop
  endfacet
  facet normal -0.471568 0.440883 -0.763706
    outer loop
      vertex 17.9411 9.23969 44.1228
      vertex 17.6915 8.73142 43.9835
      vertex 17.6915 9.07336 44.1809
    endloop
  endfacet
  facet normal -0.33875 0.931794 -0.130418
    outer loop
      vertex 18.6319 8.93801 43.0169
      vertex 17.6915 8.73142 43.9835
      vertex 18.8474 9.07994 43.4712
    endloop
  endfacet
  facet normal -0.293128 -0.340678 -0.893316
    outer loop
      vertex 18.8474 9.51295 43.7212
      vertex 17.9411 9.23969 44.1228
      vertex 18.4558 9.53969 43.8395
    endloop
  endfacet
  facet normal -0.293286 -0.336939 -0.894682
    outer loop
      vertex 18.8474 9.51295 43.7212
      vertex 18.4558 9.53969 43.8395
      vertex 18.7542 9.71383 43.6761
    endloop
  endfacet
  facet normal -0.290595 0.478374 -0.828681
    outer loop
      vertex 15.9832 8.32148 44.5639
      vertex 15.8957 8.73847 44.8353
      vertex 15.9832 8.71956 44.7937
    endloop
  endfacet
  facet normal -0.29025 0.478469 -0.828747
    outer loop
      vertex 14.7289 8.52467 45.1205
      vertex 15.9832 8.32148 44.5639
      vertex 14.7289 8.09165 44.8705
    endloop
  endfacet
  facet normal -0.290244 0.478486 -0.82874
    outer loop
      vertex 15.9832 8.32148 44.5639
      vertex 14.7289 8.52467 45.1205
      vertex 15.8957 8.73847 44.8353
    endloop
  endfacet
  facet normal -0.221409 0.958176 -0.181318
    outer loop
      vertex 15.3334 8.15513 44.4678
      vertex 14.6532 7.97869 44.366
      vertex 14.7289 8.09165 44.8705
    endloop
  endfacet
  facet normal -0.219269 0.959303 -0.177928
    outer loop
      vertex 15.3334 8.15513 44.4678
      vertex 14.7289 8.09165 44.8705
      vertex 15.9832 8.32148 44.5639
    endloop
  endfacet
  facet normal -0.169756 -0.317892 -0.932806
    outer loop
      vertex 14.7289 8.52467 45.1205
      vertex 14.6828 8.82541 45.0264
      vertex 15.8957 8.73847 44.8353
    endloop
  endfacet
  facet normal -0.0980345 0.497594 -0.861852
    outer loop
      vertex 12.5 8.34724 45.2716
      vertex 14.7289 8.09165 44.8705
      vertex 12.5 7.91423 45.0216
    endloop
  endfacet
  facet normal -0.0980363 0.497585 -0.861857
    outer loop
      vertex 14.7289 8.09165 44.8705
      vertex 12.5 8.34724 45.2716
      vertex 14.7289 8.52467 45.1205
    endloop
  endfacet
  facet normal -0.093047 0.973667 -0.208124
    outer loop
      vertex 12.5 7.74528 44.2312
      vertex 12.5 7.91423 45.0216
      vertex 14.0682 7.91624 44.3299
    endloop
  endfacet
  facet normal -0.09142 0.974589 -0.204498
    outer loop
      vertex 14.0682 7.91624 44.3299
      vertex 14.7289 8.09165 44.8705
      vertex 14.6532 7.97869 44.366
    endloop
  endfacet
  facet normal -0.0914389 0.974592 -0.204475
    outer loop
      vertex 14.7289 8.09165 44.8705
      vertex 14.0682 7.91624 44.3299
      vertex 12.5 7.91423 45.0216
    endloop
  endfacet
  facet normal -0.0399565 -0.307647 -0.950661
    outer loop
      vertex 12.5 8.34724 45.2716
      vertex 13.5249 8.8442 45.0677
      vertex 14.7289 8.52467 45.1205
    endloop
  endfacet
  facet normal -0.0399081 -0.307736 -0.950634
    outer loop
      vertex 13.5249 8.8442 45.0677
      vertex 12.5 8.34724 45.2716
      vertex 12.5 8.86127 45.1052
    endloop
  endfacet
  facet normal -0.0388839 -0.303817 -0.951937
    outer loop
      vertex 14.7289 8.52467 45.1205
      vertex 13.5249 8.8442 45.0677
      vertex 14.6828 8.82541 45.0264
    endloop
  endfacet
  facet normal 0.0980261 0.497594 -0.861853
    outer loop
      vertex 10.2711 7.95634 44.7924
      vertex 12.5 8.34724 45.2716
      vertex 12.5 7.91423 45.0216
    endloop
  endfacet
  facet normal 0.0980261 0.497594 -0.861853
    outer loop
      vertex 12.5 8.34724 45.2716
      vertex 10.2711 7.95634 44.7924
      vertex 10.2711 8.38935 45.0424
    endloop
  endfacet
  facet normal 0.0388901 0.976337 -0.212729
    outer loop
      vertex 10.2711 7.95634 44.7924
      vertex 12.5 7.74528 44.2312
      vertex 10.3468 7.84338 44.2878
    endloop
  endfacet
  facet normal 0.0399383 0.977129 -0.208864
    outer loop
      vertex 12.5 7.74528 44.2312
      vertex 10.2711 7.95634 44.7924
      vertex 12.5 7.91423 45.0216
    endloop
  endfacet
  facet normal 0.0914434 -0.310224 -0.946255
    outer loop
      vertex 10.2711 8.38935 45.0424
      vertex 11.2769 8.81363 45.0005
      vertex 12.5 8.34724 45.2716
    endloop
  endfacet
  facet normal 0.091464 -0.310271 -0.946238
    outer loop
      vertex 11.2769 8.81363 45.0005
      vertex 10.2711 8.38935 45.0424
      vertex 10.3306 8.77743 44.9209
    endloop
  endfacet
  facet normal 0.093032 -0.306646 -0.947266
    outer loop
      vertex 12.5 8.34724 45.2716
      vertex 11.2769 8.81363 45.0005
      vertex 12.5 8.86127 45.1052
    endloop
  endfacet
  facet normal 0.290309 0.478469 -0.828727
    outer loop
      vertex 9.01685 8.10698 44.44
      vertex 10.2711 8.38935 45.0424
      vertex 10.2711 7.95634 44.7924
    endloop
  endfacet
  facet normal 0.290309 0.478469 -0.828727
    outer loop
      vertex 10.2711 8.38935 45.0424
      vertex 9.01685 8.10698 44.44
      vertex 9.01685 8.53999 44.69
    endloop
  endfacet
  facet normal 0.16977 0.966805 -0.190961
    outer loop
      vertex 10.3468 7.84338 44.2878
      vertex 9.01685 8.10698 44.44
      vertex 10.2711 7.95634 44.7924
    endloop
  endfacet
  facet normal 0.219347 -0.325389 -0.919787
    outer loop
      vertex 10.2711 8.38935 45.0424
      vertex 9.01685 8.53999 44.69
      vertex 9.66661 8.70635 44.7861
    endloop
  endfacet
  facet normal 0.221381 -0.322117 -0.920452
    outer loop
      vertex 10.2711 8.38935 45.0424
      vertex 9.71753 8.71956 44.7937
      vertex 10.3306 8.77743 44.9209
    endloop
  endfacet
  facet normal 0.221057 -0.322594 -0.920362
    outer loop
      vertex 9.71753 8.71956 44.7937
      vertex 10.2711 8.38935 45.0424
      vertex 9.66661 8.70635 44.7861
    endloop
  endfacet
  facet normal 0.471381 0.440959 -0.763777
    outer loop
      vertex 6.15261 8.67399 43.2369
      vertex 7.30853 8.83767 44.0448
      vertex 7.30853 8.40465 43.7948
    endloop
  endfacet
  facet normal 0.471378 0.440968 -0.763774
    outer loop
      vertex 7.30853 8.83767 44.0448
      vertex 6.15261 8.67399 43.2369
      vertex 6.15261 9.107 43.4869
    endloop
  endfacet
  facet normal 0.293246 0.943298 -0.15555
    outer loop
      vertex 6.36813 8.53206 42.7825
      vertex 6.15261 8.67399 43.2369
      vertex 6.84908 8.46803 43.3009
    endloop
  endfacet
  facet normal 0.293083 0.944007 -0.1515
    outer loop
      vertex 6.84908 8.46803 43.3009
      vertex 6.15261 8.67399 43.2369
      vertex 7.30853 8.40465 43.7948
    endloop
  endfacet
  facet normal 0.338688 -0.35303 -0.872159
    outer loop
      vertex 6.15261 9.107 43.4869
      vertex 6.4677 9.49378 43.4527
      vertex 7.30853 8.83767 44.0448
    endloop
  endfacet
  facet normal 0.338668 -0.353015 -0.872172
    outer loop
      vertex 6.4677 9.49378 43.4527
      vertex 6.15261 9.107 43.4869
      vertex 6.36026 9.55451 43.3864
    endloop
  endfacet
  facet normal 0.634405 0.386502 -0.669437
    outer loop
      vertex 4.42131 9.31675 41.9673
      vertex 6.15261 9.107 43.4869
      vertex 6.15261 8.67399 43.2369
    endloop
  endfacet
  facet normal 0.634405 0.386502 -0.669437
    outer loop
      vertex 6.15261 9.107 43.4869
      vertex 4.42131 9.31675 41.9673
      vertex 4.42131 9.74976 42.2173
    endloop
  endfacet
  facet normal 0.405906 0.908869 -0.0959041
    outer loop
      vertex 4.84557 9.05993 41.3291
      vertex 4.42131 9.31675 41.9673
      vertex 5.95446 8.67645 42.3882
    endloop
  endfacet
  facet normal 0.405147 0.909615 -0.0919551
    outer loop
      vertex 5.95446 8.67645 42.3882
      vertex 6.15261 8.67399 43.2369
      vertex 6.36813 8.53206 42.7825
    endloop
  endfacet
  facet normal 0.405135 0.909621 -0.0919522
    outer loop
      vertex 6.15261 8.67399 43.2369
      vertex 5.95446 8.67645 42.3882
      vertex 4.42131 9.31675 41.9673
    endloop
  endfacet
  facet normal 0.445158 -0.391586 -0.805292
    outer loop
      vertex 4.42131 9.74976 42.2173
      vertex 5.0365 10.2375 42.3202
      vertex 6.15261 9.107 43.4869
    endloop
  endfacet
  facet normal 0.44519 -0.391636 -0.805249
    outer loop
      vertex 5.0365 10.2375 42.3202
      vertex 4.42131 9.74976 42.2173
      vertex 4.80089 10.3591 42.1308
    endloop
  endfacet
  facet normal 0.447958 -0.388675 -0.805149
    outer loop
      vertex 6.15261 9.107 43.4869
      vertex 5.0365 10.2375 42.3202
      vertex 6.36026 9.55451 43.3864
    endloop
  endfacet
  facet normal 0.773011 0.317198 -0.549399
    outer loop
      vertex 4.42131 9.31675 41.9673
      vertex 3.00046 10.5478 40.6789
      vertex 4.42131 9.74976 42.2173
    endloop
  endfacet
  facet normal 0.773004 0.317153 -0.549435
    outer loop
      vertex 3.00046 10.5478 40.6789
      vertex 4.42131 9.31675 41.9673
      vertex 3.00046 10.1147 40.4289
    endloop
  endfacet
  facet normal 0.502925 0.864136 -0.0183161
    outer loop
      vertex 3.32301 9.91931 40.0672
      vertex 3.00046 10.1147 40.4289
      vertex 4.84557 9.05993 41.3291
    endloop
  endfacet
  facet normal 0.501603 0.864974 -0.0146233
    outer loop
      vertex 4.42131 9.31675 41.9673
      vertex 4.84557 9.05993 41.3291
      vertex 3.00046 10.1147 40.4289
    endloop
  endfacet
  facet normal 0.534405 -0.43987 -0.721752
    outer loop
      vertex 3.00046 10.5478 40.6789
      vertex 3.73668 10.8143 41.0616
      vertex 4.42131 9.74976 42.2173
    endloop
  endfacet
  facet normal 0.534405 -0.439875 -0.721748
    outer loop
      vertex 3.73668 10.8143 41.0616
      vertex 3.00046 10.5478 40.6789
      vertex 3.32301 10.9587 40.6673
    endloop
  endfacet
  facet normal 0.537463 -0.437173 -0.721119
    outer loop
      vertex 4.42131 9.74976 42.2173
      vertex 4.02827 10.7135 41.3401
      vertex 4.80089 10.3591 42.1308
    endloop
  endfacet
  facet normal 0.537611 -0.43707 -0.721072
    outer loop
      vertex 4.02827 10.7135 41.3401
      vertex 4.42131 9.74976 42.2173
      vertex 3.73668 10.8143 41.0616
    endloop
  endfacet
  facet normal 0.881915 0.235669 -0.408273
    outer loop
      vertex 3.00046 10.1147 40.4289
      vertex 2.38261 11.0861 39.655
      vertex 3.00046 10.5478 40.6789
    endloop
  endfacet
  facet normal 0.881922 0.235702 -0.408237
    outer loop
      vertex 2.38261 11.0861 39.655
      vertex 3.00046 10.1147 40.4289
      vertex 2.38261 10.6531 39.405
    endloop
  endfacet
  facet normal 0.57878 0.811782 0.0776095
    outer loop
      vertex 3.32301 9.91931 40.0672
      vertex 2.38261 10.6531 39.405
      vertex 3.00046 10.1147 40.4289
    endloop
  endfacet
  facet normal 0.603216 -0.49587 -0.624694
    outer loop
      vertex 3.00046 10.5478 40.6789
      vertex 2.38261 11.0861 39.655
      vertex 2.84206 11.0228 40.1489
    endloop
  endfacet
  facet normal 0.606311 -0.493547 -0.623537
    outer loop
      vertex 3.00046 10.5478 40.6789
      vertex 2.84206 11.0228 40.1489
      vertex 3.32301 10.9587 40.6673
    endloop
  endfacet
  facet normal 0.956936 0.145127 -0.251419
    outer loop
      vertex 1.675 11.4511 37.8931
      vertex 1.29453 12.4717 37.0341
      vertex 1.675 11.8842 38.1431
    endloop
  endfacet
  facet normal 0.956939 0.145148 -0.251396
    outer loop
      vertex 1.29453 12.4717 37.0341
      vertex 1.675 11.4511 37.8931
      vertex 1.29453 12.0387 36.7841
    endloop
  endfacet
  facet normal 0.636153 0.750801 0.177784
    outer loop
      vertex 1.675 11.7733 36.5435
      vertex 1.29453 12.0387 36.7841
      vertex 1.675 11.6097 37.2344
    endloop
  endfacet
  facet normal 0.633697 0.752088 0.181086
    outer loop
      vertex 1.675 11.6097 37.2344
      vertex 1.29453 12.0387 36.7841
      vertex 1.675 11.4511 37.8931
    endloop
  endfacet
  facet normal 0.648763 -0.55754 -0.517935
    outer loop
      vertex 1.675 11.8842 38.1431
      vertex 1.29453 12.4717 37.0341
      vertex 1.675 12.8127 37.1436
    endloop
  endfacet
  facet normal 0.995185 0.0490091 -0.0848838
    outer loop
      vertex 1.29453 12.0387 36.7841
      vertex 1.075 13.5185 35.0647
      vertex 1.29453 12.4717 37.0341
    endloop
  endfacet
  facet normal 0.995185 0.0490091 -0.0848838
    outer loop
      vertex 1.075 13.5185 35.0647
      vertex 1.29453 12.0387 36.7841
      vertex 1.075 13.0855 34.8147
    endloop
  endfacet
  facet normal 0.667099 0.686639 0.288975
    outer loop
      vertex 1.675 12.6165 34.544
      vertex 1.075 13.0855 34.8147
      vertex 1.675 12.0034 36.0008
    endloop
  endfacet
  facet normal 0.664438 0.688052 0.291728
    outer loop
      vertex 1.675 12.0034 36.0008
      vertex 1.29453 12.0387 36.7841
      vertex 1.675 11.7733 36.5435
    endloop
  endfacet
  facet normal 0.664383 0.688119 0.291698
    outer loop
      vertex 1.29453 12.0387 36.7841
      vertex 1.675 12.0034 36.0008
      vertex 1.075 13.0855 34.8147
    endloop
  endfacet
  facet normal 0.669444 -0.622444 -0.405473
    outer loop
      vertex 1.29453 12.4717 37.0341
      vertex 1.075 13.5185 35.0647
      vertex 1.675 13.9874 35.3355
    endloop
  endfacet
  facet normal 0.672379 -0.62071 -0.403268
    outer loop
      vertex 1.29453 12.4717 37.0341
      vertex 1.675 13.9874 35.3355
      vertex 1.675 12.8127 37.1436
    endloop
  endfacet
  facet normal 0.995184 -0.049011 0.0848871
    outer loop
      vertex 1.075 13.0855 34.8147
      vertex 1.29453 14.5653 33.0954
      vertex 1.075 13.5185 35.0647
    endloop
  endfacet
  facet normal 0.995184 -0.049011 0.0848871
    outer loop
      vertex 1.29453 14.5653 33.0954
      vertex 1.075 13.0855 34.8147
      vertex 1.29453 14.1323 32.8454
    endloop
  endfacet
  facet normal 0.672468 0.620642 0.403224
    outer loop
      vertex 1.675 13.7912 32.7359
      vertex 1.29453 14.1323 32.8454
      vertex 1.675 12.6165 34.544
    endloop
  endfacet
  facet normal 0.669463 0.622418 0.405481
    outer loop
      vertex 1.29453 14.1323 32.8454
      vertex 1.075 13.0855 34.8147
      vertex 1.675 12.6165 34.544
    endloop
  endfacet
  facet normal 0.664395 -0.688105 -0.291704
    outer loop
      vertex 1.29453 14.5653 33.0954
      vertex 1.675 14.6006 33.8787
      vertex 1.075 13.5185 35.0647
    endloop
  endfacet
  facet normal 0.664317 -0.688197 -0.291663
    outer loop
      vertex 1.675 14.6006 33.8787
      vertex 1.29453 14.5653 33.0954
      vertex 1.675 14.8306 33.336
    endloop
  endfacet
  facet normal 0.667065 -0.68665 -0.289027
    outer loop
      vertex 1.675 14.6006 33.8787
      vertex 1.675 13.9874 35.3355
      vertex 1.075 13.5185 35.0647
    endloop
  endfacet
  facet normal 0.956941 -0.145144 0.251389
    outer loop
      vertex 1.29453 14.1323 32.8454
      vertex 1.675 15.1528 31.9863
      vertex 1.29453 14.5653 33.0954
    endloop
  endfacet
  facet normal 0.956941 -0.145144 0.251389
    outer loop
      vertex 1.675 15.1528 31.9863
      vertex 1.29453 14.1323 32.8454
      vertex 1.675 14.7198 31.7363
    endloop
  endfacet
  facet normal 0.648847 0.557485 0.517888
    outer loop
      vertex 1.675 14.7198 31.7363
      vertex 1.29453 14.1323 32.8454
      vertex 1.675 13.7912 32.7359
    endloop
  endfacet
  facet normal 0.633814 -0.752027 -0.180929
    outer loop
      vertex 1.675 14.9943 32.6451
      vertex 1.29453 14.5653 33.0954
      vertex 1.675 15.1528 31.9863
    endloop
  endfacet
  facet normal 0.636065 -0.750848 -0.177904
    outer loop
      vertex 1.675 14.8306 33.336
      vertex 1.29453 14.5653 33.0954
      vertex 1.675 14.9943 32.6451
    endloop
  endfacet
  facet normal 0.881922 -0.235702 0.408237
    outer loop
      vertex 2.38261 15.5178 30.2244
      vertex 3.00046 16.4892 29.4505
      vertex 2.38261 15.9508 30.4744
    endloop
  endfacet
  facet normal 0.881922 -0.235702 0.408237
    outer loop
      vertex 3.00046 16.4892 29.4505
      vertex 2.38261 15.5178 30.2244
      vertex 3.00046 16.0562 29.2005
    endloop
  endfacet
  facet normal 0.606389 0.493488 0.623507
    outer loop
      vertex 3.00046 16.0562 29.2005
      vertex 2.84206 15.5812 29.7305
      vertex 3.32301 15.6452 29.2121
    endloop
  endfacet
  facet normal 0.603133 0.495933 0.624725
    outer loop
      vertex 3.00046 16.0562 29.2005
      vertex 2.38261 15.5178 30.2244
      vertex 2.84206 15.5812 29.7305
    endloop
  endfacet
  facet normal 0.57879 -0.811776 -0.0775998
    outer loop
      vertex 3.32301 16.6846 29.8122
      vertex 2.38261 15.9508 30.4744
      vertex 3.00046 16.4892 29.4505
    endloop
  endfacet
  facet normal 0.773007 -0.317206 0.5494
    outer loop
      vertex 3.00046 16.0562 29.2005
      vertex 4.42131 17.2872 27.9121
      vertex 3.00046 16.4892 29.4505
    endloop
  endfacet
  facet normal 0.773007 -0.317206 0.5494
    outer loop
      vertex 4.42131 17.2872 27.9121
      vertex 3.00046 16.0562 29.2005
      vertex 4.42131 16.8542 27.6621
    endloop
  endfacet
  facet normal 0.537474 0.437175 0.72111
    outer loop
      vertex 4.42131 16.8542 27.6621
      vertex 3.73668 15.7896 28.8178
      vertex 4.84557 16.1731 27.7588
    endloop
  endfacet
  facet normal 0.534447 0.439819 0.721752
    outer loop
      vertex 3.00046 16.0562 29.2005
      vertex 3.73668 15.7896 28.8178
      vertex 4.42131 16.8542 27.6621
    endloop
  endfacet
  facet normal 0.534446 0.439801 0.721764
    outer loop
      vertex 3.73668 15.7896 28.8178
      vertex 3.00046 16.0562 29.2005
      vertex 3.32301 15.6452 29.2121
    endloop
  endfacet
  facet normal 0.501604 -0.864974 0.0145958
    outer loop
      vertex 4.42131 17.2872 27.9121
      vertex 4.84557 17.544 28.5503
      vertex 3.00046 16.4892 29.4505
    endloop
  endfacet
  facet normal 0.502939 -0.864128 0.0183238
    outer loop
      vertex 3.32301 16.6846 29.8122
      vertex 3.00046 16.4892 29.4505
      vertex 4.84557 17.544 28.5503
    endloop
  endfacet
  facet normal 0.634389 -0.386448 0.669483
    outer loop
      vertex 4.42131 17.2872 27.9121
      vertex 6.15261 17.4969 26.3926
      vertex 6.15261 17.93 26.6426
    endloop
  endfacet
  facet normal 0.634374 -0.386522 0.669456
    outer loop
      vertex 6.15261 17.4969 26.3926
      vertex 4.42131 17.2872 27.9121
      vertex 4.42131 16.8542 27.6621
    endloop
  endfacet
  facet normal 0.448033 0.388581 0.805153
    outer loop
      vertex 6.15261 17.4969 26.3926
      vertex 4.84557 16.1731 27.7588
      vertex 6.36813 17.0325 26.4968
    endloop
  endfacet
  facet normal 0.445125 0.391604 0.805301
    outer loop
      vertex 4.42131 16.8542 27.6621
      vertex 4.84557 16.1731 27.7588
      vertex 6.15261 17.4969 26.3926
    endloop
  endfacet
  facet normal 0.405121 -0.909632 0.091906
    outer loop
      vertex 6.15261 17.93 26.6426
      vertex 5.95446 17.9275 27.4913
      vertex 4.42131 17.2872 27.9121
    endloop
  endfacet
  facet normal 0.405152 -0.909617 0.0919134
    outer loop
      vertex 5.95446 17.9275 27.4913
      vertex 6.15261 17.93 26.6426
      vertex 6.36813 18.0719 27.0969
    endloop
  endfacet
  facet normal 0.405897 -0.908875 0.0958842
    outer loop
      vertex 4.84557 17.544 28.5503
      vertex 4.42131 17.2872 27.9121
      vertex 5.95446 17.9275 27.4913
    endloop
  endfacet
  facet normal 0.47142 -0.440964 0.76375
    outer loop
      vertex 6.15261 17.93 26.6426
      vertex 7.30853 17.7663 25.8346
      vertex 7.30853 18.1993 26.0846
    endloop
  endfacet
  facet normal 0.471453 -0.440879 0.763779
    outer loop
      vertex 7.30853 17.7663 25.8346
      vertex 6.15261 17.93 26.6426
      vertex 6.15261 17.4969 26.3926
    endloop
  endfacet
  facet normal 0.338775 0.352914 0.872172
    outer loop
      vertex 7.30853 17.7663 25.8346
      vertex 6.15261 17.4969 26.3926
      vertex 6.36813 17.0325 26.4968
    endloop
  endfacet
  facet normal 0.293003 -0.944056 0.15135
    outer loop
      vertex 6.84908 18.1359 26.5786
      vertex 6.15261 17.93 26.6426
      vertex 7.30853 18.1993 26.0846
    endloop
  endfacet
  facet normal 0.293172 -0.943319 0.155564
    outer loop
      vertex 6.36813 18.0719 27.0969
      vertex 6.15261 17.93 26.6426
      vertex 6.84908 18.1359 26.5786
    endloop
  endfacet
  facet normal 0.290234 -0.478488 0.828742
    outer loop
      vertex 9.01685 18.497 25.4394
      vertex 10.2711 18.2146 24.8371
      vertex 10.2711 18.6476 25.0871
    endloop
  endfacet
  facet normal 0.290234 -0.478488 0.828742
    outer loop
      vertex 10.2711 18.2146 24.8371
      vertex 9.01685 18.497 25.4394
      vertex 9.01685 18.064 25.1894
    endloop
  endfacet
  facet normal 0.22141 0.322016 0.92048
    outer loop
      vertex 10.2711 18.2146 24.8371
      vertex 9.66661 17.8976 25.0934
      vertex 10.3468 17.7212 24.9915
    endloop
  endfacet
  facet normal 0.219259 0.325534 0.919757
    outer loop
      vertex 10.2711 18.2146 24.8371
      vertex 9.01685 18.064 25.1894
      vertex 9.66661 17.8976 25.0934
    endloop
  endfacet
  facet normal 0.169753 -0.966786 0.191073
    outer loop
      vertex 10.3468 18.7606 25.5916
      vertex 9.01685 18.497 25.4394
      vertex 10.2711 18.6476 25.0871
    endloop
  endfacet
  facet normal 0.0980236 -0.497603 0.861848
    outer loop
      vertex 10.2711 18.6476 25.0871
      vertex 12.5 18.2567 24.6079
      vertex 12.5 18.6897 24.8579
    endloop
  endfacet
  facet normal 0.0980236 -0.497603 0.861848
    outer loop
      vertex 12.5 18.2567 24.6079
      vertex 10.2711 18.6476 25.0871
      vertex 10.2711 18.2146 24.8371
    endloop
  endfacet
  facet normal 0.093043 0.306492 0.947315
    outer loop
      vertex 12.5 17.4877 24.8567
      vertex 12.5 18.2567 24.6079
      vertex 10.9318 17.6587 24.9554
    endloop
  endfacet
  facet normal 0.0914526 0.310074 0.946303
    outer loop
      vertex 10.2711 18.2146 24.8371
      vertex 10.9318 17.6587 24.9554
      vertex 12.5 18.2567 24.6079
    endloop
  endfacet
  facet normal 0.0915303 0.310159 0.946268
    outer loop
      vertex 10.9318 17.6587 24.9554
      vertex 10.2711 18.2146 24.8371
      vertex 10.3468 17.7212 24.9915
    endloop
  endfacet
  facet normal 0.0399422 -0.977111 0.208948
    outer loop
      vertex 12.5 18.8587 25.6482
      vertex 10.2711 18.6476 25.0871
      vertex 12.5 18.6897 24.8579
    endloop
  endfacet
  facet normal 0.038886 -0.976312 0.212844
    outer loop
      vertex 10.2711 18.6476 25.0871
      vertex 12.5 18.8587 25.6482
      vertex 10.3468 18.7606 25.5916
    endloop
  endfacet
  facet normal -0.0979921 -0.497605 0.861851
    outer loop
      vertex 12.5 18.2567 24.6079
      vertex 14.7289 18.5123 25.0089
      vertex 12.5 18.6897 24.8579
    endloop
  endfacet
  facet normal -0.0979921 -0.497605 0.861851
    outer loop
      vertex 14.7289 18.5123 25.0089
      vertex 12.5 18.2567 24.6079
      vertex 14.7289 18.0793 24.7589
    endloop
  endfacet
  facet normal -0.038915 0.303976 0.951885
    outer loop
      vertex 14.7289 18.0793 24.7589
      vertex 12.5 17.4877 24.8567
      vertex 14.6532 17.5858 24.9134
    endloop
  endfacet
  facet normal -0.0399248 0.307581 0.950684
    outer loop
      vertex 12.5 18.2567 24.6079
      vertex 12.5 17.4877 24.8567
      vertex 14.7289 18.0793 24.7589
    endloop
  endfacet
  facet normal -0.0913685 -0.974584 0.204541
    outer loop
      vertex 14.0682 18.6877 25.5495
      vertex 14.7289 18.5123 25.0089
      vertex 14.6532 18.6253 25.5135
    endloop
  endfacet
  facet normal -0.0914214 -0.974592 0.204479
    outer loop
      vertex 14.7289 18.5123 25.0089
      vertex 14.0682 18.6877 25.5495
      vertex 12.5 18.6897 24.8579
    endloop
  endfacet
  facet normal -0.0930644 -0.973647 0.208207
    outer loop
      vertex 12.5 18.8587 25.6482
      vertex 12.5 18.6897 24.8579
      vertex 14.0682 18.6877 25.5495
    endloop
  endfacet
  facet normal -0.290301 -0.478478 0.828724
    outer loop
      vertex 14.7289 18.0793 24.7589
      vertex 15.9832 18.2825 25.3156
      vertex 14.7289 18.5123 25.0089
    endloop
  endfacet
  facet normal -0.290332 -0.478391 0.828764
    outer loop
      vertex 15.9832 18.2825 25.3156
      vertex 14.7289 18.0793 24.7589
      vertex 15.9832 17.8494 25.0656
    endloop
  endfacet
  facet normal -0.169777 0.318058 0.932746
    outer loop
      vertex 14.7289 18.0793 24.7589
      vertex 14.6532 17.5858 24.9134
      vertex 15.9832 17.8494 25.0656
    endloop
  endfacet
  facet normal -0.219242 -0.959326 0.177837
    outer loop
      vertex 15.3334 18.4488 25.4116
      vertex 14.7289 18.5123 25.0089
      vertex 15.9832 18.2825 25.3156
    endloop
  endfacet
  facet normal -0.221458 -0.958159 0.181347
    outer loop
      vertex 15.3334 18.4488 25.4116
      vertex 14.6532 18.6253 25.5135
      vertex 14.7289 18.5123 25.0089
    endloop
  endfacet
  facet normal -0.471389 -0.440972 0.763764
    outer loop
      vertex 17.6915 17.4395 25.646
      vertex 18.8474 17.524 26.4082
      vertex 17.6915 17.8725 25.896
    endloop
  endfacet
  facet normal -0.471389 -0.440972 0.763764
    outer loop
      vertex 18.8474 17.524 26.4082
      vertex 17.6915 17.4395 25.646
      vertex 18.8474 17.091 26.1582
    endloop
  endfacet
  facet normal -0.293292 0.336962 0.894671
    outer loop
      vertex 18.8474 17.091 26.1582
      vertex 18.1509 17.0434 25.9478
      vertex 18.6319 16.6265 26.2625
    endloop
  endfacet
  facet normal -0.293137 0.340663 0.893319
    outer loop
      vertex 18.8474 17.091 26.1582
      vertex 17.6915 17.4395 25.646
      vertex 18.1509 17.0434 25.9478
    endloop
  endfacet
  facet normal -0.338704 -0.931819 0.130357
    outer loop
      vertex 18.6319 17.6659 26.8626
      vertex 17.6915 17.8725 25.896
      vertex 18.8474 17.524 26.4082
    endloop
  endfacet
  facet normal -0.634391 -0.386515 0.669443
    outer loop
      vertex 18.8474 17.091 26.1582
      vertex 20.5787 16.7459 27.5996
      vertex 18.8474 17.524 26.4082
    endloop
  endfacet
  facet normal -0.634391 -0.386515 0.669443
    outer loop
      vertex 20.5787 16.7459 27.5996
      vertex 18.8474 17.091 26.1582
      vertex 20.5787 16.3129 27.3496
    endloop
  endfacet
  facet normal -0.405873 0.371403 0.835061
    outer loop
      vertex 20.5787 16.3129 27.3496
      vertex 19.0455 16.3572 26.5847
      vertex 20.1544 15.6318 27.4463
    endloop
  endfacet
  facet normal -0.405099 0.375219 0.83373
    outer loop
      vertex 18.8474 17.091 26.1582
      vertex 19.0455 16.3572 26.5847
      vertex 20.5787 16.3129 27.3496
    endloop
  endfacet
  facet normal -0.405182 0.375183 0.833706
    outer loop
      vertex 19.0455 16.3572 26.5847
      vertex 18.8474 17.091 26.1582
      vertex 18.6319 16.6265 26.2625
    endloop
  endfacet
  facet normal -0.445123 -0.893217 0.0634792
    outer loop
      vertex 20.5787 16.7459 27.5996
      vertex 20.1544 17.0027 28.2378
      vertex 18.8474 17.524 26.4082
    endloop
  endfacet
  facet normal -0.447977 -0.891607 0.065977
    outer loop
      vertex 20.1544 17.0027 28.2378
      vertex 18.6319 17.6659 26.8626
      vertex 18.8474 17.524 26.4082
    endloop
  endfacet
  facet normal -0.773021 -0.317197 0.549386
    outer loop
      vertex 20.5787 16.3129 27.3496
      vertex 21.9995 15.8126 29.0599
      vertex 20.5787 16.7459 27.5996
    endloop
  endfacet
  facet normal -0.773021 -0.317197 0.549386
    outer loop
      vertex 21.9995 15.8126 29.0599
      vertex 20.5787 16.3129 27.3496
      vertex 21.9995 15.3796 28.8099
    endloop
  endfacet
  facet normal -0.502992 0.416065 0.757555
    outer loop
      vertex 21.9995 15.3796 28.8099
      vertex 20.1544 15.6318 27.4463
      vertex 21.677 14.9686 28.8215
    endloop
  endfacet
  facet normal -0.501602 0.419867 0.756378
    outer loop
      vertex 20.5787 16.3129 27.3496
      vertex 20.1544 15.6318 27.4463
      vertex 21.9995 15.3796 28.8099
    endloop
  endfacet
  facet normal -0.534427 -0.844983 -0.0197916
    outer loop
      vertex 21.2633 16.2773 29.0994
      vertex 21.9995 15.8126 29.0599
      vertex 21.677 16.0081 29.4216
    endloop
  endfacet
  facet normal -0.534434 -0.844972 -0.020056
    outer loop
      vertex 21.9995 15.8126 29.0599
      vertex 21.2633 16.2773 29.0994
      vertex 20.5787 16.7459 27.5996
    endloop
  endfacet
  facet normal -0.537467 -0.843091 -0.0180842
    outer loop
      vertex 21.2633 16.2773 29.0994
      vertex 20.1544 17.0027 28.2378
      vertex 20.5787 16.7459 27.5996
    endloop
  endfacet
  facet normal -0.881902 -0.235721 0.40827
    outer loop
      vertex 21.9995 15.3796 28.8099
      vertex 22.6174 15.1951 30.0381
      vertex 21.9995 15.8126 29.0599
    endloop
  endfacet
  facet normal -0.88191 -0.235673 0.408281
    outer loop
      vertex 22.6174 15.1951 30.0381
      vertex 21.9995 15.3796 28.8099
      vertex 22.6174 14.762 29.7881
    endloop
  endfacet
  facet normal -0.578856 0.472959 0.664256
    outer loop
      vertex 21.9995 15.3796 28.8099
      vertex 21.677 14.9686 28.8215
      vertex 22.6174 14.762 29.7881
    endloop
  endfacet
  facet normal -0.603024 -0.789068 -0.117196
    outer loop
      vertex 22.1579 15.5911 29.7362
      vertex 21.9995 15.8126 29.0599
      vertex 22.6174 15.1951 30.0381
    endloop
  endfacet
  facet normal -0.606498 -0.786639 -0.115587
    outer loop
      vertex 22.1579 15.5911 29.7362
      vertex 21.677 16.0081 29.4216
      vertex 21.9995 15.8126 29.0599
    endloop
  endfacet
  facet normal -0.956937 -0.145152 0.251403
    outer loop
      vertex 23.325 13.8518 31.2351
      vertex 23.7055 13.6181 32.5485
      vertex 23.325 14.2848 31.4851
    endloop
  endfacet
  facet normal -0.95694 -0.145122 0.251409
    outer loop
      vertex 23.7055 13.6181 32.5485
      vertex 23.325 13.8518 31.2351
      vertex 23.7055 13.185 32.2985
    endloop
  endfacet
  facet normal -0.636053 0.529482 0.561325
    outer loop
      vertex 23.325 13.3605 31.7018
      vertex 23.325 12.844 32.189
      vertex 23.7055 13.185 32.2985
    endloop
  endfacet
  facet normal -0.633766 0.532744 0.560825
    outer loop
      vertex 23.325 13.8518 31.2351
      vertex 23.325 13.3605 31.7018
      vertex 23.7055 13.185 32.2985
    endloop
  endfacet
  facet normal -0.648714 -0.727352 -0.223895
    outer loop
      vertex 23.7055 13.6181 32.5485
      vertex 23.325 13.8834 32.7891
      vertex 23.325 14.2848 31.4851
    endloop
  endfacet
  facet normal -0.995186 -0.0489946 0.0848783
    outer loop
      vertex 23.7055 13.185 32.2985
      vertex 23.925 12.4359 34.4397
      vertex 23.7055 13.6181 32.5485
    endloop
  endfacet
  facet normal -0.995186 -0.049004 0.084875
    outer loop
      vertex 23.925 12.4359 34.4397
      vertex 23.7055 13.185 32.2985
      vertex 23.925 12.0029 34.1897
    endloop
  endfacet
  facet normal -0.667035 0.593649 0.450162
    outer loop
      vertex 23.325 12.489 32.6596
      vertex 23.325 11.534 33.919
      vertex 23.925 12.0029 34.1897
    endloop
  endfacet
  facet normal -0.66431 0.596716 0.450136
    outer loop
      vertex 23.325 12.489 32.6596
      vertex 23.7055 13.185 32.2985
      vertex 23.325 12.844 32.189
    endloop
  endfacet
  facet normal -0.664351 0.59671 0.450083
    outer loop
      vertex 23.7055 13.185 32.2985
      vertex 23.325 12.489 32.6596
      vertex 23.925 12.0029 34.1897
    endloop
  endfacet
  facet normal -0.6695 -0.662317 -0.336313
    outer loop
      vertex 23.925 12.4359 34.4397
      vertex 23.325 12.9049 34.7105
      vertex 23.7055 13.6181 32.5485
    endloop
  endfacet
  facet normal -0.672338 -0.659632 -0.335927
    outer loop
      vertex 23.325 13.8834 32.7891
      vertex 23.7055 13.6181 32.5485
      vertex 23.325 12.9049 34.7105
    endloop
  endfacet
  facet normal -0.995186 0.049004 -0.084875
    outer loop
      vertex 23.925 12.0029 34.1897
      vertex 23.7055 11.2538 36.3309
      vertex 23.925 12.4359 34.4397
    endloop
  endfacet
  facet normal -0.995186 0.049004 -0.084875
    outer loop
      vertex 23.7055 11.2538 36.3309
      vertex 23.925 12.0029 34.1897
      vertex 23.7055 10.8208 36.0809
    endloop
  endfacet
  facet normal -0.672289 0.659672 0.335947
    outer loop
      vertex 23.325 11.534 33.919
      vertex 23.325 10.5555 35.8404
      vertex 23.7055 10.8208 36.0809
    endloop
  endfacet
  facet normal -0.669408 0.662397 0.336339
    outer loop
      vertex 23.925 12.0029 34.1897
      vertex 23.325 11.534 33.919
      vertex 23.7055 10.8208 36.0809
    endloop
  endfacet
  facet normal -0.664407 -0.596665 -0.450061
    outer loop
      vertex 23.7055 11.2538 36.3309
      vertex 23.325 11.9498 35.9699
      vertex 23.925 12.4359 34.4397
    endloop
  endfacet
  facet normal -0.664481 -0.596655 -0.449964
    outer loop
      vertex 23.325 11.9498 35.9699
      vertex 23.7055 11.2538 36.3309
      vertex 23.325 11.5949 36.4405
    endloop
  endfacet
  facet normal -0.667129 -0.593559 -0.450141
    outer loop
      vertex 23.325 12.9049 34.7105
      vertex 23.925 12.4359 34.4397
      vertex 23.325 11.9498 35.9699
    endloop
  endfacet
  facet normal -0.956937 0.145152 -0.251403
    outer loop
      vertex 23.7055 10.8208 36.0809
      vertex 23.325 10.5871 37.3943
      vertex 23.7055 11.2538 36.3309
    endloop
  endfacet
  facet normal -0.956937 0.145152 -0.251403
    outer loop
      vertex 23.325 10.5871 37.3943
      vertex 23.7055 10.8208 36.0809
      vertex 23.325 10.1541 37.1443
    endloop
  endfacet
  facet normal -0.648684 0.727372 0.223918
    outer loop
      vertex 23.325 10.5555 35.8404
      vertex 23.325 10.1541 37.1443
      vertex 23.7055 10.8208 36.0809
    endloop
  endfacet
  facet normal -0.633849 -0.532697 -0.560775
    outer loop
      vertex 23.7055 11.2538 36.3309
      vertex 23.325 10.5871 37.3943
      vertex 23.325 11.0784 36.9276
    endloop
  endfacet
  facet normal -0.636203 -0.52934 -0.561289
    outer loop
      vertex 23.7055 11.2538 36.3309
      vertex 23.325 11.0784 36.9276
      vertex 23.325 11.5949 36.4405
    endloop
  endfacet
  facet normal -0.881906 0.235713 -0.408265
    outer loop
      vertex 22.6174 9.24382 38.5913
      vertex 21.9995 9.05928 39.8195
      vertex 22.6174 9.67683 38.8413
    endloop
  endfacet
  facet normal -0.881907 0.235709 -0.408266
    outer loop
      vertex 21.9995 9.05928 39.8195
      vertex 22.6174 9.24382 38.5913
      vertex 21.9995 8.62626 39.5695
    endloop
  endfacet
  facet normal -0.606398 0.786712 0.115611
    outer loop
      vertex 22.1579 8.84774 38.8932
      vertex 21.677 8.43083 39.2078
      vertex 21.9995 8.62626 39.5695
    endloop
  endfacet
  facet normal -0.603143 0.788988 0.117118
    outer loop
      vertex 22.1579 8.84774 38.8932
      vertex 21.9995 8.62626 39.5695
      vertex 22.6174 9.24382 38.5913
    endloop
  endfacet
  facet normal -0.578835 -0.473001 -0.664244
    outer loop
      vertex 21.9995 9.05928 39.8195
      vertex 21.677 9.47023 39.8079
      vertex 22.6174 9.67683 38.8413
    endloop
  endfacet
  facet normal -0.773022 0.317186 -0.549391
    outer loop
      vertex 21.9995 8.62626 39.5695
      vertex 20.5787 8.12597 41.2798
      vertex 21.9995 9.05928 39.8195
    endloop
  endfacet
  facet normal -0.773022 0.317186 -0.549391
    outer loop
      vertex 20.5787 8.12597 41.2798
      vertex 21.9995 8.62626 39.5695
      vertex 20.5787 7.69295 41.0298
    endloop
  endfacet
  facet normal -0.53748 0.843083 0.01807
    outer loop
      vertex 21.2633 8.16154 39.53
      vertex 20.1544 7.43613 40.3916
      vertex 20.5787 7.69295 41.0298
    endloop
  endfacet
  facet normal -0.53445 0.844962 0.02004
    outer loop
      vertex 21.9995 8.62626 39.5695
      vertex 21.2633 8.16154 39.53
      vertex 20.5787 7.69295 41.0298
    endloop
  endfacet
  facet normal -0.534449 0.844964 0.0199844
    outer loop
      vertex 21.2633 8.16154 39.53
      vertex 21.9995 8.62626 39.5695
      vertex 21.677 8.43083 39.2078
    endloop
  endfacet
  facet normal -0.501595 -0.419875 -0.756378
    outer loop
      vertex 20.5787 8.12597 41.2798
      vertex 20.1544 8.80705 41.1831
      vertex 21.9995 9.05928 39.8195
    endloop
  endfacet
  facet normal -0.502974 -0.416101 -0.757547
    outer loop
      vertex 21.9995 9.05928 39.8195
      vertex 20.1544 8.80705 41.1831
      vertex 21.677 9.47023 39.8079
    endloop
  endfacet
  facet normal -0.634388 0.386502 -0.669453
    outer loop
      vertex 18.8474 7.34789 42.4712
      vertex 20.5787 7.69295 41.0298
      vertex 18.8474 6.91487 42.2212
    endloop
  endfacet
  facet normal -0.634388 0.386502 -0.669453
    outer loop
      vertex 20.5787 7.69295 41.0298
      vertex 18.8474 7.34789 42.4712
      vertex 20.5787 8.12597 41.2798
    endloop
  endfacet
  facet normal -0.447999 0.891593 -0.0660161
    outer loop
      vertex 20.1544 7.43613 40.3916
      vertex 18.6319 6.77295 41.7669
      vertex 18.8474 6.91487 42.2212
    endloop
  endfacet
  facet normal -0.445127 0.893213 -0.0635029
    outer loop
      vertex 20.5787 7.69295 41.0298
      vertex 20.1544 7.43613 40.3916
      vertex 18.8474 6.91487 42.2212
    endloop
  endfacet
  facet normal -0.405156 -0.375124 -0.833745
    outer loop
      vertex 18.8474 7.34789 42.4712
      vertex 19.0455 8.08164 42.0448
      vertex 20.5787 8.12597 41.2798
    endloop
  endfacet
  facet normal -0.405276 -0.375072 -0.83371
    outer loop
      vertex 19.0455 8.08164 42.0448
      vertex 18.8474 7.34789 42.4712
      vertex 18.6319 7.81236 42.367
    endloop
  endfacet
  facet normal -0.405906 -0.37143 -0.835033
    outer loop
      vertex 20.5787 8.12597 41.2798
      vertex 19.0455 8.08164 42.0448
      vertex 20.1544 8.80705 41.1831
    endloop
  endfacet
  facet normal -0.471446 0.440942 -0.763747
    outer loop
      vertex 17.6915 6.99937 42.9835
      vertex 18.8474 6.91487 42.2212
      vertex 17.6915 6.56635 42.7335
    endloop
  endfacet
  facet normal -0.471446 0.440942 -0.763747
    outer loop
      vertex 18.8474 6.91487 42.2212
      vertex 17.6915 6.99937 42.9835
      vertex 18.8474 7.34789 42.4712
    endloop
  endfacet
  facet normal -0.338745 0.931798 -0.130401
    outer loop
      vertex 18.6319 6.77295 41.7669
      vertex 17.6915 6.56635 42.7335
      vertex 18.8474 6.91487 42.2212
    endloop
  endfacet
  facet normal -0.29311 -0.340881 -0.893245
    outer loop
      vertex 18.8474 7.34789 42.4712
      vertex 17.6915 6.99937 42.9835
      vertex 18.1509 7.39545 42.6816
    endloop
  endfacet
  facet normal -0.293281 -0.3368 -0.894735
    outer loop
      vertex 18.8474 7.34789 42.4712
      vertex 18.1509 7.39545 42.6816
      vertex 18.6319 7.81236 42.367
    endloop
  endfacet
  facet normal -0.29025 0.478478 -0.828742
    outer loop
      vertex 14.7289 6.3596 43.8705
      vertex 15.9832 6.15642 43.3139
      vertex 14.7289 5.92659 43.6205
    endloop
  endfacet
  facet normal -0.29025 0.478478 -0.828742
    outer loop
      vertex 15.9832 6.15642 43.3139
      vertex 14.7289 6.3596 43.8705
      vertex 15.9832 6.58943 43.5639
    endloop
  endfacet
  facet normal -0.221395 0.958179 -0.181321
    outer loop
      vertex 15.3334 5.99006 43.2178
      vertex 14.6532 5.81363 43.116
      vertex 14.7289 5.92659 43.6205
    endloop
  endfacet
  facet normal -0.219277 0.959295 -0.177964
    outer loop
      vertex 15.3334 5.99006 43.2178
      vertex 14.7289 5.92659 43.6205
      vertex 15.9832 6.15642 43.3139
    endloop
  endfacet
  facet normal -0.169758 -0.31792 -0.932796
    outer loop
      vertex 14.7289 6.3596 43.8705
      vertex 14.6532 6.85304 43.7161
      vertex 15.9832 6.58943 43.5639
    endloop
  endfacet
  facet normal -0.0980345 0.497594 -0.861852
    outer loop
      vertex 12.5 6.18218 44.0216
      vertex 14.7289 5.92659 43.6205
      vertex 12.5 5.74917 43.7716
    endloop
  endfacet
  facet normal -0.0980345 0.497594 -0.861852
    outer loop
      vertex 14.7289 5.92659 43.6205
      vertex 12.5 6.18218 44.0216
      vertex 14.7289 6.3596 43.8705
    endloop
  endfacet
  facet normal -0.093047 0.973667 -0.208124
    outer loop
      vertex 12.5 5.58022 42.9812
      vertex 12.5 5.74917 43.7716
      vertex 14.0682 5.75118 43.0799
    endloop
  endfacet
  facet normal -0.09142 0.974589 -0.204498
    outer loop
      vertex 14.0682 5.75118 43.0799
      vertex 14.7289 5.92659 43.6205
      vertex 14.6532 5.81363 43.116
    endloop
  endfacet
  facet normal -0.0914389 0.974592 -0.204475
    outer loop
      vertex 14.7289 5.92659 43.6205
      vertex 14.0682 5.75118 43.0799
      vertex 12.5 5.74917 43.7716
    endloop
  endfacet
  facet normal -0.0399514 -0.307711 -0.950641
    outer loop
      vertex 14.7289 6.3596 43.8705
      vertex 12.5 6.18218 44.0216
      vertex 12.5 6.95113 43.7727
    endloop
  endfacet
  facet normal -0.038864 -0.303827 -0.951934
    outer loop
      vertex 14.7289 6.3596 43.8705
      vertex 12.5 6.95113 43.7727
      vertex 14.6532 6.85304 43.7161
    endloop
  endfacet
  facet normal 0.0980239 0.497594 -0.861853
    outer loop
      vertex 10.2711 5.79127 43.5424
      vertex 12.5 6.18218 44.0216
      vertex 12.5 5.74917 43.7716
    endloop
  endfacet
  facet normal 0.0980265 0.497586 -0.861858
    outer loop
      vertex 12.5 6.18218 44.0216
      vertex 10.2711 5.79127 43.5424
      vertex 10.2711 6.22429 43.7924
    endloop
  endfacet
  facet normal 0.0388856 0.976337 -0.21273
    outer loop
      vertex 10.2711 5.79127 43.5424
      vertex 12.5 5.58022 42.9812
      vertex 10.3468 5.67831 43.0378
    endloop
  endfacet
  facet normal 0.0399339 0.977129 -0.208864
    outer loop
      vertex 12.5 5.58022 42.9812
      vertex 10.2711 5.79127 43.5424
      vertex 12.5 5.74917 43.7716
    endloop
  endfacet
  facet normal 0.0914429 -0.310233 -0.946252
    outer loop
      vertex 10.2711 6.22429 43.7924
      vertex 10.9318 6.78017 43.674
      vertex 12.5 6.18218 44.0216
    endloop
  endfacet
  facet normal 0.0915173 -0.310315 -0.946218
    outer loop
      vertex 10.9318 6.78017 43.674
      vertex 10.2711 6.22429 43.7924
      vertex 10.3468 6.71772 43.6379
    endloop
  endfacet
  facet normal 0.0930467 -0.306621 -0.947273
    outer loop
      vertex 12.5 6.95113 43.7727
      vertex 12.5 6.18218 44.0216
      vertex 10.9318 6.78017 43.674
    endloop
  endfacet
  facet normal 0.290313 0.47846 -0.828731
    outer loop
      vertex 9.01685 5.94192 43.19
      vertex 10.2711 6.22429 43.7924
      vertex 10.2711 5.79127 43.5424
    endloop
  endfacet
  facet normal 0.290309 0.478469 -0.828727
    outer loop
      vertex 10.2711 6.22429 43.7924
      vertex 9.01685 5.94192 43.19
      vertex 9.01685 6.37493 43.44
    endloop
  endfacet
  facet normal 0.169777 0.966804 -0.190959
    outer loop
      vertex 10.3468 5.67831 43.0378
      vertex 9.01685 5.94192 43.19
      vertex 10.2711 5.79127 43.5424
    endloop
  endfacet
  facet normal 0.219345 -0.325401 -0.919784
    outer loop
      vertex 10.2711 6.22429 43.7924
      vertex 9.01685 6.37493 43.44
      vertex 9.66661 6.54128 43.5361
    endloop
  endfacet
  facet normal 0.221326 -0.322161 -0.920449
    outer loop
      vertex 10.2711 6.22429 43.7924
      vertex 9.66661 6.54128 43.5361
      vertex 10.3468 6.71772 43.6379
    endloop
  endfacet
  facet normal 0.471378 0.440968 -0.763774
    outer loop
      vertex 6.15261 6.50892 41.9869
      vertex 7.30853 6.6726 42.7948
      vertex 7.30853 6.23959 42.5448
    endloop
  endfacet
  facet normal 0.471381 0.440959 -0.763777
    outer loop
      vertex 7.30853 6.6726 42.7948
      vertex 6.15261 6.50892 41.9869
      vertex 6.15261 6.94194 42.2369
    endloop
  endfacet
  facet normal 0.293245 0.943301 -0.155531
    outer loop
      vertex 6.36813 6.367 41.5325
      vertex 6.15261 6.50892 41.9869
      vertex 6.84908 6.30296 42.0509
    endloop
  endfacet
  facet normal 0.293084 0.944004 -0.151521
    outer loop
      vertex 6.84908 6.30296 42.0509
      vertex 6.15261 6.50892 41.9869
      vertex 7.30853 6.23959 42.5448
    endloop
  endfacet
  facet normal 0.338693 -0.353009 -0.872165
    outer loop
      vertex 7.30853 6.6726 42.7948
      vertex 6.15261 6.94194 42.2369
      vertex 6.36813 7.40641 42.1326
    endloop
  endfacet
  facet normal 0.634407 0.386495 -0.66944
    outer loop
      vertex 4.42131 7.15169 40.7173
      vertex 6.15261 6.94194 42.2369
      vertex 6.15261 6.50892 41.9869
    endloop
  endfacet
  facet normal 0.634405 0.386502 -0.669437
    outer loop
      vertex 6.15261 6.94194 42.2369
      vertex 4.42131 7.15169 40.7173
      vertex 4.42131 7.5847 40.9673
    endloop
  endfacet
  facet normal 0.40591 0.908867 -0.0959006
    outer loop
      vertex 4.84557 6.89487 40.0791
      vertex 4.42131 7.15169 40.7173
      vertex 5.95446 6.51138 41.1382
    endloop
  endfacet
  facet normal 0.405124 0.909626 -0.0919496
    outer loop
      vertex 5.95446 6.51138 41.1382
      vertex 6.15261 6.50892 41.9869
      vertex 6.36813 6.367 41.5325
    endloop
  endfacet
  facet normal 0.40514 0.909618 -0.0919535
    outer loop
      vertex 6.15261 6.50892 41.9869
      vertex 5.95446 6.51138 41.1382
      vertex 4.42131 7.15169 40.7173
    endloop
  endfacet
  facet normal 0.44514 -0.391622 -0.805284
    outer loop
      vertex 4.42131 7.5847 40.9673
      vertex 4.84557 8.26578 40.8706
      vertex 6.15261 6.94194 42.2369
    endloop
  endfacet
  facet normal -0.222227 0 -0.974995
    outer loop
      vertex 4.84557 8.26578 40.8706
      vertex 4.42131 7.5847 40.9673
      vertex 4.84557 8.26579 40.8706
    endloop
  endfacet
  facet normal 0.44798 -0.388668 -0.80514
    outer loop
      vertex 6.15261 6.94194 42.2369
      vertex 4.84557 8.26578 40.8706
      vertex 6.36813 7.40641 42.1326
    endloop
  endfacet
  facet normal 0.773007 0.3172 -0.549403
    outer loop
      vertex 4.42131 7.15169 40.7173
      vertex 3.00046 8.3827 39.4289
      vertex 4.42131 7.5847 40.9673
    endloop
  endfacet
  facet normal 0.773007 0.317195 -0.549407
    outer loop
      vertex 3.00046 8.3827 39.4289
      vertex 4.42131 7.15169 40.7173
      vertex 3.00046 7.94968 39.1789
    endloop
  endfacet
  facet normal 0.502965 0.864111 -0.0183871
    outer loop
      vertex 3.32301 7.75424 38.8172
      vertex 3.00046 7.94968 39.1789
      vertex 4.84557 6.89487 40.0791
    endloop
  endfacet
  facet normal 0.501614 0.864968 -0.0146138
    outer loop
      vertex 4.42131 7.15169 40.7173
      vertex 4.84557 6.89487 40.0791
      vertex 3.00046 7.94968 39.1789
    endloop
  endfacet
  facet normal 0.534434 -0.439837 -0.72175
    outer loop
      vertex 3.00046 8.3827 39.4289
      vertex 3.73668 8.64927 39.8116
      vertex 4.42131 7.5847 40.9673
    endloop
  endfacet
  facet normal 0.534434 -0.439844 -0.721746
    outer loop
      vertex 3.73668 8.64927 39.8116
      vertex 3.00046 8.3827 39.4289
      vertex 3.32301 8.79365 39.4173
    endloop
  endfacet
  facet normal 0.537475 -0.437182 -0.721106
    outer loop
      vertex 4.42131 7.5847 40.9673
      vertex 3.73668 8.64927 39.8116
      vertex 4.84557 8.26579 40.8706
    endloop
  endfacet
  facet normal 0.881919 0.235697 -0.408247
    outer loop
      vertex 3.00046 7.94968 39.1789
      vertex 2.38261 8.92106 38.405
      vertex 3.00046 8.3827 39.4289
    endloop
  endfacet
  facet normal 0.88192 0.235701 -0.408243
    outer loop
      vertex 2.38261 8.92106 38.405
      vertex 3.00046 7.94968 39.1789
      vertex 2.38261 8.48805 38.155
    endloop
  endfacet
  facet normal 0.578822 0.811758 0.0775477
    outer loop
      vertex 3.32301 7.75424 38.8172
      vertex 2.38261 8.48805 38.155
      vertex 3.00046 7.94968 39.1789
    endloop
  endfacet
  facet normal 0.603154 -0.495923 -0.624713
    outer loop
      vertex 3.00046 8.3827 39.4289
      vertex 2.38261 8.92106 38.405
      vertex 2.84206 8.85769 38.8989
    endloop
  endfacet
  facet normal 0.606354 -0.49352 -0.623516
    outer loop
      vertex 3.00046 8.3827 39.4289
      vertex 2.84206 8.85769 38.8989
      vertex 3.32301 8.79365 39.4173
    endloop
  endfacet
  facet normal 0.956936 0.14515 -0.251405
    outer loop
      vertex 1.675 9.28608 36.6431
      vertex 1.29453 10.3066 35.7841
      vertex 1.675 9.71909 36.8931
    endloop
  endfacet
  facet normal 0.956937 0.145154 -0.251401
    outer loop
      vertex 1.29453 10.3066 35.7841
      vertex 1.675 9.28608 36.6431
      vertex 1.29453 9.87361 35.5341
    endloop
  endfacet
  facet normal 0.636121 0.750815 0.177842
    outer loop
      vertex 1.675 9.60825 35.2935
      vertex 1.29453 9.87361 35.5341
      vertex 1.675 9.4446 35.9844
    endloop
  endfacet
  facet normal 0.633784 0.752039 0.180983
    outer loop
      vertex 1.675 9.4446 35.9844
      vertex 1.29453 9.87361 35.5341
      vertex 1.675 9.28608 36.6431
    endloop
  endfacet
  facet normal 0.648837 -0.557463 -0.517924
    outer loop
      vertex 1.675 9.71909 36.8931
      vertex 1.29453 10.3066 35.7841
      vertex 1.675 10.6477 35.8936
    endloop
  endfacet
  facet normal 0.995185 0.04901 -0.0848833
    outer loop
      vertex 1.29453 9.87361 35.5341
      vertex 1.075 11.3534 33.8147
      vertex 1.29453 10.3066 35.7841
    endloop
  endfacet
  facet normal 0.995185 0.0490092 -0.084884
    outer loop
      vertex 1.075 11.3534 33.8147
      vertex 1.29453 9.87361 35.5341
      vertex 1.075 10.9204 33.5647
    endloop
  endfacet
  facet normal 0.667098 0.686641 0.288971
    outer loop
      vertex 1.675 10.4514 33.294
      vertex 1.075 10.9204 33.5647
      vertex 1.675 9.83831 34.7508
    endloop
  endfacet
  facet normal 0.66439 0.68811 0.291702
    outer loop
      vertex 1.675 9.83831 34.7508
      vertex 1.29453 9.87361 35.5341
      vertex 1.675 9.60825 35.2935
    endloop
  endfacet
  facet normal 0.66438 0.688122 0.291697
    outer loop
      vertex 1.29453 9.87361 35.5341
      vertex 1.675 9.83831 34.7508
      vertex 1.075 10.9204 33.5647
    endloop
  endfacet
  facet normal 0.669501 -0.622396 -0.405453
    outer loop
      vertex 1.29453 10.3066 35.7841
      vertex 1.075 11.3534 33.8147
      vertex 1.675 11.8224 34.0855
    endloop
  endfacet
  facet normal 0.672468 -0.620642 -0.403224
    outer loop
      vertex 1.29453 10.3066 35.7841
      vertex 1.675 11.8224 34.0855
      vertex 1.675 10.6477 35.8936
    endloop
  endfacet
  facet normal 0.995184 -0.049011 0.0848871
    outer loop
      vertex 1.075 10.9204 33.5647
      vertex 1.29453 12.4002 31.8454
      vertex 1.075 11.3534 33.8147
    endloop
  endfacet
  facet normal 0.995184 -0.049011 0.0848871
    outer loop
      vertex 1.29453 12.4002 31.8454
      vertex 1.075 10.9204 33.5647
      vertex 1.29453 11.9672 31.5954
    endloop
  endfacet
  facet normal 0.672375 0.620698 0.403294
    outer loop
      vertex 1.29453 11.9672 31.5954
      vertex 1.675 10.4514 33.294
      vertex 1.675 11.6262 31.4859
    endloop
  endfacet
  facet normal 0.669463 0.622418 0.405481
    outer loop
      vertex 1.29453 11.9672 31.5954
      vertex 1.075 10.9204 33.5647
      vertex 1.675 10.4514 33.294
    endloop
  endfacet
  facet normal 0.664395 -0.688105 -0.291704
    outer loop
      vertex 1.29453 12.4002 31.8454
      vertex 1.675 12.4355 32.6287
      vertex 1.075 11.3534 33.8147
    endloop
  endfacet
  facet normal 0.664438 -0.688052 -0.291728
    outer loop
      vertex 1.675 12.4355 32.6287
      vertex 1.29453 12.4002 31.8454
      vertex 1.675 12.6656 32.086
    endloop
  endfacet
  facet normal 0.667125 -0.686617 -0.288965
    outer loop
      vertex 1.675 12.4355 32.6287
      vertex 1.675 11.8224 34.0855
      vertex 1.075 11.3534 33.8147
    endloop
  endfacet
  facet normal 0.956941 -0.145144 0.251389
    outer loop
      vertex 1.29453 11.9672 31.5954
      vertex 1.675 12.9877 30.7363
      vertex 1.29453 12.4002 31.8454
    endloop
  endfacet
  facet normal 0.956941 -0.145144 0.251389
    outer loop
      vertex 1.675 12.9877 30.7363
      vertex 1.29453 11.9672 31.5954
      vertex 1.675 12.5547 30.4863
    endloop
  endfacet
  facet normal 0.648772 0.55756 0.517902
    outer loop
      vertex 1.675 12.5547 30.4863
      vertex 1.29453 11.9672 31.5954
      vertex 1.675 11.6262 31.4859
    endloop
  endfacet
  facet normal 0.633814 -0.752027 -0.180929
    outer loop
      vertex 1.675 12.8292 31.3951
      vertex 1.29453 12.4002 31.8454
      vertex 1.675 12.9877 30.7363
    endloop
  endfacet
  facet normal 0.636153 -0.750801 -0.177784
    outer loop
      vertex 1.675 12.6656 32.086
      vertex 1.29453 12.4002 31.8454
      vertex 1.675 12.8292 31.3951
    endloop
  endfacet
  facet normal 0.881914 -0.23571 0.40825
    outer loop
      vertex 2.38261 13.3528 28.9744
      vertex 3.00046 14.3241 28.2005
      vertex 2.38261 13.7858 29.2244
    endloop
  endfacet
  facet normal 0.881914 -0.23571 0.40825
    outer loop
      vertex 3.00046 14.3241 28.2005
      vertex 2.38261 13.3528 28.9744
      vertex 3.00046 13.8911 27.9505
    endloop
  endfacet
  facet normal 0.606311 0.493547 0.623537
    outer loop
      vertex 3.00046 13.8911 27.9505
      vertex 2.84206 13.4161 28.4805
      vertex 3.32301 13.4802 27.9621
    endloop
  endfacet
  facet normal 0.603216 0.49587 0.624694
    outer loop
      vertex 3.00046 13.8911 27.9505
      vertex 2.38261 13.3528 28.9744
      vertex 2.84206 13.4161 28.4805
    endloop
  endfacet
  facet normal 0.578861 -0.811739 -0.0774584
    outer loop
      vertex 3.32301 14.5196 28.5622
      vertex 2.38261 13.7858 29.2244
      vertex 3.00046 14.3241 28.2005
    endloop
  endfacet
  facet normal 0.773007 -0.317206 0.5494
    outer loop
      vertex 3.00046 13.8911 27.9505
      vertex 4.42131 15.1221 26.6621
      vertex 3.00046 14.3241 28.2005
    endloop
  endfacet
  facet normal 0.773007 -0.317206 0.5494
    outer loop
      vertex 4.42131 15.1221 26.6621
      vertex 3.00046 13.8911 27.9505
      vertex 4.42131 14.6891 26.4121
    endloop
  endfacet
  facet normal 0.537474 0.437175 0.72111
    outer loop
      vertex 4.42131 14.6891 26.4121
      vertex 3.73668 13.6245 27.5678
      vertex 4.84557 14.008 26.5088
    endloop
  endfacet
  facet normal 0.534447 0.439819 0.721752
    outer loop
      vertex 3.00046 13.8911 27.9505
      vertex 3.73668 13.6245 27.5678
      vertex 4.42131 14.6891 26.4121
    endloop
  endfacet
  facet normal 0.53445 0.439908 0.721695
    outer loop
      vertex 3.73668 13.6245 27.5678
      vertex 3.00046 13.8911 27.9505
      vertex 3.32301 13.4802 27.9621
    endloop
  endfacet
  facet normal 0.501604 -0.864974 0.0145958
    outer loop
      vertex 4.42131 15.1221 26.6621
      vertex 4.84557 15.3789 27.3003
      vertex 3.00046 14.3241 28.2005
    endloop
  endfacet
  facet normal 0.832776 0 -0.55361
    outer loop
      vertex 4.84557 15.3789 27.3003
      vertex 4.42131 15.1221 26.6621
      vertex 4.84557 15.379 27.3003
    endloop
  endfacet
  facet normal 0.502998 -0.86409 0.0184895
    outer loop
      vertex 3.32301 14.5196 28.5622
      vertex 3.00046 14.3241 28.2005
      vertex 4.84557 15.3789 27.3003
    endloop
  endfacet
  facet normal 0.634387 -0.386516 0.669446
    outer loop
      vertex 4.42131 15.1221 26.6621
      vertex 6.15261 15.3319 25.1426
      vertex 6.15261 15.7649 25.3926
    endloop
  endfacet
  facet normal 0.634387 -0.386516 0.669446
    outer loop
      vertex 6.15261 15.3319 25.1426
      vertex 4.42131 15.1221 26.6621
      vertex 4.42131 14.6891 26.4121
    endloop
  endfacet
  facet normal 0.448074 0.388518 0.80516
    outer loop
      vertex 6.15261 15.3319 25.1426
      vertex 4.84557 14.008 26.5088
      vertex 6.36813 14.8674 25.2468
    endloop
  endfacet
  facet normal 0.445113 0.391598 0.805311
    outer loop
      vertex 4.42131 14.6891 26.4121
      vertex 4.84557 14.008 26.5088
      vertex 6.15261 15.3319 25.1426
    endloop
  endfacet
  facet normal 0.405121 -0.909632 0.091906
    outer loop
      vertex 6.15261 15.7649 25.3926
      vertex 5.95446 15.7624 26.2413
      vertex 4.42131 15.1221 26.6621
    endloop
  endfacet
  facet normal 0.405152 -0.909617 0.0919134
    outer loop
      vertex 5.95446 15.7624 26.2413
      vertex 6.15261 15.7649 25.3926
      vertex 6.36813 15.9068 25.8469
    endloop
  endfacet
  facet normal 0.40592 -0.908852 0.0960023
    outer loop
      vertex 4.84557 15.379 27.3003
      vertex 4.42131 15.1221 26.6621
      vertex 5.95446 15.7624 26.2413
    endloop
  endfacet
  facet normal 0.47142 -0.440964 0.76375
    outer loop
      vertex 6.15261 15.7649 25.3926
      vertex 7.30853 15.6012 24.5846
      vertex 7.30853 16.0342 24.8346
    endloop
  endfacet
  facet normal 0.47142 -0.440964 0.76375
    outer loop
      vertex 7.30853 15.6012 24.5846
      vertex 6.15261 15.7649 25.3926
      vertex 6.15261 15.3319 25.1426
    endloop
  endfacet
  facet normal 0.33882 0.35286 0.872176
    outer loop
      vertex 7.30853 15.6012 24.5846
      vertex 6.15261 15.3319 25.1426
      vertex 6.36813 14.8674 25.2468
    endloop
  endfacet
  facet normal 0.29314 -0.943961 0.151681
    outer loop
      vertex 6.84908 15.9709 25.3286
      vertex 6.15261 15.7649 25.3926
      vertex 7.30853 16.0342 24.8346
    endloop
  endfacet
  facet normal 0.293293 -0.943292 0.155498
    outer loop
      vertex 6.36813 15.9068 25.8469
      vertex 6.15261 15.7649 25.3926
      vertex 6.84908 15.9709 25.3286
    endloop
  endfacet
  facet normal 0.290234 -0.478488 0.828742
    outer loop
      vertex 9.01685 16.3319 24.1894
      vertex 10.2711 16.0495 23.5871
      vertex 10.2711 16.4825 23.8371
    endloop
  endfacet
  facet normal 0.290234 -0.478488 0.828742
    outer loop
      vertex 10.2711 16.0495 23.5871
      vertex 9.01685 16.3319 24.1894
      vertex 9.01685 15.8989 23.9394
    endloop
  endfacet
  facet normal 0.22141 0.322016 0.92048
    outer loop
      vertex 10.2711 16.0495 23.5871
      vertex 9.66661 15.7325 23.8434
      vertex 10.3468 15.5561 23.7415
    endloop
  endfacet
  facet normal 0.219259 0.325534 0.919757
    outer loop
      vertex 10.2711 16.0495 23.5871
      vertex 9.01685 15.8989 23.9394
      vertex 9.66661 15.7325 23.8434
    endloop
  endfacet
  facet normal 0.169753 -0.966786 0.191073
    outer loop
      vertex 10.3468 16.5955 24.3416
      vertex 9.01685 16.3319 24.1894
      vertex 10.2711 16.4825 23.8371
    endloop
  endfacet
  facet normal 0.0980236 -0.497603 0.861848
    outer loop
      vertex 10.2711 16.4825 23.8371
      vertex 12.5 16.0916 23.3579
      vertex 12.5 16.5246 23.6079
    endloop
  endfacet
  facet normal 0.0980236 -0.497603 0.861848
    outer loop
      vertex 12.5 16.0916 23.3579
      vertex 10.2711 16.4825 23.8371
      vertex 10.2711 16.0495 23.5871
    endloop
  endfacet
  facet normal 0.0930268 0.306528 0.947305
    outer loop
      vertex 12.5 15.3227 23.6067
      vertex 12.5 16.0916 23.3579
      vertex 10.9318 15.4936 23.7054
    endloop
  endfacet
  facet normal 0.0914526 0.310074 0.946303
    outer loop
      vertex 10.2711 16.0495 23.5871
      vertex 10.9318 15.4936 23.7054
      vertex 12.5 16.0916 23.3579
    endloop
  endfacet
  facet normal 0.0915303 0.310159 0.946268
    outer loop
      vertex 10.9318 15.4936 23.7054
      vertex 10.2711 16.0495 23.5871
      vertex 10.3468 15.5561 23.7415
    endloop
  endfacet
  facet normal 0.0399422 -0.977111 0.208948
    outer loop
      vertex 12.5 16.6936 24.3982
      vertex 10.2711 16.4825 23.8371
      vertex 12.5 16.5246 23.6079
    endloop
  endfacet
  facet normal 0.038886 -0.976312 0.212844
    outer loop
      vertex 10.2711 16.4825 23.8371
      vertex 12.5 16.6936 24.3982
      vertex 10.3468 16.5955 24.3416
    endloop
  endfacet
  facet normal -0.0979921 -0.497605 0.861851
    outer loop
      vertex 12.5 16.0916 23.3579
      vertex 14.7289 16.3472 23.7589
      vertex 12.5 16.5246 23.6079
    endloop
  endfacet
  facet normal -0.0979921 -0.497605 0.861851
    outer loop
      vertex 14.7289 16.3472 23.7589
      vertex 12.5 16.0916 23.3579
      vertex 14.7289 15.9142 23.5089
    endloop
  endfacet
  facet normal -0.0389171 0.304032 0.951867
    outer loop
      vertex 14.7289 15.9142 23.5089
      vertex 12.5 15.3227 23.6067
      vertex 14.6532 15.4208 23.6634
    endloop
  endfacet
  facet normal -0.0399211 0.307618 0.950672
    outer loop
      vertex 12.5 16.0916 23.3579
      vertex 12.5 15.3227 23.6067
      vertex 14.7289 15.9142 23.5089
    endloop
  endfacet
  facet normal -0.0913685 -0.974584 0.204541
    outer loop
      vertex 14.0682 16.5226 24.2995
      vertex 14.7289 16.3472 23.7589
      vertex 14.6532 16.4602 24.2635
    endloop
  endfacet
  facet normal -0.0914214 -0.974592 0.204479
    outer loop
      vertex 14.7289 16.3472 23.7589
      vertex 14.0682 16.5226 24.2995
      vertex 12.5 16.5246 23.6079
    endloop
  endfacet
  facet normal -0.0930644 -0.973647 0.208207
    outer loop
      vertex 12.5 16.6936 24.3982
      vertex 12.5 16.5246 23.6079
      vertex 14.0682 16.5226 24.2995
    endloop
  endfacet
  facet normal -0.290301 -0.478478 0.828724
    outer loop
      vertex 14.7289 15.9142 23.5089
      vertex 15.9832 16.1174 24.0656
      vertex 14.7289 16.3472 23.7589
    endloop
  endfacet
  facet normal -0.290301 -0.478478 0.828724
    outer loop
      vertex 15.9832 16.1174 24.0656
      vertex 14.7289 15.9142 23.5089
      vertex 15.9832 15.6844 23.8156
    endloop
  endfacet
  facet normal -0.169787 0.318117 0.932724
    outer loop
      vertex 14.7289 15.9142 23.5089
      vertex 14.6532 15.4208 23.6634
      vertex 15.9832 15.6844 23.8156
    endloop
  endfacet
  facet normal -0.219315 -0.959243 0.178197
    outer loop
      vertex 15.3334 16.2838 24.1616
      vertex 14.7289 16.3472 23.7589
      vertex 15.9832 16.1174 24.0656
    endloop
  endfacet
  facet normal -0.22132 -0.958186 0.181374
    outer loop
      vertex 15.3334 16.2838 24.1616
      vertex 14.6532 16.4602 24.2635
      vertex 14.7289 16.3472 23.7589
    endloop
  endfacet
  facet normal -0.471419 -0.440964 0.76375
    outer loop
      vertex 17.6915 15.2745 24.396
      vertex 18.8474 15.3589 25.1582
      vertex 17.6915 15.7075 24.646
    endloop
  endfacet
  facet normal -0.471419 -0.440964 0.76375
    outer loop
      vertex 18.8474 15.3589 25.1582
      vertex 17.6915 15.2745 24.396
      vertex 18.8474 14.9259 24.9082
    endloop
  endfacet
  facet normal -0.293246 0.337012 0.894667
    outer loop
      vertex 18.8474 14.9259 24.9082
      vertex 18.1509 14.8784 24.6978
      vertex 18.6319 14.4615 25.0125
    endloop
  endfacet
  facet normal -0.29309 0.340714 0.893315
    outer loop
      vertex 18.8474 14.9259 24.9082
      vertex 17.6915 15.2745 24.396
      vertex 18.1509 14.8784 24.6978
    endloop
  endfacet
  facet normal -0.338823 -0.931757 0.130487
    outer loop
      vertex 18.6319 15.5009 25.6126
      vertex 17.6915 15.7075 24.646
      vertex 18.8474 15.3589 25.1582
    endloop
  endfacet
  facet normal -0.634378 -0.38652 0.669453
    outer loop
      vertex 18.8474 14.9259 24.9082
      vertex 20.5787 14.5809 26.3496
      vertex 18.8474 15.3589 25.1582
    endloop
  endfacet
  facet normal -0.634378 -0.38652 0.669453
    outer loop
      vertex 20.5787 14.5809 26.3496
      vertex 18.8474 14.9259 24.9082
      vertex 20.5787 14.1479 26.0996
    endloop
  endfacet
  facet normal -0.405899 0.371332 0.83508
    outer loop
      vertex 20.5787 14.1479 26.0996
      vertex 19.2135 14.0823 25.4652
      vertex 20.2857 13.6774 26.1664
    endloop
  endfacet
  facet normal -0.405921 0.371168 0.835142
    outer loop
      vertex 19.2135 14.0823 25.4652
      vertex 20.5787 14.1479 26.0996
      vertex 19.0455 14.1922 25.3347
    endloop
  endfacet
  facet normal -0.40509 0.375263 0.833714
    outer loop
      vertex 18.8474 14.9259 24.9082
      vertex 19.0455 14.1922 25.3347
      vertex 20.5787 14.1479 26.0996
    endloop
  endfacet
  facet normal -0.405139 0.375242 0.8337
    outer loop
      vertex 19.0455 14.1922 25.3347
      vertex 18.8474 14.9259 24.9082
      vertex 18.6319 14.4615 25.0125
    endloop
  endfacet
  facet normal -0.445094 -0.893229 0.0635037
    outer loop
      vertex 20.5787 14.5809 26.3496
      vertex 20.1544 14.8377 26.9878
      vertex 18.8474 15.3589 25.1582
    endloop
  endfacet
  facet normal -0.448072 -0.89155 0.0661101
    outer loop
      vertex 20.1544 14.8377 26.9878
      vertex 18.6319 15.5009 25.6126
      vertex 18.8474 15.3589 25.1582
    endloop
  endfacet
  facet normal -0.773021 -0.317197 0.549386
    outer loop
      vertex 20.5787 14.1479 26.0996
      vertex 21.9995 13.6476 27.8099
      vertex 20.5787 14.5809 26.3496
    endloop
  endfacet
  facet normal -0.773028 -0.317138 0.549409
    outer loop
      vertex 21.9995 13.6476 27.8099
      vertex 20.5787 14.1479 26.0996
      vertex 21.9995 13.2145 27.5599
    endloop
  endfacet
  facet normal -0.503 0.416043 0.757562
    outer loop
      vertex 21.9995 13.2145 27.5599
      vertex 20.8214 13.3756 26.6892
      vertex 21.727 12.8672 27.5697
    endloop
  endfacet
  facet normal -0.50162 0.419819 0.756393
    outer loop
      vertex 20.5787 14.1479 26.0996
      vertex 20.8214 13.3756 26.6892
      vertex 21.9995 13.2145 27.5599
    endloop
  endfacet
  facet normal -0.501662 0.419794 0.756378
    outer loop
      vertex 20.8214 13.3756 26.6892
      vertex 20.5787 14.1479 26.0996
      vertex 20.2857 13.6774 26.1664
    endloop
  endfacet
  facet normal -0.534434 -0.844973 -0.0200367
    outer loop
      vertex 21.2633 14.1123 27.8494
      vertex 21.9995 13.6476 27.8099
      vertex 21.677 13.843 28.1716
    endloop
  endfacet
  facet normal -0.534434 -0.844972 -0.020056
    outer loop
      vertex 21.9995 13.6476 27.8099
      vertex 21.2633 14.1123 27.8494
      vertex 20.5787 14.5809 26.3496
    endloop
  endfacet
  facet normal -0.537467 -0.843091 -0.0180842
    outer loop
      vertex 21.2633 14.1123 27.8494
      vertex 20.1544 14.8377 26.9878
      vertex 20.5787 14.5809 26.3496
    endloop
  endfacet
  facet normal -0.88191 -0.235673 0.408281
    outer loop
      vertex 21.9995 13.2145 27.5599
      vertex 22.6174 13.03 28.7881
      vertex 21.9995 13.6476 27.8099
    endloop
  endfacet
  facet normal -0.881902 -0.235721 0.40827
    outer loop
      vertex 22.6174 13.03 28.7881
      vertex 21.9995 13.2145 27.5599
      vertex 22.6174 12.597 28.5381
    endloop
  endfacet
  facet normal -0.578781 0.473079 0.664235
    outer loop
      vertex 21.9995 13.2145 27.5599
      vertex 21.8445 12.7668 27.7437
      vertex 22.6174 12.597 28.5381
    endloop
  endfacet
  facet normal -0.579054 0.473077 0.663999
    outer loop
      vertex 21.8445 12.7668 27.7437
      vertex 21.9995 13.2145 27.5599
      vertex 21.727 12.8672 27.5697
    endloop
  endfacet
  facet normal -0.603156 -0.788975 -0.117135
    outer loop
      vertex 22.1579 13.4261 28.4862
      vertex 21.9995 13.6476 27.8099
      vertex 22.6174 13.03 28.7881
    endloop
  endfacet
  facet normal -0.606372 -0.786727 -0.115645
    outer loop
      vertex 22.1579 13.4261 28.4862
      vertex 21.677 13.843 28.1716
      vertex 21.9995 13.6476 27.8099
    endloop
  endfacet
  facet normal -0.956937 -0.145152 0.251403
    outer loop
      vertex 23.325 11.6867 29.9851
      vertex 23.7055 11.453 31.2985
      vertex 23.325 12.1197 30.2351
    endloop
  endfacet
  facet normal -0.956937 -0.145152 0.251403
    outer loop
      vertex 23.7055 11.453 31.2985
      vertex 23.325 11.6867 29.9851
      vertex 23.7055 11.02 31.0485
    endloop
  endfacet
  facet normal -0.636007 0.529525 0.561337
    outer loop
      vertex 23.7055 11.02 31.0485
      vertex 23.3425 11.1874 30.4793
      vertex 23.5537 10.884 31.0048
    endloop
  endfacet
  facet normal -0.635453 0.53181 0.5598
    outer loop
      vertex 23.3425 11.1874 30.4793
      vertex 23.325 11.6867 29.9851
      vertex 23.325 11.2127 30.4354
    endloop
  endfacet
  facet normal -0.63365 0.532885 0.560822
    outer loop
      vertex 23.325 11.6867 29.9851
      vertex 23.3425 11.1874 30.4793
      vertex 23.7055 11.02 31.0485
    endloop
  endfacet
  facet normal -0.648812 -0.727288 -0.223819
    outer loop
      vertex 23.7055 11.453 31.2985
      vertex 23.325 11.7184 31.5391
      vertex 23.325 12.1197 30.2351
    endloop
  endfacet
  facet normal -0.995186 -0.049004 0.084875
    outer loop
      vertex 23.7055 11.02 31.0485
      vertex 23.925 10.2709 33.1897
      vertex 23.7055 11.453 31.2985
    endloop
  endfacet
  facet normal -0.995186 -0.0490012 0.084876
    outer loop
      vertex 23.925 10.2709 33.1897
      vertex 23.7055 11.02 31.0485
      vertex 23.925 9.83787 32.9397
    endloop
  endfacet
  facet normal -0.667142 0.593609 0.450056
    outer loop
      vertex 23.925 9.83787 32.9397
      vertex 23.8178 9.92475 32.6662
      vertex 23.8569 9.78461 32.909
    endloop
  endfacet
  facet normal -0.664248 0.596773 0.450152
    outer loop
      vertex 23.8178 9.92475 32.6662
      vertex 23.7055 11.02 31.0485
      vertex 23.5537 10.884 31.0048
    endloop
  endfacet
  facet normal -0.664623 0.596484 0.449982
    outer loop
      vertex 23.7055 11.02 31.0485
      vertex 23.8178 9.92475 32.6662
      vertex 23.925 9.83787 32.9397
    endloop
  endfacet
  facet normal -0.669439 -0.662374 -0.336321
    outer loop
      vertex 23.925 10.2709 33.1897
      vertex 23.325 10.7398 33.4605
      vertex 23.7055 11.453 31.2985
    endloop
  endfacet
  facet normal -0.672437 -0.659538 -0.335913
    outer loop
      vertex 23.7055 11.453 31.2985
      vertex 23.325 10.7398 33.4605
      vertex 23.325 11.7184 31.5391
    endloop
  endfacet
  facet normal -0.995186 0.0490031 -0.0848792
    outer loop
      vertex 23.7522 8.90732 34.4285
      vertex 23.925 10.2709 33.1897
      vertex 23.925 9.83787 32.9397
    endloop
  endfacet
  facet normal -0.995186 0.0490125 -0.0848689
    outer loop
      vertex 23.925 10.2709 33.1897
      vertex 23.7522 8.90732 34.4285
      vertex 23.7055 9.08877 35.0809
    endloop
  endfacet
  facet normal -0.995189 0.0489762 -0.0848591
    outer loop
      vertex 23.7055 9.08877 35.0809
      vertex 23.7522 8.90732 34.4285
      vertex 23.7055 8.67016 34.8393
    endloop
  endfacet
  facet normal -0.669554 0.662297 0.336245
    outer loop
      vertex 23.8569 9.78461 32.909
      vertex 23.7522 8.90732 34.4285
      vertex 23.925 9.83787 32.9397
    endloop
  endfacet
  facet normal -0.6644 -0.596666 -0.45007
    outer loop
      vertex 23.7055 9.08877 35.0809
      vertex 23.325 9.78477 34.7199
      vertex 23.925 10.2709 33.1897
    endloop
  endfacet
  facet normal -0.664418 -0.596663 -0.450046
    outer loop
      vertex 23.325 9.78477 34.7199
      vertex 23.7055 9.08877 35.0809
      vertex 23.325 9.42981 35.1905
    endloop
  endfacet
  facet normal -0.667076 -0.593613 -0.450149
    outer loop
      vertex 23.325 10.7398 33.4605
      vertex 23.925 10.2709 33.1897
      vertex 23.325 9.78477 34.7199
    endloop
  endfacet
  facet normal -0.956937 0.14511 -0.251426
    outer loop
      vertex 23.7055 8.67016 34.8393
      vertex 23.325 8.42205 36.1443
      vertex 23.7055 9.08877 35.0809
    endloop
  endfacet
  facet normal -0.956934 0.145139 -0.25142
    outer loop
      vertex 23.325 8.42205 36.1443
      vertex 23.7055 8.67016 34.8393
      vertex 23.325 8.04303 35.9255
    endloop
  endfacet
  facet normal -0.633742 -0.532791 -0.560806
    outer loop
      vertex 23.7055 9.08877 35.0809
      vertex 23.325 8.42205 36.1443
      vertex 23.325 8.91329 35.6776
    endloop
  endfacet
  facet normal -0.636149 -0.529359 -0.561332
    outer loop
      vertex 23.7055 9.08877 35.0809
      vertex 23.325 8.91329 35.6776
      vertex 23.325 9.42981 35.1905
    endloop
  endfacet
  facet normal -0.881907 0.235692 -0.408276
    outer loop
      vertex 22.6174 7.18888 37.4049
      vertex 21.9995 6.89421 38.5695
      vertex 22.6174 7.51177 37.5913
    endloop
  endfacet
  facet normal -0.881913 0.235644 -0.408292
    outer loop
      vertex 21.9995 6.89421 38.5695
      vertex 22.6174 7.18888 37.4049
      vertex 21.9995 6.61092 38.406
    endloop
  endfacet
  facet normal -0.578839 -0.472992 -0.664246
    outer loop
      vertex 21.9995 6.89421 38.5695
      vertex 21.677 7.30517 38.5579
      vertex 22.6174 7.51177 37.5913
    endloop
  endfacet
  facet normal -0.773019 0.317107 -0.54944
    outer loop
      vertex 21.9995 6.61092 38.406
      vertex 20.5787 5.9609 40.0298
      vertex 21.9995 6.89421 38.5695
    endloop
  endfacet
  facet normal -0.773013 0.317196 -0.549398
    outer loop
      vertex 20.5787 5.9609 40.0298
      vertex 21.9995 6.61092 38.406
      vertex 20.5787 5.74526 39.9053
    endloop
  endfacet
  facet normal -0.501598 -0.419871 -0.756378
    outer loop
      vertex 20.5787 5.9609 40.0298
      vertex 20.1544 6.64199 39.9331
      vertex 21.9995 6.89421 38.5695
    endloop
  endfacet
  facet normal -0.502978 -0.416094 -0.757548
    outer loop
      vertex 21.9995 6.89421 38.5695
      vertex 20.1544 6.64199 39.9331
      vertex 21.677 7.30517 38.5579
    endloop
  endfacet
  facet normal -0.634397 0.386381 -0.669515
    outer loop
      vertex 18.8474 5.18282 41.2212
      vertex 20.5787 5.74526 39.9053
      vertex 18.8474 5.03484 41.1358
    endloop
  endfacet
  facet normal -0.634388 0.386508 -0.66945
    outer loop
      vertex 20.5787 5.74526 39.9053
      vertex 18.8474 5.18282 41.2212
      vertex 20.5787 5.9609 40.0298
    endloop
  endfacet
  facet normal -0.405159 -0.375119 -0.833746
    outer loop
      vertex 18.8474 5.18282 41.2212
      vertex 19.0455 5.91658 40.7948
      vertex 20.5787 5.9609 40.0298
    endloop
  endfacet
  facet normal -0.405271 -0.37507 -0.833714
    outer loop
      vertex 19.0455 5.91658 40.7948
      vertex 18.8474 5.18282 41.2212
      vertex 18.6319 5.64729 41.117
    endloop
  endfacet
  facet normal -0.405909 -0.371426 -0.835033
    outer loop
      vertex 20.5787 5.9609 40.0298
      vertex 19.0455 5.91658 40.7948
      vertex 20.1544 6.64199 39.9331
    endloop
  endfacet
  facet normal -0.47094 0.440942 -0.764058
    outer loop
      vertex 18.7918 5.01999 41.1615
      vertex 18.8474 5.18282 41.2212
      vertex 18.8474 5.03484 41.1358
    endloop
  endfacet
  facet normal -0.471465 0.440992 -0.763706
    outer loop
      vertex 18.8474 5.18282 41.2212
      vertex 18.7918 5.01999 41.1615
      vertex 18.3073 5.01999 41.4606
    endloop
  endfacet
  facet normal -0.293105 -0.341006 -0.893199
    outer loop
      vertex 18.3073 5.01999 41.4606
      vertex 18.1509 5.23038 41.4316
      vertex 18.8474 5.18282 41.2212
    endloop
  endfacet
  facet normal -0.292932 -0.340892 -0.893299
    outer loop
      vertex 18.1509 5.23038 41.4316
      vertex 18.3073 5.01999 41.4606
      vertex 17.9069 5.01999 41.5919
    endloop
  endfacet
  facet normal -0.293281 -0.3368 -0.894735
    outer loop
      vertex 18.8474 5.18282 41.2212
      vertex 18.1509 5.23038 41.4316
      vertex 18.6319 5.64729 41.117
    endloop
  endfacet
  facet normal 0.339047 -0.352484 -0.87224
    outer loop
      vertex 6.52949 5.11544 40.9962
      vertex 6.33598 5.17206 40.8981
      vertex 6.36813 5.24134 40.8826
    endloop
  endfacet
  facet normal 0.445038 -0.391739 -0.805284
    outer loop
      vertex 4.7159 5.89256 39.6502
      vertex 4.84557 6.10072 39.6206
      vertex 5.31239 5.62789 40.1086
    endloop
  endfacet
  facet normal 0.448231 -0.388163 -0.805245
    outer loop
      vertex 5.31239 5.62789 40.1086
      vertex 6.36813 5.24134 40.8826
      vertex 6.33598 5.17206 40.8981
    endloop
  endfacet
  facet normal 0.44795 -0.388711 -0.805136
    outer loop
      vertex 6.36813 5.24134 40.8826
      vertex 5.31239 5.62789 40.1086
      vertex 4.84557 6.10072 39.6206
    endloop
  endfacet
  facet normal 0.537398 -0.437301 -0.72109
    outer loop
      vertex 4.7159 5.89256 39.6502
      vertex 3.91592 6.42222 38.7328
      vertex 4.84557 6.10072 39.6206
    endloop
  endfacet
  facet normal -0.707107 0.353561 -0.612368
    outer loop
      vertex 49.325 25.3781 18.7002
      vertex 42.3981 22.4343 24.9991
      vertex 49.325 25.8977 19.0002
    endloop
  endfacet
  facet normal -0.707107 0.353561 -0.612368
    outer loop
      vertex 42.3981 22.4343 24.9991
      vertex 49.325 25.3781 18.7002
      vertex 42.3981 21.9147 24.6991
    endloop
  endfacet
  facet normal 1 0 0
    outer loop
      vertex 25.675 25.8977 19.0002
      vertex 25.675 30.2762 10.2165
      vertex 25.675 30.7958 10.5165
    endloop
  endfacet
  facet normal 1 0 0
    outer loop
      vertex 25.675 30.2762 10.2165
      vertex 25.675 25.8977 19.0002
      vertex 25.675 25.3781 18.7002
    endloop
  endfacet
  facet normal 0.707107 0.353561 -0.612368
    outer loop
      vertex 32.6019 22.4343 24.9991
      vertex 25.675 25.3781 18.7002
      vertex 25.675 25.8977 19.0002
    endloop
  endfacet
  facet normal 0.707107 0.353561 -0.612368
    outer loop
      vertex 25.675 25.3781 18.7002
      vertex 32.6019 22.4343 24.9991
      vertex 32.6019 21.9147 24.6991
    endloop
  endfacet
  facet normal 0 0.500011 -0.866019
    outer loop
      vertex 32.6019 21.9147 24.6991
      vertex 42.3981 22.4343 24.9991
      vertex 42.3981 21.9147 24.6991
    endloop
  endfacet
  facet normal 0 0.500011 -0.866019
    outer loop
      vertex 42.3981 22.4343 24.9991
      vertex 32.6019 21.9147 24.6991
      vertex 32.6019 22.4343 24.9991
    endloop
  endfacet
  facet normal -0 0.867812 0.496892
    outer loop
      vertex 32.736 21.9218 24.6867
      vertex 42.3981 21.9147 24.6991
      vertex 42.3922 21.9218 24.6867
    endloop
  endfacet
  facet normal -0.00253816 0.867288 0.4978
    outer loop
      vertex 42.3981 21.9147 24.6991
      vertex 49.2201 25.3358 18.7735
      vertex 42.3922 21.9218 24.6867
    endloop
  endfacet
  facet normal 0.000810124 0.865624 0.500694
    outer loop
      vertex 49.325 25.3781 18.7002
      vertex 49.2201 25.3358 18.7735
      vertex 42.3981 21.9147 24.6991
    endloop
  endfacet
  facet normal 0.00227759 0.86471 0.502267
    outer loop
      vertex 49.325 25.3781 18.7002
      vertex 49.3107 25.3811 18.6951
      vertex 49.2201 25.3358 18.7735
    endloop
  endfacet
  facet normal 0.00332248 0.865973 0.50008
    outer loop
      vertex 49.325 25.3781 18.7002
      vertex 49.3107 25.4452 18.5841
      vertex 49.3107 25.3811 18.6951
    endloop
  endfacet
  facet normal 0.00418928 0.866016 0.499998
    outer loop
      vertex 49.325 30.2762 10.2165
      vertex 49.3107 25.4452 18.5841
      vertex 49.325 25.3781 18.7002
    endloop
  endfacet
  facet normal 0.00269445 0.866022 0.499999
    outer loop
      vertex 49.3107 25.4452 18.5841
      vertex 49.325 30.2762 10.2165
      vertex 49.3107 30.2733 10.2216
    endloop
  endfacet
  facet normal 0.00190736 0.866981 0.498337
    outer loop
      vertex 49.325 30.2762 10.2165
      vertex 42.4827 33.6872 4.30841
      vertex 49.3107 30.2733 10.2216
    endloop
  endfacet
  facet normal -0.00251333 0.864762 0.502176
    outer loop
      vertex 42.3981 33.7397 4.21758
      vertex 42.4827 33.6872 4.30841
      vertex 49.325 30.2762 10.2165
    endloop
  endfacet
  facet normal 0 0.86426 0.503045
    outer loop
      vertex 42.3981 33.7397 4.21758
      vertex 42.264 33.7325 4.22995
      vertex 42.3922 33.7325 4.22995
    endloop
  endfacet
  facet normal -0 0.86426 0.503045
    outer loop
      vertex 32.6019 33.7397 4.21758
      vertex 42.264 33.7325 4.22995
      vertex 42.3981 33.7397 4.21758
    endloop
  endfacet
  facet normal -0.0024871 0.864773 0.502158
    outer loop
      vertex 42.4827 33.6872 4.30841
      vertex 42.3981 33.7397 4.21758
      vertex 42.3922 33.7325 4.22995
    endloop
  endfacet
  facet normal 0 0.867812 0.496892
    outer loop
      vertex 42.3981 21.9147 24.6991
      vertex 32.736 21.9218 24.6867
      vertex 32.6019 21.9147 24.6991
    endloop
  endfacet
  facet normal -0 0.867812 0.496892
    outer loop
      vertex 32.6078 21.9218 24.6867
      vertex 32.6019 21.9147 24.6991
      vertex 32.736 21.9218 24.6867
    endloop
  endfacet
  facet normal 0.00277996 0.867238 0.497886
    outer loop
      vertex 32.5173 21.9671 24.6083
      vertex 32.6019 21.9147 24.6991
      vertex 32.6078 21.9218 24.6867
    endloop
  endfacet
  facet normal 0.000958573 0.866508 0.499162
    outer loop
      vertex 32.5173 21.9671 24.6083
      vertex 25.675 25.3781 18.7002
      vertex 32.6019 21.9147 24.6991
    endloop
  endfacet
  facet normal -0.00237757 0.864831 0.502058
    outer loop
      vertex 25.6893 25.3811 18.6951
      vertex 25.675 25.3781 18.7002
      vertex 32.5173 21.9671 24.6083
    endloop
  endfacet
  facet normal -0.00336379 0.866023 0.499993
    outer loop
      vertex 25.6893 30.2092 10.3325
      vertex 25.675 25.3781 18.7002
      vertex 25.6893 25.3811 18.6951
    endloop
  endfacet
  facet normal -0.00289344 0.865779 0.500419
    outer loop
      vertex 25.675 30.2762 10.2165
      vertex 25.6893 30.2092 10.3325
      vertex 25.6893 30.2733 10.2216
    endloop
  endfacet
  facet normal 0.00162972 0.866023 0.500002
    outer loop
      vertex 25.6893 30.2092 10.3325
      vertex 25.675 30.2762 10.2165
      vertex 25.675 25.3781 18.7002
    endloop
  endfacet
  facet normal -0.00157099 0.86739 0.497627
    outer loop
      vertex 25.7799 30.3185 10.1431
      vertex 25.675 30.2762 10.2165
      vertex 25.6893 30.2733 10.2216
    endloop
  endfacet
  facet normal 0.00248892 0.864773 0.502157
    outer loop
      vertex 32.6019 33.7397 4.21758
      vertex 25.7799 30.3185 10.1431
      vertex 32.6078 33.7325 4.22995
    endloop
  endfacet
  facet normal 0.00333705 0.864346 0.502887
    outer loop
      vertex 25.7799 30.3185 10.1431
      vertex 32.6019 33.7397 4.21758
      vertex 25.675 30.2762 10.2165
    endloop
  endfacet
  facet normal 0 0.86426 0.503045
    outer loop
      vertex 42.264 33.7325 4.22995
      vertex 32.6019 33.7397 4.21758
      vertex 32.6078 33.7325 4.22995
    endloop
  endfacet
  facet normal -1 0 0
    outer loop
      vertex 49.325 30.2762 10.2165
      vertex 49.325 25.8977 19.0002
      vertex 49.325 30.7958 10.5165
    endloop
  endfacet
  facet normal -1 0 -0
    outer loop
      vertex 49.325 25.8977 19.0002
      vertex 49.325 30.2762 10.2165
      vertex 49.325 25.3781 18.7002
    endloop
  endfacet
  facet normal 0.70711 -0.353559 0.612365
    outer loop
      vertex 25.675 30.7958 10.5165
      vertex 32.6019 33.7397 4.21758
      vertex 32.6019 34.2593 4.51758
    endloop
  endfacet
  facet normal 0.70711 -0.353559 0.612365
    outer loop
      vertex 32.6019 33.7397 4.21758
      vertex 25.675 30.7958 10.5165
      vertex 25.675 30.2762 10.2165
    endloop
  endfacet
  facet normal -0.70711 -0.353559 0.612365
    outer loop
      vertex 42.3981 33.7397 4.21758
      vertex 49.325 30.7958 10.5165
      vertex 42.3981 34.2593 4.51758
    endloop
  endfacet
  facet normal -0.70711 -0.353559 0.612365
    outer loop
      vertex 49.325 30.7958 10.5165
      vertex 42.3981 33.7397 4.21758
      vertex 49.325 30.2762 10.2165
    endloop
  endfacet
  facet normal 0 -0.500011 0.866019
    outer loop
      vertex 32.6019 34.2593 4.51758
      vertex 42.3981 33.7397 4.21758
      vertex 42.3981 34.2593 4.51758
    endloop
  endfacet
  facet normal 0 -0.500011 0.866019
    outer loop
      vertex 42.3981 33.7397 4.21758
      vertex 32.6019 34.2593 4.51758
      vertex 32.6019 33.7397 4.21758
    endloop
  endfacet
  facet normal -0.57534 0.791144 -0.207544
    outer loop
      vertex 41.9839 21.2196 23.1431
      vertex 42.9411 21.7397 22.4722
      vertex 42.6915 21.5734 22.5302
    endloop
  endfacet
  facet normal -0.575399 0.791063 -0.207691
    outer loop
      vertex 41.9839 21.2196 23.1431
      vertex 43.4558 22.0397 22.1889
      vertex 42.9411 21.7397 22.4722
    endloop
  endfacet
  facet normal -0.574998 0.791647 -0.206571
    outer loop
      vertex 41.9839 21.2196 23.1431
      vertex 43.7542 22.2138 22.0255
      vertex 43.4558 22.0397 22.1889
    endloop
  endfacet
  facet normal -0.575319 0.791192 -0.20742
    outer loop
      vertex 49.2201 25.3358 18.7735
      vertex 44.7876 22.7682 21.2739
      vertex 43.7542 22.2138 22.0255
    endloop
  endfacet
  facet normal -0.575407 0.791047 -0.207727
    outer loop
      vertex 49.2201 25.3358 18.7735
      vertex 46.5817 23.6672 19.7277
      vertex 45.3911 23.0923 20.8364
    endloop
  endfacet
  facet normal -0.575621 0.790719 -0.208383
    outer loop
      vertex 49.2201 25.3358 18.7735
      vertex 43.7542 22.2138 22.0255
      vertex 41.9839 21.2196 23.1431
    endloop
  endfacet
  facet normal -0.575406 0.79105 -0.207722
    outer loop
      vertex 44.7876 22.7682 21.2739
      vertex 49.2201 25.3358 18.7735
      vertex 45.3911 23.0923 20.8364
    endloop
  endfacet
  facet normal -0.575403 0.791058 -0.207696
    outer loop
      vertex 46.5817 23.6672 19.7277
      vertex 49.2201 25.3358 18.7735
      vertex 46.9171 23.8293 19.4159
    endloop
  endfacet
  facet normal -0.5754 0.79107 -0.207659
    outer loop
      vertex 49.2201 25.3358 18.7735
      vertex 47.2405 23.9652 19.0375
      vertex 46.9171 23.8293 19.4159
    endloop
  endfacet
  facet normal -0.575343 0.791079 -0.207784
    outer loop
      vertex 48.325 24.3901 17.6515
      vertex 49.2201 25.3358 18.7735
      vertex 49.3107 25.3811 18.6951
    endloop
  endfacet
  facet normal -0.575398 0.791051 -0.207739
    outer loop
      vertex 49.2201 25.3358 18.7735
      vertex 47.6174 24.0363 18.2643
      vertex 47.2405 23.9652 19.0375
    endloop
  endfacet
  facet normal -0.575408 0.791052 -0.20771
    outer loop
      vertex 49.2201 25.3358 18.7735
      vertex 48.325 24.3901 17.6515
      vertex 47.6174 24.0363 18.2643
    endloop
  endfacet
  facet normal -0.575392 0.791074 -0.20767
    outer loop
      vertex 42.3922 21.9218 24.6867
      vertex 49.2201 25.3358 18.7735
      vertex 41.9839 21.2196 23.1431
    endloop
  endfacet
  facet normal 3.37031e-06 0.0964802 0.995335
    outer loop
      vertex 42.264 33.7325 4.22995
      vertex 37.5 33.072 4.29399
      vertex 38.0953 32.9716 4.30372
    endloop
  endfacet
  facet normal -4.56139e-07 0.096508 0.995332
    outer loop
      vertex 36.4968 32.9028 4.3104
      vertex 32.6078 33.7325 4.22995
      vertex 33.0161 32.0446 4.39361
    endloop
  endfacet
  facet normal 2.1618e-06 0.0965202 0.995331
    outer loop
      vertex 37.5 33.072 4.29399
      vertex 32.6078 33.7325 4.22995
      vertex 36.4968 32.9028 4.3104
    endloop
  endfacet
  facet normal -0 0.0965043 0.995333
    outer loop
      vertex 32.6078 33.7325 4.22995
      vertex 37.5 33.072 4.29399
      vertex 42.264 33.7325 4.22995
    endloop
  endfacet
  facet normal -1.9918e-06 0.0965142 0.995332
    outer loop
      vertex 36.8677 32.7476 4.32545
      vertex 36.4968 32.9028 4.3104
      vertex 33.0161 32.0446 4.39361
    endloop
  endfacet
  facet normal 0.813705 0.503261 0.290884
    outer loop
      vertex 25.6893 30.2092 10.3325
      vertex 26.675 28.874 9.88519
      vertex 25.6893 30.2733 10.2216
    endloop
  endfacet
  facet normal 0.813732 0.503369 0.290621
    outer loop
      vertex 26.675 28.874 9.88519
      vertex 25.6893 30.2092 10.3325
      vertex 26.675 24.3901 17.6515
    endloop
  endfacet
  facet normal -0.575412 0.215668 0.788916
    outer loop
      vertex 49.3107 30.2733 10.2216
      vertex 47.3254 29.719 8.92511
      vertex 48.325 28.874 9.88519
    endloop
  endfacet
  facet normal -0.575408 0.2156 0.788938
    outer loop
      vertex 49.3107 30.2733 10.2216
      vertex 46.9995 30.267 8.53766
      vertex 47.3254 29.719 8.92511
    endloop
  endfacet
  facet normal -0.575399 0.215668 0.788926
    outer loop
      vertex 49.3107 30.2733 10.2216
      vertex 45.5787 31.3989 7.19198
      vertex 46.9995 30.267 8.53766
    endloop
  endfacet
  facet normal -0.575381 0.21569 0.788933
    outer loop
      vertex 45.5787 31.3989 7.19198
      vertex 42.4827 33.6872 4.30841
      vertex 45.1163 31.5175 6.82232
    endloop
  endfacet
  facet normal -0.575405 0.215649 0.788926
    outer loop
      vertex 42.4827 33.6872 4.30841
      vertex 45.5787 31.3989 7.19198
      vertex 49.3107 30.2733 10.2216
    endloop
  endfacet
  facet normal -0.574688 0.216779 0.789139
    outer loop
      vertex 48.325 28.874 9.88519
      vertex 47.3254 29.719 8.92511
      vertex 47.3067 29.713 8.91314
    endloop
  endfacet
  facet normal -1.39601e-05 0.91022 -0.414126
    outer loop
      vertex 36.2769 21.3136 23.3498
      vertex 32.736 21.9218 24.6867
      vertex 37.5 21.3613 23.4546
    endloop
  endfacet
  facet normal -4.94741e-06 0.910233 -0.414097
    outer loop
      vertex 32.736 21.9218 24.6867
      vertex 38.5249 21.3442 23.417
      vertex 37.5 21.3613 23.4546
    endloop
  endfacet
  facet normal 1.14457e-05 0.910261 -0.414035
    outer loop
      vertex 32.736 21.9218 24.6867
      vertex 39.6828 21.3254 23.3757
      vertex 38.5249 21.3442 23.417
    endloop
  endfacet
  facet normal -1.22409e-05 0.910214 -0.414139
    outer loop
      vertex 41.9839 21.2196 23.1431
      vertex 39.6828 21.3254 23.3757
      vertex 32.736 21.9218 24.6867
    endloop
  endfacet
  facet normal 3.14202e-05 0.910376 -0.413781
    outer loop
      vertex 39.6828 21.3254 23.3757
      vertex 41.9839 21.2196 23.1431
      vertex 40.8957 21.2385 23.1846
    endloop
  endfacet
  facet normal 0 0.910066 -0.414464
    outer loop
      vertex 40.8957 21.2385 23.1846
      vertex 41.9839 21.2196 23.1431
      vertex 40.9832 21.2196 23.1431
    endloop
  endfacet
  facet normal -2.58242e-05 0.910208 -0.414152
    outer loop
      vertex 35.3306 21.2774 23.2703
      vertex 32.736 21.9218 24.6867
      vertex 36.2769 21.3136 23.3498
    endloop
  endfacet
  facet normal 7.57737e-05 0.910278 -0.413998
    outer loop
      vertex 34.7175 21.2196 23.1431
      vertex 32.736 21.9218 24.6867
      vertex 35.3306 21.2774 23.2703
    endloop
  endfacet
  facet normal 0 0.910241 -0.414078
    outer loop
      vertex 33.0161 21.2196 23.1431
      vertex 32.736 21.9218 24.6867
      vertex 34.7175 21.2196 23.1431
    endloop
  endfacet
  facet normal 0 0.910241 -0.414078
    outer loop
      vertex 32.736 21.9218 24.6867
      vertex 33.0161 21.2196 23.1431
      vertex 32.6078 21.9218 24.6867
    endloop
  endfacet
  facet normal 0 0.910241 -0.414078
    outer loop
      vertex 42.3922 21.9218 24.6867
      vertex 41.9839 21.2196 23.1431
      vertex 32.736 21.9218 24.6867
    endloop
  endfacet
  facet normal 0.575404 0.791056 -0.207704
    outer loop
      vertex 32.5173 21.9671 24.6083
      vertex 26.675 24.3901 17.6515
      vertex 25.6893 25.3811 18.6951
    endloop
  endfacet
  facet normal 0.813743 0.503356 0.29061
    outer loop
      vertex 26.675 24.3901 17.6515
      vertex 25.6893 30.2092 10.3325
      vertex 25.6893 25.3811 18.6951
    endloop
  endfacet
  facet normal 0.575391 0.215681 0.788928
    outer loop
      vertex 33.0161 32.0446 4.39361
      vertex 32.6078 33.7325 4.22995
      vertex 25.7799 30.3185 10.1431
    endloop
  endfacet
  facet normal -0 0.0965081 0.995332
    outer loop
      vertex 42.264 33.7325 4.22995
      vertex 41.9839 32.0446 4.39361
      vertex 42.3922 33.7325 4.22995
    endloop
  endfacet
  facet normal 7.22346e-07 0.096508 0.995332
    outer loop
      vertex 42.264 33.7325 4.22995
      vertex 39.1871 32.7875 4.32158
      vertex 41.9839 32.0446 4.39361
    endloop
  endfacet
  facet normal -5.36649e-06 0.0965276 0.99533
    outer loop
      vertex 39.1871 32.7875 4.32158
      vertex 42.264 33.7325 4.22995
      vertex 38.0953 32.9716 4.30372
    endloop
  endfacet
  facet normal -3.03197e-06 0.096494 0.995334
    outer loop
      vertex 37.5 32.4748 4.35189
      vertex 41.9839 32.0446 4.39361
      vertex 39.1871 32.7875 4.32158
    endloop
  endfacet
  facet normal 4.74478e-05 0.0962458 0.995358
    outer loop
      vertex 33.0161 32.0446 4.39361
      vertex 36.9513 32.7125 4.32884
      vertex 36.8677 32.7476 4.32545
    endloop
  endfacet
  facet normal 0 0.0965253 0.995331
    outer loop
      vertex 37.5 32.4748 4.35189
      vertex 33.0161 32.0446 4.39361
      vertex 41.9839 32.0446 4.39361
    endloop
  endfacet
  facet normal 5.6117e-07 0.0965195 0.995331
    outer loop
      vertex 36.9513 32.7125 4.32884
      vertex 33.0161 32.0446 4.39361
      vertex 37.5 32.4748 4.35189
    endloop
  endfacet
  facet normal -0.575451 0.215595 0.788908
    outer loop
      vertex 43.8474 31.8431 5.80782
      vertex 42.4827 33.6872 4.30841
      vertex 43.6465 31.8166 5.66852
    endloop
  endfacet
  facet normal -0.575421 0.215627 0.788921
    outer loop
      vertex 42.4827 33.6872 4.30841
      vertex 43.8474 31.8431 5.80782
      vertex 45.1163 31.5175 6.82232
    endloop
  endfacet
  facet normal -0.575429 0.21559 0.788925
    outer loop
      vertex 41.9839 32.0446 4.39361
      vertex 44.0762 31.0214 6.19931
      vertex 43.7287 31.5003 5.81498
    endloop
  endfacet
  facet normal -0.575253 0.216286 0.788863
    outer loop
      vertex 41.9839 32.0446 4.39361
      vertex 43.6661 31.7437 5.7028
      vertex 43.6465 31.8166 5.66852
    endloop
  endfacet
  facet normal -0.575395 0.215648 0.788934
    outer loop
      vertex 41.9839 32.0446 4.39361
      vertex 43.6465 31.8166 5.66852
      vertex 42.4827 33.6872 4.30841
    endloop
  endfacet
  facet normal -0.575744 0.21574 0.788654
    outer loop
      vertex 41.9839 32.0446 4.39361
      vertex 42.4827 33.6872 4.30841
      vertex 42.3922 33.7325 4.22995
    endloop
  endfacet
  facet normal -0.574904 0.216769 0.788985
    outer loop
      vertex 44.0762 31.0214 6.19931
      vertex 41.9839 32.0446 4.39361
      vertex 44.1012 30.9859 6.22728
    endloop
  endfacet
  facet normal -0.575421 0.215613 0.788924
    outer loop
      vertex 43.6661 31.7437 5.7028
      vertex 41.9839 32.0446 4.39361
      vertex 43.7287 31.5003 5.81498
    endloop
  endfacet
  facet normal -0.575383 0.215694 0.78893
    outer loop
      vertex 48.325 28.874 9.88519
      vertex 47.3067 29.713 8.91314
      vertex 46.9063 29.5833 8.65658
    endloop
  endfacet
  facet normal 0.575669 0.790911 -0.207523
    outer loop
      vertex 33.0161 21.2196 23.1431
      vertex 32.5173 21.9671 24.6083
      vertex 32.6078 21.9218 24.6867
    endloop
  endfacet
  facet normal 0.575402 0.791061 -0.20769
    outer loop
      vertex 31.4677 21.9938 21.8021
      vertex 32.5173 21.9671 24.6083
      vertex 33.0161 21.2196 23.1431
    endloop
  endfacet
  facet normal 0.57532 0.791129 -0.207659
    outer loop
      vertex 31.3603 22.0545 21.7358
      vertex 32.5173 21.9671 24.6083
      vertex 31.4677 21.9938 21.8021
    endloop
  endfacet
  facet normal 0.575416 0.791048 -0.2077
    outer loop
      vertex 30.0365 22.7375 20.6696
      vertex 32.5173 21.9671 24.6083
      vertex 31.3603 22.0545 21.7358
    endloop
  endfacet
  facet normal 0.575221 0.791231 -0.207542
    outer loop
      vertex 29.8009 22.8591 20.4802
      vertex 32.5173 21.9671 24.6083
      vertex 30.0365 22.7375 20.6696
    endloop
  endfacet
  facet normal 0.575454 0.791009 -0.207743
    outer loop
      vertex 29.0283 23.2135 19.6895
      vertex 32.5173 21.9671 24.6083
      vertex 29.8009 22.8591 20.4802
    endloop
  endfacet
  facet normal 0.575367 0.791094 -0.20766
    outer loop
      vertex 32.5173 21.9671 24.6083
      vertex 29.0283 23.2135 19.6895
      vertex 26.675 24.3901 17.6515
    endloop
  endfacet
  facet normal 0.57539 0.215686 0.788927
    outer loop
      vertex 25.7799 30.3185 10.1431
      vertex 26.675 28.874 9.88519
      vertex 33.0161 32.0446 4.39361
    endloop
  endfacet
  facet normal 0.575646 0.215889 0.788685
    outer loop
      vertex 26.675 28.874 9.88519
      vertex 25.7799 30.3185 10.1431
      vertex 25.6893 30.2733 10.2216
    endloop
  endfacet
  facet normal -0.813748 0.503362 0.290587
    outer loop
      vertex 48.4894 28.302 11.3364
      vertex 49.3107 30.2733 10.2216
      vertex 48.325 28.874 9.88519
    endloop
  endfacet
  facet normal -0.813685 0.503399 0.2907
    outer loop
      vertex 48.7055 28.2078 12.1044
      vertex 49.3107 30.2733 10.2216
      vertex 48.4894 28.302 11.3364
    endloop
  endfacet
  facet normal -0.813746 0.503345 0.290621
    outer loop
      vertex 48.755 28.0164 12.5745
      vertex 49.3107 30.2733 10.2216
      vertex 48.7055 28.2078 12.1044
    endloop
  endfacet
  facet normal -0.81379 0.503303 0.29057
    outer loop
      vertex 48.7932 27.2452 14.0173
      vertex 49.3107 30.2733 10.2216
      vertex 48.755 28.0164 12.5745
    endloop
  endfacet
  facet normal -0.813755 0.50334 0.290604
    outer loop
      vertex 49.3107 30.2733 10.2216
      vertex 48.7932 27.2452 14.0173
      vertex 49.3107 25.4452 18.5841
    endloop
  endfacet
  facet normal -0.813592 0.503539 0.290716
    outer loop
      vertex 48.325 28.874 9.88519
      vertex 48.325 28.094 11.2362
      vertex 48.4338 28.3262 11.1385
    endloop
  endfacet
  facet normal -0.814509 0.502317 0.290262
    outer loop
      vertex 48.325 28.874 9.88519
      vertex 48.4338 28.3262 11.1385
      vertex 48.4894 28.302 11.3364
    endloop
  endfacet
  facet normal -0.813752 0.50334 0.290615
    outer loop
      vertex 49.3107 25.4452 18.5841
      vertex 48.7737 26.9785 14.4248
      vertex 48.6756 25.9457 15.9389
    endloop
  endfacet
  facet normal -0.814003 0.502933 0.290615
    outer loop
      vertex 49.3107 25.4452 18.5841
      vertex 48.6666 25.901 15.9912
      vertex 48.6513 25.824 16.0816
    endloop
  endfacet
  facet normal -0.815903 0.500386 0.289683
    outer loop
      vertex 48.7954 27.2023 14.0976
      vertex 49.3107 25.4452 18.5841
      vertex 48.7932 27.2452 14.0173
    endloop
  endfacet
  facet normal -0.813269 0.504012 0.290801
    outer loop
      vertex 48.7737 26.9785 14.4248
      vertex 49.3107 25.4452 18.5841
      vertex 48.7954 27.2023 14.0976
    endloop
  endfacet
  facet normal -0.813443 0.503828 0.290633
    outer loop
      vertex 48.6666 25.901 15.9912
      vertex 49.3107 25.4452 18.5841
      vertex 48.6756 25.9457 15.9389
    endloop
  endfacet
  facet normal -0.813744 0.503355 0.290611
    outer loop
      vertex 48.325 24.8905 16.7848
      vertex 49.3107 25.4452 18.5841
      vertex 48.6513 25.824 16.0816
    endloop
  endfacet
  facet normal -0.813747 0.503348 0.290614
    outer loop
      vertex 48.325 24.3901 17.6515
      vertex 49.3107 25.4452 18.5841
      vertex 48.325 24.8905 16.7848
    endloop
  endfacet
  facet normal -0.813751 0.503318 0.290655
    outer loop
      vertex 49.3107 25.4452 18.5841
      vertex 48.325 24.3901 17.6515
      vertex 49.3107 25.3811 18.6951
    endloop
  endfacet
  facet normal -0.707107 0.353516 -0.612394
    outer loop
      vertex 48.325 20.0427 15.1415
      vertex 47.6174 19.6889 15.7543
      vertex 47.6174 20.0118 15.9407
    endloop
  endfacet
  facet normal -0.707107 0.353718 -0.612277
    outer loop
      vertex 48.325 24.3901 17.6515
      vertex 47.6174 23.9089 18.1907
      vertex 47.6174 24.0363 18.2643
    endloop
  endfacet
  facet normal -0.707086 0.353556 -0.612394
    outer loop
      vertex 47.6174 22.1768 17.1907
      vertex 47.6174 23.9089 18.1907
      vertex 48.325 24.3901 17.6515
    endloop
  endfacet
  facet normal -0.707041 0.353579 -0.612434
    outer loop
      vertex 47.6174 23.9089 18.1907
      vertex 47.6174 22.1768 17.1907
      vertex 47.1579 23.5128 18.4925
    endloop
  endfacet
  facet normal -0.707169 0.353513 -0.612324
    outer loop
      vertex 47.1579 23.5128 18.4925
      vertex 46.677 21.9702 18.1573
      vertex 46.677 23.0959 18.8072
    endloop
  endfacet
  facet normal -0.707114 0.35351 -0.612389
    outer loop
      vertex 46.677 21.9702 18.1573
      vertex 47.1579 23.5128 18.4925
      vertex 47.6174 22.1768 17.1907
    endloop
  endfacet
  facet normal -0.707113 0.353558 -0.612362
    outer loop
      vertex 48.325 24.3901 17.6515
      vertex 47.6174 21.7438 16.9407
      vertex 47.6174 22.1768 17.1907
    endloop
  endfacet
  facet normal -0.707044 0.353592 -0.612422
    outer loop
      vertex 47.6174 20.0118 15.9407
      vertex 47.1579 21.3477 17.2425
      vertex 47.6174 21.7438 16.9407
    endloop
  endfacet
  facet normal -0.707103 0.353558 -0.612374
    outer loop
      vertex 48.325 20.0427 15.1415
      vertex 47.6174 21.7438 16.9407
      vertex 48.325 24.3901 17.6515
    endloop
  endfacet
  facet normal -0.707093 0.353568 -0.61238
    outer loop
      vertex 47.6174 20.0118 15.9407
      vertex 47.6174 21.7438 16.9407
      vertex 48.325 20.0427 15.1415
    endloop
  endfacet
  facet normal -0.707111 0.35353 -0.612381
    outer loop
      vertex 46.677 19.8052 16.9073
      vertex 47.1579 21.3477 17.2425
      vertex 47.6174 20.0118 15.9407
    endloop
  endfacet
  facet normal -0.707175 0.353533 -0.612305
    outer loop
      vertex 47.1579 21.3477 17.2425
      vertex 46.677 19.8052 16.9073
      vertex 46.677 20.9308 17.5572
    endloop
  endfacet
  facet normal -0.707094 0.353574 -0.612375
    outer loop
      vertex 46.677 20.9308 17.5572
      vertex 46.677 19.8052 16.9073
      vertex 46.2633 20.6615 17.8794
    endloop
  endfacet
  facet normal -0.707097 0.353571 -0.612374
    outer loop
      vertex 45.1544 19.142 18.2825
      vertex 46.2633 20.6615 17.8794
      vertex 46.677 19.8052 16.9073
    endloop
  endfacet
  facet normal -0.707098 0.353573 -0.612371
    outer loop
      vertex 46.2633 20.6615 17.8794
      vertex 45.1544 19.142 18.2825
      vertex 45.1544 19.9361 18.741
    endloop
  endfacet
  facet normal -0.707098 0.353573 -0.612371
    outer loop
      vertex 44.0455 18.4166 19.1441
      vertex 45.1544 19.9361 18.741
      vertex 45.1544 19.142 18.2825
    endloop
  endfacet
  facet normal -0.707118 0.353598 -0.612334
    outer loop
      vertex 45.1544 19.9361 18.741
      vertex 44.0455 18.4166 19.1441
      vertex 43.6319 19.2729 20.1162
    endloop
  endfacet
  facet normal -0.707179 0.353531 -0.612301
    outer loop
      vertex 43.6319 18.1473 19.4663
      vertex 43.6319 19.2729 20.1162
      vertex 44.0455 18.4166 19.1441
    endloop
  endfacet
  facet normal -0.707092 0.353552 -0.612391
    outer loop
      vertex 46.677 23.0959 18.8072
      vertex 46.677 21.9702 18.1573
      vertex 46.2633 22.8266 19.1294
    endloop
  endfacet
  facet normal -0.707086 0.353558 -0.612394
    outer loop
      vertex 45.1544 21.3071 19.5325
      vertex 46.2633 22.8266 19.1294
      vertex 46.677 21.9702 18.1573
    endloop
  endfacet
  facet normal -0.707098 0.353573 -0.612371
    outer loop
      vertex 46.2633 22.8266 19.1294
      vertex 45.1544 21.3071 19.5325
      vertex 45.1544 22.1012 19.991
    endloop
  endfacet
  facet normal -0.707114 0.353565 -0.612358
    outer loop
      vertex 44.0455 20.5816 20.3941
      vertex 45.1544 22.1012 19.991
      vertex 45.1544 21.3071 19.5325
    endloop
  endfacet
  facet normal -0.707119 0.353571 -0.612348
    outer loop
      vertex 45.1544 22.1012 19.991
      vertex 44.0455 20.5816 20.3941
      vertex 43.6319 21.438 21.3662
    endloop
  endfacet
  facet normal -0.707137 0.353553 -0.612338
    outer loop
      vertex 43.6319 20.3124 20.7163
      vertex 43.6319 21.438 21.3662
      vertex 44.0455 20.5816 20.3941
    endloop
  endfacet
  facet normal -0.707138 0.353552 -0.612337
    outer loop
      vertex 43.1509 19.8954 21.031
      vertex 43.6319 21.438 21.3662
      vertex 43.6319 20.3124 20.7163
    endloop
  endfacet
  facet normal -0.707107 0.35355 -0.612374
    outer loop
      vertex 43.6319 21.438 21.3662
      vertex 43.1509 19.8954 21.031
      vertex 42.6915 21.2314 22.3328
    endloop
  endfacet
  facet normal -0.707083 0.353573 -0.612389
    outer loop
      vertex 42.6915 19.4994 21.3328
      vertex 42.6915 21.2314 22.3328
      vertex 43.1509 19.8954 21.031
    endloop
  endfacet
  facet normal -0.707124 0.353552 -0.612353
    outer loop
      vertex 42.6915 21.2314 22.3328
      vertex 42.6915 19.4994 21.3328
      vertex 41.9839 21.2196 23.1431
    endloop
  endfacet
  facet normal -0.707169 0.35353 -0.612314
    outer loop
      vertex 41.9839 16.8721 20.6331
      vertex 42.6915 19.4994 21.3328
      vertex 42.6915 19.0664 21.0828
    endloop
  endfacet
  facet normal -0.707102 0.35357 -0.612369
    outer loop
      vertex 43.1509 17.7304 19.781
      vertex 43.6319 19.2729 20.1162
      vertex 43.6319 18.1473 19.4663
    endloop
  endfacet
  facet normal -0.707087 0.353569 -0.612386
    outer loop
      vertex 43.6319 19.2729 20.1162
      vertex 43.1509 17.7304 19.781
      vertex 42.6915 19.0664 21.0828
    endloop
  endfacet
  facet normal -0.707118 0.35354 -0.612367
    outer loop
      vertex 42.6915 17.3343 20.0828
      vertex 42.6915 19.0664 21.0828
      vertex 43.1509 17.7304 19.781
    endloop
  endfacet
  facet normal -0.707143 0.353528 -0.612346
    outer loop
      vertex 41.9839 16.8721 20.6331
      vertex 42.6915 19.0664 21.0828
      vertex 42.6915 17.3343 20.0828
    endloop
  endfacet
  facet normal -0.70715 0.353596 -0.612298
    outer loop
      vertex 41.9839 16.8721 20.6331
      vertex 42.6915 17.3343 20.0828
      vertex 42.6915 17.2259 20.0202
    endloop
  endfacet
  facet normal -0.707146 0.353531 -0.61234
    outer loop
      vertex 42.6915 19.4994 21.3328
      vertex 41.9839 16.8721 20.6331
      vertex 41.9839 21.2196 23.1431
    endloop
  endfacet
  facet normal -0.70715 0.353459 -0.612377
    outer loop
      vertex 42.6915 21.5734 22.5302
      vertex 42.6915 21.2314 22.3328
      vertex 41.9839 21.2196 23.1431
    endloop
  endfacet
  facet normal 1 0 -0
    outer loop
      vertex 26.675 22.9515 11.6433
      vertex 26.675 24.3224 12.4348
      vertex 26.675 22.9514 11.6433
    endloop
  endfacet
  facet normal 1 0 0
    outer loop
      vertex 26.675 27.2198 10.0857
      vertex 26.675 25.3292 9.74442
      vertex 26.675 25.4877 9.08566
    endloop
  endfacet
  facet normal 1 0 0
    outer loop
      vertex 26.675 26.2912 11.0852
      vertex 26.675 25.1656 10.4353
      vertex 26.675 25.3292 9.74442
    endloop
  endfacet
  facet normal 1 0 0
    outer loop
      vertex 26.675 24.9355 10.978
      vertex 26.675 26.2912 11.0852
      vertex 26.675 25.1165 12.8933
    endloop
  endfacet
  facet normal 1 0 0
    outer loop
      vertex 26.675 26.2912 11.0852
      vertex 26.675 24.9355 10.978
      vertex 26.675 25.1656 10.4353
    endloop
  endfacet
  facet normal 1 0 0
    outer loop
      vertex 26.675 24.3224 12.4348
      vertex 26.675 25.1165 12.8933
      vertex 26.675 24.5034 14.3501
    endloop
  endfacet
  facet normal 1 0 0
    outer loop
      vertex 26.675 25.1165 12.8933
      vertex 26.675 24.3224 12.4348
      vertex 26.675 24.9355 10.978
    endloop
  endfacet
  facet normal 1 0 0
    outer loop
      vertex 26.675 23.1477 14.2429
      vertex 26.675 24.5034 14.3501
      vertex 26.675 24.2733 14.8928
    endloop
  endfacet
  facet normal 1 0 0
    outer loop
      vertex 26.675 23.1477 14.2429
      vertex 26.675 24.2733 14.8928
      vertex 26.675 24.1097 15.5837
    endloop
  endfacet
  facet normal 1 0 0
    outer loop
      vertex 26.675 22.2191 15.2425
      vertex 26.675 24.1097 15.5837
      vertex 26.675 23.9511 16.2425
    endloop
  endfacet
  facet normal 1 0 0
    outer loop
      vertex 26.675 24.5034 14.3501
      vertex 26.675 23.1477 14.2429
      vertex 26.675 24.3224 12.4348
    endloop
  endfacet
  facet normal 1 0 0
    outer loop
      vertex 26.675 28.874 9.88519
      vertex 26.675 27.4943 10.9944
      vertex 26.675 27.6528 10.3357
    endloop
  endfacet
  facet normal 1 0 0
    outer loop
      vertex 26.675 28.874 9.88519
      vertex 26.675 27.3306 11.6853
      vertex 26.675 27.4943 10.9944
    endloop
  endfacet
  facet normal 1 0 0
    outer loop
      vertex 26.675 28.874 9.88519
      vertex 26.675 27.1006 12.228
      vertex 26.675 27.3306 11.6853
    endloop
  endfacet
  facet normal 1 0 0
    outer loop
      vertex 26.675 28.874 9.88519
      vertex 26.675 26.4874 13.6848
      vertex 26.675 27.1006 12.228
    endloop
  endfacet
  facet normal 1 0 0
    outer loop
      vertex 26.675 24.3901 17.6515
      vertex 26.675 26.4874 13.6848
      vertex 26.675 28.874 9.88519
    endloop
  endfacet
  facet normal 1 0 0
    outer loop
      vertex 26.675 24.3901 17.6515
      vertex 26.675 25.3127 15.4929
      vertex 26.675 26.4874 13.6848
    endloop
  endfacet
  facet normal 1 0 0
    outer loop
      vertex 26.675 24.3901 17.6515
      vertex 26.675 24.3842 16.4925
      vertex 26.675 25.3127 15.4929
    endloop
  endfacet
  facet normal 1 0 0
    outer loop
      vertex 26.675 24.3901 17.6515
      vertex 26.675 23.9511 16.2425
      vertex 26.675 24.3842 16.4925
    endloop
  endfacet
  facet normal 1 0 0
    outer loop
      vertex 26.675 22.2191 15.2425
      vertex 26.675 23.9511 16.2425
      vertex 26.675 24.3901 17.6515
    endloop
  endfacet
  facet normal 1 0 0
    outer loop
      vertex 26.675 24.1097 15.5837
      vertex 26.675 22.2191 15.2425
      vertex 26.675 23.1477 14.2429
    endloop
  endfacet
  facet normal 1 0 0
    outer loop
      vertex 26.675 20.0427 15.1415
      vertex 26.675 22.2191 15.2425
      vertex 26.675 24.3901 17.6515
    endloop
  endfacet
  facet normal 1 0 0
    outer loop
      vertex 26.675 22.2191 15.2425
      vertex 26.675 20.0427 15.1415
      vertex 26.675 21.7861 14.9925
    endloop
  endfacet
  facet normal 1 -0 0
    outer loop
      vertex 26.675 27.2198 10.0857
      vertex 26.675 28.874 9.88519
      vertex 26.675 27.6528 10.3357
    endloop
  endfacet
  facet normal 1 0 0
    outer loop
      vertex 26.675 25.3292 9.74442
      vertex 26.675 27.2198 10.0857
      vertex 26.675 26.2912 11.0852
    endloop
  endfacet
  facet normal 1 0 0
    outer loop
      vertex 26.675 25.4877 9.08566
      vertex 26.675 28.874 9.88519
      vertex 26.675 27.2198 10.0857
    endloop
  endfacet
  facet normal 1 0 0
    outer loop
      vertex 26.675 24.5265 7.37519
      vertex 26.675 25.4877 9.08566
      vertex 26.675 25.0547 8.83566
    endloop
  endfacet
  facet normal 1 -0 0
    outer loop
      vertex 26.675 25.4877 9.08566
      vertex 26.675 24.5265 7.37519
      vertex 26.675 28.874 9.88519
    endloop
  endfacet
  facet normal 1 0 0
    outer loop
      vertex 26.675 24.1262 9.83522
      vertex 26.675 24.5265 7.37519
      vertex 26.675 25.0547 8.83566
    endloop
  endfacet
  facet normal 1 -0 0
    outer loop
      vertex 26.675 22.9514 11.6433
      vertex 26.675 24.1262 9.83522
      vertex 26.675 22.9515 11.6433
    endloop
  endfacet
  facet normal 1 0 0
    outer loop
      vertex 26.675 24.1262 9.83522
      vertex 26.675 22.9514 11.6433
      vertex 26.675 24.5265 7.37519
    endloop
  endfacet
  facet normal 1 0 0
    outer loop
      vertex 26.675 20.0427 15.1415
      vertex 26.675 22.9514 11.6433
      vertex 26.675 22.3383 13.1001
    endloop
  endfacet
  facet normal 1 0 0
    outer loop
      vertex 26.675 20.0427 15.1415
      vertex 26.675 22.3383 13.1001
      vertex 26.675 22.1082 13.6428
    endloop
  endfacet
  facet normal 1 0 0
    outer loop
      vertex 26.675 20.0427 15.1415
      vertex 26.675 21.9446 14.3337
      vertex 26.675 21.7861 14.9925
    endloop
  endfacet
  facet normal 1 0 0
    outer loop
      vertex 26.675 22.9514 11.6433
      vertex 26.675 20.0427 15.1415
      vertex 26.675 24.5265 7.37519
    endloop
  endfacet
  facet normal 1 0 0
    outer loop
      vertex 26.675 21.9446 14.3337
      vertex 26.675 20.0427 15.1415
      vertex 26.675 22.1082 13.6428
    endloop
  endfacet
  facet normal 0.707116 0.353545 -0.612367
    outer loop
      vertex 33.0161 21.2196 23.1431
      vertex 32.3085 21.3377 22.3942
      vertex 31.4677 21.9938 21.8021
    endloop
  endfacet
  facet normal 0.707113 0.353558 -0.612362
    outer loop
      vertex 33.0161 21.2196 23.1431
      vertex 32.3085 20.9047 22.1442
      vertex 32.3085 21.3377 22.3942
    endloop
  endfacet
  facet normal 0.707133 0.353481 -0.612384
    outer loop
      vertex 31.8491 20.968 21.6502
      vertex 31.3681 19.9064 20.482
      vertex 29.8456 20.7658 19.22
    endloop
  endfacet
  facet normal 0.707123 0.353538 -0.612363
    outer loop
      vertex 32.3085 19.1726 21.1442
      vertex 32.3085 20.9047 22.1442
      vertex 33.0161 21.2196 23.1431
    endloop
  endfacet
  facet normal 0.707093 0.353523 -0.612406
    outer loop
      vertex 31.8491 20.968 21.6502
      vertex 32.3085 19.1726 21.1442
      vertex 31.3681 19.9064 20.482
    endloop
  endfacet
  facet normal 0.707113 0.353547 -0.612369
    outer loop
      vertex 33.0161 16.8721 20.6331
      vertex 32.3085 19.1726 21.1442
      vertex 33.0161 21.2196 23.1431
    endloop
  endfacet
  facet normal 0.707132 0.353462 -0.612396
    outer loop
      vertex 31.8491 18.803 20.4002
      vertex 31.3681 17.7413 19.232
      vertex 29.8456 18.6007 17.97
    endloop
  endfacet
  facet normal 0.706958 0.353646 -0.612491
    outer loop
      vertex 31.8491 18.803 20.4002
      vertex 31.5295 17.6154 19.3456
      vertex 31.3681 17.7413 19.232
    endloop
  endfacet
  facet normal 0.707121 0.353506 -0.612384
    outer loop
      vertex 31.8491 18.803 20.4002
      vertex 33.0161 16.8721 20.6331
      vertex 31.5295 17.6154 19.3456
    endloop
  endfacet
  facet normal 0.707133 0.353548 -0.612345
    outer loop
      vertex 32.3085 19.1726 21.1442
      vertex 33.0161 16.8721 20.6331
      vertex 32.3085 18.7396 20.8942
    endloop
  endfacet
  facet normal 0.706967 0.353978 -0.612288
    outer loop
      vertex 29.8456 21.5599 19.6785
      vertex 27.8421 21.3577 17.2483
      vertex 27.3826 21.4211 16.7544
    endloop
  endfacet
  facet normal 0.707192 0.353303 -0.612418
    outer loop
      vertex 29.8456 21.5599 19.6785
      vertex 28.323 21.2937 17.7667
      vertex 27.8421 21.3577 17.2483
    endloop
  endfacet
  facet normal 0.707096 0.353574 -0.612373
    outer loop
      vertex 29.8456 20.7658 19.22
      vertex 29.8456 21.5599 19.6785
      vertex 30.9545 21.1764 20.7375
    endloop
  endfacet
  facet normal 0.70708 0.353609 -0.612371
    outer loop
      vertex 29.8456 21.5599 19.6785
      vertex 28.7367 21.1493 18.161
      vertex 28.323 21.2937 17.7667
    endloop
  endfacet
  facet normal 0.707132 0.353494 -0.612378
    outer loop
      vertex 29.8456 20.7658 19.22
      vertex 30.9545 21.1764 20.7375
      vertex 31.3681 21.0321 21.1318
    endloop
  endfacet
  facet normal 0.707098 0.353586 -0.612364
    outer loop
      vertex 29.8456 20.7658 19.22
      vertex 31.3681 21.0321 21.1318
      vertex 31.8491 20.968 21.6502
    endloop
  endfacet
  facet normal 0.70716 0.353519 -0.612331
    outer loop
      vertex 32.3085 19.1726 21.1442
      vertex 31.8491 20.968 21.6502
      vertex 32.3085 20.9047 22.1442
    endloop
  endfacet
  facet normal 0.707096 0.353574 -0.612373
    outer loop
      vertex 29.8456 21.5599 19.6785
      vertex 29.8456 20.7658 19.22
      vertex 28.7367 21.1493 18.161
    endloop
  endfacet
  facet normal 0.707052 0.353427 -0.612509
    outer loop
      vertex 26.675 24.3901 17.6515
      vertex 27.8421 23.5228 18.4983
      vertex 27.3826 23.5861 18.0044
    endloop
  endfacet
  facet normal 0.707117 0.353799 -0.612219
    outer loop
      vertex 26.675 24.3901 17.6515
      vertex 28.323 23.4587 19.0167
      vertex 27.8421 23.5228 18.4983
    endloop
  endfacet
  facet normal 0.7071 0.353405 -0.612466
    outer loop
      vertex 26.675 24.3901 17.6515
      vertex 28.7367 23.3143 19.411
      vertex 28.323 23.4587 19.0167
    endloop
  endfacet
  facet normal 0.707101 0.353475 -0.612425
    outer loop
      vertex 28.7367 23.3143 19.411
      vertex 26.675 24.3901 17.6515
      vertex 29.0283 23.2135 19.6895
    endloop
  endfacet
  facet normal 0.70712 0.353554 -0.612356
    outer loop
      vertex 27.3826 23.1531 17.7544
      vertex 26.675 24.3901 17.6515
      vertex 27.3826 23.5861 18.0044
    endloop
  endfacet
  facet normal 0.707093 0.353576 -0.612375
    outer loop
      vertex 27.3826 21.4211 16.7544
      vertex 28.323 22.4193 18.4166
      vertex 29.8456 21.5599 19.6785
    endloop
  endfacet
  facet normal 0.707101 0.353564 -0.612373
    outer loop
      vertex 27.3826 21.4211 16.7544
      vertex 27.3826 23.1531 17.7544
      vertex 28.323 22.4193 18.4166
    endloop
  endfacet
  facet normal 0.70712 0.353554 -0.612356
    outer loop
      vertex 27.3826 21.4211 16.7544
      vertex 26.675 24.3901 17.6515
      vertex 27.3826 23.1531 17.7544
    endloop
  endfacet
  facet normal 0.7072 0.353453 -0.612322
    outer loop
      vertex 26.675 20.0427 15.1415
      vertex 27.3826 21.4211 16.7544
      vertex 27.3826 20.988 16.5044
    endloop
  endfacet
  facet normal 0.707108 0.353556 -0.61237
    outer loop
      vertex 27.3826 21.4211 16.7544
      vertex 26.675 20.0427 15.1415
      vertex 26.675 24.3901 17.6515
    endloop
  endfacet
  facet normal 0.707105 0.353579 -0.61236
    outer loop
      vertex 28.323 20.2542 17.1666
      vertex 26.675 20.0427 15.1415
      vertex 27.3826 20.988 16.5044
    endloop
  endfacet
  facet normal 0.707079 0.35354 -0.612412
    outer loop
      vertex 28.9159 18.9222 17.0822
      vertex 28.323 20.2542 17.1666
      vertex 29.8456 19.3949 18.4285
    endloop
  endfacet
  facet normal 0.707099 0.353539 -0.612389
    outer loop
      vertex 29.8456 18.6007 17.97
      vertex 29.8456 19.3949 18.4285
      vertex 30.9545 19.0114 19.4875
    endloop
  endfacet
  facet normal 0.707114 0.353552 -0.612365
    outer loop
      vertex 28.323 20.2542 17.1666
      vertex 28.9159 18.9222 17.0822
      vertex 26.675 20.0427 15.1415
    endloop
  endfacet
  facet normal 0.707187 0.353344 -0.612401
    outer loop
      vertex 29.8456 18.6007 17.97
      vertex 30.9545 19.0114 19.4875
      vertex 31.3681 18.867 19.8818
    endloop
  endfacet
  facet normal 0.707017 0.353805 -0.61233
    outer loop
      vertex 29.8456 18.6007 17.97
      vertex 31.3681 18.867 19.8818
      vertex 31.8491 18.803 20.4002
    endloop
  endfacet
  facet normal 0.707186 0.353558 -0.612278
    outer loop
      vertex 33.0161 16.8721 20.6331
      vertex 31.8491 18.803 20.4002
      vertex 32.3085 18.7396 20.8942
    endloop
  endfacet
  facet normal 0.707073 0.353552 -0.612412
    outer loop
      vertex 29.8456 19.3949 18.4285
      vertex 29.8456 18.6007 17.97
      vertex 28.9159 18.9222 17.0822
    endloop
  endfacet
  facet normal -9.1103e-05 0.499989 -0.866032
    outer loop
      vertex 40.9832 19.0894 21.9132
      vertex 40.3334 20.6551 22.8172
      vertex 40.9832 20.8215 22.9132
    endloop
  endfacet
  facet normal -2.3292e-06 0.500017 -0.866016
    outer loop
      vertex 39.6532 19.353 22.0654
      vertex 40.3334 20.6551 22.8172
      vertex 40.9832 19.0894 21.9132
    endloop
  endfacet
  facet normal 7.51798e-05 0.499987 -0.866033
    outer loop
      vertex 39.6532 19.353 22.0654
      vertex 39.6532 20.4787 22.7153
      vertex 40.3334 20.6551 22.8172
    endloop
  endfacet
  facet normal -0.000123027 0.499987 -0.866033
    outer loop
      vertex 39.6532 19.353 22.0654
      vertex 39.0682 20.4162 22.6793
      vertex 39.6532 20.4787 22.7153
    endloop
  endfacet
  facet normal -2.32227e-05 0.500028 -0.866009
    outer loop
      vertex 37.5 19.4511 22.1221
      vertex 39.0682 20.4162 22.6793
      vertex 39.6532 19.353 22.0654
    endloop
  endfacet
  facet normal 2.07842e-05 0.499974 -0.86604
    outer loop
      vertex 37.5 19.4511 22.1221
      vertex 37.5 20.2453 22.5806
      vertex 39.0682 20.4162 22.6793
    endloop
  endfacet
  facet normal 7.60093e-05 0.499974 -0.86604
    outer loop
      vertex 35.9318 19.2802 22.0233
      vertex 37.5 20.2453 22.5806
      vertex 37.5 19.4511 22.1221
    endloop
  endfacet
  facet normal -0.000123027 0.499987 -0.866033
    outer loop
      vertex 35.3468 20.3434 22.6372
      vertex 35.9318 19.2802 22.0233
      vertex 35.3468 19.2177 21.9873
    endloop
  endfacet
  facet normal 1.80309e-05 0.500045 -0.866
    outer loop
      vertex 35.9318 19.2802 22.0233
      vertex 35.3468 20.3434 22.6372
      vertex 37.5 20.2453 22.5806
    endloop
  endfacet
  facet normal 7.51798e-05 0.499987 -0.866033
    outer loop
      vertex 34.6666 19.0413 21.8854
      vertex 35.3468 20.3434 22.6372
      vertex 35.3468 19.2177 21.9873
    endloop
  endfacet
  facet normal -9.1103e-05 0.499989 -0.866032
    outer loop
      vertex 34.0168 20.607 22.7894
      vertex 34.6666 19.0413 21.8854
      vertex 34.0168 18.8749 21.7894
    endloop
  endfacet
  facet normal -2.3292e-06 0.500017 -0.866016
    outer loop
      vertex 34.6666 19.0413 21.8854
      vertex 34.0168 20.607 22.7894
      vertex 35.3468 20.3434 22.6372
    endloop
  endfacet
  facet normal -2.15456e-05 0.500011 -0.866019
    outer loop
      vertex 40.9832 16.9244 20.6632
      vertex 40.3334 18.4901 21.5672
      vertex 40.9832 18.6564 21.6632
    endloop
  endfacet
  facet normal -2.3292e-06 0.500017 -0.866016
    outer loop
      vertex 39.6532 17.188 20.8154
      vertex 40.3334 18.4901 21.5672
      vertex 40.9832 16.9244 20.6632
    endloop
  endfacet
  facet normal -9.85195e-06 0.50002 -0.866014
    outer loop
      vertex 39.6532 17.188 20.8154
      vertex 39.6532 18.3136 21.4653
      vertex 40.3334 18.4901 21.5672
    endloop
  endfacet
  facet normal -4.22962e-05 0.50002 -0.866014
    outer loop
      vertex 39.6532 17.188 20.8154
      vertex 39.0682 18.2512 21.4293
      vertex 39.6532 18.3136 21.4653
    endloop
  endfacet
  facet normal -2.32227e-05 0.500028 -0.866009
    outer loop
      vertex 37.5 17.2861 20.8721
      vertex 39.0682 18.2512 21.4293
      vertex 39.6532 17.188 20.8154
    endloop
  endfacet
  facet normal -1.79627e-05 0.500021 -0.866013
    outer loop
      vertex 37.5 17.2861 20.8721
      vertex 37.5 18.0802 21.3306
      vertex 39.0682 18.2512 21.4293
    endloop
  endfacet
  facet normal 3.72607e-05 0.500021 -0.866013
    outer loop
      vertex 35.9318 17.1151 20.7733
      vertex 37.5 18.0802 21.3306
      vertex 37.5 17.2861 20.8721
    endloop
  endfacet
  facet normal -4.22962e-05 0.50002 -0.866014
    outer loop
      vertex 35.3468 18.1783 21.3872
      vertex 35.9318 17.1151 20.7733
      vertex 35.3468 17.0527 20.7373
    endloop
  endfacet
  facet normal 1.80309e-05 0.500045 -0.866
    outer loop
      vertex 35.9318 17.1151 20.7733
      vertex 35.3468 18.1783 21.3872
      vertex 37.5 18.0802 21.3306
    endloop
  endfacet
  facet normal -9.85195e-06 0.50002 -0.866014
    outer loop
      vertex 34.6666 16.8762 20.6354
      vertex 35.3468 18.1783 21.3872
      vertex 35.3468 17.0527 20.7373
    endloop
  endfacet
  facet normal -0.0032922 0.49899 -0.866602
    outer loop
      vertex 34.0168 18.4419 21.5394
      vertex 34.6666 16.8762 20.6354
      vertex 34.6506 16.8721 20.6331
    endloop
  endfacet
  facet normal -2.3292e-06 0.500017 -0.866016
    outer loop
      vertex 34.6666 16.8762 20.6354
      vertex 34.0168 18.4419 21.5394
      vertex 35.3468 18.1783 21.3872
    endloop
  endfacet
  facet normal -4.41701e-05 0.500011 -0.866019
    outer loop
      vertex 33.0161 16.8721 20.6331
      vertex 34.0168 18.8749 21.7894
      vertex 34.0168 18.4419 21.5394
    endloop
  endfacet
  facet normal -2.18692e-05 0.499989 -0.866032
    outer loop
      vertex 34.0168 18.8749 21.7894
      vertex 33.0161 21.2196 23.1431
      vertex 34.0168 20.607 22.7894
    endloop
  endfacet
  facet normal -2.7371e-06 0.499995 -0.866028
    outer loop
      vertex 34.0168 18.8749 21.7894
      vertex 33.0161 16.8721 20.6331
      vertex 33.0161 21.2196 23.1431
    endloop
  endfacet
  facet normal 0 0.49999 -0.866031
    outer loop
      vertex 33.0161 16.8721 20.6331
      vertex 34.0168 18.4419 21.5394
      vertex 34.6506 16.8721 20.6331
    endloop
  endfacet
  facet normal 0 0.498814 -0.866709
    outer loop
      vertex 40.9832 16.9244 20.6632
      vertex 41.9839 16.8721 20.6331
      vertex 40.9832 16.8721 20.6331
    endloop
  endfacet
  facet normal 8.33435e-05 0.500011 -0.866019
    outer loop
      vertex 40.9832 18.6564 21.6632
      vertex 41.9839 16.8721 20.6331
      vertex 40.9832 16.9244 20.6632
    endloop
  endfacet
  facet normal 8.33435e-05 0.500011 -0.866019
    outer loop
      vertex 40.9832 19.0894 21.9132
      vertex 41.9839 16.8721 20.6331
      vertex 40.9832 18.6564 21.6632
    endloop
  endfacet
  facet normal 3.74734e-05 0.499995 -0.866028
    outer loop
      vertex 41.9839 16.8721 20.6331
      vertex 40.9832 19.0894 21.9132
      vertex 41.9839 21.2196 23.1431
    endloop
  endfacet
  facet normal 5.48554e-05 0.499989 -0.866032
    outer loop
      vertex 40.9832 20.8215 22.9132
      vertex 41.9839 21.2196 23.1431
      vertex 40.9832 19.0894 21.9132
    endloop
  endfacet
  facet normal 0 0.500093 -0.865972
    outer loop
      vertex 41.9839 21.2196 23.1431
      vertex 40.9832 20.8215 22.9132
      vertex 40.9832 21.2196 23.1431
    endloop
  endfacet
  facet normal -1.13485e-05 0.499981 -0.866036
    outer loop
      vertex 33.0161 21.2196 23.1431
      vertex 34.6666 21.2063 23.1354
      vertex 34.0168 21.04 23.0394
    endloop
  endfacet
  facet normal 0 0.501036 -0.865426
    outer loop
      vertex 34.6666 21.2063 23.1354
      vertex 33.0161 21.2196 23.1431
      vertex 34.7175 21.2196 23.1431
    endloop
  endfacet
  facet normal -4.19715e-06 0.500011 -0.866019
    outer loop
      vertex 34.0168 20.607 22.7894
      vertex 33.0161 21.2196 23.1431
      vertex 34.0168 21.04 23.0394
    endloop
  endfacet
  facet normal 0 0.866021 0.500007
    outer loop
      vertex 48.8569 22.2846 11.2583
      vertex 48.325 22.2846 11.2583
      vertex 48.7522 21.4073 12.7778
    endloop
  endfacet
  facet normal -0 0.865906 0.500206
    outer loop
      vertex 48.325 22.2846 11.2583
      vertex 48.8569 22.2846 11.2583
      vertex 48.8178 22.4248 11.0156
    endloop
  endfacet
  facet normal 0 0.866061 0.499939
    outer loop
      vertex 42.6915 17.2259 20.0202
      vertex 40.9832 16.8721 20.6331
      vertex 41.9839 16.8721 20.6331
    endloop
  endfacet
  facet normal 3.19091e-05 0.866022 0.500005
    outer loop
      vertex 44.2135 26.5823 3.81457
      vertex 40.9832 16.8721 20.6331
      vertex 42.6915 17.2259 20.0202
    endloop
  endfacet
  facet normal 0 0.866025 0.500001
    outer loop
      vertex 40.9832 16.8721 20.6331
      vertex 44.2135 26.5823 3.81457
      vertex 34.6506 16.8721 20.6331
    endloop
  endfacet
  facet normal -1.78235e-05 0.86603 0.499992
    outer loop
      vertex 48.325 22.2846 11.2583
      vertex 42.6915 17.2259 20.0202
      vertex 43.8474 17.5348 19.4852
    endloop
  endfacet
  facet normal 0 0.866037 0.499981
    outer loop
      vertex 34.6506 16.8721 20.6331
      vertex 31.5295 17.6154 19.3456
      vertex 33.0161 16.8721 20.6331
    endloop
  endfacet
  facet normal -2.97575e-06 0.866026 0.499999
    outer loop
      vertex 33.0161 27.6971 1.88361
      vertex 34.6506 16.8721 20.6331
      vertex 44.2135 26.5823 3.81457
    endloop
  endfacet
  facet normal -1.06165e-05 0.866025 0.5
    outer loop
      vertex 34.6506 16.8721 20.6331
      vertex 33.0161 27.6971 1.88361
      vertex 31.5295 17.6154 19.3456
    endloop
  endfacet
  facet normal -5.78662e-05 0.866039 0.499976
    outer loop
      vertex 48.325 22.2846 11.2583
      vertex 43.8474 17.5348 19.4852
      vertex 45.5787 18.2453 18.2547
    endloop
  endfacet
  facet normal 2.88881e-05 0.866024 0.500002
    outer loop
      vertex 30.3124 18.1279 18.458
      vertex 31.5295 17.6154 19.3456
      vertex 33.0161 27.6971 1.88361
    endloop
  endfacet
  facet normal 0.000838647 0.866504 0.499169
    outer loop
      vertex 31.5295 17.6154 19.3456
      vertex 30.3124 18.1279 18.458
      vertex 31.336 17.6721 19.2475
    endloop
  endfacet
  facet normal 6.58257e-05 0.866018 0.500013
    outer loop
      vertex 48.325 22.2846 11.2583
      vertex 45.5787 18.2453 18.2547
      vertex 46.9995 19.1109 16.7553
    endloop
  endfacet
  facet normal -0.000164148 0.866042 0.499971
    outer loop
      vertex 48.325 22.2846 11.2583
      vertex 46.9995 19.1109 16.7553
      vertex 47.6174 19.6889 15.7543
    endloop
  endfacet
  facet normal -7.71339e-05 0.866064 0.499933
    outer loop
      vertex 48.325 20.543 14.2748
      vertex 47.6174 19.6889 15.7543
      vertex 48.325 20.0427 15.1415
    endloop
  endfacet
  facet normal 0.000123565 0.866023 0.500005
    outer loop
      vertex 48.325 22.2846 11.2583
      vertex 47.6174 19.6889 15.7543
      vertex 48.325 20.543 14.2748
    endloop
  endfacet
  facet normal 4.67321e-06 0.866023 0.500003
    outer loop
      vertex 42.6915 17.2259 20.0202
      vertex 48.325 22.2846 11.2583
      vertex 44.2135 26.5823 3.81457
    endloop
  endfacet
  facet normal -0.000168168 0.866023 0.500005
    outer loop
      vertex 48.325 22.2846 11.2583
      vertex 48.325 20.543 14.2748
      vertex 48.7055 21.1702 13.1886
    endloop
  endfacet
  facet normal 0.00042658 0.866073 0.499917
    outer loop
      vertex 48.325 22.2846 11.2583
      vertex 48.7055 21.1702 13.1886
      vertex 48.7522 21.4073 12.7778
    endloop
  endfacet
  facet normal -8.61914e-06 0.866027 0.499998
    outer loop
      vertex 28.9159 18.9222 17.0822
      vertex 30.3124 18.1279 18.458
      vertex 33.0161 27.6971 1.88361
    endloop
  endfacet
  facet normal -0.000130705 0.866021 0.500007
    outer loop
      vertex 48.5537 23.384 9.35418
      vertex 48.325 22.2846 11.2583
      vertex 48.8178 22.4248 11.0156
    endloop
  endfacet
  facet normal -5.91665e-05 0.866017 0.500014
    outer loop
      vertex 48.325 22.2846 11.2583
      vertex 48.5537 23.384 9.35418
      vertex 48.3425 23.6874 8.82867
    endloop
  endfacet
  facet normal -0.00198572 0.866022 0.500002
    outer loop
      vertex 48.325 22.2846 11.2583
      vertex 48.3425 23.6874 8.82867
      vertex 48.325 23.7127 8.78478
    endloop
  endfacet
  facet normal 1.56982e-05 0.866023 0.500003
    outer loop
      vertex 46.8445 25.2668 6.09307
      vertex 48.325 22.2846 11.2583
      vertex 48.325 23.7127 8.78478
    endloop
  endfacet
  facet normal 0.000322171 0.866172 0.499746
    outer loop
      vertex 30.3124 18.1279 18.458
      vertex 28.9159 18.9222 17.0822
      vertex 29.7159 18.3926 17.9996
    endloop
  endfacet
  facet normal 5.40398e-05 0.866033 0.499987
    outer loop
      vertex 46.8445 25.2668 6.09307
      vertex 48.325 23.7127 8.78478
      vertex 48.325 24.5265 7.37519
    endloop
  endfacet
  facet normal -3.20686e-05 0.866018 0.500014
    outer loop
      vertex 48.325 22.2846 11.2583
      vertex 46.8445 25.2668 6.09307
      vertex 45.8214 25.8756 5.03857
    endloop
  endfacet
  facet normal 0.000951036 0.86643 0.499298
    outer loop
      vertex 45.8214 25.8756 5.03857
      vertex 46.8445 25.2668 6.09307
      vertex 46.727 25.3672 5.91907
    endloop
  endfacet
  facet normal 1.23844e-05 0.866025 0.5
    outer loop
      vertex 48.325 22.2846 11.2583
      vertex 45.8214 25.8756 5.03857
      vertex 44.2135 26.5823 3.81457
    endloop
  endfacet
  facet normal 0.000345155 0.866214 0.499672
    outer loop
      vertex 44.2135 26.5823 3.81457
      vertex 45.8214 25.8756 5.03857
      vertex 45.2857 26.1774 4.51575
    endloop
  endfacet
  facet normal -6.84893e-06 0.866026 0.499998
    outer loop
      vertex 26.675 24.5265 7.37519
      vertex 28.9159 18.9222 17.0822
      vertex 33.0161 27.6971 1.88361
    endloop
  endfacet
  facet normal -0 0.866033 0.499986
    outer loop
      vertex 33.0161 27.6971 1.88361
      vertex 44.2135 26.5823 3.81457
      vertex 41.9839 27.6971 1.88361
    endloop
  endfacet
  facet normal 2.188e-05 0.866029 0.499993
    outer loop
      vertex 28.9159 18.9222 17.0822
      vertex 26.675 24.5265 7.37519
      vertex 26.675 20.0427 15.1415
    endloop
  endfacet
  facet normal 5.86611e-05 0.865694 0.500574
    outer loop
      vertex 39.3117 16.6613 20.9981
      vertex 37.2106 16.6275 21.0568
      vertex 37.5 16.6073 21.0917
    endloop
  endfacet
  facet normal -0.000331951 0.866614 0.498979
    outer loop
      vertex 40.9832 16.8721 20.6331
      vertex 39.3117 16.6613 20.9981
      vertex 39.7289 16.6819 20.9626
    endloop
  endfacet
  facet normal 4.78514e-05 0.865861 0.500284
    outer loop
      vertex 39.3117 16.6613 20.9981
      vertex 40.9832 16.8721 20.6331
      vertex 37.2106 16.6275 21.0568
    endloop
  endfacet
  facet normal 1.62912e-05 0.866162 0.499763
    outer loop
      vertex 37.2106 16.6275 21.0568
      vertex 34.6862 16.8659 20.6437
      vertex 35.3017 16.7588 20.8293
    endloop
  endfacet
  facet normal -0 0.866046 0.499964
    outer loop
      vertex 34.6506 16.8721 20.6331
      vertex 37.2106 16.6275 21.0568
      vertex 40.9832 16.8721 20.6331
    endloop
  endfacet
  facet normal -0.00243779 0.859595 0.51097
    outer loop
      vertex 37.2106 16.6275 21.0568
      vertex 34.6506 16.8721 20.6331
      vertex 34.6862 16.8659 20.6437
    endloop
  endfacet
  facet normal -0.707106 -0.353462 0.612425
    outer loop
      vertex 46.8445 25.2668 6.09307
      vertex 48.325 24.5265 7.37519
      vertex 47.6174 25.097 6.88746
    endloop
  endfacet
  facet normal -0.707112 -0.353541 0.612374
    outer loop
      vertex 43.6319 30.1659 5.21194
      vertex 41.9839 32.0446 4.39361
      vertex 42.6915 30.3725 4.24533
    endloop
  endfacet
  facet normal -0.707134 -0.353547 0.612344
    outer loop
      vertex 41.9839 32.0446 4.39361
      vertex 42.6915 29.9395 3.99533
      vertex 42.6915 30.3725 4.24533
    endloop
  endfacet
  facet normal -0.707161 -0.353534 0.612321
    outer loop
      vertex 42.6915 28.2075 2.99533
      vertex 43.1509 29.5434 4.29719
      vertex 42.6915 29.9395 3.99533
    endloop
  endfacet
  facet normal -0.707062 -0.353586 0.612405
    outer loop
      vertex 43.1509 29.5434 4.29719
      vertex 43.6319 28.0009 3.96194
      vertex 43.6319 29.1265 4.61183
    endloop
  endfacet
  facet normal -0.707104 -0.353588 0.612356
    outer loop
      vertex 43.6319 28.0009 3.96194
      vertex 43.1509 29.5434 4.29719
      vertex 42.6915 28.2075 2.99533
    endloop
  endfacet
  facet normal -0.707116 -0.353545 0.612366
    outer loop
      vertex 41.9839 27.6971 1.88361
      vertex 42.6915 29.9395 3.99533
      vertex 41.9839 32.0446 4.39361
    endloop
  endfacet
  facet normal -0.707089 -0.35357 0.612383
    outer loop
      vertex 42.6915 29.9395 3.99533
      vertex 41.9839 27.6971 1.88361
      vertex 42.6915 28.2075 2.99533
    endloop
  endfacet
  facet normal -0.707089 -0.35357 0.612383
    outer loop
      vertex 42.6915 28.2075 2.99533
      vertex 41.9839 27.6971 1.88361
      vertex 42.6915 27.7745 2.74533
    endloop
  endfacet
  facet normal -0.707134 -0.353436 0.612408
    outer loop
      vertex 41.9839 27.6971 1.88361
      vertex 43.1509 27.3784 3.04719
      vertex 42.6915 27.7745 2.74533
    endloop
  endfacet
  facet normal -0.707096 -0.353708 0.612296
    outer loop
      vertex 41.9839 27.6971 1.88361
      vertex 43.6319 26.9615 3.36183
      vertex 43.1509 27.3784 3.04719
    endloop
  endfacet
  facet normal -0.707122 -0.352986 0.612683
    outer loop
      vertex 41.9839 27.6971 1.88361
      vertex 44.0455 26.6922 3.68403
      vertex 43.6319 26.9615 3.36183
    endloop
  endfacet
  facet normal -0.707116 -0.353622 0.612322
    outer loop
      vertex 44.0455 26.6922 3.68403
      vertex 41.9839 27.6971 1.88361
      vertex 44.2135 26.5823 3.81457
    endloop
  endfacet
  facet normal -0.707116 -0.353548 0.612365
    outer loop
      vertex 41.9839 32.0446 4.39361
      vertex 43.6319 30.1659 5.21194
      vertex 44.1012 30.9859 6.22728
    endloop
  endfacet
  facet normal -0.707123 -0.35354 0.612362
    outer loop
      vertex 45.1544 29.5027 6.58715
      vertex 44.1012 30.9859 6.22728
      vertex 43.6319 30.1659 5.21194
    endloop
  endfacet
  facet normal -0.707115 -0.353531 0.612376
    outer loop
      vertex 44.1012 30.9859 6.22728
      vertex 45.1544 29.5027 6.58715
      vertex 45.1544 30.2969 7.04565
    endloop
  endfacet
  facet normal -0.7071 -0.353538 0.612389
    outer loop
      vertex 46.2633 28.7773 7.44877
      vertex 45.1544 30.2969 7.04565
      vertex 45.1544 29.5027 6.58715
    endloop
  endfacet
  facet normal -0.7071 -0.353538 0.612389
    outer loop
      vertex 45.1544 30.2969 7.04565
      vertex 46.2633 28.7773 7.44877
      vertex 46.677 29.6337 8.42086
    endloop
  endfacet
  facet normal -0.707044 -0.353599 0.612419
    outer loop
      vertex 46.677 28.5081 7.77096
      vertex 46.677 29.6337 8.42086
      vertex 46.2633 28.7773 7.44877
    endloop
  endfacet
  facet normal -0.707165 -0.353538 0.612314
    outer loop
      vertex 46.677 29.6337 8.42086
      vertex 46.677 28.5081 7.77096
      vertex 46.9063 29.5833 8.65658
    endloop
  endfacet
  facet normal -0.707179 -0.353527 0.612304
    outer loop
      vertex 47.1579 28.0911 8.08561
      vertex 46.9063 29.5833 8.65658
      vertex 46.677 28.5081 7.77096
    endloop
  endfacet
  facet normal -0.707096 -0.353546 0.612389
    outer loop
      vertex 46.9063 29.5833 8.65658
      vertex 47.1579 28.0911 8.08561
      vertex 48.325 28.874 9.88519
    endloop
  endfacet
  facet normal -0.707049 -0.35363 0.612395
    outer loop
      vertex 47.6174 27.6951 8.38746
      vertex 48.325 28.874 9.88519
      vertex 47.1579 28.0911 8.08561
    endloop
  endfacet
  facet normal -0.707195 -0.353456 0.612327
    outer loop
      vertex 47.6174 27.262 8.13746
      vertex 48.325 28.874 9.88519
      vertex 47.6174 27.6951 8.38746
    endloop
  endfacet
  facet normal -0.707143 -0.353549 0.612333
    outer loop
      vertex 47.1579 25.9261 6.83561
      vertex 46.677 27.4686 7.17086
      vertex 46.677 26.343 6.52096
    endloop
  endfacet
  facet normal -0.707108 -0.353547 0.612375
    outer loop
      vertex 46.677 27.4686 7.17086
      vertex 47.1579 25.9261 6.83561
      vertex 47.6174 27.262 8.13746
    endloop
  endfacet
  facet normal -0.707078 -0.353576 0.612393
    outer loop
      vertex 47.6174 25.53 7.13746
      vertex 47.6174 27.262 8.13746
      vertex 47.1579 25.9261 6.83561
    endloop
  endfacet
  facet normal -0.707127 -0.353551 0.612351
    outer loop
      vertex 48.325 24.5265 7.37519
      vertex 47.6174 27.262 8.13746
      vertex 47.6174 25.53 7.13746
    endloop
  endfacet
  facet normal -0.707127 -0.353551 0.612351
    outer loop
      vertex 48.325 24.5265 7.37519
      vertex 47.6174 25.53 7.13746
      vertex 47.6174 25.097 6.88746
    endloop
  endfacet
  facet normal -0.707102 -0.353553 0.612378
    outer loop
      vertex 47.6174 27.262 8.13746
      vertex 48.325 24.5265 7.37519
      vertex 48.325 28.874 9.88519
    endloop
  endfacet
  facet normal -0.707179 -0.353527 0.612304
    outer loop
      vertex 43.6319 29.1265 4.61183
      vertex 43.6319 28.0009 3.96194
      vertex 44.0455 28.8572 4.93403
    endloop
  endfacet
  facet normal -0.70712 -0.353591 0.612335
    outer loop
      vertex 45.1544 27.3377 5.33715
      vertex 44.0455 28.8572 4.93403
      vertex 43.6319 28.0009 3.96194
    endloop
  endfacet
  facet normal -0.707103 -0.35357 0.612367
    outer loop
      vertex 44.0455 28.8572 4.93403
      vertex 45.1544 27.3377 5.33715
      vertex 45.1544 28.1318 5.79565
    endloop
  endfacet
  facet normal -0.707103 -0.35357 0.612367
    outer loop
      vertex 46.2633 26.6123 6.19877
      vertex 45.1544 28.1318 5.79565
      vertex 45.1544 27.3377 5.33715
    endloop
  endfacet
  facet normal -0.707099 -0.353564 0.612375
    outer loop
      vertex 45.1544 28.1318 5.79565
      vertex 46.2633 26.6123 6.19877
      vertex 46.677 27.4686 7.17086
    endloop
  endfacet
  facet normal -0.707087 -0.353578 0.612382
    outer loop
      vertex 46.677 26.343 6.52096
      vertex 46.677 27.4686 7.17086
      vertex 46.2633 26.6123 6.19877
    endloop
  endfacet
  facet normal 0.707126 -0.353509 0.612376
    outer loop
      vertex 29.8456 28.6731 6.10815
      vertex 31.8491 28.4709 3.67793
      vertex 32.3085 28.5342 3.18399
    endloop
  endfacet
  facet normal 0.707061 -0.353706 0.612338
    outer loop
      vertex 29.8456 28.6731 6.10815
      vertex 31.3681 28.4068 4.19631
      vertex 31.8491 28.4709 3.67793
    endloop
  endfacet
  facet normal 0.707108 -0.353535 0.612382
    outer loop
      vertex 29.8456 27.8789 5.64965
      vertex 29.8456 28.6731 6.10815
      vertex 28.7367 28.2896 7.16718
    endloop
  endfacet
  facet normal 0.707194 -0.353342 0.612393
    outer loop
      vertex 29.8456 28.6731 6.10815
      vertex 30.9545 28.2624 4.59062
      vertex 31.3681 28.4068 4.19631
    endloop
  endfacet
  facet normal 0.70709 -0.353576 0.612378
    outer loop
      vertex 28.323 27.0196 6.91159
      vertex 28.7367 28.2896 7.16718
      vertex 28.323 28.1452 7.56149
    endloop
  endfacet
  facet normal 0.707126 -0.353558 0.612348
    outer loop
      vertex 28.323 27.0196 6.91159
      vertex 28.323 28.1452 7.56149
      vertex 27.8421 28.0812 8.07987
    endloop
  endfacet
  facet normal 0.707078 -0.353576 0.612393
    outer loop
      vertex 27.3826 26.2858 7.57381
      vertex 27.8421 28.0812 8.07987
      vertex 27.3826 28.0178 8.57381
    endloop
  endfacet
  facet normal 0.707088 -0.353578 0.61238
    outer loop
      vertex 29.8456 28.6731 6.10815
      vertex 29.8456 27.879 5.64965
      vertex 30.9545 28.2624 4.59062
    endloop
  endfacet
  facet normal 0.707148 -0.353566 0.612317
    outer loop
      vertex 33.0161 32.0446 4.39361
      vertex 31.8491 30.6359 4.92793
      vertex 32.3085 30.6993 4.43399
    endloop
  endfacet
  facet normal 0.707082 -0.353458 0.612456
    outer loop
      vertex 33.0161 32.0446 4.39361
      vertex 31.3681 30.5719 5.44631
      vertex 31.8491 30.6359 4.92793
    endloop
  endfacet
  facet normal 0.707159 -0.353713 0.612221
    outer loop
      vertex 33.0161 32.0446 4.39361
      vertex 30.9545 30.4275 5.84062
      vertex 31.3681 30.5719 5.44631
    endloop
  endfacet
  facet normal 0.707112 -0.35349 0.612403
    outer loop
      vertex 33.0161 32.0446 4.39361
      vertex 29.8456 30.044 6.89965
      vertex 30.9545 30.4275 5.84062
    endloop
  endfacet
  facet normal 0.707109 -0.353462 0.612422
    outer loop
      vertex 26.675 28.874 9.88519
      vertex 29.8456 30.044 6.89965
      vertex 33.0161 32.0446 4.39361
    endloop
  endfacet
  facet normal 0.707101 -0.353566 0.612372
    outer loop
      vertex 29.8456 30.044 6.89965
      vertex 26.675 28.874 9.88519
      vertex 28.323 29.1846 8.16159
    endloop
  endfacet
  facet normal 0.707105 -0.353545 0.61238
    outer loop
      vertex 26.675 28.874 9.88519
      vertex 27.3826 28.4508 8.82381
      vertex 28.323 29.1846 8.16159
    endloop
  endfacet
  facet normal 0.707092 -0.353569 0.612381
    outer loop
      vertex 26.675 28.874 9.88519
      vertex 27.3826 28.0178 8.57381
      vertex 27.3826 28.4508 8.82381
    endloop
  endfacet
  facet normal 1 0 0
    outer loop
      vertex 29.8456 28.6731 6.10815
      vertex 29.8456 27.8789 5.64965
      vertex 29.8456 27.879 5.64965
    endloop
  endfacet
  facet normal 0.707089 -0.353576 0.61238
    outer loop
      vertex 28.7367 28.2896 7.16718
      vertex 28.323 27.0196 6.91159
      vertex 29.8456 27.8789 5.64965
    endloop
  endfacet
  facet normal 0.707111 -0.353574 0.612356
    outer loop
      vertex 27.8421 28.0812 8.07987
      vertex 27.3826 26.2858 7.57381
      vertex 28.323 27.0196 6.91159
    endloop
  endfacet
  facet normal 0.707092 -0.353569 0.612381
    outer loop
      vertex 26.675 28.874 9.88519
      vertex 27.3826 26.2858 7.57381
      vertex 27.3826 28.0178 8.57381
    endloop
  endfacet
  facet normal 0.707123 -0.353542 0.612361
    outer loop
      vertex 26.675 24.5265 7.37519
      vertex 27.3826 26.2858 7.57381
      vertex 26.675 28.874 9.88519
    endloop
  endfacet
  facet normal 0.707137 -0.353546 0.612342
    outer loop
      vertex 27.3826 26.2858 7.57381
      vertex 26.675 24.5265 7.37519
      vertex 27.3826 25.8528 7.32381
    endloop
  endfacet
  facet normal 0.707124 -0.353553 0.612353
    outer loop
      vertex 32.3085 30.2663 4.18399
      vertex 33.0161 32.0446 4.39361
      vertex 32.3085 30.6993 4.43399
    endloop
  endfacet
  facet normal 0.707122 -0.353521 0.612373
    outer loop
      vertex 32.3085 28.5342 3.18399
      vertex 31.3681 29.5325 4.84621
      vertex 29.8456 28.6731 6.10815
    endloop
  endfacet
  facet normal 0.707105 -0.353547 0.612378
    outer loop
      vertex 32.3085 28.5342 3.18399
      vertex 32.3085 30.2663 4.18399
      vertex 31.3681 29.5325 4.84621
    endloop
  endfacet
  facet normal 0.707121 -0.353539 0.612364
    outer loop
      vertex 33.0161 27.6971 1.88361
      vertex 32.3085 30.2663 4.18399
      vertex 32.3085 28.5342 3.18399
    endloop
  endfacet
  facet normal 0.707104 -0.353563 0.61237
    outer loop
      vertex 33.0161 27.6971 1.88361
      vertex 32.3085 28.5342 3.18399
      vertex 32.3085 28.1012 2.93399
    endloop
  endfacet
  facet normal 0.707109 -0.353549 0.612372
    outer loop
      vertex 32.3085 30.2663 4.18399
      vertex 33.0161 27.6971 1.88361
      vertex 33.0161 32.0446 4.39361
    endloop
  endfacet
  facet normal 0.707107 -0.353557 0.61237
    outer loop
      vertex 31.3681 27.3674 3.59621
      vertex 33.0161 27.6971 1.88361
      vertex 32.3085 28.1012 2.93399
    endloop
  endfacet
  facet normal 0.707121 -0.353482 0.612398
    outer loop
      vertex 31.3681 27.3674 3.59621
      vertex 29.8456 26.508 4.85815
      vertex 33.0161 27.6971 1.88361
    endloop
  endfacet
  facet normal 0.707068 -0.353386 0.612514
    outer loop
      vertex 26.675 24.5265 7.37519
      vertex 28.7367 26.1245 5.91718
      vertex 28.323 25.9802 6.31149
    endloop
  endfacet
  facet normal 0.70706 -0.3535 0.612458
    outer loop
      vertex 26.675 24.5265 7.37519
      vertex 27.8421 25.9161 6.82987
      vertex 27.3826 25.8528 7.32381
    endloop
  endfacet
  facet normal 0.707109 -0.353623 0.612329
    outer loop
      vertex 29.8456 26.508 4.85815
      vertex 26.675 24.5265 7.37519
      vertex 33.0161 27.6971 1.88361
    endloop
  endfacet
  facet normal 0.707105 -0.353567 0.612367
    outer loop
      vertex 28.7367 26.1245 5.91718
      vertex 26.675 24.5265 7.37519
      vertex 29.8456 26.508 4.85815
    endloop
  endfacet
  facet normal 0.707141 -0.353637 0.612285
    outer loop
      vertex 27.8421 25.9161 6.82987
      vertex 26.675 24.5265 7.37519
      vertex 28.323 25.9802 6.31149
    endloop
  endfacet
  facet normal -1 0 0
    outer loop
      vertex 48.325 26.7848 9.8345
      vertex 48.325 28.094 11.2362
      vertex 48.325 28.874 9.88519
    endloop
  endfacet
  facet normal -1 -0 0
    outer loop
      vertex 48.325 28.094 11.2362
      vertex 48.325 26.7848 9.8345
      vertex 48.325 28.0256 11.3012
    endloop
  endfacet
  facet normal -1 0 0
    outer loop
      vertex 48.325 26.3834 11.1384
      vertex 48.325 28.0256 11.3012
      vertex 48.325 26.7848 9.8345
    endloop
  endfacet
  facet normal -1 -0 0
    outer loop
      vertex 48.325 28.0256 11.3012
      vertex 48.325 26.3834 11.1384
      vertex 48.325 27.5091 11.7883
    endloop
  endfacet
  facet normal -1 0 0
    outer loop
      vertex 48.325 28.874 9.88519
      vertex 48.325 26.3518 9.5845
      vertex 48.325 26.7848 9.8345
    endloop
  endfacet
  facet normal -1 0 0
    outer loop
      vertex 48.325 24.6197 8.5845
      vertex 48.325 25.8605 10.0512
      vertex 48.325 26.3518 9.5845
    endloop
  endfacet
  facet normal -1 -0 0
    outer loop
      vertex 48.325 25.8605 10.0512
      vertex 48.325 24.2184 9.88845
      vertex 48.325 25.344 10.5383
    endloop
  endfacet
  facet normal -1 0 0
    outer loop
      vertex 48.325 24.2184 9.88845
      vertex 48.325 25.8605 10.0512
      vertex 48.325 24.6197 8.5845
    endloop
  endfacet
  facet normal -1 0 0
    outer loop
      vertex 48.325 24.5265 7.37519
      vertex 48.325 26.3518 9.5845
      vertex 48.325 28.874 9.88519
    endloop
  endfacet
  facet normal -1 0 0
    outer loop
      vertex 48.325 26.3518 9.5845
      vertex 48.325 24.5265 7.37519
      vertex 48.325 24.6197 8.5845
    endloop
  endfacet
  facet normal -1 0 0
    outer loop
      vertex 48.325 24.5265 7.37519
      vertex 48.325 24.1867 8.3345
      vertex 48.325 24.6197 8.5845
    endloop
  endfacet
  facet normal -1 -0 -0
    outer loop
      vertex 48.325 24.1867 8.3345
      vertex 48.325 24.5265 7.37519
      vertex 48.325 23.7127 8.78478
    endloop
  endfacet
  facet normal -1 -0 0
    outer loop
      vertex 48.325 27.5091 11.7883
      vertex 48.325 26.3834 11.1384
      vertex 48.325 27.1541 12.2589
    endloop
  endfacet
  facet normal -1 0 0
    outer loop
      vertex 48.325 25.4049 13.0598
      vertex 48.325 27.1541 12.2589
      vertex 48.325 26.3834 11.1384
    endloop
  endfacet
  facet normal -1 0 0
    outer loop
      vertex 48.325 27.1541 12.2589
      vertex 48.325 25.4049 13.0598
      vertex 48.325 26.199 13.5183
    endloop
  endfacet
  facet normal -1 0 0
    outer loop
      vertex 48.325 24.4498 14.3192
      vertex 48.325 26.199 13.5183
      vertex 48.325 25.4049 13.0598
    endloop
  endfacet
  facet normal -1 0 0
    outer loop
      vertex 48.325 26.199 13.5183
      vertex 48.325 24.4498 14.3192
      vertex 48.325 25.2205 15.4397
    endloop
  endfacet
  facet normal -1 0 0
    outer loop
      vertex 48.325 24.0949 14.7898
      vertex 48.325 25.2205 15.4397
      vertex 48.325 24.4498 14.3192
    endloop
  endfacet
  facet normal -1 0 0
    outer loop
      vertex 48.325 24.8192 16.7437
      vertex 48.325 24.3901 17.6515
      vertex 48.325 24.8905 16.7848
    endloop
  endfacet
  facet normal -1 0 0
    outer loop
      vertex 48.325 23.5784 15.277
      vertex 48.325 25.2205 15.4397
      vertex 48.325 24.0949 14.7898
    endloop
  endfacet
  facet normal -1 -0 0
    outer loop
      vertex 48.325 25.2205 15.4397
      vertex 48.325 23.5784 15.277
      vertex 48.325 24.8192 16.7437
    endloop
  endfacet
  facet normal -1 0 0
    outer loop
      vertex 48.325 23.0871 15.7437
      vertex 48.325 24.8192 16.7437
      vertex 48.325 23.5784 15.277
    endloop
  endfacet
  facet normal -1 -0 0
    outer loop
      vertex 48.325 24.8192 16.7437
      vertex 48.325 23.0871 15.7437
      vertex 48.325 24.3901 17.6515
    endloop
  endfacet
  facet normal -1 0 0
    outer loop
      vertex 48.325 22.6541 15.4937
      vertex 48.325 24.3901 17.6515
      vertex 48.325 23.0871 15.7437
    endloop
  endfacet
  facet normal -1 0 0
    outer loop
      vertex 48.325 21.4133 14.027
      vertex 48.325 23.0555 14.1897
      vertex 48.325 21.9298 13.5398
    endloop
  endfacet
  facet normal -1 -0 0
    outer loop
      vertex 48.325 23.0555 14.1897
      vertex 48.325 21.4133 14.027
      vertex 48.325 22.6541 15.4937
    endloop
  endfacet
  facet normal -1 0 0
    outer loop
      vertex 48.325 20.9221 14.4937
      vertex 48.325 22.6541 15.4937
      vertex 48.325 21.4133 14.027
    endloop
  endfacet
  facet normal -1 0 0
    outer loop
      vertex 48.325 20.0427 15.1415
      vertex 48.325 22.6541 15.4937
      vertex 48.325 20.9221 14.4937
    endloop
  endfacet
  facet normal -1 0 0
    outer loop
      vertex 48.325 20.0427 15.1415
      vertex 48.325 20.9221 14.4937
      vertex 48.325 20.543 14.2748
    endloop
  endfacet
  facet normal -1 -0 0
    outer loop
      vertex 48.325 22.6541 15.4937
      vertex 48.325 20.0427 15.1415
      vertex 48.325 24.3901 17.6515
    endloop
  endfacet
  facet normal -1 -0 0
    outer loop
      vertex 48.325 25.344 10.5383
      vertex 48.325 24.2184 9.88845
      vertex 48.325 24.989 11.0089
    endloop
  endfacet
  facet normal -1 0 0
    outer loop
      vertex 48.325 23.2398 11.8098
      vertex 48.325 24.989 11.0089
      vertex 48.325 24.2184 9.88845
    endloop
  endfacet
  facet normal -1 0 0
    outer loop
      vertex 48.325 24.989 11.0089
      vertex 48.325 23.2398 11.8098
      vertex 48.325 24.034 12.2683
    endloop
  endfacet
  facet normal -1 0 0
    outer loop
      vertex 48.325 22.2848 13.0692
      vertex 48.325 24.034 12.2683
      vertex 48.325 23.2398 11.8098
    endloop
  endfacet
  facet normal -1 0 0
    outer loop
      vertex 48.325 24.034 12.2683
      vertex 48.325 22.2848 13.0692
      vertex 48.325 23.0555 14.1897
    endloop
  endfacet
  facet normal -1 0 0
    outer loop
      vertex 48.325 21.9298 13.5398
      vertex 48.325 23.0555 14.1897
      vertex 48.325 22.2848 13.0692
    endloop
  endfacet
  facet normal -3.18567e-05 -0.500011 0.866019
    outer loop
      vertex 40.9832 30.3494 3.41493
      vertex 40.3334 28.7838 2.51098
      vertex 40.9832 28.6174 2.41493
    endloop
  endfacet
  facet normal 5.69015e-06 -0.500023 0.866012
    outer loop
      vertex 39.6532 30.0858 3.26274
      vertex 40.3334 28.7838 2.51098
      vertex 40.9832 30.3494 3.41493
    endloop
  endfacet
  facet normal 1.27318e-05 -0.50002 0.866014
    outer loop
      vertex 39.6532 30.0858 3.26274
      vertex 39.6532 28.9602 2.61284
      vertex 40.3334 28.7838 2.51098
    endloop
  endfacet
  facet normal 4.65258e-05 -0.50002 0.866014
    outer loop
      vertex 39.6532 30.0858 3.26274
      vertex 39.0682 29.0226 2.6489
      vertex 39.6532 28.9602 2.61284
    endloop
  endfacet
  facet normal 3.37114e-06 -0.500002 0.866024
    outer loop
      vertex 37.5 29.9877 3.20611
      vertex 39.0682 29.0226 2.6489
      vertex 39.6532 30.0858 3.26274
    endloop
  endfacet
  facet normal -1.24404e-05 -0.500021 0.866013
    outer loop
      vertex 37.5 29.9877 3.20611
      vertex 37.5 29.1936 2.74761
      vertex 39.0682 29.0226 2.6489
    endloop
  endfacet
  facet normal -1.79627e-05 -0.500021 0.866013
    outer loop
      vertex 35.9318 30.1587 3.30481
      vertex 37.5 29.1936 2.74761
      vertex 37.5 29.9877 3.20611
    endloop
  endfacet
  facet normal -3.42029e-05 -0.499987 0.866033
    outer loop
      vertex 35.3468 29.0955 2.69097
      vertex 35.9318 30.1587 3.30481
      vertex 35.3468 30.2212 3.34087
    endloop
  endfacet
  facet normal -7.54316e-07 -0.5 0.866025
    outer loop
      vertex 35.9318 30.1587 3.30481
      vertex 35.3468 29.0955 2.69097
      vertex 37.5 29.1936 2.74761
    endloop
  endfacet
  facet normal 2.42516e-05 -0.499987 0.866033
    outer loop
      vertex 34.6666 30.3976 3.44273
      vertex 35.3468 29.0955 2.69097
      vertex 35.3468 30.2212 3.34087
    endloop
  endfacet
  facet normal -2.44647e-05 -0.499989 0.866032
    outer loop
      vertex 34.0168 28.8319 2.53878
      vertex 34.6666 30.3976 3.44273
      vertex 34.0168 30.564 3.53878
    endloop
  endfacet
  facet normal -1.20676e-06 -0.499997 0.866027
    outer loop
      vertex 34.6666 30.3976 3.44273
      vertex 34.0168 28.8319 2.53878
      vertex 35.3468 29.0955 2.69097
    endloop
  endfacet
  facet normal -0.000132503 -0.499924 0.866069
    outer loop
      vertex 40.9832 30.3494 3.41493
      vertex 41.9839 32.0446 4.39361
      vertex 40.9832 30.7825 3.66493
    endloop
  endfacet
  facet normal 3.96966e-05 -0.500027 0.86601
    outer loop
      vertex 41.9839 32.0446 4.39361
      vertex 40.3334 30.9488 3.76098
      vertex 40.9832 30.7825 3.66493
    endloop
  endfacet
  facet normal -3.4258e-05 -0.499943 0.866058
    outer loop
      vertex 41.9839 32.0446 4.39361
      vertex 39.6532 31.1253 3.86284
      vertex 40.3334 30.9488 3.76098
    endloop
  endfacet
  facet normal 3.79105e-05 -0.50008 0.865979
    outer loop
      vertex 41.9839 32.0446 4.39361
      vertex 39.0682 31.1877 3.8989
      vertex 39.6532 31.1253 3.86284
    endloop
  endfacet
  facet normal -5.08191e-06 -0.499971 0.866042
    outer loop
      vertex 41.9839 32.0446 4.39361
      vertex 37.5 31.3587 3.99761
      vertex 39.0682 31.1877 3.8989
    endloop
  endfacet
  facet normal 0 -0.499996 0.866028
    outer loop
      vertex 33.0161 32.0446 4.39361
      vertex 37.5 31.3587 3.99761
      vertex 41.9839 32.0446 4.39361
    endloop
  endfacet
  facet normal -1.72083e-05 -0.500011 0.866019
    outer loop
      vertex 33.0161 32.0446 4.39361
      vertex 34.0168 30.564 3.53878
      vertex 34.0168 30.997 3.78878
    endloop
  endfacet
  facet normal 1.34218e-05 -0.499995 0.866028
    outer loop
      vertex 33.0161 27.6971 1.88361
      vertex 34.0168 30.564 3.53878
      vertex 33.0161 32.0446 4.39361
    endloop
  endfacet
  facet normal -9.97131e-06 -0.499989 0.866032
    outer loop
      vertex 34.0168 30.564 3.53878
      vertex 33.0161 27.6971 1.88361
      vertex 34.0168 28.8319 2.53878
    endloop
  endfacet
  facet normal -5.51884e-07 -0.499999 0.866026
    outer loop
      vertex 35.3468 31.2606 3.94097
      vertex 33.0161 32.0446 4.39361
      vertex 34.0168 30.997 3.78878
    endloop
  endfacet
  facet normal -8.02432e-07 -0.5 0.866026
    outer loop
      vertex 37.5 31.3587 3.99761
      vertex 33.0161 32.0446 4.39361
      vertex 35.3468 31.2606 3.94097
    endloop
  endfacet
  facet normal 2.8008e-05 -0.499995 0.866028
    outer loop
      vertex 41.9839 32.0446 4.39361
      vertex 40.9832 30.3494 3.41493
      vertex 41.9839 27.6971 1.88361
    endloop
  endfacet
  facet normal -2.68618e-05 -0.500011 0.866019
    outer loop
      vertex 40.9832 28.6174 2.41493
      vertex 41.9839 27.6971 1.88361
      vertex 40.9832 30.3494 3.41493
    endloop
  endfacet
  facet normal -2.68618e-05 -0.500011 0.866019
    outer loop
      vertex 40.9832 28.1844 2.16493
      vertex 41.9839 27.6971 1.88361
      vertex 40.9832 28.6174 2.41493
    endloop
  endfacet
  facet normal -5.92146e-06 -0.499979 0.866038
    outer loop
      vertex 39.6532 27.9208 2.01274
      vertex 41.9839 27.6971 1.88361
      vertex 40.9832 28.1844 2.16493
    endloop
  endfacet
  facet normal -5.8281e-07 -0.499937 0.866062
    outer loop
      vertex 37.5 27.8227 1.95611
      vertex 41.9839 27.6971 1.88361
      vertex 39.6532 27.9208 2.01274
    endloop
  endfacet
  facet normal -1.99914e-05 -0.499887 0.866091
    outer loop
      vertex 33.0161 27.6971 1.88361
      vertex 35.9318 27.9936 2.05481
      vertex 35.3468 28.0561 2.09087
    endloop
  endfacet
  facet normal -1.72473e-05 -0.499968 0.866044
    outer loop
      vertex 33.0161 27.6971 1.88361
      vertex 34.6666 28.2325 2.19273
      vertex 34.0168 28.3989 2.28878
    endloop
  endfacet
  facet normal 0 -0.499921 0.866071
    outer loop
      vertex 37.5 27.8227 1.95611
      vertex 33.0161 27.6971 1.88361
      vertex 41.9839 27.6971 1.88361
    endloop
  endfacet
  facet normal 5.81657e-06 -0.500077 0.865981
    outer loop
      vertex 35.9318 27.9936 2.05481
      vertex 33.0161 27.6971 1.88361
      vertex 37.5 27.8227 1.95611
    endloop
  endfacet
  facet normal 9.35086e-06 -0.50003 0.866008
    outer loop
      vertex 34.6666 28.2325 2.19273
      vertex 33.0161 27.6971 1.88361
      vertex 35.3468 28.0561 2.09087
    endloop
  endfacet
  facet normal 2.27646e-05 -0.500011 0.866019
    outer loop
      vertex 34.0168 28.8319 2.53878
      vertex 33.0161 27.6971 1.88361
      vertex 34.0168 28.3989 2.28878
    endloop
  endfacet
  facet normal 0.0980437 -0.497729 0.861774
    outer loop
      vertex 37.5 33.072 4.29399
      vertex 36.4968 32.9028 4.3104
      vertex 37.5 32.9218 4.20724
    endloop
  endfacet
  facet normal 0.0930039 0.306548 0.947301
    outer loop
      vertex 37.5 32.9218 4.20724
      vertex 36.9513 32.7125 4.32884
      vertex 37.5 32.4748 4.35189
    endloop
  endfacet
  facet normal 0.0916288 0.309645 0.946427
    outer loop
      vertex 37.5 32.9218 4.20724
      vertex 36.8677 32.7476 4.32545
      vertex 36.9513 32.7125 4.32884
    endloop
  endfacet
  facet normal 0.0914274 0.310254 0.946247
    outer loop
      vertex 36.8677 32.7476 4.32545
      vertex 37.5 32.9218 4.20724
      vertex 36.4968 32.9028 4.3104
    endloop
  endfacet
  facet normal -0.0980297 -0.497729 0.861775
    outer loop
      vertex 37.5 32.9218 4.20724
      vertex 38.0953 32.9716 4.30372
      vertex 37.5 33.072 4.29399
    endloop
  endfacet
  facet normal -0.0980271 -0.497745 0.861766
    outer loop
      vertex 38.0953 32.9716 4.30372
      vertex 37.5 32.9218 4.20724
      vertex 39.1871 32.7875 4.32158
    endloop
  endfacet
  facet normal -0.0399404 0.307637 0.950665
    outer loop
      vertex 37.5 32.9218 4.20724
      vertex 37.5 32.4748 4.35189
      vertex 39.1871 32.7875 4.32158
    endloop
  endfacet
  facet normal -0.4713 -0.441253 0.763657
    outer loop
      vertex 43.8474 31.8431 5.80782
      vertex 43.6465 31.8166 5.66852
      vertex 43.8474 31.7561 5.75755
    endloop
  endfacet
  facet normal -0.293231 0.33694 0.894699
    outer loop
      vertex 43.8474 31.7561 5.75755
      vertex 43.6661 31.7437 5.7028
      vertex 43.7287 31.5003 5.81498
    endloop
  endfacet
  facet normal -0.293053 0.341195 0.893144
    outer loop
      vertex 43.8474 31.7561 5.75755
      vertex 43.6465 31.8166 5.66852
      vertex 43.6661 31.7437 5.7028
    endloop
  endfacet
  facet normal -0.634347 -0.386516 0.669484
    outer loop
      vertex 45.1163 31.5175 6.82232
      vertex 45.5787 30.978 6.94898
      vertex 45.5787 31.3989 7.19198
    endloop
  endfacet
  facet normal -0.634373 -0.386747 0.669326
    outer loop
      vertex 43.8474 31.7561 5.75755
      vertex 45.1163 31.5175 6.82232
      vertex 43.8474 31.8431 5.80782
    endloop
  endfacet
  facet normal -0.6344 -0.386582 0.669395
    outer loop
      vertex 45.1163 31.5175 6.82232
      vertex 43.8474 31.7561 5.75755
      vertex 45.5787 30.978 6.94898
    endloop
  endfacet
  facet normal -0.405905 0.371385 0.835054
    outer loop
      vertex 45.5787 30.978 6.94898
      vertex 44.1012 30.9859 6.22728
      vertex 45.1544 30.2969 7.04565
    endloop
  endfacet
  facet normal -0.405796 0.371987 0.834838
    outer loop
      vertex 44.1012 30.9859 6.22728
      vertex 45.5787 30.978 6.94898
      vertex 44.0762 31.0214 6.19931
    endloop
  endfacet
  facet normal -0.405157 0.375136 0.833739
    outer loop
      vertex 43.8474 31.7561 5.75755
      vertex 44.0762 31.0214 6.19931
      vertex 45.5787 30.978 6.94898
    endloop
  endfacet
  facet normal -0.405095 0.375166 0.833756
    outer loop
      vertex 44.0762 31.0214 6.19931
      vertex 43.8474 31.7561 5.75755
      vertex 43.7287 31.5003 5.81498
    endloop
  endfacet
  facet normal -0.773027 -0.31718 0.549388
    outer loop
      vertex 45.5787 30.978 6.94898
      vertex 46.9995 30.267 8.53766
      vertex 45.5787 31.3989 7.19198
    endloop
  endfacet
  facet normal -0.773021 -0.317274 0.549341
    outer loop
      vertex 46.9995 30.267 8.53766
      vertex 45.5787 30.978 6.94898
      vertex 46.9995 30.0447 8.40927
    endloop
  endfacet
  facet normal -0.503001 0.416054 0.757555
    outer loop
      vertex 46.9995 30.0447 8.40927
      vertex 45.1544 30.2969 7.04565
      vertex 46.677 29.6337 8.42086
    endloop
  endfacet
  facet normal -0.501616 0.419843 0.756381
    outer loop
      vertex 45.5787 30.978 6.94898
      vertex 45.1544 30.2969 7.04565
      vertex 46.9995 30.0447 8.40927
    endloop
  endfacet
  facet normal -0.881879 -0.2358 0.408274
    outer loop
      vertex 46.9995 30.267 8.53766
      vertex 46.9995 30.0447 8.40927
      vertex 47.3254 29.719 8.92511
    endloop
  endfacet
  facet normal -0.577503 0.474409 0.664399
    outer loop
      vertex 46.9995 30.0447 8.40927
      vertex 47.3067 29.713 8.91314
      vertex 47.3254 29.719 8.92511
    endloop
  endfacet
  facet normal -0.57884 0.472967 0.664264
    outer loop
      vertex 46.9995 30.0447 8.40927
      vertex 46.9063 29.5833 8.65658
      vertex 47.3067 29.713 8.91314
    endloop
  endfacet
  facet normal -0.578877 0.47296 0.664236
    outer loop
      vertex 46.9063 29.5833 8.65658
      vertex 46.9995 30.0447 8.40927
      vertex 46.677 29.6337 8.42086
    endloop
  endfacet
  facet normal -0.956921 -0.145164 0.251453
    outer loop
      vertex 48.4894 28.302 11.3364
      vertex 48.7055 27.8501 11.8979
      vertex 48.7055 28.2078 12.1044
    endloop
  endfacet
  facet normal -0.95695 -0.145692 0.251039
    outer loop
      vertex 48.7055 27.8501 11.8979
      vertex 48.4894 28.302 11.3364
      vertex 48.4338 28.3262 11.1385
    endloop
  endfacet
  facet normal -0.63612 0.529387 0.561339
    outer loop
      vertex 48.325 28.0256 11.3012
      vertex 48.325 27.5091 11.7883
      vertex 48.7055 27.8501 11.8979
    endloop
  endfacet
  facet normal -0.63372 0.532877 0.560751
    outer loop
      vertex 48.325 28.0256 11.3012
      vertex 48.4338 28.3262 11.1385
      vertex 48.325 28.094 11.2362
    endloop
  endfacet
  facet normal -0.633666 0.532886 0.560803
    outer loop
      vertex 48.4338 28.3262 11.1385
      vertex 48.325 28.0256 11.3012
      vertex 48.7055 27.8501 11.8979
    endloop
  endfacet
  facet normal -0.995189 -0.0489822 0.0848472
    outer loop
      vertex 48.7055 27.8501 11.8979
      vertex 48.755 28.0164 12.5745
      vertex 48.7055 28.2078 12.1044
    endloop
  endfacet
  facet normal -0.995186 -0.0490301 0.0848587
    outer loop
      vertex 48.925 26.668 13.7891
      vertex 48.755 28.0164 12.5745
      vertex 48.7055 27.8501 11.8979
    endloop
  endfacet
  facet normal -0.995185 -0.0490085 0.0848826
    outer loop
      vertex 48.755 28.0164 12.5745
      vertex 48.925 26.668 13.7891
      vertex 48.925 27.101 14.0391
    endloop
  endfacet
  facet normal -0.667129 0.593559 0.450141
    outer loop
      vertex 48.325 26.199 13.5183
      vertex 48.925 26.668 13.7891
      vertex 48.325 27.1541 12.2589
    endloop
  endfacet
  facet normal -0.664376 0.596669 0.450101
    outer loop
      vertex 48.325 27.1541 12.2589
      vertex 48.7055 27.8501 11.8979
      vertex 48.325 27.5091 11.7883
    endloop
  endfacet
  facet normal -0.664407 0.596665 0.450061
    outer loop
      vertex 48.7055 27.8501 11.8979
      vertex 48.325 27.1541 12.2589
      vertex 48.925 26.668 13.7891
    endloop
  endfacet
  facet normal -0.66948 -0.662658 -0.335681
    outer loop
      vertex 48.7932 27.2452 14.0173
      vertex 48.925 27.101 14.0391
      vertex 48.7954 27.2023 14.0976
    endloop
  endfacet
  facet normal -0.669227 -0.662539 -0.336419
    outer loop
      vertex 48.925 27.101 14.0391
      vertex 48.7932 27.2452 14.0173
      vertex 48.755 28.0164 12.5745
    endloop
  endfacet
  facet normal -0.995186 0.049004 -0.084875
    outer loop
      vertex 48.925 26.668 13.7891
      vertex 48.7055 25.9189 15.9303
      vertex 48.925 27.101 14.0391
    endloop
  endfacet
  facet normal -0.995186 0.049004 -0.084875
    outer loop
      vertex 48.7055 25.9189 15.9303
      vertex 48.925 26.668 13.7891
      vertex 48.7055 25.4859 15.6803
    endloop
  endfacet
  facet normal -0.672433 0.659556 0.335888
    outer loop
      vertex 48.7055 25.4859 15.6803
      vertex 48.325 26.199 13.5183
      vertex 48.325 25.2205 15.4397
    endloop
  endfacet
  facet normal -0.669499 0.662331 0.336287
    outer loop
      vertex 48.925 26.668 13.7891
      vertex 48.325 26.199 13.5183
      vertex 48.7055 25.4859 15.6803
    endloop
  endfacet
  facet normal -0.66427 -0.596776 -0.450115
    outer loop
      vertex 48.7055 25.9189 15.9303
      vertex 48.7737 26.9785 14.4248
      vertex 48.925 27.101 14.0391
    endloop
  endfacet
  facet normal -0.664324 -0.596736 -0.450089
    outer loop
      vertex 48.7737 26.9785 14.4248
      vertex 48.7055 25.9189 15.9303
      vertex 48.6756 25.9457 15.9389
    endloop
  endfacet
  facet normal -0.667128 -0.593515 -0.4502
    outer loop
      vertex 48.925 27.101 14.0391
      vertex 48.7737 26.9785 14.4248
      vertex 48.7954 27.2023 14.0976
    endloop
  endfacet
  facet normal -0.956853 0.14529 -0.251642
    outer loop
      vertex 48.7055 25.4859 15.6803
      vertex 48.6513 25.824 16.0816
      vertex 48.7055 25.9189 15.9303
    endloop
  endfacet
  facet normal -0.956934 0.145065 -0.251464
    outer loop
      vertex 48.7055 25.4859 15.6803
      vertex 48.325 24.8905 16.7848
      vertex 48.6513 25.824 16.0816
    endloop
  endfacet
  facet normal -0.956935 0.14498 -0.25151
    outer loop
      vertex 48.325 24.8905 16.7848
      vertex 48.7055 25.4859 15.6803
      vertex 48.325 24.8192 16.7437
    endloop
  endfacet
  facet normal -0.648812 0.727288 0.223819
    outer loop
      vertex 48.325 25.2205 15.4397
      vertex 48.325 24.8192 16.7437
      vertex 48.7055 25.4859 15.6803
    endloop
  endfacet
  facet normal -0.633269 -0.532984 -0.561159
    outer loop
      vertex 48.7055 25.9189 15.9303
      vertex 48.6513 25.824 16.0816
      vertex 48.6666 25.901 15.9912
    endloop
  endfacet
  facet normal -0.635913 -0.529211 -0.561739
    outer loop
      vertex 48.7055 25.9189 15.9303
      vertex 48.6666 25.901 15.9912
      vertex 48.6756 25.9457 15.9389
    endloop
  endfacet
  facet normal -0.881906 0.235823 -0.408204
    outer loop
      vertex 47.6174 23.9089 18.1907
      vertex 47.2405 23.9652 19.0375
      vertex 47.6174 24.0363 18.2643
    endloop
  endfacet
  facet normal -0.881912 0.235796 -0.408205
    outer loop
      vertex 46.9995 23.2913 19.1689
      vertex 47.2405 23.9652 19.0375
      vertex 47.6174 23.9089 18.1907
    endloop
  endfacet
  facet normal -0.881866 0.235755 -0.408328
    outer loop
      vertex 47.2405 23.9652 19.0375
      vertex 46.9995 23.2913 19.1689
      vertex 46.9995 23.7243 19.4189
    endloop
  endfacet
  facet normal -0.606364 0.786735 0.115632
    outer loop
      vertex 47.1579 23.5128 18.4925
      vertex 46.677 23.0959 18.8072
      vertex 46.9995 23.2913 19.1689
    endloop
  endfacet
  facet normal -0.603186 0.788957 0.117104
    outer loop
      vertex 47.1579 23.5128 18.4925
      vertex 46.9995 23.2913 19.1689
      vertex 47.6174 23.9089 18.1907
    endloop
  endfacet
  facet normal -0.578609 -0.473053 -0.664403
    outer loop
      vertex 46.9995 23.7243 19.4189
      vertex 46.9171 23.8293 19.4159
      vertex 47.2405 23.9652 19.0375
    endloop
  endfacet
  facet normal -0.773021 0.317197 -0.549386
    outer loop
      vertex 46.9995 23.2913 19.1689
      vertex 45.5787 22.791 20.8792
      vertex 46.9995 23.7243 19.4189
    endloop
  endfacet
  facet normal -0.773021 0.317197 -0.549386
    outer loop
      vertex 45.5787 22.791 20.8792
      vertex 46.9995 23.2913 19.1689
      vertex 45.5787 22.358 20.6292
    endloop
  endfacet
  facet normal -0.537467 0.843091 0.0180842
    outer loop
      vertex 46.2633 22.8266 19.1294
      vertex 45.1544 22.1012 19.991
      vertex 45.5787 22.358 20.6292
    endloop
  endfacet
  facet normal -0.534434 0.844972 0.020056
    outer loop
      vertex 46.9995 23.2913 19.1689
      vertex 46.2633 22.8266 19.1294
      vertex 45.5787 22.358 20.6292
    endloop
  endfacet
  facet normal -0.534434 0.844973 0.0200367
    outer loop
      vertex 46.2633 22.8266 19.1294
      vertex 46.9995 23.2913 19.1689
      vertex 46.677 23.0959 18.8072
    endloop
  endfacet
  facet normal -0.501685 -0.419754 -0.756386
    outer loop
      vertex 45.5787 22.791 20.8792
      vertex 46.5817 23.6672 19.7277
      vertex 46.9995 23.7243 19.4189
    endloop
  endfacet
  facet normal -0.501652 -0.419792 -0.756386
    outer loop
      vertex 46.5817 23.6672 19.7277
      vertex 45.5787 22.791 20.8792
      vertex 45.3911 23.0923 20.8364
    endloop
  endfacet
  facet normal -0.502937 -0.416327 -0.757447
    outer loop
      vertex 46.9995 23.7243 19.4189
      vertex 46.5817 23.6672 19.7277
      vertex 46.9171 23.8293 19.4159
    endloop
  endfacet
  facet normal -0.634391 0.386515 -0.669443
    outer loop
      vertex 43.8474 22.0129 22.0706
      vertex 45.5787 22.358 20.6292
      vertex 43.8474 21.5799 21.8206
    endloop
  endfacet
  facet normal -0.634391 0.386515 -0.669443
    outer loop
      vertex 45.5787 22.358 20.6292
      vertex 43.8474 22.0129 22.0706
      vertex 45.5787 22.791 20.8792
    endloop
  endfacet
  facet normal -0.447977 0.891607 -0.065977
    outer loop
      vertex 45.1544 22.1012 19.991
      vertex 43.6319 21.438 21.3662
      vertex 43.8474 21.5799 21.8206
    endloop
  endfacet
  facet normal -0.445123 0.893217 -0.0634792
    outer loop
      vertex 45.1544 22.1012 19.991
      vertex 43.8474 21.5799 21.8206
      vertex 45.5787 22.358 20.6292
    endloop
  endfacet
  facet normal -0.405169 -0.375095 -0.833751
    outer loop
      vertex 43.8474 22.0129 22.0706
      vertex 44.7876 22.7682 21.2739
      vertex 45.5787 22.791 20.8792
    endloop
  endfacet
  facet normal -0.405147 -0.375121 -0.83375
    outer loop
      vertex 44.7876 22.7682 21.2739
      vertex 43.8474 22.0129 22.0706
      vertex 43.7542 22.2138 22.0255
    endloop
  endfacet
  facet normal -0.405926 -0.371364 -0.835053
    outer loop
      vertex 45.5787 22.791 20.8792
      vertex 44.7876 22.7682 21.2739
      vertex 45.3911 23.0923 20.8364
    endloop
  endfacet
  facet normal -0.471373 0.440977 -0.763772
    outer loop
      vertex 43.8474 21.5799 21.8206
      vertex 42.9411 21.7397 22.4722
      vertex 43.8474 22.0129 22.0706
    endloop
  endfacet
  facet normal -0.471388 0.44094 -0.763783
    outer loop
      vertex 42.6915 21.2314 22.3328
      vertex 42.9411 21.7397 22.4722
      vertex 43.8474 21.5799 21.8206
    endloop
  endfacet
  facet normal -0.471265 0.440906 -0.763879
    outer loop
      vertex 42.9411 21.7397 22.4722
      vertex 42.6915 21.2314 22.3328
      vertex 42.6915 21.5734 22.5302
    endloop
  endfacet
  facet normal -0.338704 0.931819 -0.130357
    outer loop
      vertex 43.6319 21.438 21.3662
      vertex 42.6915 21.2314 22.3328
      vertex 43.8474 21.5799 21.8206
    endloop
  endfacet
  facet normal -0.293179 -0.340602 -0.893329
    outer loop
      vertex 43.8474 22.0129 22.0706
      vertex 42.9411 21.7397 22.4722
      vertex 43.4558 22.0397 22.1889
    endloop
  endfacet
  facet normal -0.293333 -0.336925 -0.894671
    outer loop
      vertex 43.8474 22.0129 22.0706
      vertex 43.4558 22.0397 22.1889
      vertex 43.7542 22.2138 22.0255
    endloop
  endfacet
  facet normal -0.289716 0.478645 -0.828833
    outer loop
      vertex 40.9832 20.8215 22.9132
      vertex 40.8957 21.2385 23.1846
      vertex 40.9832 21.2196 23.1431
    endloop
  endfacet
  facet normal -0.290301 0.478478 -0.828724
    outer loop
      vertex 39.7289 21.0247 23.4699
      vertex 40.9832 20.8215 22.9132
      vertex 39.7289 20.5917 23.2199
    endloop
  endfacet
  facet normal -0.290308 0.478457 -0.828734
    outer loop
      vertex 40.9832 20.8215 22.9132
      vertex 39.7289 21.0247 23.4699
      vertex 40.8957 21.2385 23.1846
    endloop
  endfacet
  facet normal -0.22132 0.958186 -0.181374
    outer loop
      vertex 40.3334 20.6551 22.8172
      vertex 39.6532 20.4787 22.7153
      vertex 39.7289 20.5917 23.2199
    endloop
  endfacet
  facet normal -0.219315 0.959243 -0.178197
    outer loop
      vertex 40.3334 20.6551 22.8172
      vertex 39.7289 20.5917 23.2199
      vertex 40.9832 20.8215 22.9132
    endloop
  endfacet
  facet normal -0.169751 -0.31821 -0.932699
    outer loop
      vertex 39.7289 21.0247 23.4699
      vertex 39.6828 21.3254 23.3757
      vertex 40.8957 21.2385 23.1846
    endloop
  endfacet
  facet normal -0.0980142 0.497603 -0.861849
    outer loop
      vertex 37.5 20.8472 23.6209
      vertex 39.7289 20.5917 23.2199
      vertex 37.5 20.4142 23.3709
    endloop
  endfacet
  facet normal -0.0980142 0.497603 -0.861849
    outer loop
      vertex 39.7289 20.5917 23.2199
      vertex 37.5 20.8472 23.6209
      vertex 39.7289 21.0247 23.4699
    endloop
  endfacet
  facet normal -0.0930129 0.973677 -0.208091
    outer loop
      vertex 37.5 20.2453 22.5806
      vertex 37.5 20.4142 23.3709
      vertex 39.0682 20.4162 22.6793
    endloop
  endfacet
  facet normal -0.0915357 0.974574 -0.204514
    outer loop
      vertex 39.0682 20.4162 22.6793
      vertex 39.7289 20.5917 23.2199
      vertex 39.6532 20.4787 22.7153
    endloop
  endfacet
  facet normal -0.0914704 0.974564 -0.20459
    outer loop
      vertex 39.7289 20.5917 23.2199
      vertex 39.0682 20.4162 22.6793
      vertex 37.5 20.4142 23.3709
    endloop
  endfacet
  facet normal -0.0398951 -0.307738 -0.950634
    outer loop
      vertex 37.5 20.8472 23.6209
      vertex 38.5249 21.3442 23.417
      vertex 39.7289 21.0247 23.4699
    endloop
  endfacet
  facet normal -0.0400087 -0.30753 -0.950697
    outer loop
      vertex 38.5249 21.3442 23.417
      vertex 37.5 20.8472 23.6209
      vertex 37.5 21.3613 23.4546
    endloop
  endfacet
  facet normal -0.0388881 -0.304142 -0.951833
    outer loop
      vertex 39.7289 21.0247 23.4699
      vertex 38.5249 21.3442 23.417
      vertex 39.6828 21.3254 23.3757
    endloop
  endfacet
  facet normal 0.0980236 0.497603 -0.861848
    outer loop
      vertex 35.2711 20.4563 23.1417
      vertex 37.5 20.8472 23.6209
      vertex 37.5 20.4142 23.3709
    endloop
  endfacet
  facet normal 0.0980491 0.497516 -0.861896
    outer loop
      vertex 37.5 20.8472 23.6209
      vertex 35.2711 20.4563 23.1417
      vertex 35.2711 20.8894 23.3917
    endloop
  endfacet
  facet normal 0.0388927 0.976352 -0.212658
    outer loop
      vertex 35.3468 20.3434 22.6372
      vertex 35.2711 20.4563 23.1417
      vertex 37.5 20.2453 22.5806
    endloop
  endfacet
  facet normal 0.0399306 0.977136 -0.20883
    outer loop
      vertex 37.5 20.2453 22.5806
      vertex 35.2711 20.4563 23.1417
      vertex 37.5 20.4142 23.3709
    endloop
  endfacet
  facet normal 0.0914297 -0.310249 -0.946248
    outer loop
      vertex 35.2711 20.8894 23.3917
      vertex 36.2769 21.3136 23.3498
      vertex 37.5 20.8472 23.6209
    endloop
  endfacet
  facet normal 0.0913629 -0.310097 -0.946305
    outer loop
      vertex 36.2769 21.3136 23.3498
      vertex 35.2711 20.8894 23.3917
      vertex 35.3306 21.2774 23.2703
    endloop
  endfacet
  facet normal 0.0931214 -0.306439 -0.947325
    outer loop
      vertex 37.5 20.8472 23.6209
      vertex 36.2769 21.3136 23.3498
      vertex 37.5 21.3613 23.4546
    endloop
  endfacet
  facet normal 0.290262 0.478401 -0.828782
    outer loop
      vertex 34.0168 20.607 22.7894
      vertex 35.2711 20.8894 23.3917
      vertex 35.2711 20.4563 23.1417
    endloop
  endfacet
  facet normal 0.290223 0.47849 -0.828745
    outer loop
      vertex 35.2711 20.8894 23.3917
      vertex 34.0168 20.607 22.7894
      vertex 34.0168 21.04 23.0394
    endloop
  endfacet
  facet normal 0.169775 0.966819 -0.190886
    outer loop
      vertex 35.3468 20.3434 22.6372
      vertex 34.0168 20.607 22.7894
      vertex 35.2711 20.4563 23.1417
    endloop
  endfacet
  facet normal 0.219223 -0.325666 -0.919719
    outer loop
      vertex 35.2711 20.8894 23.3917
      vertex 34.0168 21.04 23.0394
      vertex 34.6666 21.2063 23.1354
    endloop
  endfacet
  facet normal 0.221333 -0.321959 -0.920518
    outer loop
      vertex 35.2711 20.8894 23.3917
      vertex 34.7175 21.2196 23.1431
      vertex 35.3306 21.2774 23.2703
    endloop
  endfacet
  facet normal 0.222857 -0.319716 -0.920932
    outer loop
      vertex 34.7175 21.2196 23.1431
      vertex 35.2711 20.8894 23.3917
      vertex 34.6666 21.2063 23.1354
    endloop
  endfacet
  facet normal 0.471427 0.440962 -0.763747
    outer loop
      vertex 31.1526 21.174 21.5862
      vertex 32.3085 21.3377 22.3942
      vertex 32.3085 20.9047 22.1442
    endloop
  endfacet
  facet normal 0.471427 0.440962 -0.763747
    outer loop
      vertex 32.3085 21.3377 22.3942
      vertex 31.1526 21.174 21.5862
      vertex 31.1526 21.607 21.8362
    endloop
  endfacet
  facet normal 0.293281 0.943298 -0.155484
    outer loop
      vertex 31.3681 21.0321 21.1318
      vertex 31.1526 21.174 21.5862
      vertex 31.8491 20.968 21.6502
    endloop
  endfacet
  facet normal 0.293127 0.943972 -0.151638
    outer loop
      vertex 31.8491 20.968 21.6502
      vertex 31.1526 21.174 21.5862
      vertex 32.3085 20.9047 22.1442
    endloop
  endfacet
  facet normal 0.338812 -0.352897 -0.872164
    outer loop
      vertex 31.1526 21.607 21.8362
      vertex 31.4677 21.9938 21.8021
      vertex 32.3085 21.3377 22.3942
    endloop
  endfacet
  facet normal 0.338889 -0.352954 -0.872111
    outer loop
      vertex 31.4677 21.9938 21.8021
      vertex 31.1526 21.607 21.8362
      vertex 31.3603 22.0545 21.7358
    endloop
  endfacet
  facet normal 0.634387 0.386516 -0.669446
    outer loop
      vertex 29.4213 21.8168 20.3167
      vertex 31.1526 21.607 21.8362
      vertex 31.1526 21.174 21.5862
    endloop
  endfacet
  facet normal 0.634387 0.386516 -0.669446
    outer loop
      vertex 31.1526 21.607 21.8362
      vertex 29.4213 21.8168 20.3167
      vertex 29.4213 22.2498 20.5667
    endloop
  endfacet
  facet normal 0.405949 0.908844 -0.095954
    outer loop
      vertex 29.8456 21.5599 19.6785
      vertex 29.4213 21.8168 20.3167
      vertex 30.9545 21.1764 20.7375
    endloop
  endfacet
  facet normal 0.405049 0.909657 -0.0919725
    outer loop
      vertex 30.9545 21.1764 20.7375
      vertex 31.1526 21.174 21.5862
      vertex 31.3681 21.0321 21.1318
    endloop
  endfacet
  facet normal 0.405179 0.909596 -0.092003
    outer loop
      vertex 31.1526 21.174 21.5862
      vertex 30.9545 21.1764 20.7375
      vertex 29.4213 21.8168 20.3167
    endloop
  endfacet
  facet normal 0.445123 -0.391578 -0.805315
    outer loop
      vertex 29.4213 22.2498 20.5667
      vertex 30.0365 22.7375 20.6696
      vertex 31.1526 21.607 21.8362
    endloop
  endfacet
  facet normal 0.445182 -0.39167 -0.805238
    outer loop
      vertex 30.0365 22.7375 20.6696
      vertex 29.4213 22.2498 20.5667
      vertex 29.8009 22.8591 20.4802
    endloop
  endfacet
  facet normal 0.448006 -0.38858 -0.805168
    outer loop
      vertex 31.1526 21.607 21.8362
      vertex 30.0365 22.7375 20.6696
      vertex 31.3603 22.0545 21.7358
    endloop
  endfacet
  facet normal 0.773018 0.317199 -0.549389
    outer loop
      vertex 29.4213 21.8168 20.3167
      vertex 28.0005 23.0478 19.0283
      vertex 29.4213 22.2498 20.5667
    endloop
  endfacet
  facet normal 0.773011 0.317149 -0.549428
    outer loop
      vertex 28.0005 23.0478 19.0283
      vertex 29.4213 21.8168 20.3167
      vertex 28.0005 22.6147 18.7783
    endloop
  endfacet
  facet normal 0.502957 0.864116 -0.0183703
    outer loop
      vertex 28.323 22.4193 18.4166
      vertex 28.0005 22.6147 18.7783
      vertex 29.8456 21.5599 19.6785
    endloop
  endfacet
  facet normal 0.501633 0.864956 -0.0146727
    outer loop
      vertex 29.4213 21.8168 20.3167
      vertex 29.8456 21.5599 19.6785
      vertex 28.0005 22.6147 18.7783
    endloop
  endfacet
  facet normal 0.534416 -0.439879 -0.721738
    outer loop
      vertex 28.0005 23.0478 19.0283
      vertex 28.7367 23.3143 19.411
      vertex 29.4213 22.2498 20.5667
    endloop
  endfacet
  facet normal 0.534414 -0.439818 -0.721777
    outer loop
      vertex 28.7367 23.3143 19.411
      vertex 28.0005 23.0478 19.0283
      vertex 28.323 23.4587 19.0167
    endloop
  endfacet
  facet normal 0.537449 -0.437209 -0.721108
    outer loop
      vertex 29.4213 22.2498 20.5667
      vertex 29.0283 23.2135 19.6895
      vertex 29.8009 22.8591 20.4802
    endloop
  endfacet
  facet normal 0.537571 -0.437124 -0.721069
    outer loop
      vertex 29.0283 23.2135 19.6895
      vertex 29.4213 22.2498 20.5667
      vertex 28.7367 23.3143 19.411
    endloop
  endfacet
  facet normal 0.881899 0.235684 -0.408298
    outer loop
      vertex 28.0005 22.6147 18.7783
      vertex 27.3826 23.5861 18.0044
      vertex 28.0005 23.0478 19.0283
    endloop
  endfacet
  facet normal 0.881907 0.235717 -0.408262
    outer loop
      vertex 27.3826 23.5861 18.0044
      vertex 28.0005 22.6147 18.7783
      vertex 27.3826 23.1531 17.7544
    endloop
  endfacet
  facet normal 0.578816 0.811763 0.0775494
    outer loop
      vertex 28.323 22.4193 18.4166
      vertex 27.3826 23.1531 17.7544
      vertex 28.0005 22.6147 18.7783
    endloop
  endfacet
  facet normal 0.603166 -0.495908 -0.624713
    outer loop
      vertex 28.0005 23.0478 19.0283
      vertex 27.3826 23.5861 18.0044
      vertex 27.8421 23.5228 18.4983
    endloop
  endfacet
  facet normal 0.606359 -0.493511 -0.623519
    outer loop
      vertex 28.0005 23.0478 19.0283
      vertex 27.8421 23.5228 18.4983
      vertex 28.323 23.4587 19.0167
    endloop
  endfacet
  facet normal 0.956935 0.145129 -0.251421
    outer loop
      vertex 26.675 23.9511 16.2425
      vertex 26.2945 24.9717 15.3834
      vertex 26.675 24.3842 16.4925
    endloop
  endfacet
  facet normal 0.956938 0.145149 -0.251398
    outer loop
      vertex 26.2945 24.9717 15.3834
      vertex 26.675 23.9511 16.2425
      vertex 26.2945 24.5387 15.1334
    endloop
  endfacet
  facet normal 0.636124 0.750825 0.17779
    outer loop
      vertex 26.675 24.2733 14.8928
      vertex 26.2945 24.5387 15.1334
      vertex 26.675 24.1097 15.5837
    endloop
  endfacet
  facet normal 0.63369 0.7521 0.181061
    outer loop
      vertex 26.675 24.1097 15.5837
      vertex 26.2945 24.5387 15.1334
      vertex 26.675 23.9511 16.2425
    endloop
  endfacet
  facet normal 0.648742 -0.557578 -0.517919
    outer loop
      vertex 26.675 24.3842 16.4925
      vertex 26.2945 24.9717 15.3834
      vertex 26.675 25.3127 15.4929
    endloop
  endfacet
  facet normal 0.995186 0.0490044 -0.0848756
    outer loop
      vertex 26.2945 24.5387 15.1334
      vertex 26.075 26.0185 13.4141
      vertex 26.2945 24.9717 15.3834
    endloop
  endfacet
  facet normal 0.995186 0.0490044 -0.0848756
    outer loop
      vertex 26.075 26.0185 13.4141
      vertex 26.2945 24.5387 15.1334
      vertex 26.075 25.5855 13.1641
    endloop
  endfacet
  facet normal 0.667125 0.686617 0.288965
    outer loop
      vertex 26.675 25.1165 12.8933
      vertex 26.075 25.5855 13.1641
      vertex 26.675 24.5034 14.3501
    endloop
  endfacet
  facet normal 0.664409 0.688076 0.291738
    outer loop
      vertex 26.675 24.5034 14.3501
      vertex 26.2945 24.5387 15.1334
      vertex 26.675 24.2733 14.8928
    endloop
  endfacet
  facet normal 0.664378 0.688114 0.291721
    outer loop
      vertex 26.2945 24.5387 15.1334
      vertex 26.675 24.5034 14.3501
      vertex 26.075 25.5855 13.1641
    endloop
  endfacet
  facet normal 0.669406 -0.622471 -0.405493
    outer loop
      vertex 26.2945 24.9717 15.3834
      vertex 26.075 26.0185 13.4141
      vertex 26.675 26.4874 13.6848
    endloop
  endfacet
  facet normal 0.67235 -0.620733 -0.403282
    outer loop
      vertex 26.2945 24.9717 15.3834
      vertex 26.675 26.4874 13.6848
      vertex 26.675 25.3127 15.4929
    endloop
  endfacet
  facet normal 0.995186 -0.0490025 0.0848723
    outer loop
      vertex 26.075 25.5855 13.1641
      vertex 26.2945 27.0653 11.4447
      vertex 26.075 26.0185 13.4141
    endloop
  endfacet
  facet normal 0.995186 -0.0490025 0.0848723
    outer loop
      vertex 26.2945 27.0653 11.4447
      vertex 26.075 25.5855 13.1641
      vertex 26.2945 26.6323 11.1947
    endloop
  endfacet
  facet normal 0.672439 0.620664 0.403238
    outer loop
      vertex 26.675 26.2912 11.0852
      vertex 26.2945 26.6323 11.1947
      vertex 26.675 25.1165 12.8933
    endloop
  endfacet
  facet normal 0.669501 0.622401 0.405446
    outer loop
      vertex 26.2945 26.6323 11.1947
      vertex 26.075 25.5855 13.1641
      vertex 26.675 25.1165 12.8933
    endloop
  endfacet
  facet normal 0.664366 -0.688128 -0.291715
    outer loop
      vertex 26.2945 27.0653 11.4447
      vertex 26.675 27.1006 12.228
      vertex 26.075 26.0185 13.4141
    endloop
  endfacet
  facet normal 0.664288 -0.688221 -0.291673
    outer loop
      vertex 26.675 27.1006 12.228
      vertex 26.2945 27.0653 11.4447
      vertex 26.675 27.3306 11.6853
    endloop
  endfacet
  facet normal 0.667038 -0.686672 -0.289036
    outer loop
      vertex 26.675 26.4874 13.6848
      vertex 26.075 26.0185 13.4141
      vertex 26.675 27.1006 12.228
    endloop
  endfacet
  facet normal 0.956929 -0.145163 0.251423
    outer loop
      vertex 26.2945 26.6323 11.1947
      vertex 26.675 27.6528 10.3357
      vertex 26.2945 27.0653 11.4447
    endloop
  endfacet
  facet normal 0.956929 -0.145163 0.251423
    outer loop
      vertex 26.675 27.6528 10.3357
      vertex 26.2945 26.6323 11.1947
      vertex 26.675 27.2198 10.0857
    endloop
  endfacet
  facet normal 0.648809 0.557483 0.517938
    outer loop
      vertex 26.675 27.2198 10.0857
      vertex 26.2945 26.6323 11.1947
      vertex 26.675 26.2912 11.0852
    endloop
  endfacet
  facet normal 0.633761 -0.752063 -0.180965
    outer loop
      vertex 26.675 27.4943 10.9944
      vertex 26.2945 27.0653 11.4447
      vertex 26.675 27.6528 10.3357
    endloop
  endfacet
  facet normal 0.636035 -0.750871 -0.177909
    outer loop
      vertex 26.675 27.3306 11.6853
      vertex 26.2945 27.0653 11.4447
      vertex 26.675 27.4943 10.9944
    endloop
  endfacet
  facet normal 0.881909 -0.235715 0.408258
    outer loop
      vertex 27.3826 28.0178 8.57381
      vertex 28.0005 28.9892 7.79989
      vertex 27.3826 28.4508 8.82381
    endloop
  endfacet
  facet normal 0.881909 -0.235715 0.408258
    outer loop
      vertex 28.0005 28.9892 7.79989
      vertex 27.3826 28.0178 8.57381
      vertex 28.0005 28.5562 7.54989
    endloop
  endfacet
  facet normal 0.606428 0.493445 0.623504
    outer loop
      vertex 28.0005 28.5562 7.54989
      vertex 27.8421 28.0812 8.07987
      vertex 28.323 28.1452 7.56149
    endloop
  endfacet
  facet normal 0.603135 0.495917 0.624735
    outer loop
      vertex 28.0005 28.5562 7.54989
      vertex 27.3826 28.0178 8.57381
      vertex 27.8421 28.0812 8.07987
    endloop
  endfacet
  facet normal 0.578815 -0.811763 -0.0775485
    outer loop
      vertex 28.323 29.1846 8.16159
      vertex 27.3826 28.4508 8.82381
      vertex 28.0005 28.9892 7.79989
    endloop
  endfacet
  facet normal 0.77302 -0.317198 0.549387
    outer loop
      vertex 28.0005 28.5562 7.54989
      vertex 29.4213 29.7872 6.26148
      vertex 28.0005 28.9892 7.79989
    endloop
  endfacet
  facet normal 0.77302 -0.317198 0.549387
    outer loop
      vertex 29.4213 29.7872 6.26148
      vertex 28.0005 28.5562 7.54989
      vertex 29.4213 29.3542 6.01148
    endloop
  endfacet
  facet normal 0.537481 0.437178 0.721103
    outer loop
      vertex 29.4213 29.3542 6.01148
      vertex 28.7367 28.2896 7.16718
      vertex 29.8456 28.6731 6.10815
    endloop
  endfacet
  facet normal 0.534464 0.439813 0.721743
    outer loop
      vertex 28.0005 28.5562 7.54989
      vertex 28.7367 28.2896 7.16718
      vertex 29.4213 29.3542 6.01148
    endloop
  endfacet
  facet normal 0.534462 0.439749 0.721784
    outer loop
      vertex 28.7367 28.2896 7.16718
      vertex 28.0005 28.5562 7.54989
      vertex 28.323 28.1452 7.56149
    endloop
  endfacet
  facet normal 0.501597 -0.864979 0.0145711
    outer loop
      vertex 29.4213 29.7872 6.26148
      vertex 29.8456 30.044 6.89965
      vertex 28.0005 28.9892 7.79989
    endloop
  endfacet
  facet normal 0.502958 -0.864116 0.0183701
    outer loop
      vertex 28.323 29.1846 8.16159
      vertex 28.0005 28.9892 7.79989
      vertex 29.8456 30.044 6.89965
    endloop
  endfacet
  facet normal 0.634401 -0.386444 0.669475
    outer loop
      vertex 29.4213 29.7872 6.26148
      vertex 31.1526 29.9969 4.74193
      vertex 31.1526 30.43 4.99193
    endloop
  endfacet
  facet normal 0.634385 -0.386517 0.669447
    outer loop
      vertex 31.1526 29.9969 4.74193
      vertex 29.4213 29.7872 6.26148
      vertex 29.4213 29.3542 6.01148
    endloop
  endfacet
  facet normal 0.447966 0.388668 0.805148
    outer loop
      vertex 31.1526 29.9969 4.74193
      vertex 29.8456 28.6731 6.10815
      vertex 31.3681 29.5325 4.84621
    endloop
  endfacet
  facet normal 0.445142 0.391604 0.805292
    outer loop
      vertex 29.4213 29.3542 6.01148
      vertex 29.8456 28.6731 6.10815
      vertex 31.1526 29.9969 4.74193
    endloop
  endfacet
  facet normal 0.405108 -0.90964 0.0918802
    outer loop
      vertex 31.1526 30.43 4.99193
      vertex 30.9545 30.4275 5.84062
      vertex 29.4213 29.7872 6.26148
    endloop
  endfacet
  facet normal 0.405182 -0.909606 0.0918975
    outer loop
      vertex 30.9545 30.4275 5.84062
      vertex 31.1526 30.43 4.99193
      vertex 31.3681 30.5719 5.44631
    endloop
  endfacet
  facet normal 0.405887 -0.908881 0.0958725
    outer loop
      vertex 29.8456 30.044 6.89965
      vertex 29.4213 29.7872 6.26148
      vertex 30.9545 30.4275 5.84062
    endloop
  endfacet
  facet normal 0.471396 -0.440971 0.763761
    outer loop
      vertex 31.1526 30.43 4.99193
      vertex 32.3085 30.2663 4.18399
      vertex 32.3085 30.6993 4.43399
    endloop
  endfacet
  facet normal 0.471428 -0.440886 0.76379
    outer loop
      vertex 32.3085 30.2663 4.18399
      vertex 31.1526 30.43 4.99193
      vertex 31.1526 29.9969 4.74193
    endloop
  endfacet
  facet normal 0.338706 0.353014 0.872158
    outer loop
      vertex 32.3085 30.2663 4.18399
      vertex 31.1526 29.9969 4.74193
      vertex 31.3681 29.5325 4.84621
    endloop
  endfacet
  facet normal 0.29299 -0.944064 0.151326
    outer loop
      vertex 31.8491 30.6359 4.92793
      vertex 31.1526 30.43 4.99193
      vertex 32.3085 30.6993 4.43399
    endloop
  endfacet
  facet normal 0.29316 -0.943324 0.155556
    outer loop
      vertex 31.3681 30.5719 5.44631
      vertex 31.1526 30.43 4.99193
      vertex 31.8491 30.6359 4.92793
    endloop
  endfacet
  facet normal 0.29026 -0.478484 0.828735
    outer loop
      vertex 34.0168 30.997 3.78878
      vertex 35.2711 30.7146 3.18642
      vertex 35.2711 31.1476 3.43642
    endloop
  endfacet
  facet normal 0.29026 -0.478484 0.828735
    outer loop
      vertex 35.2711 30.7146 3.18642
      vertex 34.0168 30.997 3.78878
      vertex 34.0168 30.564 3.53878
    endloop
  endfacet
  facet normal 0.22137 0.322098 0.920461
    outer loop
      vertex 35.2711 30.7146 3.18642
      vertex 34.6666 30.3976 3.44273
      vertex 35.3468 30.2212 3.34087
    endloop
  endfacet
  facet normal 0.219303 0.325478 0.919766
    outer loop
      vertex 35.2711 30.7146 3.18642
      vertex 34.0168 30.564 3.53878
      vertex 34.6666 30.3976 3.44273
    endloop
  endfacet
  facet normal 0.169751 -0.96679 0.191056
    outer loop
      vertex 35.3468 31.2606 3.94097
      vertex 34.0168 30.997 3.78878
      vertex 35.2711 31.1476 3.43642
    endloop
  endfacet
  facet normal 0.0980159 -0.497603 0.861849
    outer loop
      vertex 35.2711 31.1476 3.43642
      vertex 37.5 30.7567 2.95724
      vertex 37.5 31.1897 3.20724
    endloop
  endfacet
  facet normal 0.0980159 -0.497603 0.861849
    outer loop
      vertex 37.5 30.7567 2.95724
      vertex 35.2711 31.1476 3.43642
      vertex 35.2711 30.7146 3.18642
    endloop
  endfacet
  facet normal 0.0930499 0.306569 0.947289
    outer loop
      vertex 37.5 30.7567 2.95724
      vertex 35.9318 30.1587 3.30481
      vertex 37.5 29.9877 3.20611
    endloop
  endfacet
  facet normal 0.0914376 0.310201 0.946263
    outer loop
      vertex 35.2711 30.7146 3.18642
      vertex 35.9318 30.1587 3.30481
      vertex 37.5 30.7567 2.95724
    endloop
  endfacet
  facet normal 0.0914729 0.31024 0.946247
    outer loop
      vertex 35.9318 30.1587 3.30481
      vertex 35.2711 30.7146 3.18642
      vertex 35.3468 30.2212 3.34087
    endloop
  endfacet
  facet normal 0.0399386 -0.977115 0.20893
    outer loop
      vertex 37.5 31.3587 3.99761
      vertex 35.2711 31.1476 3.43642
      vertex 37.5 31.1897 3.20724
    endloop
  endfacet
  facet normal 0.0388827 -0.976317 0.212824
    outer loop
      vertex 35.3468 31.2606 3.94097
      vertex 35.2711 31.1476 3.43642
      vertex 37.5 31.3587 3.99761
    endloop
  endfacet
  facet normal -0.0980151 -0.497603 0.861849
    outer loop
      vertex 37.5 30.7567 2.95724
      vertex 39.7289 31.0123 3.3583
      vertex 37.5 31.1897 3.20724
    endloop
  endfacet
  facet normal -0.0980151 -0.497603 0.861849
    outer loop
      vertex 39.7289 31.0123 3.3583
      vertex 37.5 30.7567 2.95724
      vertex 39.7289 30.5793 3.1083
    endloop
  endfacet
  facet normal -0.0388801 0.303866 0.951921
    outer loop
      vertex 39.7289 30.5793 3.1083
      vertex 37.5 29.9877 3.20611
      vertex 39.6532 30.0858 3.26274
    endloop
  endfacet
  facet normal -0.0399424 0.30766 0.950658
    outer loop
      vertex 37.5 30.7567 2.95724
      vertex 37.5 29.9877 3.20611
      vertex 39.7289 30.5793 3.1083
    endloop
  endfacet
  facet normal -0.0913455 -0.974581 0.204568
    outer loop
      vertex 39.0682 31.1877 3.8989
      vertex 39.7289 31.0123 3.3583
      vertex 39.6532 31.1253 3.86284
    endloop
  endfacet
  facet normal -0.0914265 -0.974593 0.204473
    outer loop
      vertex 39.7289 31.0123 3.3583
      vertex 39.0682 31.1877 3.8989
      vertex 37.5 31.1897 3.20724
    endloop
  endfacet
  facet normal -0.0930646 -0.973651 0.20819
    outer loop
      vertex 37.5 31.3587 3.99761
      vertex 37.5 31.1897 3.20724
      vertex 39.0682 31.1877 3.8989
    endloop
  endfacet
  facet normal -0.290258 -0.478485 0.828735
    outer loop
      vertex 39.7289 30.5793 3.1083
      vertex 40.9832 30.7825 3.66493
      vertex 39.7289 31.0123 3.3583
    endloop
  endfacet
  facet normal -0.29029 -0.478397 0.828775
    outer loop
      vertex 40.9832 30.7825 3.66493
      vertex 39.7289 30.5793 3.1083
      vertex 40.9832 30.3494 3.41493
    endloop
  endfacet
  facet normal -0.169754 0.317953 0.932786
    outer loop
      vertex 39.7289 30.5793 3.1083
      vertex 39.6532 30.0858 3.26274
      vertex 40.9832 30.3494 3.41493
    endloop
  endfacet
  facet normal -0.219231 -0.959331 0.177828
    outer loop
      vertex 40.3334 30.9488 3.76098
      vertex 39.7289 31.0123 3.3583
      vertex 40.9832 30.7825 3.66493
    endloop
  endfacet
  facet normal -0.221465 -0.958154 0.181366
    outer loop
      vertex 40.3334 30.9488 3.76098
      vertex 39.6532 31.1253 3.86284
      vertex 39.7289 31.0123 3.3583
    endloop
  endfacet
  facet normal -0.4714 -0.44097 0.763759
    outer loop
      vertex 42.6915 29.9395 3.99533
      vertex 43.8474 30.024 4.75755
      vertex 42.6915 30.3725 4.24533
    endloop
  endfacet
  facet normal -0.4714 -0.44097 0.763759
    outer loop
      vertex 43.8474 30.024 4.75755
      vertex 42.6915 29.9395 3.99533
      vertex 43.8474 29.591 4.50755
    endloop
  endfacet
  facet normal -0.293248 0.33691 0.894705
    outer loop
      vertex 43.8474 29.591 4.50755
      vertex 43.1509 29.5434 4.29719
      vertex 43.6319 29.1265 4.61183
    endloop
  endfacet
  facet normal -0.293083 0.340826 0.893275
    outer loop
      vertex 43.8474 29.591 4.50755
      vertex 42.6915 29.9395 3.99533
      vertex 43.1509 29.5434 4.29719
    endloop
  endfacet
  facet normal -0.338707 -0.931818 0.130359
    outer loop
      vertex 43.6319 30.1659 5.21194
      vertex 42.6915 30.3725 4.24533
      vertex 43.8474 30.024 4.75755
    endloop
  endfacet
  facet normal -0.634398 -0.386512 0.669438
    outer loop
      vertex 43.8474 29.591 4.50755
      vertex 45.5787 29.2459 5.94898
      vertex 43.8474 30.024 4.75755
    endloop
  endfacet
  facet normal -0.634398 -0.386512 0.669438
    outer loop
      vertex 45.5787 29.2459 5.94898
      vertex 43.8474 29.591 4.50755
      vertex 45.5787 28.8129 5.69898
    endloop
  endfacet
  facet normal -0.405899 0.371382 0.835058
    outer loop
      vertex 45.5787 28.8129 5.69898
      vertex 44.0455 28.8572 4.93403
      vertex 45.1544 28.1318 5.79565
    endloop
  endfacet
  facet normal -0.405127 0.375189 0.83373
    outer loop
      vertex 43.8474 29.591 4.50755
      vertex 44.0455 28.8572 4.93403
      vertex 45.5787 28.8129 5.69898
    endloop
  endfacet
  facet normal -0.405201 0.375156 0.833708
    outer loop
      vertex 44.0455 28.8572 4.93403
      vertex 43.8474 29.591 4.50755
      vertex 43.6319 29.1265 4.61183
    endloop
  endfacet
  facet normal -0.445124 -0.893216 0.0634807
    outer loop
      vertex 45.5787 29.2459 5.94898
      vertex 45.1544 29.5027 6.58715
      vertex 43.8474 30.024 4.75755
    endloop
  endfacet
  facet normal -0.447978 -0.891607 0.0659778
    outer loop
      vertex 45.1544 29.5027 6.58715
      vertex 43.6319 30.1659 5.21194
      vertex 43.8474 30.024 4.75755
    endloop
  endfacet
  facet normal -0.773019 -0.317198 0.549387
    outer loop
      vertex 45.5787 28.8129 5.69898
      vertex 46.9995 28.3126 7.40927
      vertex 45.5787 29.2459 5.94898
    endloop
  endfacet
  facet normal -0.773019 -0.317198 0.549387
    outer loop
      vertex 46.9995 28.3126 7.40927
      vertex 45.5787 28.8129 5.69898
      vertex 46.9995 27.8796 7.15927
    endloop
  endfacet
  facet normal -0.503001 0.416054 0.757555
    outer loop
      vertex 46.9995 27.8796 7.15927
      vertex 45.1544 28.1318 5.79565
      vertex 46.677 27.4686 7.17086
    endloop
  endfacet
  facet normal -0.501616 0.419843 0.756381
    outer loop
      vertex 45.5787 28.8129 5.69898
      vertex 45.1544 28.1318 5.79565
      vertex 46.9995 27.8796 7.15927
    endloop
  endfacet
  facet normal -0.534427 -0.844983 -0.0197922
    outer loop
      vertex 46.2633 28.7773 7.44877
      vertex 46.9995 28.3126 7.40927
      vertex 46.677 28.5081 7.77096
    endloop
  endfacet
  facet normal -0.534434 -0.844972 -0.0200561
    outer loop
      vertex 46.9995 28.3126 7.40927
      vertex 46.2633 28.7773 7.44877
      vertex 45.5787 29.2459 5.94898
    endloop
  endfacet
  facet normal -0.537466 -0.843091 -0.0180847
    outer loop
      vertex 46.2633 28.7773 7.44877
      vertex 45.1544 29.5027 6.58715
      vertex 45.5787 29.2459 5.94898
    endloop
  endfacet
  facet normal -0.881901 -0.235723 0.408272
    outer loop
      vertex 46.9995 27.8796 7.15927
      vertex 47.6174 27.6951 8.38746
      vertex 46.9995 28.3126 7.40927
    endloop
  endfacet
  facet normal -0.881908 -0.235675 0.408283
    outer loop
      vertex 47.6174 27.6951 8.38746
      vertex 46.9995 27.8796 7.15927
      vertex 47.6174 27.262 8.13746
    endloop
  endfacet
  facet normal -0.578862 0.472948 0.664259
    outer loop
      vertex 46.9995 27.8796 7.15927
      vertex 46.677 27.4686 7.17086
      vertex 47.6174 27.262 8.13746
    endloop
  endfacet
  facet normal -0.603037 -0.789059 -0.117183
    outer loop
      vertex 47.1579 28.0911 8.08561
      vertex 46.9995 28.3126 7.40927
      vertex 47.6174 27.6951 8.38746
    endloop
  endfacet
  facet normal -0.606492 -0.786643 -0.115583
    outer loop
      vertex 47.1579 28.0911 8.08561
      vertex 46.677 28.5081 7.77096
      vertex 46.9995 28.3126 7.40927
    endloop
  endfacet
  facet normal -0.956937 -0.145152 0.251403
    outer loop
      vertex 48.325 26.3518 9.5845
      vertex 48.7055 26.1181 10.8979
      vertex 48.325 26.7848 9.8345
    endloop
  endfacet
  facet normal -0.95694 -0.145122 0.251409
    outer loop
      vertex 48.7055 26.1181 10.8979
      vertex 48.325 26.3518 9.5845
      vertex 48.7055 25.685 10.6479
    endloop
  endfacet
  facet normal -0.63612 0.529387 0.561339
    outer loop
      vertex 48.325 25.8605 10.0512
      vertex 48.325 25.344 10.5383
      vertex 48.7055 25.685 10.6479
    endloop
  endfacet
  facet normal -0.633766 0.532744 0.560825
    outer loop
      vertex 48.325 26.3518 9.5845
      vertex 48.325 25.8605 10.0512
      vertex 48.7055 25.685 10.6479
    endloop
  endfacet
  facet normal -0.648684 -0.727372 -0.223918
    outer loop
      vertex 48.7055 26.1181 10.8979
      vertex 48.325 26.3834 11.1384
      vertex 48.325 26.7848 9.8345
    endloop
  endfacet
  facet normal -0.995186 -0.0489946 0.0848783
    outer loop
      vertex 48.7055 25.685 10.6479
      vertex 48.925 24.9359 12.7891
      vertex 48.7055 26.1181 10.8979
    endloop
  endfacet
  facet normal -0.995186 -0.049004 0.084875
    outer loop
      vertex 48.925 24.9359 12.7891
      vertex 48.7055 25.685 10.6479
      vertex 48.925 24.5029 12.5391
    endloop
  endfacet
  facet normal -0.667076 0.593619 0.45014
    outer loop
      vertex 48.325 24.034 12.2683
      vertex 48.925 24.5029 12.5391
      vertex 48.325 24.989 11.0089
    endloop
  endfacet
  facet normal -0.664376 0.596669 0.450101
    outer loop
      vertex 48.325 24.989 11.0089
      vertex 48.7055 25.685 10.6479
      vertex 48.325 25.344 10.5383
    endloop
  endfacet
  facet normal -0.664407 0.596665 0.450061
    outer loop
      vertex 48.7055 25.685 10.6479
      vertex 48.325 24.989 11.0089
      vertex 48.925 24.5029 12.5391
    endloop
  endfacet
  facet normal -0.669469 -0.662339 -0.336331
    outer loop
      vertex 48.925 24.9359 12.7891
      vertex 48.325 25.4049 13.0598
      vertex 48.7055 26.1181 10.8979
    endloop
  endfacet
  facet normal -0.672289 -0.659672 -0.335947
    outer loop
      vertex 48.325 26.3834 11.1384
      vertex 48.7055 26.1181 10.8979
      vertex 48.325 25.4049 13.0598
    endloop
  endfacet
  facet normal -0.995186 0.049004 -0.084875
    outer loop
      vertex 48.925 24.5029 12.5391
      vertex 48.7055 23.7538 14.6803
      vertex 48.925 24.9359 12.7891
    endloop
  endfacet
  facet normal -0.995186 0.049004 -0.084875
    outer loop
      vertex 48.7055 23.7538 14.6803
      vertex 48.925 24.5029 12.5391
      vertex 48.7055 23.3208 14.4303
    endloop
  endfacet
  facet normal -0.672338 0.659632 0.335927
    outer loop
      vertex 48.325 24.034 12.2683
      vertex 48.325 23.0555 14.1897
      vertex 48.7055 23.3208 14.4303
    endloop
  endfacet
  facet normal -0.669439 0.662374 0.336321
    outer loop
      vertex 48.925 24.5029 12.5391
      vertex 48.325 24.034 12.2683
      vertex 48.7055 23.3208 14.4303
    endloop
  endfacet
  facet normal -0.664351 -0.59671 -0.450083
    outer loop
      vertex 48.7055 23.7538 14.6803
      vertex 48.325 24.4498 14.3192
      vertex 48.925 24.9359 12.7891
    endloop
  endfacet
  facet normal -0.664415 -0.596702 -0.449999
    outer loop
      vertex 48.325 24.4498 14.3192
      vertex 48.7055 23.7538 14.6803
      vertex 48.325 24.0949 14.7898
    endloop
  endfacet
  facet normal -0.667087 -0.593588 -0.450164
    outer loop
      vertex 48.325 25.4049 13.0598
      vertex 48.925 24.9359 12.7891
      vertex 48.325 24.4498 14.3192
    endloop
  endfacet
  facet normal -0.956937 0.145152 -0.251403
    outer loop
      vertex 48.7055 23.3208 14.4303
      vertex 48.325 23.0871 15.7437
      vertex 48.7055 23.7538 14.6803
    endloop
  endfacet
  facet normal -0.956937 0.145152 -0.251403
    outer loop
      vertex 48.325 23.0871 15.7437
      vertex 48.7055 23.3208 14.4303
      vertex 48.325 22.6541 15.4937
    endloop
  endfacet
  facet normal -0.648714 0.727352 0.223895
    outer loop
      vertex 48.325 23.0555 14.1897
      vertex 48.325 22.6541 15.4937
      vertex 48.7055 23.3208 14.4303
    endloop
  endfacet
  facet normal -0.633849 -0.532697 -0.560775
    outer loop
      vertex 48.7055 23.7538 14.6803
      vertex 48.325 23.0871 15.7437
      vertex 48.325 23.5784 15.277
    endloop
  endfacet
  facet normal -0.636136 -0.529435 -0.561275
    outer loop
      vertex 48.7055 23.7538 14.6803
      vertex 48.325 23.5784 15.277
      vertex 48.325 24.0949 14.7898
    endloop
  endfacet
  facet normal -0.881902 0.235721 -0.40827
    outer loop
      vertex 47.6174 21.7438 16.9407
      vertex 46.9995 21.5593 18.1689
      vertex 47.6174 22.1768 17.1907
    endloop
  endfacet
  facet normal -0.881902 0.235721 -0.40827
    outer loop
      vertex 46.9995 21.5593 18.1689
      vertex 47.6174 21.7438 16.9407
      vertex 46.9995 21.1263 17.9189
    endloop
  endfacet
  facet normal -0.60643 0.786705 0.115491
    outer loop
      vertex 47.1579 21.3477 17.2425
      vertex 46.677 20.9308 17.5572
      vertex 46.9995 21.1263 17.9189
    endloop
  endfacet
  facet normal -0.603253 0.788927 0.116962
    outer loop
      vertex 47.1579 21.3477 17.2425
      vertex 46.9995 21.1263 17.9189
      vertex 47.6174 21.7438 16.9407
    endloop
  endfacet
  facet normal -0.578815 -0.473042 -0.664233
    outer loop
      vertex 46.9995 21.5593 18.1689
      vertex 46.677 21.9702 18.1573
      vertex 47.6174 22.1768 17.1907
    endloop
  endfacet
  facet normal -0.773021 0.317197 -0.549386
    outer loop
      vertex 46.9995 21.1263 17.9189
      vertex 45.5787 20.626 19.6292
      vertex 46.9995 21.5593 18.1689
    endloop
  endfacet
  facet normal -0.773021 0.317197 -0.549386
    outer loop
      vertex 45.5787 20.626 19.6292
      vertex 46.9995 21.1263 17.9189
      vertex 45.5787 20.193 19.3792
    endloop
  endfacet
  facet normal -0.537516 0.843062 0.0179965
    outer loop
      vertex 46.2633 20.6615 17.8794
      vertex 45.1544 19.9361 18.741
      vertex 45.5787 20.193 19.3792
    endloop
  endfacet
  facet normal -0.534514 0.844924 0.0199488
    outer loop
      vertex 46.9995 21.1263 17.9189
      vertex 46.2633 20.6615 17.8794
      vertex 45.5787 20.193 19.3792
    endloop
  endfacet
  facet normal -0.534512 0.844927 0.0198978
    outer loop
      vertex 46.2633 20.6615 17.8794
      vertex 46.9995 21.1263 17.9189
      vertex 46.677 20.9308 17.5572
    endloop
  endfacet
  facet normal -0.501602 -0.419867 -0.756378
    outer loop
      vertex 45.5787 20.626 19.6292
      vertex 45.1544 21.3071 19.5325
      vertex 46.9995 21.5593 18.1689
    endloop
  endfacet
  facet normal -0.502963 -0.416143 -0.757531
    outer loop
      vertex 46.9995 21.5593 18.1689
      vertex 45.1544 21.3071 19.5325
      vertex 46.677 21.9702 18.1573
    endloop
  endfacet
  facet normal -0.634391 0.386515 -0.669443
    outer loop
      vertex 43.8474 19.8479 20.8206
      vertex 45.5787 20.193 19.3792
      vertex 43.8474 19.4149 20.5706
    endloop
  endfacet
  facet normal -0.634391 0.386515 -0.669443
    outer loop
      vertex 45.5787 20.193 19.3792
      vertex 43.8474 19.8479 20.8206
      vertex 45.5787 20.626 19.6292
    endloop
  endfacet
  facet normal -0.448072 0.89155 -0.0661101
    outer loop
      vertex 45.1544 19.9361 18.741
      vertex 43.6319 19.2729 20.1162
      vertex 43.8474 19.4149 20.5706
    endloop
  endfacet
  facet normal -0.445173 0.893185 -0.063573
    outer loop
      vertex 45.1544 19.9361 18.741
      vertex 43.8474 19.4149 20.5706
      vertex 45.5787 20.193 19.3792
    endloop
  endfacet
  facet normal -0.405068 -0.375273 -0.833721
    outer loop
      vertex 43.8474 19.8479 20.8206
      vertex 44.0455 20.5816 20.3941
      vertex 45.5787 20.626 19.6292
    endloop
  endfacet
  facet normal -0.405236 -0.3752 -0.833672
    outer loop
      vertex 44.0455 20.5816 20.3941
      vertex 43.8474 19.8479 20.8206
      vertex 43.6319 20.3124 20.7163
    endloop
  endfacet
  facet normal -0.405856 -0.371394 -0.835074
    outer loop
      vertex 45.5787 20.626 19.6292
      vertex 44.0455 20.5816 20.3941
      vertex 45.1544 21.3071 19.5325
    endloop
  endfacet
  facet normal -0.471389 0.440972 -0.763764
    outer loop
      vertex 42.6915 19.4994 21.3328
      vertex 43.8474 19.4149 20.5706
      vertex 42.6915 19.0664 21.0828
    endloop
  endfacet
  facet normal -0.471389 0.440972 -0.763764
    outer loop
      vertex 43.8474 19.4149 20.5706
      vertex 42.6915 19.4994 21.3328
      vertex 43.8474 19.8479 20.8206
    endloop
  endfacet
  facet normal -0.338763 0.931775 -0.130521
    outer loop
      vertex 43.6319 19.2729 20.1162
      vertex 42.6915 19.0664 21.0828
      vertex 43.8474 19.4149 20.5706
    endloop
  endfacet
  facet normal -0.293087 -0.340784 -0.893289
    outer loop
      vertex 43.8474 19.8479 20.8206
      vertex 42.6915 19.4994 21.3328
      vertex 43.1509 19.8954 21.031
    endloop
  endfacet
  facet normal -0.293249 -0.336946 -0.894691
    outer loop
      vertex 43.8474 19.8479 20.8206
      vertex 43.1509 19.8954 21.031
      vertex 43.6319 20.3124 20.7163
    endloop
  endfacet
  facet normal -0.290301 0.478478 -0.828724
    outer loop
      vertex 39.7289 18.8596 22.2199
      vertex 40.9832 18.6564 21.6632
      vertex 39.7289 18.4266 21.9699
    endloop
  endfacet
  facet normal -0.290301 0.478478 -0.828724
    outer loop
      vertex 40.9832 18.6564 21.6632
      vertex 39.7289 18.8596 22.2199
      vertex 40.9832 19.0894 21.9132
    endloop
  endfacet
  facet normal -0.221458 0.958159 -0.181347
    outer loop
      vertex 40.3334 18.4901 21.5672
      vertex 39.6532 18.3136 21.4653
      vertex 39.7289 18.4266 21.9699
    endloop
  endfacet
  facet normal -0.219242 0.959326 -0.177837
    outer loop
      vertex 40.3334 18.4901 21.5672
      vertex 39.7289 18.4266 21.9699
      vertex 40.9832 18.6564 21.6632
    endloop
  endfacet
  facet normal -0.169787 -0.318117 -0.932724
    outer loop
      vertex 39.7289 18.8596 22.2199
      vertex 39.6532 19.353 22.0654
      vertex 40.9832 19.0894 21.9132
    endloop
  endfacet
  facet normal -0.0979921 0.497605 -0.861851
    outer loop
      vertex 37.5 18.6822 22.3709
      vertex 39.7289 18.4266 21.9699
      vertex 37.5 18.2492 22.1209
    endloop
  endfacet
  facet normal -0.0979921 0.497605 -0.861851
    outer loop
      vertex 39.7289 18.4266 21.9699
      vertex 37.5 18.6822 22.3709
      vertex 39.7289 18.8596 22.2199
    endloop
  endfacet
  facet normal -0.0930644 0.973647 -0.208207
    outer loop
      vertex 37.5 18.0802 21.3306
      vertex 37.5 18.2492 22.1209
      vertex 39.0682 18.2512 21.4293
    endloop
  endfacet
  facet normal -0.0913685 0.974584 -0.204541
    outer loop
      vertex 39.0682 18.2512 21.4293
      vertex 39.7289 18.4266 21.9699
      vertex 39.6532 18.3136 21.4653
    endloop
  endfacet
  facet normal -0.0914214 0.974592 -0.204479
    outer loop
      vertex 39.7289 18.4266 21.9699
      vertex 39.0682 18.2512 21.4293
      vertex 37.5 18.2492 22.1209
    endloop
  endfacet
  facet normal -0.0399211 -0.307618 -0.950672
    outer loop
      vertex 39.7289 18.8596 22.2199
      vertex 37.5 18.6822 22.3709
      vertex 37.5 19.4511 22.1221
    endloop
  endfacet
  facet normal -0.0389171 -0.304032 -0.951867
    outer loop
      vertex 39.7289 18.8596 22.2199
      vertex 37.5 19.4511 22.1221
      vertex 39.6532 19.353 22.0654
    endloop
  endfacet
  facet normal 0.0980236 0.497603 -0.861848
    outer loop
      vertex 35.2711 18.2913 21.8917
      vertex 37.5 18.6822 22.3709
      vertex 37.5 18.2492 22.1209
    endloop
  endfacet
  facet normal 0.0980236 0.497603 -0.861848
    outer loop
      vertex 37.5 18.6822 22.3709
      vertex 35.2711 18.2913 21.8917
      vertex 35.2711 18.7243 22.1417
    endloop
  endfacet
  facet normal 0.038886 0.976312 -0.212844
    outer loop
      vertex 35.3468 18.1783 21.3872
      vertex 35.2711 18.2913 21.8917
      vertex 37.5 18.0802 21.3306
    endloop
  endfacet
  facet normal 0.0399422 0.977111 -0.208948
    outer loop
      vertex 37.5 18.0802 21.3306
      vertex 35.2711 18.2913 21.8917
      vertex 37.5 18.2492 22.1209
    endloop
  endfacet
  facet normal 0.0914447 -0.310225 -0.946255
    outer loop
      vertex 35.2711 18.7243 22.1417
      vertex 35.9318 19.2802 22.0233
      vertex 37.5 18.6822 22.3709
    endloop
  endfacet
  facet normal 0.091368 -0.310141 -0.94629
    outer loop
      vertex 35.9318 19.2802 22.0233
      vertex 35.2711 18.7243 22.1417
      vertex 35.3468 19.2177 21.9873
    endloop
  endfacet
  facet normal 0.0930867 -0.306526 -0.9473
    outer loop
      vertex 37.5 18.6822 22.3709
      vertex 35.9318 19.2802 22.0233
      vertex 37.5 19.4511 22.1221
    endloop
  endfacet
  facet normal 0.290223 0.47849 -0.828745
    outer loop
      vertex 34.0168 18.4419 21.5394
      vertex 35.2711 18.7243 22.1417
      vertex 35.2711 18.2913 21.8917
    endloop
  endfacet
  facet normal 0.290223 0.47849 -0.828745
    outer loop
      vertex 35.2711 18.7243 22.1417
      vertex 34.0168 18.4419 21.5394
      vertex 34.0168 18.8749 21.7894
    endloop
  endfacet
  facet normal 0.169747 0.966787 -0.191074
    outer loop
      vertex 35.3468 18.1783 21.3872
      vertex 34.0168 18.4419 21.5394
      vertex 35.2711 18.2913 21.8917
    endloop
  endfacet
  facet normal 0.219248 -0.325546 -0.919756
    outer loop
      vertex 35.2711 18.7243 22.1417
      vertex 34.0168 18.8749 21.7894
      vertex 34.6666 19.0413 21.8854
    endloop
  endfacet
  facet normal 0.221406 -0.322016 -0.920481
    outer loop
      vertex 35.2711 18.7243 22.1417
      vertex 34.6666 19.0413 21.8854
      vertex 35.3468 19.2177 21.9873
    endloop
  endfacet
  facet normal 0.471427 0.440962 -0.763747
    outer loop
      vertex 31.1526 19.0089 20.3362
      vertex 32.3085 19.1726 21.1442
      vertex 32.3085 18.7396 20.8942
    endloop
  endfacet
  facet normal 0.471427 0.440962 -0.763747
    outer loop
      vertex 32.3085 19.1726 21.1442
      vertex 31.1526 19.0089 20.3362
      vertex 31.1526 19.4419 20.5862
    endloop
  endfacet
  facet normal 0.29316 0.943325 -0.15555
    outer loop
      vertex 31.3681 18.867 19.8818
      vertex 31.1526 19.0089 20.3362
      vertex 31.8491 18.803 20.4002
    endloop
  endfacet
  facet normal 0.292989 0.944068 -0.151307
    outer loop
      vertex 31.8491 18.803 20.4002
      vertex 31.1526 19.0089 20.3362
      vertex 32.3085 18.7396 20.8942
    endloop
  endfacet
  facet normal 0.338829 -0.352849 -0.872177
    outer loop
      vertex 32.3085 19.1726 21.1442
      vertex 31.1526 19.4419 20.5862
      vertex 31.3681 19.9064 20.482
    endloop
  endfacet
  facet normal 0.634387 0.386516 -0.669446
    outer loop
      vertex 29.4213 19.6517 19.0667
      vertex 31.1526 19.4419 20.5862
      vertex 31.1526 19.0089 20.3362
    endloop
  endfacet
  facet normal 0.634387 0.386516 -0.669446
    outer loop
      vertex 31.1526 19.4419 20.5862
      vertex 29.4213 19.6517 19.0667
      vertex 29.4213 20.0847 19.3167
    endloop
  endfacet
  facet normal 0.405883 0.908883 -0.0958709
    outer loop
      vertex 29.8456 19.3949 18.4285
      vertex 29.4213 19.6517 19.0667
      vertex 30.9545 19.0114 19.4875
    endloop
  endfacet
  facet normal 0.405178 0.909607 -0.0918956
    outer loop
      vertex 30.9545 19.0114 19.4875
      vertex 31.1526 19.0089 20.3362
      vertex 31.3681 18.867 19.8818
    endloop
  endfacet
  facet normal 0.405104 0.909642 -0.0918783
    outer loop
      vertex 31.1526 19.0089 20.3362
      vertex 30.9545 19.0114 19.4875
      vertex 29.4213 19.6517 19.0667
    endloop
  endfacet
  facet normal 0.445103 -0.391617 -0.805307
    outer loop
      vertex 29.4213 20.0847 19.3167
      vertex 29.8456 20.7658 19.22
      vertex 31.1526 19.4419 20.5862
    endloop
  endfacet
  facet normal 0.448094 -0.388507 -0.805155
    outer loop
      vertex 31.1526 19.4419 20.5862
      vertex 29.8456 20.7658 19.22
      vertex 31.3681 19.9064 20.482
    endloop
  endfacet
  facet normal 0.773018 0.317199 -0.549389
    outer loop
      vertex 29.4213 19.6517 19.0667
      vertex 28.0005 20.8827 17.7783
      vertex 29.4213 20.0847 19.3167
    endloop
  endfacet
  facet normal 0.773018 0.317199 -0.549389
    outer loop
      vertex 28.0005 20.8827 17.7783
      vertex 29.4213 19.6517 19.0667
      vertex 28.0005 20.4497 17.5283
    endloop
  endfacet
  facet normal 0.503016 0.864078 -0.018536
    outer loop
      vertex 28.323 20.2542 17.1666
      vertex 28.0005 20.4497 17.5283
      vertex 29.8456 19.3949 18.4285
    endloop
  endfacet
  facet normal 0.501597 0.864979 -0.0145707
    outer loop
      vertex 29.4213 19.6517 19.0667
      vertex 29.8456 19.3949 18.4285
      vertex 28.0005 20.4497 17.5283
    endloop
  endfacet
  facet normal 0.534457 -0.439819 -0.721745
    outer loop
      vertex 28.0005 20.8827 17.7783
      vertex 28.7367 21.1493 18.161
      vertex 29.4213 20.0847 19.3167
    endloop
  endfacet
  facet normal 0.534455 -0.439743 -0.721792
    outer loop
      vertex 28.7367 21.1493 18.161
      vertex 28.0005 20.8827 17.7783
      vertex 28.323 21.2937 17.7667
    endloop
  endfacet
  facet normal 0.537459 -0.437197 -0.721108
    outer loop
      vertex 29.4213 20.0847 19.3167
      vertex 28.7367 21.1493 18.161
      vertex 29.8456 20.7658 19.22
    endloop
  endfacet
  facet normal 0.881907 0.235717 -0.408262
    outer loop
      vertex 28.0005 20.4497 17.5283
      vertex 27.3826 21.4211 16.7544
      vertex 28.0005 20.8827 17.7783
    endloop
  endfacet
  facet normal 0.881899 0.235684 -0.408298
    outer loop
      vertex 27.3826 21.4211 16.7544
      vertex 28.0005 20.4497 17.5283
      vertex 27.3826 20.988 16.5044
    endloop
  endfacet
  facet normal 0.578886 0.811726 0.077408
    outer loop
      vertex 28.323 20.2542 17.1666
      vertex 27.3826 20.988 16.5044
      vertex 28.0005 20.4497 17.5283
    endloop
  endfacet
  facet normal 0.603083 -0.49597 -0.624744
    outer loop
      vertex 28.0005 20.8827 17.7783
      vertex 27.3826 21.4211 16.7544
      vertex 27.8421 21.3577 17.2483
    endloop
  endfacet
  facet normal 0.606438 -0.493452 -0.623489
    outer loop
      vertex 28.0005 20.8827 17.7783
      vertex 27.8421 21.3577 17.2483
      vertex 28.323 21.2937 17.7667
    endloop
  endfacet
  facet normal 0.956935 0.145154 -0.251407
    outer loop
      vertex 26.675 21.7861 14.9925
      vertex 26.2945 22.8066 14.1334
      vertex 26.675 22.2191 15.2425
    endloop
  endfacet
  facet normal 0.956935 0.145154 -0.251407
    outer loop
      vertex 26.2945 22.8066 14.1334
      vertex 26.675 21.7861 14.9925
      vertex 26.2945 22.3736 13.8834
    endloop
  endfacet
  facet normal 0.636124 0.750825 0.17779
    outer loop
      vertex 26.675 22.1082 13.6428
      vertex 26.2945 22.3736 13.8834
      vertex 26.675 21.9446 14.3337
    endloop
  endfacet
  facet normal 0.633784 0.752051 0.180935
    outer loop
      vertex 26.675 21.9446 14.3337
      vertex 26.2945 22.3736 13.8834
      vertex 26.675 21.7861 14.9925
    endloop
  endfacet
  facet normal 0.648818 -0.557504 -0.517905
    outer loop
      vertex 26.675 22.2191 15.2425
      vertex 26.2945 22.8066 14.1334
      vertex 26.675 23.1477 14.2429
    endloop
  endfacet
  facet normal 0.995186 0.0490044 -0.0848756
    outer loop
      vertex 26.2945 22.3736 13.8834
      vertex 26.075 23.8534 12.1641
      vertex 26.2945 22.8066 14.1334
    endloop
  endfacet
  facet normal 0.995186 0.0490044 -0.0848756
    outer loop
      vertex 26.075 23.8534 12.1641
      vertex 26.2945 22.3736 13.8834
      vertex 26.075 23.4204 11.9141
    endloop
  endfacet
  facet normal 0.667125 0.686617 0.288965
    outer loop
      vertex 26.675 22.9514 11.6433
      vertex 26.075 23.4204 11.9141
      vertex 26.675 22.3383 13.1001
    endloop
  endfacet
  facet normal 0.664409 0.688076 0.291738
    outer loop
      vertex 26.675 22.3383 13.1001
      vertex 26.2945 22.3736 13.8834
      vertex 26.675 22.1082 13.6428
    endloop
  endfacet
  facet normal 0.664378 0.688114 0.291721
    outer loop
      vertex 26.2945 22.3736 13.8834
      vertex 26.675 22.3383 13.1001
      vertex 26.075 23.4204 11.9141
    endloop
  endfacet
  facet normal 0.669463 -0.622423 -0.405474
    outer loop
      vertex 26.2945 22.8066 14.1334
      vertex 26.075 23.8534 12.1641
      vertex 26.675 24.3224 12.4348
    endloop
  endfacet
  facet normal 0.672439 -0.620664 -0.403238
    outer loop
      vertex 26.2945 22.8066 14.1334
      vertex 26.675 24.3224 12.4348
      vertex 26.675 23.1477 14.2429
    endloop
  endfacet
  facet normal 0.995186 -0.0490025 0.0848723
    outer loop
      vertex 26.075 23.4204 11.9141
      vertex 26.2945 24.9002 10.1947
      vertex 26.075 23.8534 12.1641
    endloop
  endfacet
  facet normal 0.995186 -0.0489986 0.0848757
    outer loop
      vertex 26.2945 24.9002 10.1947
      vertex 26.075 23.4204 11.9141
      vertex 26.2945 24.4672 9.94473
    endloop
  endfacet
  facet normal 0.672351 0.620714 0.403309
    outer loop
      vertex 26.675 24.1262 9.83522
      vertex 26.2945 24.4672 9.94473
      vertex 26.675 22.9514 11.6433
    endloop
  endfacet
  facet normal -1 -0 -0
    outer loop
      vertex 26.675 22.9515 11.6433
      vertex 26.675 24.1262 9.83522
      vertex 26.675 22.9514 11.6433
    endloop
  endfacet
  facet normal 0.669501 0.622398 0.40545
    outer loop
      vertex 26.2945 24.4672 9.94473
      vertex 26.075 23.4204 11.9141
      vertex 26.675 22.9514 11.6433
    endloop
  endfacet
  facet normal -1 0 0
    outer loop
      vertex 26.675 22.9514 11.6433
      vertex 26.675 24.3224 12.4348
      vertex 26.675 22.9515 11.6433
    endloop
  endfacet
  facet normal 0.664366 -0.688128 -0.291715
    outer loop
      vertex 26.2945 24.9002 10.1947
      vertex 26.675 24.9355 10.978
      vertex 26.075 23.8534 12.1641
    endloop
  endfacet
  facet normal 0.664409 -0.688076 -0.291738
    outer loop
      vertex 26.675 24.9355 10.978
      vertex 26.2945 24.9002 10.1947
      vertex 26.675 25.1656 10.4353
    endloop
  endfacet
  facet normal 0.667099 -0.686639 -0.288975
    outer loop
      vertex 26.675 24.3224 12.4348
      vertex 26.075 23.8534 12.1641
      vertex 26.675 24.9355 10.978
    endloop
  endfacet
  facet normal 0.956932 -0.145146 0.251424
    outer loop
      vertex 26.2945 24.4672 9.94473
      vertex 26.675 25.4877 9.08566
      vertex 26.2945 24.9002 10.1947
    endloop
  endfacet
  facet normal 0.956933 -0.145157 0.251412
    outer loop
      vertex 26.675 25.4877 9.08566
      vertex 26.2945 24.4672 9.94473
      vertex 26.675 25.0547 8.83566
    endloop
  endfacet
  facet normal 0.648746 0.557565 0.517927
    outer loop
      vertex 26.675 25.0547 8.83566
      vertex 26.2945 24.4672 9.94473
      vertex 26.675 24.1262 9.83522
    endloop
  endfacet
  facet normal 0.63378 -0.752051 -0.180946
    outer loop
      vertex 26.675 25.3292 9.74442
      vertex 26.2945 24.9002 10.1947
      vertex 26.675 25.4877 9.08566
    endloop
  endfacet
  facet normal 0.636125 -0.750822 -0.177794
    outer loop
      vertex 26.675 25.1656 10.4353
      vertex 26.2945 24.9002 10.1947
      vertex 26.675 25.3292 9.74442
    endloop
  endfacet
  facet normal 0.881901 -0.235722 0.408271
    outer loop
      vertex 27.3826 25.8528 7.32381
      vertex 28.0005 26.8241 6.54989
      vertex 27.3826 26.2858 7.57381
    endloop
  endfacet
  facet normal 0.881901 -0.235722 0.408271
    outer loop
      vertex 28.0005 26.8241 6.54989
      vertex 27.3826 25.8528 7.32381
      vertex 28.0005 26.3911 6.29989
    endloop
  endfacet
  facet normal 0.60635 0.493504 0.623533
    outer loop
      vertex 28.0005 26.3911 6.29989
      vertex 27.8421 25.9161 6.82987
      vertex 28.323 25.9802 6.31149
    endloop
  endfacet
  facet normal 0.603218 0.495855 0.624704
    outer loop
      vertex 28.0005 26.3911 6.29989
      vertex 27.3826 25.8528 7.32381
      vertex 27.8421 25.9161 6.82987
    endloop
  endfacet
  facet normal 0.578886 -0.811726 -0.0774072
    outer loop
      vertex 28.323 27.0196 6.91159
      vertex 27.3826 26.2858 7.57381
      vertex 28.0005 26.8241 6.54989
    endloop
  endfacet
  facet normal 0.77302 -0.317198 0.549387
    outer loop
      vertex 28.0005 26.3911 6.29989
      vertex 29.4213 27.6221 5.01148
      vertex 28.0005 26.8241 6.54989
    endloop
  endfacet
  facet normal 0.77302 -0.317198 0.549387
    outer loop
      vertex 29.4213 27.6221 5.01148
      vertex 28.0005 26.3911 6.29989
      vertex 29.4213 27.1891 4.76148
    endloop
  endfacet
  facet normal 0.537481 0.437178 0.721103
    outer loop
      vertex 29.4213 27.1891 4.76148
      vertex 28.7367 26.1245 5.91718
      vertex 29.8456 26.508 4.85815
    endloop
  endfacet
  facet normal 0.534464 0.439813 0.721743
    outer loop
      vertex 28.0005 26.3911 6.29989
      vertex 28.7367 26.1245 5.91718
      vertex 29.4213 27.1891 4.76148
    endloop
  endfacet
  facet normal 0.534465 0.439856 0.721715
    outer loop
      vertex 28.7367 26.1245 5.91718
      vertex 28.0005 26.3911 6.29989
      vertex 28.323 25.9802 6.31149
    endloop
  endfacet
  facet normal 0.501597 -0.864979 0.0145711
    outer loop
      vertex 29.4213 27.6221 5.01148
      vertex 29.8456 27.8789 5.64965
      vertex 28.0005 26.8241 6.54989
    endloop
  endfacet
  facet normal 0.83274 0 -0.553664
    outer loop
      vertex 29.8456 27.8789 5.64965
      vertex 29.4213 27.6221 5.01148
      vertex 29.8456 27.879 5.64965
    endloop
  endfacet
  facet normal 0.503017 -0.864078 0.0185357
    outer loop
      vertex 28.323 27.0196 6.91159
      vertex 28.0005 26.8241 6.54989
      vertex 29.8456 27.8789 5.64965
    endloop
  endfacet
  facet normal 0.634399 -0.386512 0.669438
    outer loop
      vertex 29.4213 27.6221 5.01148
      vertex 31.1526 27.8319 3.49193
      vertex 31.1526 28.2649 3.74193
    endloop
  endfacet
  facet normal 0.634399 -0.386512 0.669438
    outer loop
      vertex 31.1526 27.8319 3.49193
      vertex 29.4213 27.6221 5.01148
      vertex 29.4213 27.1891 4.76148
    endloop
  endfacet
  facet normal 0.448007 0.388605 0.805156
    outer loop
      vertex 31.1526 27.8319 3.49193
      vertex 29.8456 26.508 4.85815
      vertex 31.3681 27.3674 3.59621
    endloop
  endfacet
  facet normal 0.445129 0.391597 0.805302
    outer loop
      vertex 29.4213 27.1891 4.76148
      vertex 29.8456 26.508 4.85815
      vertex 31.1526 27.8319 3.49193
    endloop
  endfacet
  facet normal 0.405108 -0.90964 0.0918802
    outer loop
      vertex 31.1526 28.2649 3.74193
      vertex 30.9545 28.2624 4.59062
      vertex 29.4213 27.6221 5.01148
    endloop
  endfacet
  facet normal 0.405182 -0.909606 0.0918975
    outer loop
      vertex 30.9545 28.2624 4.59062
      vertex 31.1526 28.2649 3.74193
      vertex 31.3681 28.4068 4.19631
    endloop
  endfacet
  facet normal 0.40591 -0.908858 0.0959905
    outer loop
      vertex 29.8456 27.879 5.64965
      vertex 29.4213 27.6221 5.01148
      vertex 30.9545 28.2624 4.59062
    endloop
  endfacet
  facet normal 0.471396 -0.440971 0.763761
    outer loop
      vertex 31.1526 28.2649 3.74193
      vertex 32.3085 28.1012 2.93399
      vertex 32.3085 28.5342 3.18399
    endloop
  endfacet
  facet normal 0.471396 -0.440971 0.763761
    outer loop
      vertex 32.3085 28.1012 2.93399
      vertex 31.1526 28.2649 3.74193
      vertex 31.1526 27.8319 3.49193
    endloop
  endfacet
  facet normal 0.338751 0.35296 0.872162
    outer loop
      vertex 32.3085 28.1012 2.93399
      vertex 31.1526 27.8319 3.49193
      vertex 31.3681 27.3674 3.59621
    endloop
  endfacet
  facet normal 0.293128 -0.943968 0.151658
    outer loop
      vertex 31.8491 28.4709 3.67793
      vertex 31.1526 28.2649 3.74193
      vertex 32.3085 28.5342 3.18399
    endloop
  endfacet
  facet normal 0.293281 -0.943297 0.15549
    outer loop
      vertex 31.3681 28.4068 4.19631
      vertex 31.1526 28.2649 3.74193
      vertex 31.8491 28.4709 3.67793
    endloop
  endfacet
  facet normal 0.29026 -0.478484 0.828735
    outer loop
      vertex 34.0168 28.8319 2.53878
      vertex 35.2711 28.5495 1.93642
      vertex 35.2711 28.9825 2.18642
    endloop
  endfacet
  facet normal 0.29026 -0.478484 0.828735
    outer loop
      vertex 35.2711 28.5495 1.93642
      vertex 34.0168 28.8319 2.53878
      vertex 34.0168 28.3989 2.28878
    endloop
  endfacet
  facet normal 0.22137 0.322098 0.920461
    outer loop
      vertex 35.2711 28.5495 1.93642
      vertex 34.6666 28.2325 2.19273
      vertex 35.3468 28.0561 2.09087
    endloop
  endfacet
  facet normal 0.219303 0.325478 0.919766
    outer loop
      vertex 35.2711 28.5495 1.93642
      vertex 34.0168 28.3989 2.28878
      vertex 34.6666 28.2325 2.19273
    endloop
  endfacet
  facet normal 0.169751 -0.96679 0.191056
    outer loop
      vertex 35.3468 29.0955 2.69097
      vertex 34.0168 28.8319 2.53878
      vertex 35.2711 28.9825 2.18642
    endloop
  endfacet
  facet normal 0.0980159 -0.497603 0.861849
    outer loop
      vertex 35.2711 28.9825 2.18642
      vertex 37.5 28.5916 1.70724
      vertex 37.5 29.0246 1.95724
    endloop
  endfacet
  facet normal 0.0980159 -0.497603 0.861849
    outer loop
      vertex 37.5 28.5916 1.70724
      vertex 35.2711 28.9825 2.18642
      vertex 35.2711 28.5495 1.93642
    endloop
  endfacet
  facet normal 0.0930337 0.306606 0.947279
    outer loop
      vertex 37.5 28.5916 1.70724
      vertex 35.9318 27.9936 2.05481
      vertex 37.5 27.8227 1.95611
    endloop
  endfacet
  facet normal 0.0914376 0.310201 0.946263
    outer loop
      vertex 35.2711 28.5495 1.93642
      vertex 35.9318 27.9936 2.05481
      vertex 37.5 28.5916 1.70724
    endloop
  endfacet
  facet normal 0.0914729 0.31024 0.946247
    outer loop
      vertex 35.9318 27.9936 2.05481
      vertex 35.2711 28.5495 1.93642
      vertex 35.3468 28.0561 2.09087
    endloop
  endfacet
  facet normal 0.0399386 -0.977115 0.20893
    outer loop
      vertex 37.5 29.1936 2.74761
      vertex 35.2711 28.9825 2.18642
      vertex 37.5 29.0246 1.95724
    endloop
  endfacet
  facet normal 0.0388827 -0.976317 0.212824
    outer loop
      vertex 35.3468 29.0955 2.69097
      vertex 35.2711 28.9825 2.18642
      vertex 37.5 29.1936 2.74761
    endloop
  endfacet
  facet normal -0.0980151 -0.497603 0.861849
    outer loop
      vertex 37.5 28.5916 1.70724
      vertex 39.7289 28.8472 2.1083
      vertex 37.5 29.0246 1.95724
    endloop
  endfacet
  facet normal -0.0980151 -0.497603 0.861849
    outer loop
      vertex 39.7289 28.8472 2.1083
      vertex 37.5 28.5916 1.70724
      vertex 39.7289 28.4142 1.8583
    endloop
  endfacet
  facet normal -0.0388822 0.303922 0.951903
    outer loop
      vertex 39.7289 28.4142 1.8583
      vertex 37.5 27.8227 1.95611
      vertex 39.6532 27.9208 2.01274
    endloop
  endfacet
  facet normal -0.0399387 0.307696 0.950646
    outer loop
      vertex 37.5 28.5916 1.70724
      vertex 37.5 27.8227 1.95611
      vertex 39.7289 28.4142 1.8583
    endloop
  endfacet
  facet normal -0.0913455 -0.974581 0.204568
    outer loop
      vertex 39.0682 29.0226 2.6489
      vertex 39.7289 28.8472 2.1083
      vertex 39.6532 28.9602 2.61284
    endloop
  endfacet
  facet normal -0.0914265 -0.974593 0.204473
    outer loop
      vertex 39.7289 28.8472 2.1083
      vertex 39.0682 29.0226 2.6489
      vertex 37.5 29.0246 1.95724
    endloop
  endfacet
  facet normal -0.0930646 -0.973651 0.20819
    outer loop
      vertex 37.5 29.1936 2.74761
      vertex 37.5 29.0246 1.95724
      vertex 39.0682 29.0226 2.6489
    endloop
  endfacet
  facet normal -0.290258 -0.478485 0.828735
    outer loop
      vertex 39.7289 28.4142 1.8583
      vertex 40.9832 28.6174 2.41493
      vertex 39.7289 28.8472 2.1083
    endloop
  endfacet
  facet normal -0.290258 -0.478485 0.828735
    outer loop
      vertex 40.9832 28.6174 2.41493
      vertex 39.7289 28.4142 1.8583
      vertex 40.9832 28.1844 2.16493
    endloop
  endfacet
  facet normal -0.169763 0.318012 0.932764
    outer loop
      vertex 39.7289 28.4142 1.8583
      vertex 39.6532 27.9208 2.01274
      vertex 40.9832 28.1844 2.16493
    endloop
  endfacet
  facet normal -0.219304 -0.959247 0.178189
    outer loop
      vertex 40.3334 28.7838 2.51098
      vertex 39.7289 28.8472 2.1083
      vertex 40.9832 28.6174 2.41493
    endloop
  endfacet
  facet normal -0.221327 -0.958181 0.181393
    outer loop
      vertex 40.3334 28.7838 2.51098
      vertex 39.6532 28.9602 2.61284
      vertex 39.7289 28.8472 2.1083
    endloop
  endfacet
  facet normal -0.471429 -0.440962 0.763746
    outer loop
      vertex 42.6915 27.7745 2.74533
      vertex 43.8474 27.8589 3.50755
      vertex 42.6915 28.2075 2.99533
    endloop
  endfacet
  facet normal -0.471429 -0.440962 0.763746
    outer loop
      vertex 43.8474 27.8589 3.50755
      vertex 42.6915 27.7745 2.74533
      vertex 43.8474 27.4259 3.25755
    endloop
  endfacet
  facet normal -0.293202 0.33696 0.894701
    outer loop
      vertex 43.8474 27.4259 3.25755
      vertex 43.1509 27.3784 3.04719
      vertex 43.6319 26.9615 3.36183
    endloop
  endfacet
  facet normal -0.293037 0.340877 0.89327
    outer loop
      vertex 43.8474 27.4259 3.25755
      vertex 42.6915 27.7745 2.74533
      vertex 43.1509 27.3784 3.04719
    endloop
  endfacet
  facet normal -0.338826 -0.931756 0.130488
    outer loop
      vertex 43.6319 28.0009 3.96194
      vertex 42.6915 28.2075 2.99533
      vertex 43.8474 27.8589 3.50755
    endloop
  endfacet
  facet normal -0.634385 -0.386517 0.669448
    outer loop
      vertex 43.8474 27.4259 3.25755
      vertex 45.5787 27.0809 4.69898
      vertex 43.8474 27.8589 3.50755
    endloop
  endfacet
  facet normal -0.634385 -0.386517 0.669448
    outer loop
      vertex 45.5787 27.0809 4.69898
      vertex 43.8474 27.4259 3.25755
      vertex 45.5787 26.6479 4.44898
    endloop
  endfacet
  facet normal -0.40591 0.371288 0.835094
    outer loop
      vertex 45.5787 26.6479 4.44898
      vertex 44.2135 26.5823 3.81457
      vertex 45.2857 26.1774 4.51575
    endloop
  endfacet
  facet normal -0.405895 0.371402 0.835051
    outer loop
      vertex 44.2135 26.5823 3.81457
      vertex 45.5787 26.6479 4.44898
      vertex 44.0455 26.6922 3.68403
    endloop
  endfacet
  facet normal -0.405118 0.375233 0.833714
    outer loop
      vertex 43.8474 27.4259 3.25755
      vertex 44.0455 26.6922 3.68403
      vertex 45.5787 26.6479 4.44898
    endloop
  endfacet
  facet normal -0.405158 0.375216 0.833703
    outer loop
      vertex 44.0455 26.6922 3.68403
      vertex 43.8474 27.4259 3.25755
      vertex 43.6319 26.9615 3.36183
    endloop
  endfacet
  facet normal -0.445095 -0.893228 0.0635052
    outer loop
      vertex 45.5787 27.0809 4.69898
      vertex 45.1544 27.3377 5.33715
      vertex 43.8474 27.8589 3.50755
    endloop
  endfacet
  facet normal -0.448073 -0.891549 0.0661109
    outer loop
      vertex 45.1544 27.3377 5.33715
      vertex 43.6319 28.0009 3.96194
      vertex 43.8474 27.8589 3.50755
    endloop
  endfacet
  facet normal -0.773019 -0.317198 0.549387
    outer loop
      vertex 45.5787 26.6479 4.44898
      vertex 46.9995 26.1476 6.15927
      vertex 45.5787 27.0809 4.69898
    endloop
  endfacet
  facet normal -0.773027 -0.317139 0.549411
    outer loop
      vertex 46.9995 26.1476 6.15927
      vertex 45.5787 26.6479 4.44898
      vertex 46.9995 25.7145 5.90927
    endloop
  endfacet
  facet normal -0.503 0.416043 0.757562
    outer loop
      vertex 46.9995 25.7145 5.90927
      vertex 45.8214 25.8756 5.03857
      vertex 46.727 25.3672 5.91907
    endloop
  endfacet
  facet normal -0.501623 0.41981 0.756395
    outer loop
      vertex 45.5787 26.6479 4.44898
      vertex 45.8214 25.8756 5.03857
      vertex 46.9995 25.7145 5.90927
    endloop
  endfacet
  facet normal -0.501698 0.419767 0.75637
    outer loop
      vertex 45.8214 25.8756 5.03857
      vertex 45.5787 26.6479 4.44898
      vertex 45.2857 26.1774 4.51575
    endloop
  endfacet
  facet normal -0.534434 -0.844973 -0.0200373
    outer loop
      vertex 46.2633 26.6123 6.19877
      vertex 46.9995 26.1476 6.15927
      vertex 46.677 26.343 6.52096
    endloop
  endfacet
  facet normal -0.534434 -0.844972 -0.0200561
    outer loop
      vertex 46.9995 26.1476 6.15927
      vertex 46.2633 26.6123 6.19877
      vertex 45.5787 27.0809 4.69898
    endloop
  endfacet
  facet normal -0.537466 -0.843091 -0.0180847
    outer loop
      vertex 46.2633 26.6123 6.19877
      vertex 45.1544 27.3377 5.33715
      vertex 45.5787 27.0809 4.69898
    endloop
  endfacet
  facet normal -0.881908 -0.235675 0.408283
    outer loop
      vertex 46.9995 25.7145 5.90927
      vertex 47.6174 25.53 7.13746
      vertex 46.9995 26.1476 6.15927
    endloop
  endfacet
  facet normal -0.881901 -0.235723 0.408272
    outer loop
      vertex 47.6174 25.53 7.13746
      vertex 46.9995 25.7145 5.90927
      vertex 47.6174 25.097 6.88746
    endloop
  endfacet
  facet normal -0.578776 0.473079 0.664239
    outer loop
      vertex 46.9995 25.7145 5.90927
      vertex 46.8445 25.2668 6.09307
      vertex 47.6174 25.097 6.88746
    endloop
  endfacet
  facet normal -0.579054 0.473077 0.663999
    outer loop
      vertex 46.8445 25.2668 6.09307
      vertex 46.9995 25.7145 5.90927
      vertex 46.727 25.3672 5.91907
    endloop
  endfacet
  facet normal -0.60317 -0.788967 -0.117122
    outer loop
      vertex 47.1579 25.9261 6.83561
      vertex 46.9995 26.1476 6.15927
      vertex 47.6174 25.53 7.13746
    endloop
  endfacet
  facet normal -0.606367 -0.786731 -0.115641
    outer loop
      vertex 47.1579 25.9261 6.83561
      vertex 46.677 26.343 6.52096
      vertex 46.9995 26.1476 6.15927
    endloop
  endfacet
  facet normal -0.956934 -0.145156 0.251411
    outer loop
      vertex 48.325 24.1867 8.3345
      vertex 48.7055 23.953 9.64785
      vertex 48.325 24.6197 8.5845
    endloop
  endfacet
  facet normal -0.956934 -0.145156 0.251411
    outer loop
      vertex 48.7055 23.953 9.64785
      vertex 48.325 24.1867 8.3345
      vertex 48.7055 23.52 9.39785
    endloop
  endfacet
  facet normal -0.635952 0.529587 0.56134
    outer loop
      vertex 48.7055 23.52 9.39785
      vertex 48.3425 23.6874 8.82867
      vertex 48.5537 23.384 9.35418
    endloop
  endfacet
  facet normal -0.635291 0.53189 0.559909
    outer loop
      vertex 48.3425 23.6874 8.82867
      vertex 48.325 24.1867 8.3345
      vertex 48.325 23.7127 8.78478
    endloop
  endfacet
  facet normal -0.633652 0.532866 0.560837
    outer loop
      vertex 48.325 24.1867 8.3345
      vertex 48.3425 23.6874 8.82867
      vertex 48.7055 23.52 9.39785
    endloop
  endfacet
  facet normal -0.648814 -0.727284 -0.223827
    outer loop
      vertex 48.7055 23.953 9.64785
      vertex 48.325 24.2184 9.88845
      vertex 48.325 24.6197 8.5845
    endloop
  endfacet
  facet normal -0.995186 -0.0490031 0.0848734
    outer loop
      vertex 48.7055 23.52 9.39785
      vertex 48.925 22.7709 11.5391
      vertex 48.7055 23.953 9.64785
    endloop
  endfacet
  facet normal -0.995186 -0.0490031 0.0848734
    outer loop
      vertex 48.925 22.7709 11.5391
      vertex 48.7055 23.52 9.39785
      vertex 48.925 22.3379 11.2891
    endloop
  endfacet
  facet normal -0.667675 0.592972 0.450106
    outer loop
      vertex 48.925 22.3379 11.2891
      vertex 48.8178 22.4248 11.0156
      vertex 48.8569 22.2846 11.2583
    endloop
  endfacet
  facet normal -0.664203 0.596824 0.450151
    outer loop
      vertex 48.8178 22.4248 11.0156
      vertex 48.7055 23.52 9.39785
      vertex 48.5537 23.384 9.35418
    endloop
  endfacet
  facet normal -0.664506 0.59659 0.450014
    outer loop
      vertex 48.7055 23.52 9.39785
      vertex 48.8178 22.4248 11.0156
      vertex 48.925 22.3379 11.2891
    endloop
  endfacet
  facet normal -0.669408 -0.6624 -0.336332
    outer loop
      vertex 48.925 22.7709 11.5391
      vertex 48.325 23.2398 11.8098
      vertex 48.7055 23.953 9.64785
    endloop
  endfacet
  facet normal -0.672438 -0.659534 -0.33592
    outer loop
      vertex 48.325 24.2184 9.88845
      vertex 48.7055 23.953 9.64785
      vertex 48.325 23.2398 11.8098
    endloop
  endfacet
  facet normal -0.995185 0.0490073 -0.0848806
    outer loop
      vertex 48.7522 21.4073 12.7778
      vertex 48.925 22.7709 11.5391
      vertex 48.925 22.3379 11.2891
    endloop
  endfacet
  facet normal -0.995186 0.0490236 -0.0848628
    outer loop
      vertex 48.925 22.7709 11.5391
      vertex 48.7522 21.4073 12.7778
      vertex 48.7055 21.5888 13.4303
    endloop
  endfacet
  facet normal -0.995188 0.0489954 -0.0848551
    outer loop
      vertex 48.7055 21.5888 13.4303
      vertex 48.7522 21.4073 12.7778
      vertex 48.7055 21.1702 13.1886
    endloop
  endfacet
  facet normal -0.670039 0.661928 0.336003
    outer loop
      vertex 48.8569 22.2846 11.2583
      vertex 48.7522 21.4073 12.7778
      vertex 48.925 22.3379 11.2891
    endloop
  endfacet
  facet normal -0.664351 -0.59671 -0.450083
    outer loop
      vertex 48.7055 21.5888 13.4303
      vertex 48.325 22.2848 13.0692
      vertex 48.925 22.7709 11.5391
    endloop
  endfacet
  facet normal -0.66431 -0.596716 -0.450136
    outer loop
      vertex 48.325 22.2848 13.0692
      vertex 48.7055 21.5888 13.4303
      vertex 48.325 21.9298 13.5398
    endloop
  endfacet
  facet normal -0.667035 -0.593649 -0.450162
    outer loop
      vertex 48.325 23.2398 11.8098
      vertex 48.925 22.7709 11.5391
      vertex 48.325 22.2848 13.0692
    endloop
  endfacet
  facet normal -0.956937 0.145158 -0.251399
    outer loop
      vertex 48.7055 21.1702 13.1886
      vertex 48.325 20.9221 14.4937
      vertex 48.7055 21.5888 13.4303
    endloop
  endfacet
  facet normal -0.956936 0.145162 -0.251398
    outer loop
      vertex 48.325 20.9221 14.4937
      vertex 48.7055 21.1702 13.1886
      vertex 48.325 20.543 14.2748
    endloop
  endfacet
  facet normal -0.633699 -0.532839 -0.560811
    outer loop
      vertex 48.7055 21.5888 13.4303
      vertex 48.325 20.9221 14.4937
      vertex 48.325 21.4133 14.027
    endloop
  endfacet
  facet normal -0.636053 -0.529482 -0.561325
    outer loop
      vertex 48.7055 21.5888 13.4303
      vertex 48.325 21.4133 14.027
      vertex 48.325 21.9298 13.5398
    endloop
  endfacet
  facet normal -0.88191 0.235684 -0.408274
    outer loop
      vertex 47.6174 19.6889 15.7543
      vertex 46.9995 19.3942 16.9189
      vertex 47.6174 20.0118 15.9407
    endloop
  endfacet
  facet normal -0.881901 0.235757 -0.408251
    outer loop
      vertex 46.9995 19.3942 16.9189
      vertex 47.6174 19.6889 15.7543
      vertex 46.9995 19.1109 16.7553
    endloop
  endfacet
  facet normal -0.578856 -0.472959 -0.664256
    outer loop
      vertex 46.9995 19.3942 16.9189
      vertex 46.677 19.8052 16.9073
      vertex 47.6174 20.0118 15.9407
    endloop
  endfacet
  facet normal -0.773022 0.317243 -0.549358
    outer loop
      vertex 46.9995 19.1109 16.7553
      vertex 45.5787 18.4609 18.3792
      vertex 46.9995 19.3942 16.9189
    endloop
  endfacet
  facet normal -0.773023 0.317234 -0.549362
    outer loop
      vertex 45.5787 18.4609 18.3792
      vertex 46.9995 19.1109 16.7553
      vertex 45.5787 18.2453 18.2547
    endloop
  endfacet
  facet normal -0.501602 -0.419867 -0.756378
    outer loop
      vertex 45.5787 18.4609 18.3792
      vertex 45.1544 19.142 18.2825
      vertex 46.9995 19.3942 16.9189
    endloop
  endfacet
  facet normal -0.502992 -0.416065 -0.757555
    outer loop
      vertex 46.9995 19.3942 16.9189
      vertex 45.1544 19.142 18.2825
      vertex 46.677 19.8052 16.9073
    endloop
  endfacet
  facet normal -0.634407 0.386337 -0.66953
    outer loop
      vertex 43.8474 17.6828 19.5706
      vertex 45.5787 18.2453 18.2547
      vertex 43.8474 17.5348 19.4852
    endloop
  endfacet
  facet normal -0.634393 0.38656 -0.669416
    outer loop
      vertex 45.5787 18.2453 18.2547
      vertex 43.8474 17.6828 19.5706
      vertex 45.5787 18.4609 18.3792
    endloop
  endfacet
  facet normal -0.405099 -0.375219 -0.83373
    outer loop
      vertex 43.8474 17.6828 19.5706
      vertex 44.0455 18.4166 19.1441
      vertex 45.5787 18.4609 18.3792
    endloop
  endfacet
  facet normal -0.405182 -0.375183 -0.833706
    outer loop
      vertex 44.0455 18.4166 19.1441
      vertex 43.8474 17.6828 19.5706
      vertex 43.6319 18.1473 19.4663
    endloop
  endfacet
  facet normal -0.405873 -0.371403 -0.835061
    outer loop
      vertex 45.5787 18.4609 18.3792
      vertex 44.0455 18.4166 19.1441
      vertex 45.1544 19.142 18.2825
    endloop
  endfacet
  facet normal -0.471356 0.441052 -0.763738
    outer loop
      vertex 42.6915 17.3343 20.0828
      vertex 43.8474 17.5348 19.4852
      vertex 42.6915 17.2259 20.0202
    endloop
  endfacet
  facet normal -0.471382 0.440779 -0.76388
    outer loop
      vertex 43.8474 17.5348 19.4852
      vertex 42.6915 17.3343 20.0828
      vertex 43.8474 17.6828 19.5706
    endloop
  endfacet
  facet normal -0.293137 -0.340663 -0.893319
    outer loop
      vertex 43.8474 17.6828 19.5706
      vertex 42.6915 17.3343 20.0828
      vertex 43.1509 17.7304 19.781
    endloop
  endfacet
  facet normal -0.293292 -0.336962 -0.894671
    outer loop
      vertex 43.8474 17.6828 19.5706
      vertex 43.1509 17.7304 19.781
      vertex 43.6319 18.1473 19.4663
    endloop
  endfacet
  facet normal -0.290262 0.479724 -0.828017
    outer loop
      vertex 39.7289 16.6945 20.9699
      vertex 40.9832 16.8721 20.6331
      vertex 39.7289 16.6819 20.9626
    endloop
  endfacet
  facet normal -0.290291 0.477334 -0.829387
    outer loop
      vertex 40.9832 16.8721 20.6331
      vertex 39.7289 16.6945 20.9699
      vertex 40.9832 16.9244 20.6632
    endloop
  endfacet
  facet normal -0.169777 -0.318058 -0.932746
    outer loop
      vertex 39.7289 16.6945 20.9699
      vertex 39.6532 17.188 20.8154
      vertex 40.9832 16.9244 20.6632
    endloop
  endfacet
  facet normal -0.097907 0.498898 -0.861112
    outer loop
      vertex 39.7289 16.6819 20.9626
      vertex 39.3117 16.6613 20.9981
      vertex 39.7289 16.6945 20.9699
    endloop
  endfacet
  facet normal -0.0399494 -0.30756 -0.95069
    outer loop
      vertex 37.5 17.2861 20.8721
      vertex 39.3117 16.6613 20.9981
      vertex 37.5 16.6073 21.0917
    endloop
  endfacet
  facet normal -0.0398211 -0.307211 -0.950808
    outer loop
      vertex 39.3117 16.6613 20.9981
      vertex 37.5 17.2861 20.8721
      vertex 39.7289 16.6945 20.9699
    endloop
  endfacet
  facet normal -0.038915 -0.303976 -0.951885
    outer loop
      vertex 39.7289 16.6945 20.9699
      vertex 37.5 17.2861 20.8721
      vertex 39.6532 17.188 20.8154
    endloop
  endfacet
  facet normal 0.0914182 -0.310385 -0.946205
    outer loop
      vertex 35.3017 16.7588 20.8293
      vertex 35.9318 17.1151 20.7733
      vertex 37.2106 16.6275 21.0568
    endloop
  endfacet
  facet normal 0.0913225 -0.310225 -0.946267
    outer loop
      vertex 35.9318 17.1151 20.7733
      vertex 35.3017 16.7588 20.8293
      vertex 35.3468 17.0527 20.7373
    endloop
  endfacet
  facet normal 0.0928518 -0.306476 -0.947339
    outer loop
      vertex 37.2106 16.6275 21.0568
      vertex 37.5 17.2861 20.8721
      vertex 37.5 16.6073 21.0917
    endloop
  endfacet
  facet normal 0.0931102 -0.306573 -0.947282
    outer loop
      vertex 37.5 17.2861 20.8721
      vertex 37.2106 16.6275 21.0568
      vertex 35.9318 17.1151 20.7733
    endloop
  endfacet
  facet normal 0.216422 -0.328907 -0.919229
    outer loop
      vertex 34.6862 16.8659 20.6437
      vertex 34.6506 16.8721 20.6331
      vertex 34.6666 16.8762 20.6354
    endloop
  endfacet
  facet normal 0.221499 -0.322112 -0.920425
    outer loop
      vertex 34.6862 16.8659 20.6437
      vertex 35.3468 17.0527 20.7373
      vertex 35.3017 16.7588 20.8293
    endloop
  endfacet
  facet normal 0.221254 -0.321027 -0.920863
    outer loop
      vertex 35.3468 17.0527 20.7373
      vertex 34.6862 16.8659 20.6437
      vertex 34.6666 16.8762 20.6354
    endloop
  endfacet
  facet normal 0.3389 -0.352582 -0.872257
    outer loop
      vertex 31.5295 17.6154 19.3456
      vertex 31.336 17.6721 19.2475
      vertex 31.3681 17.7413 19.232
    endloop
  endfacet
  facet normal 0.444949 -0.39186 -0.805274
    outer loop
      vertex 29.7159 18.3926 17.9996
      vertex 29.8456 18.6007 17.97
      vertex 30.3124 18.1279 18.458
    endloop
  endfacet
  facet normal 0.44818 -0.38826 -0.805226
    outer loop
      vertex 30.3124 18.1279 18.458
      vertex 31.3681 17.7413 19.232
      vertex 31.336 17.6721 19.2475
    endloop
  endfacet
  facet normal 0.447916 -0.388776 -0.805124
    outer loop
      vertex 31.3681 17.7413 19.232
      vertex 30.3124 18.1279 18.458
      vertex 29.8456 18.6007 17.97
    endloop
  endfacet
  facet normal 0.537304 -0.437444 -0.721074
    outer loop
      vertex 29.7159 18.3926 17.9996
      vertex 28.9159 18.9222 17.0822
      vertex 29.8456 18.6007 17.97
    endloop
  endfacet
  facet normal -0.707107 0.353561 -0.612368
    outer loop
      vertex 49.325 12.8781 40.3508
      vertex 42.3981 9.93429 46.6497
      vertex 49.325 13.3977 40.6508
    endloop
  endfacet
  facet normal -0.707108 0.353551 -0.612373
    outer loop
      vertex 42.3981 9.93429 46.6497
      vertex 49.325 12.8781 40.3508
      vertex 42.3981 9.41467 46.3497
    endloop
  endfacet
  facet normal 1 0 0
    outer loop
      vertex 25.675 13.3977 40.6508
      vertex 25.675 17.7762 31.8671
      vertex 25.675 18.2958 32.1671
    endloop
  endfacet
  facet normal 1 0 0
    outer loop
      vertex 25.675 17.7762 31.8671
      vertex 25.675 13.3977 40.6508
      vertex 25.675 12.8781 40.3508
    endloop
  endfacet
  facet normal 0.707107 0.353561 -0.612368
    outer loop
      vertex 32.6019 9.93429 46.6497
      vertex 25.675 12.8781 40.3508
      vertex 25.675 13.3977 40.6508
    endloop
  endfacet
  facet normal 0.707108 0.353551 -0.612373
    outer loop
      vertex 25.675 12.8781 40.3508
      vertex 32.6019 9.93429 46.6497
      vertex 32.6019 9.41467 46.3497
    endloop
  endfacet
  facet normal 0 0.499997 -0.866027
    outer loop
      vertex 32.6019 9.41467 46.3497
      vertex 42.3981 9.93429 46.6497
      vertex 42.3981 9.41467 46.3497
    endloop
  endfacet
  facet normal 0 0.499997 -0.866027
    outer loop
      vertex 42.3981 9.93429 46.6497
      vertex 32.6019 9.41467 46.3497
      vertex 32.6019 9.93429 46.6497
    endloop
  endfacet
  facet normal -0 0.866302 0.499521
    outer loop
      vertex 32.736 9.42182 46.3373
      vertex 42.3981 9.41467 46.3497
      vertex 42.3922 9.42182 46.3373
    endloop
  endfacet
  facet normal -0.000396233 0.86622 0.499662
    outer loop
      vertex 42.3981 9.41467 46.3497
      vertex 49.2201 12.8358 40.4242
      vertex 42.3922 9.42182 46.3373
    endloop
  endfacet
  facet normal 0.00330648 0.864365 0.502854
    outer loop
      vertex 49.325 12.8781 40.3508
      vertex 49.2201 12.8358 40.4242
      vertex 42.3981 9.41467 46.3497
    endloop
  endfacet
  facet normal 0.0024398 0.864906 0.501927
    outer loop
      vertex 49.325 12.8781 40.3508
      vertex 49.3107 12.8811 40.3457
      vertex 49.2201 12.8358 40.4242
    endloop
  endfacet
  facet normal 0.00332248 0.865973 0.50008
    outer loop
      vertex 49.325 12.8781 40.3508
      vertex 49.3107 12.9452 40.2347
      vertex 49.3107 12.8811 40.3457
    endloop
  endfacet
  facet normal 0.00418928 0.866016 0.499998
    outer loop
      vertex 49.325 17.7762 31.8671
      vertex 49.3107 12.9452 40.2347
      vertex 49.325 12.8781 40.3508
    endloop
  endfacet
  facet normal 0.00269445 0.866022 0.499999
    outer loop
      vertex 49.3107 12.9452 40.2347
      vertex 49.325 17.7762 31.8671
      vertex 49.3107 17.7733 31.8722
    endloop
  endfacet
  facet normal 0.00190715 0.866981 0.498337
    outer loop
      vertex 49.325 17.7762 31.8671
      vertex 42.4827 21.1872 25.959
      vertex 49.3107 17.7733 31.8722
    endloop
  endfacet
  facet normal -0.00324852 0.86439 0.502812
    outer loop
      vertex 42.3981 21.2397 25.8682
      vertex 42.4827 21.1872 25.959
      vertex 49.325 17.7762 31.8671
    endloop
  endfacet
  facet normal 0 0.864789 0.502136
    outer loop
      vertex 42.3981 21.2397 25.8682
      vertex 42.264 21.2325 25.8806
      vertex 42.3922 21.2325 25.8806
    endloop
  endfacet
  facet normal -0 0.864789 0.502136
    outer loop
      vertex 32.6019 21.2397 25.8682
      vertex 42.264 21.2325 25.8806
      vertex 42.3981 21.2397 25.8682
    endloop
  endfacet
  facet normal -0.00150665 0.865099 0.501599
    outer loop
      vertex 42.4827 21.1872 25.959
      vertex 42.3981 21.2397 25.8682
      vertex 42.3922 21.2325 25.8806
    endloop
  endfacet
  facet normal 0 0.866302 0.499521
    outer loop
      vertex 42.3981 9.41467 46.3497
      vertex 32.736 9.42182 46.3373
      vertex 32.6019 9.41467 46.3497
    endloop
  endfacet
  facet normal -0 0.866302 0.499521
    outer loop
      vertex 32.6078 9.42182 46.3373
      vertex 32.6019 9.41467 46.3497
      vertex 32.736 9.42182 46.3373
    endloop
  endfacet
  facet normal 0.000566248 0.866185 0.499723
    outer loop
      vertex 32.5173 9.46711 46.2589
      vertex 32.6019 9.41467 46.3497
      vertex 32.6078 9.42182 46.3373
    endloop
  endfacet
  facet normal -0.000733208 0.865661 0.500631
    outer loop
      vertex 32.5173 9.46711 46.2589
      vertex 25.675 12.8781 40.3508
      vertex 32.6019 9.41467 46.3497
    endloop
  endfacet
  facet normal -0.00237794 0.864831 0.502057
    outer loop
      vertex 25.6893 12.8811 40.3457
      vertex 25.675 12.8781 40.3508
      vertex 32.5173 9.46711 46.2589
    endloop
  endfacet
  facet normal -0.00336164 0.86602 0.499998
    outer loop
      vertex 25.6893 17.7092 31.9832
      vertex 25.675 12.8781 40.3508
      vertex 25.6893 12.8811 40.3457
    endloop
  endfacet
  facet normal -0.00273328 0.865974 0.500081
    outer loop
      vertex 25.675 17.7762 31.8671
      vertex 25.6893 17.7092 31.9832
      vertex 25.6893 17.7733 31.8722
    endloop
  endfacet
  facet normal -0.00186679 0.866022 0.500002
    outer loop
      vertex 25.6893 17.7092 31.9832
      vertex 25.675 17.7762 31.8671
      vertex 25.675 12.8781 40.3508
    endloop
  endfacet
  facet normal -0.00173091 0.867196 0.497965
    outer loop
      vertex 25.7799 17.8185 31.7938
      vertex 25.675 17.7762 31.8671
      vertex 25.6893 17.7733 31.8722
    endloop
  endfacet
  facet normal 0.00174717 0.865148 0.501513
    outer loop
      vertex 32.6019 21.2397 25.8682
      vertex 25.7799 17.8185 31.7938
      vertex 32.6078 21.2325 25.8806
    endloop
  endfacet
  facet normal 0.000862295 0.865592 0.50075
    outer loop
      vertex 25.7799 17.8185 31.7938
      vertex 32.6019 21.2397 25.8682
      vertex 25.675 17.7762 31.8671
    endloop
  endfacet
  facet normal 0 0.864789 0.502136
    outer loop
      vertex 42.264 21.2325 25.8806
      vertex 32.6019 21.2397 25.8682
      vertex 32.6078 21.2325 25.8806
    endloop
  endfacet
  facet normal -1 0 0
    outer loop
      vertex 49.325 17.7762 31.8671
      vertex 49.325 13.3977 40.6508
      vertex 49.325 18.2958 32.1671
    endloop
  endfacet
  facet normal -1 0 -0
    outer loop
      vertex 49.325 13.3977 40.6508
      vertex 49.325 17.7762 31.8671
      vertex 49.325 12.8781 40.3508
    endloop
  endfacet
  facet normal 0.707109 -0.35356 0.612366
    outer loop
      vertex 25.675 18.2958 32.1671
      vertex 32.6019 21.2397 25.8682
      vertex 32.6019 21.7593 26.1682
    endloop
  endfacet
  facet normal 0.707109 -0.35356 0.612366
    outer loop
      vertex 32.6019 21.2397 25.8682
      vertex 25.675 18.2958 32.1671
      vertex 25.675 17.7762 31.8671
    endloop
  endfacet
  facet normal -0.707109 -0.35356 0.612366
    outer loop
      vertex 42.3981 21.2397 25.8682
      vertex 49.325 18.2958 32.1671
      vertex 42.3981 21.7593 26.1682
    endloop
  endfacet
  facet normal -0.707109 -0.35356 0.612366
    outer loop
      vertex 49.325 18.2958 32.1671
      vertex 42.3981 21.2397 25.8682
      vertex 49.325 17.7762 31.8671
    endloop
  endfacet
  facet normal 0 -0.500011 0.866019
    outer loop
      vertex 32.6019 21.7593 26.1682
      vertex 42.3981 21.2397 25.8682
      vertex 42.3981 21.7593 26.1682
    endloop
  endfacet
  facet normal 0 -0.500011 0.866019
    outer loop
      vertex 42.3981 21.2397 25.8682
      vertex 32.6019 21.7593 26.1682
      vertex 32.6019 21.2397 25.8682
    endloop
  endfacet
  facet normal -0.575471 0.790975 -0.207827
    outer loop
      vertex 41.9839 8.71956 44.7937
      vertex 42.9411 9.23969 44.1228
      vertex 42.6915 9.07336 44.1809
    endloop
  endfacet
  facet normal -0.575358 0.791131 -0.207544
    outer loop
      vertex 41.9839 8.71956 44.7937
      vertex 43.4558 9.53969 43.8395
      vertex 42.9411 9.23969 44.1228
    endloop
  endfacet
  facet normal -0.57529 0.79123 -0.207355
    outer loop
      vertex 41.9839 8.71956 44.7937
      vertex 43.7542 9.71383 43.6761
      vertex 43.4558 9.53969 43.8395
    endloop
  endfacet
  facet normal -0.575344 0.791147 -0.20752
    outer loop
      vertex 49.2201 12.8358 40.4242
      vertex 44.7876 10.2682 42.9245
      vertex 43.7542 9.71383 43.6761
    endloop
  endfacet
  facet normal -0.575397 0.791066 -0.207687
    outer loop
      vertex 49.2201 12.8358 40.4242
      vertex 46.5817 11.1672 41.3783
      vertex 45.3911 10.5923 42.4871
    endloop
  endfacet
  facet normal -0.575314 0.791195 -0.207424
    outer loop
      vertex 49.2201 12.8358 40.4242
      vertex 43.7542 9.71383 43.6761
      vertex 41.9839 8.71956 44.7937
    endloop
  endfacet
  facet normal -0.57545 0.790974 -0.207887
    outer loop
      vertex 44.7876 10.2682 42.9245
      vertex 49.2201 12.8358 40.4242
      vertex 45.3911 10.5923 42.4871
    endloop
  endfacet
  facet normal -0.57541 0.791031 -0.207784
    outer loop
      vertex 46.5817 11.1672 41.3783
      vertex 49.2201 12.8358 40.4242
      vertex 46.9171 11.3293 41.0666
    endloop
  endfacet
  facet normal -0.575396 0.791091 -0.207592
    outer loop
      vertex 49.2201 12.8358 40.4242
      vertex 47.2405 11.4652 40.6881
      vertex 46.9171 11.3293 41.0666
    endloop
  endfacet
  facet normal -0.575442 0.791041 -0.207655
    outer loop
      vertex 48.325 11.8901 39.3021
      vertex 49.2201 12.8358 40.4242
      vertex 49.3107 12.8811 40.3457
    endloop
  endfacet
  facet normal -0.575391 0.791057 -0.207735
    outer loop
      vertex 49.2201 12.8358 40.4242
      vertex 47.6174 11.5363 39.9149
      vertex 47.2405 11.4652 40.6881
    endloop
  endfacet
  facet normal -0.575403 0.791058 -0.2077
    outer loop
      vertex 49.2201 12.8358 40.4242
      vertex 48.325 11.8901 39.3021
      vertex 47.6174 11.5363 39.9149
    endloop
  endfacet
  facet normal -0.5754 0.791061 -0.207693
    outer loop
      vertex 42.3922 9.42182 46.3373
      vertex 49.2201 12.8358 40.4242
      vertex 41.9839 8.71956 44.7937
    endloop
  endfacet
  facet normal -5.40191e-05 0.0968306 0.995301
    outer loop
      vertex 42.264 21.2325 25.8806
      vertex 37.5 20.572 25.9446
      vertex 38.0953 20.4716 25.9544
    endloop
  endfacet
  facet normal 5.07782e-06 0.0964743 0.995335
    outer loop
      vertex 36.4968 20.4028 25.961
      vertex 32.6078 21.2325 25.8806
      vertex 33.0161 19.5446 26.0442
    endloop
  endfacet
  facet normal 2.27067e-06 0.0964613 0.995337
    outer loop
      vertex 37.5 20.572 25.9446
      vertex 32.6078 21.2325 25.8806
      vertex 36.4968 20.4028 25.961
    endloop
  endfacet
  facet normal -0 0.0964446 0.995338
    outer loop
      vertex 32.6078 21.2325 25.8806
      vertex 37.5 20.572 25.9446
      vertex 42.264 21.2325 25.8806
    endloop
  endfacet
  facet normal -5.35387e-05 0.0967098 0.995313
    outer loop
      vertex 36.8677 20.2476 25.9761
      vertex 36.4968 20.4028 25.961
      vertex 33.0161 19.5446 26.0442
    endloop
  endfacet
  facet normal 0.813736 0.503337 0.290666
    outer loop
      vertex 25.6893 17.7092 31.9832
      vertex 26.675 16.374 31.5358
      vertex 25.6893 17.7733 31.8722
    endloop
  endfacet
  facet normal 0.813741 0.503358 0.290615
    outer loop
      vertex 26.675 16.374 31.5358
      vertex 25.6893 17.7092 31.9832
      vertex 26.675 11.8901 39.3021
    endloop
  endfacet
  facet normal -0.575416 0.215678 0.788911
    outer loop
      vertex 49.3107 17.7733 31.8722
      vertex 47.3254 17.219 30.5757
      vertex 48.325 16.374 31.5358
    endloop
  endfacet
  facet normal -0.575406 0.215541 0.788955
    outer loop
      vertex 49.3107 17.7733 31.8722
      vertex 46.9995 17.767 30.1883
      vertex 47.3254 17.219 30.5757
    endloop
  endfacet
  facet normal -0.575386 0.215699 0.788926
    outer loop
      vertex 49.3107 17.7733 31.8722
      vertex 45.5787 18.8989 28.8426
      vertex 46.9995 17.767 30.1883
    endloop
  endfacet
  facet normal -0.575245 0.215928 0.788967
    outer loop
      vertex 45.5787 18.8989 28.8426
      vertex 42.4827 21.1872 25.959
      vertex 45.1163 19.0175 28.473
    endloop
  endfacet
  facet normal -0.575393 0.215676 0.788927
    outer loop
      vertex 42.4827 21.1872 25.959
      vertex 45.5787 18.8989 28.8426
      vertex 49.3107 17.7733 31.8722
    endloop
  endfacet
  facet normal -0.572936 0.219473 0.789669
    outer loop
      vertex 48.325 16.374 31.5358
      vertex 47.3254 17.219 30.5757
      vertex 47.3067 17.213 30.5638
    endloop
  endfacet
  facet normal -3.47566e-06 0.910221 -0.414123
    outer loop
      vertex 36.2769 8.81363 45.0005
      vertex 32.736 9.42182 46.3373
      vertex 37.5 8.86127 45.1052
    endloop
  endfacet
  facet normal 9.506e-06 0.91024 -0.414081
    outer loop
      vertex 32.736 9.42182 46.3373
      vertex 38.5249 8.8442 45.0677
      vertex 37.5 8.86127 45.1052
    endloop
  endfacet
  facet normal 5.76752e-08 0.910224 -0.414117
    outer loop
      vertex 32.736 9.42182 46.3373
      vertex 39.6828 8.82541 45.0264
      vertex 38.5249 8.8442 45.0677
    endloop
  endfacet
  facet normal -1.68009e-05 0.91019 -0.414191
    outer loop
      vertex 41.9839 8.71956 44.7937
      vertex 39.6828 8.82541 45.0264
      vertex 32.736 9.42182 46.3373
    endloop
  endfacet
  facet normal -1.73544e-05 0.910188 -0.414196
    outer loop
      vertex 39.6828 8.82541 45.0264
      vertex 41.9839 8.71956 44.7937
      vertex 40.8957 8.73847 44.8353
    endloop
  endfacet
  facet normal 0 0.910359 -0.413819
    outer loop
      vertex 40.8957 8.73847 44.8353
      vertex 41.9839 8.71956 44.7937
      vertex 40.9832 8.71956 44.7937
    endloop
  endfacet
  facet normal 1.16299e-05 0.910236 -0.41409
    outer loop
      vertex 35.3306 8.77743 44.9209
      vertex 32.736 9.42182 46.3373
      vertex 36.2769 8.81363 45.0005
    endloop
  endfacet
  facet normal -5.01282e-07 0.910228 -0.414108
    outer loop
      vertex 34.7175 8.71956 44.7937
      vertex 32.736 9.42182 46.3373
      vertex 35.3306 8.77743 44.9209
    endloop
  endfacet
  facet normal 0 0.910228 -0.414108
    outer loop
      vertex 33.0161 8.71956 44.7937
      vertex 32.736 9.42182 46.3373
      vertex 34.7175 8.71956 44.7937
    endloop
  endfacet
  facet normal 0 0.910228 -0.414108
    outer loop
      vertex 32.736 9.42182 46.3373
      vertex 33.0161 8.71956 44.7937
      vertex 32.6078 9.42182 46.3373
    endloop
  endfacet
  facet normal 0 0.910228 -0.414108
    outer loop
      vertex 42.3922 9.42182 46.3373
      vertex 41.9839 8.71956 44.7937
      vertex 32.736 9.42182 46.3373
    endloop
  endfacet
  facet normal 0.575404 0.791056 -0.207705
    outer loop
      vertex 32.5173 9.46711 46.2589
      vertex 26.675 11.8901 39.3021
      vertex 25.6893 12.8811 40.3457
    endloop
  endfacet
  facet normal 0.813744 0.503354 0.290612
    outer loop
      vertex 26.675 11.8901 39.3021
      vertex 25.6893 17.7092 31.9832
      vertex 25.6893 12.8811 40.3457
    endloop
  endfacet
  facet normal 0.575406 0.215656 0.788924
    outer loop
      vertex 33.0161 19.5446 26.0442
      vertex 32.6078 21.2325 25.8806
      vertex 25.7799 17.8185 31.7938
    endloop
  endfacet
  facet normal -0 0.0964731 0.995336
    outer loop
      vertex 42.264 21.2325 25.8806
      vertex 41.9839 19.5446 26.0442
      vertex 42.3922 21.2325 25.8806
    endloop
  endfacet
  facet normal 1.94673e-06 0.0964728 0.995336
    outer loop
      vertex 42.264 21.2325 25.8806
      vertex 39.1871 20.2875 25.9722
      vertex 41.9839 19.5446 26.0442
    endloop
  endfacet
  facet normal 2.65058e-05 0.0963935 0.995343
    outer loop
      vertex 39.1871 20.2875 25.9722
      vertex 42.264 21.2325 25.8806
      vertex 38.0953 20.4716 25.9544
    endloop
  endfacet
  facet normal -2.11893e-06 0.0964576 0.995337
    outer loop
      vertex 37.5 19.9748 26.0025
      vertex 41.9839 19.5446 26.0442
      vertex 39.1871 20.2875 25.9722
    endloop
  endfacet
  facet normal 5.64479e-07 0.0964162 0.995341
    outer loop
      vertex 33.0161 19.5446 26.0442
      vertex 36.9513 20.2125 25.9795
      vertex 36.8677 20.2476 25.9761
    endloop
  endfacet
  facet normal 0 0.0964795 0.995335
    outer loop
      vertex 37.5 19.9748 26.0025
      vertex 33.0161 19.5446 26.0442
      vertex 41.9839 19.5446 26.0442
    endloop
  endfacet
  facet normal 1.3372e-05 0.0963414 0.995348
    outer loop
      vertex 36.9513 20.2125 25.9795
      vertex 33.0161 19.5446 26.0442
      vertex 37.5 19.9748 26.0025
    endloop
  endfacet
  facet normal -0.57545 0.215628 0.7889
    outer loop
      vertex 43.8474 19.3431 27.4585
      vertex 42.4827 21.1872 25.959
      vertex 43.6465 19.3166 27.3192
    endloop
  endfacet
  facet normal -0.575407 0.215674 0.788918
    outer loop
      vertex 42.4827 21.1872 25.959
      vertex 43.8474 19.3431 27.4585
      vertex 45.1163 19.0175 28.473
    endloop
  endfacet
  facet normal -0.575464 0.215512 0.788921
    outer loop
      vertex 41.9839 19.5446 26.0442
      vertex 44.0762 18.5214 27.8499
      vertex 43.7287 19.0003 27.4656
    endloop
  endfacet
  facet normal -0.575478 0.215397 0.788942
    outer loop
      vertex 41.9839 19.5446 26.0442
      vertex 43.6661 19.2437 27.3534
      vertex 43.6465 19.3166 27.3192
    endloop
  endfacet
  facet normal -0.575421 0.215655 0.788913
    outer loop
      vertex 41.9839 19.5446 26.0442
      vertex 43.6465 19.3166 27.3192
      vertex 42.4827 21.1872 25.959
    endloop
  endfacet
  facet normal -0.575457 0.215665 0.788884
    outer loop
      vertex 41.9839 19.5446 26.0442
      vertex 42.4827 21.1872 25.959
      vertex 42.3922 21.2325 25.8806
    endloop
  endfacet
  facet normal -0.574444 0.2178 0.789036
    outer loop
      vertex 44.0762 18.5214 27.8499
      vertex 41.9839 19.5446 26.0442
      vertex 44.1012 18.4859 27.8779
    endloop
  endfacet
  facet normal -0.575408 0.215677 0.788916
    outer loop
      vertex 43.6661 19.2437 27.3534
      vertex 41.9839 19.5446 26.0442
      vertex 43.7287 19.0003 27.4656
    endloop
  endfacet
  facet normal -0.575426 0.21559 0.788927
    outer loop
      vertex 48.325 16.374 31.5358
      vertex 47.3067 17.213 30.5638
      vertex 46.9063 17.0833 30.3072
    endloop
  endfacet
  facet normal 0.575631 0.790926 -0.20757
    outer loop
      vertex 33.0161 8.71956 44.7937
      vertex 32.5173 9.46711 46.2589
      vertex 32.6078 9.42182 46.3373
    endloop
  endfacet
  facet normal 0.575417 0.791046 -0.207705
    outer loop
      vertex 31.4677 9.49378 43.4527
      vertex 32.5173 9.46711 46.2589
      vertex 33.0161 8.71956 44.7937
    endloop
  endfacet
  facet normal 0.575502 0.790976 -0.207737
    outer loop
      vertex 31.3603 9.55451 43.3864
      vertex 32.5173 9.46711 46.2589
      vertex 31.4677 9.49378 43.4527
    endloop
  endfacet
  facet normal 0.575411 0.791053 -0.207698
    outer loop
      vertex 30.0365 10.2375 42.3202
      vertex 32.5173 9.46711 46.2589
      vertex 31.3603 9.55451 43.3864
    endloop
  endfacet
  facet normal 0.575223 0.791229 -0.207545
    outer loop
      vertex 29.8009 10.3591 42.1308
      vertex 32.5173 9.46711 46.2589
      vertex 30.0365 10.2375 42.3202
    endloop
  endfacet
  facet normal 0.575458 0.791005 -0.207748
    outer loop
      vertex 29.0283 10.7135 41.3401
      vertex 32.5173 9.46711 46.2589
      vertex 29.8009 10.3591 42.1308
    endloop
  endfacet
  facet normal 0.575369 0.791092 -0.207663
    outer loop
      vertex 32.5173 9.46711 46.2589
      vertex 29.0283 10.7135 41.3401
      vertex 26.675 11.8901 39.3021
    endloop
  endfacet
  facet normal 0.575408 0.215649 0.788924
    outer loop
      vertex 25.7799 17.8185 31.7938
      vertex 26.675 16.374 31.5358
      vertex 33.0161 19.5446 26.0442
    endloop
  endfacet
  facet normal 0.57527 0.21554 0.789054
    outer loop
      vertex 26.675 16.374 31.5358
      vertex 25.7799 17.8185 31.7938
      vertex 25.6893 17.7733 31.8722
    endloop
  endfacet
  facet normal -0.813749 0.503369 0.290572
    outer loop
      vertex 48.4894 15.802 32.9871
      vertex 49.3107 17.7733 31.8722
      vertex 48.325 16.374 31.5358
    endloop
  endfacet
  facet normal -0.813659 0.503422 0.290733
    outer loop
      vertex 48.7055 15.7078 33.755
      vertex 49.3107 17.7733 31.8722
      vertex 48.4894 15.802 32.9871
    endloop
  endfacet
  facet normal -0.813806 0.503293 0.290544
    outer loop
      vertex 48.755 15.5164 34.2252
      vertex 49.3107 17.7733 31.8722
      vertex 48.7055 15.7078 33.755
    endloop
  endfacet
  facet normal -0.813775 0.503323 0.29058
    outer loop
      vertex 48.7932 14.7452 35.668
      vertex 49.3107 17.7733 31.8722
      vertex 48.755 15.5164 34.2252
    endloop
  endfacet
  facet normal -0.813736 0.503363 0.290617
    outer loop
      vertex 49.3107 17.7733 31.8722
      vertex 48.7932 14.7452 35.668
      vertex 49.3107 12.9452 40.2347
    endloop
  endfacet
  facet normal -0.813591 0.50354 0.290719
    outer loop
      vertex 48.325 16.374 31.5358
      vertex 48.325 15.594 32.8868
      vertex 48.4338 15.8262 32.7891
    endloop
  endfacet
  facet normal -0.814751 0.501993 0.290143
    outer loop
      vertex 48.325 16.374 31.5358
      vertex 48.4338 15.8262 32.7891
      vertex 48.4894 15.802 32.9871
    endloop
  endfacet
  facet normal -0.813769 0.503312 0.290614
    outer loop
      vertex 49.3107 12.9452 40.2347
      vertex 48.7737 14.4785 36.0755
      vertex 48.6756 13.4457 37.5895
    endloop
  endfacet
  facet normal -0.814003 0.502933 0.290615
    outer loop
      vertex 49.3107 12.9452 40.2347
      vertex 48.6666 13.401 37.6418
      vertex 48.6513 13.324 37.7322
    endloop
  endfacet
  facet normal -0.817165 0.498636 0.289142
    outer loop
      vertex 48.7954 14.7023 35.7482
      vertex 49.3107 12.9452 40.2347
      vertex 48.7932 14.7452 35.668
    endloop
  endfacet
  facet normal -0.813116 0.504222 0.290865
    outer loop
      vertex 48.7737 14.4785 36.0755
      vertex 49.3107 12.9452 40.2347
      vertex 48.7954 14.7023 35.7482
    endloop
  endfacet
  facet normal -0.813443 0.503828 0.290633
    outer loop
      vertex 48.6666 13.401 37.6418
      vertex 49.3107 12.9452 40.2347
      vertex 48.6756 13.4457 37.5895
    endloop
  endfacet
  facet normal -0.813728 0.503381 0.290611
    outer loop
      vertex 48.325 12.3905 38.4355
      vertex 49.3107 12.9452 40.2347
      vertex 48.6513 13.324 37.7322
    endloop
  endfacet
  facet normal -0.813749 0.503331 0.290638
    outer loop
      vertex 48.325 11.8901 39.3021
      vertex 49.3107 12.9452 40.2347
      vertex 48.325 12.3905 38.4355
    endloop
  endfacet
  facet normal -0.813751 0.503318 0.290655
    outer loop
      vertex 49.3107 12.9452 40.2347
      vertex 48.325 11.8901 39.3021
      vertex 49.3107 12.8811 40.3457
    endloop
  endfacet
  facet normal -0.707107 0.353524 -0.612389
    outer loop
      vertex 48.325 7.54268 36.7921
      vertex 47.6174 7.18888 37.4049
      vertex 47.6174 7.51177 37.5913
    endloop
  endfacet
  facet normal -0.707107 0.353718 -0.612277
    outer loop
      vertex 48.325 11.8901 39.3021
      vertex 47.6174 11.4089 39.8413
      vertex 47.6174 11.5363 39.9149
    endloop
  endfacet
  facet normal -0.707087 0.35356 -0.612391
    outer loop
      vertex 47.6174 9.67683 38.8413
      vertex 47.6174 11.4089 39.8413
      vertex 48.325 11.8901 39.3021
    endloop
  endfacet
  facet normal -0.707108 0.35355 -0.612373
    outer loop
      vertex 47.6174 11.4089 39.8413
      vertex 47.6174 9.67683 38.8413
      vertex 47.1579 11.0128 40.1432
    endloop
  endfacet
  facet normal -0.707107 0.353551 -0.612373
    outer loop
      vertex 47.1579 11.0128 40.1432
      vertex 46.677 9.47023 39.8079
      vertex 46.677 10.5959 40.4578
    endloop
  endfacet
  facet normal -0.707107 0.353551 -0.612373
    outer loop
      vertex 46.677 9.47023 39.8079
      vertex 47.1579 11.0128 40.1432
      vertex 47.6174 9.67683 38.8413
    endloop
  endfacet
  facet normal -0.707095 0.353561 -0.612382
    outer loop
      vertex 48.325 11.8901 39.3021
      vertex 47.6174 9.24382 38.5913
      vertex 47.6174 9.67683 38.8413
    endloop
  endfacet
  facet normal -0.707101 0.353556 -0.612377
    outer loop
      vertex 47.6174 7.51177 37.5913
      vertex 47.1579 8.84774 38.8932
      vertex 47.6174 9.24382 38.5913
    endloop
  endfacet
  facet normal -0.707095 0.353561 -0.612382
    outer loop
      vertex 48.325 7.54268 36.7921
      vertex 47.6174 9.24382 38.5913
      vertex 48.325 11.8901 39.3021
    endloop
  endfacet
  facet normal -0.707098 0.353558 -0.61238
    outer loop
      vertex 47.6174 7.51177 37.5913
      vertex 47.6174 9.24382 38.5913
      vertex 48.325 7.54268 36.7921
    endloop
  endfacet
  facet normal -0.707107 0.353551 -0.612373
    outer loop
      vertex 46.677 7.30517 38.5579
      vertex 47.1579 8.84774 38.8932
      vertex 47.6174 7.51177 37.5913
    endloop
  endfacet
  facet normal -0.707112 0.353551 -0.612368
    outer loop
      vertex 47.1579 8.84774 38.8932
      vertex 46.677 7.30517 38.5579
      vertex 46.677 8.43083 39.2078
    endloop
  endfacet
  facet normal -0.707088 0.353563 -0.612388
    outer loop
      vertex 46.677 8.43083 39.2078
      vertex 46.677 7.30517 38.5579
      vertex 46.2633 8.16154 39.53
    endloop
  endfacet
  facet normal -0.707095 0.353555 -0.612385
    outer loop
      vertex 45.1544 6.64199 39.9331
      vertex 46.2633 8.16154 39.53
      vertex 46.677 7.30517 38.5579
    endloop
  endfacet
  facet normal -0.707098 0.353559 -0.612379
    outer loop
      vertex 46.2633 8.16154 39.53
      vertex 45.1544 6.64199 39.9331
      vertex 45.1544 7.43613 40.3916
    endloop
  endfacet
  facet normal -0.707126 0.353546 -0.612355
    outer loop
      vertex 44.0455 5.91658 40.7948
      vertex 45.1544 7.43613 40.3916
      vertex 45.1544 6.64199 39.9331
    endloop
  endfacet
  facet normal -0.707137 0.35356 -0.612334
    outer loop
      vertex 45.1544 7.43613 40.3916
      vertex 44.0455 5.91658 40.7948
      vertex 43.6319 6.77295 41.7669
    endloop
  endfacet
  facet normal -0.707174 0.35352 -0.612314
    outer loop
      vertex 43.6319 5.64729 41.117
      vertex 43.6319 6.77295 41.7669
      vertex 44.0455 5.91658 40.7948
    endloop
  endfacet
  facet normal -0.707092 0.353558 -0.612386
    outer loop
      vertex 46.677 10.5959 40.4578
      vertex 46.677 9.47023 39.8079
      vertex 46.2633 10.3266 40.78
    endloop
  endfacet
  facet normal -0.707095 0.353555 -0.612385
    outer loop
      vertex 45.1544 8.80705 41.1831
      vertex 46.2633 10.3266 40.78
      vertex 46.677 9.47023 39.8079
    endloop
  endfacet
  facet normal -0.707096 0.353557 -0.612382
    outer loop
      vertex 46.2633 10.3266 40.78
      vertex 45.1544 8.80705 41.1831
      vertex 45.1544 9.6012 41.6416
    endloop
  endfacet
  facet normal -0.707125 0.353542 -0.612357
    outer loop
      vertex 44.0455 8.08164 42.0448
      vertex 45.1544 9.6012 41.6416
      vertex 45.1544 8.80705 41.1831
    endloop
  endfacet
  facet normal -0.707138 0.353558 -0.612333
    outer loop
      vertex 45.1544 9.6012 41.6416
      vertex 44.0455 8.08164 42.0448
      vertex 43.6319 8.93801 43.0169
    endloop
  endfacet
  facet normal -0.70717 0.353524 -0.612317
    outer loop
      vertex 43.6319 7.81236 42.367
      vertex 43.6319 8.93801 43.0169
      vertex 44.0455 8.08164 42.0448
    endloop
  endfacet
  facet normal -0.707039 0.35359 -0.61243
    outer loop
      vertex 43.1509 7.39545 42.6816
      vertex 43.6319 8.93801 43.0169
      vertex 43.6319 7.81236 42.367
    endloop
  endfacet
  facet normal -0.707098 0.353593 -0.612359
    outer loop
      vertex 43.6319 8.93801 43.0169
      vertex 43.1509 7.39545 42.6816
      vertex 42.6915 8.73142 43.9835
    endloop
  endfacet
  facet normal -0.707178 0.353518 -0.61231
    outer loop
      vertex 42.6915 6.99937 42.9835
      vertex 42.6915 8.73142 43.9835
      vertex 43.1509 7.39545 42.6816
    endloop
  endfacet
  facet normal -0.707099 0.353558 -0.612379
    outer loop
      vertex 42.6915 8.73142 43.9835
      vertex 42.6915 6.99937 42.9835
      vertex 41.9839 8.71956 44.7937
    endloop
  endfacet
  facet normal -0.707069 0.353568 -0.612407
    outer loop
      vertex 41.9839 5.01999 42.6577
      vertex 42.6915 6.99937 42.9835
      vertex 42.6915 6.56635 42.7335
    endloop
  endfacet
  facet normal -0.707038 0.353588 -0.612432
    outer loop
      vertex 43.1509 5.23038 41.4316
      vertex 43.6319 6.77295 41.7669
      vertex 43.6319 5.64729 41.117
    endloop
  endfacet
  facet normal -0.7071 0.353591 -0.612358
    outer loop
      vertex 43.6319 6.77295 41.7669
      vertex 43.1509 5.23038 41.4316
      vertex 42.6915 6.56635 42.7335
    endloop
  endfacet
  facet normal -0.707124 0.353504 -0.612381
    outer loop
      vertex 41.9839 5.01999 42.6577
      vertex 43.1509 5.23038 41.4316
      vertex 42.9069 5.01999 41.5919
    endloop
  endfacet
  facet normal -0.707109 0.353583 -0.612353
    outer loop
      vertex 43.1509 5.23038 41.4316
      vertex 41.9839 5.01999 42.6577
      vertex 42.6915 6.56635 42.7335
    endloop
  endfacet
  facet normal -0.707086 0.35357 -0.612387
    outer loop
      vertex 42.6915 6.99937 42.9835
      vertex 41.9839 5.01999 42.6577
      vertex 41.9839 8.71956 44.7937
    endloop
  endfacet
  facet normal -0.707107 0.353528 -0.612387
    outer loop
      vertex 42.6915 9.07336 44.1809
      vertex 42.6915 8.73142 43.9835
      vertex 41.9839 8.71956 44.7937
    endloop
  endfacet
  facet normal 1 0 0
    outer loop
      vertex 26.675 14.7198 31.7363
      vertex 26.675 12.8292 31.3951
      vertex 26.675 12.9877 30.7363
    endloop
  endfacet
  facet normal 1 0 0
    outer loop
      vertex 26.675 13.7912 32.7359
      vertex 26.675 12.6656 32.086
      vertex 26.675 12.8292 31.3951
    endloop
  endfacet
  facet normal 1 0 0
    outer loop
      vertex 26.675 12.4355 32.6287
      vertex 26.675 13.7912 32.7359
      vertex 26.675 12.6165 34.544
    endloop
  endfacet
  facet normal 1 0 0
    outer loop
      vertex 26.675 13.7912 32.7359
      vertex 26.675 12.4355 32.6287
      vertex 26.675 12.6656 32.086
    endloop
  endfacet
  facet normal 1 0 0
    outer loop
      vertex 26.675 11.8224 34.0855
      vertex 26.675 12.6165 34.544
      vertex 26.675 12.0034 36.0008
    endloop
  endfacet
  facet normal 1 0 0
    outer loop
      vertex 26.675 12.6165 34.544
      vertex 26.675 11.8224 34.0855
      vertex 26.675 12.4355 32.6287
    endloop
  endfacet
  facet normal 1 0 0
    outer loop
      vertex 26.675 10.6477 35.8936
      vertex 26.675 12.0034 36.0008
      vertex 26.675 11.7733 36.5435
    endloop
  endfacet
  facet normal 1 0 0
    outer loop
      vertex 26.675 10.6477 35.8936
      vertex 26.675 11.7733 36.5435
      vertex 26.675 11.6097 37.2344
    endloop
  endfacet
  facet normal 1 0 0
    outer loop
      vertex 26.675 9.71909 36.8931
      vertex 26.675 11.6097 37.2344
      vertex 26.675 11.4511 37.8931
    endloop
  endfacet
  facet normal 1 0 0
    outer loop
      vertex 26.675 12.0034 36.0008
      vertex 26.675 10.6477 35.8936
      vertex 26.675 11.8224 34.0855
    endloop
  endfacet
  facet normal 1 0 0
    outer loop
      vertex 26.675 16.374 31.5358
      vertex 26.675 14.9943 32.6451
      vertex 26.675 15.1528 31.9863
    endloop
  endfacet
  facet normal 1 0 0
    outer loop
      vertex 26.675 16.374 31.5358
      vertex 26.675 14.8306 33.336
      vertex 26.675 14.9943 32.6451
    endloop
  endfacet
  facet normal 1 0 0
    outer loop
      vertex 26.675 16.374 31.5358
      vertex 26.675 14.6006 33.8787
      vertex 26.675 14.8306 33.336
    endloop
  endfacet
  facet normal 1 0 0
    outer loop
      vertex 26.675 13.9874 35.3355
      vertex 26.675 14.6006 33.8787
      vertex 26.675 16.374 31.5358
    endloop
  endfacet
  facet normal 1 0 0
    outer loop
      vertex 26.675 11.8901 39.3021
      vertex 26.675 13.9874 35.3355
      vertex 26.675 16.374 31.5358
    endloop
  endfacet
  facet normal 1 0 0
    outer loop
      vertex 26.675 11.8901 39.3021
      vertex 26.675 12.8127 37.1436
      vertex 26.675 13.9874 35.3355
    endloop
  endfacet
  facet normal 1 0 0
    outer loop
      vertex 26.675 11.8901 39.3021
      vertex 26.675 11.8842 38.1431
      vertex 26.675 12.8127 37.1436
    endloop
  endfacet
  facet normal 1 0 0
    outer loop
      vertex 26.675 11.8901 39.3021
      vertex 26.675 11.4511 37.8931
      vertex 26.675 11.8842 38.1431
    endloop
  endfacet
  facet normal 1 0 0
    outer loop
      vertex 26.675 9.71909 36.8931
      vertex 26.675 11.4511 37.8931
      vertex 26.675 11.8901 39.3021
    endloop
  endfacet
  facet normal 1 0 0
    outer loop
      vertex 26.675 11.6097 37.2344
      vertex 26.675 9.71909 36.8931
      vertex 26.675 10.6477 35.8936
    endloop
  endfacet
  facet normal 1 0 0
    outer loop
      vertex 26.675 7.54268 36.7921
      vertex 26.675 9.71909 36.8931
      vertex 26.675 11.8901 39.3021
    endloop
  endfacet
  facet normal 1 0 0
    outer loop
      vertex 26.675 9.71909 36.8931
      vertex 26.675 7.54268 36.7921
      vertex 26.675 9.28608 36.6431
    endloop
  endfacet
  facet normal 1 -0 0
    outer loop
      vertex 26.675 14.7198 31.7363
      vertex 26.675 16.374 31.5358
      vertex 26.675 15.1528 31.9863
    endloop
  endfacet
  facet normal 1 0 0
    outer loop
      vertex 26.675 12.8292 31.3951
      vertex 26.675 14.7198 31.7363
      vertex 26.675 13.7912 32.7359
    endloop
  endfacet
  facet normal 1 0 0
    outer loop
      vertex 26.675 12.9877 30.7363
      vertex 26.675 16.374 31.5358
      vertex 26.675 14.7198 31.7363
    endloop
  endfacet
  facet normal 1 0 0
    outer loop
      vertex 26.675 12.0265 29.0258
      vertex 26.675 12.9877 30.7363
      vertex 26.675 12.5547 30.4863
    endloop
  endfacet
  facet normal 1 -0 0
    outer loop
      vertex 26.675 12.9877 30.7363
      vertex 26.675 12.0265 29.0258
      vertex 26.675 16.374 31.5358
    endloop
  endfacet
  facet normal 1 0 0
    outer loop
      vertex 26.675 11.6262 31.4859
      vertex 26.675 12.0265 29.0258
      vertex 26.675 12.5547 30.4863
    endloop
  endfacet
  facet normal 1 0 0
    outer loop
      vertex 26.675 10.4514 33.294
      vertex 26.675 12.0265 29.0258
      vertex 26.675 11.6262 31.4859
    endloop
  endfacet
  facet normal 1 0 0
    outer loop
      vertex 26.675 7.54268 36.7921
      vertex 26.675 10.4514 33.294
      vertex 26.675 9.83831 34.7508
    endloop
  endfacet
  facet normal 1 0 0
    outer loop
      vertex 26.675 7.54268 36.7921
      vertex 26.675 9.83831 34.7508
      vertex 26.675 9.60825 35.2935
    endloop
  endfacet
  facet normal 1 0 0
    outer loop
      vertex 26.675 7.54268 36.7921
      vertex 26.675 9.4446 35.9844
      vertex 26.675 9.28608 36.6431
    endloop
  endfacet
  facet normal 1 0 0
    outer loop
      vertex 26.675 10.4514 33.294
      vertex 26.675 7.54268 36.7921
      vertex 26.675 12.0265 29.0258
    endloop
  endfacet
  facet normal 1 0 0
    outer loop
      vertex 26.675 9.4446 35.9844
      vertex 26.675 7.54268 36.7921
      vertex 26.675 9.60825 35.2935
    endloop
  endfacet
  facet normal 0.707118 0.353544 -0.612364
    outer loop
      vertex 33.0161 8.71956 44.7937
      vertex 32.3085 8.83767 44.0448
      vertex 31.4677 9.49378 43.4527
    endloop
  endfacet
  facet normal 0.707118 0.353543 -0.612365
    outer loop
      vertex 33.0161 8.71956 44.7937
      vertex 32.3085 8.40465 43.7948
      vertex 32.3085 8.83767 44.0448
    endloop
  endfacet
  facet normal 0.80742 0 -0.589977
    outer loop
      vertex 30.9545 8.67645 42.3882
      vertex 29.8456 8.26578 40.8706
      vertex 29.8456 8.26579 40.8706
    endloop
  endfacet
  facet normal 0.707131 0.353515 -0.612367
    outer loop
      vertex 31.8491 8.46803 43.3009
      vertex 31.3681 7.40641 42.1326
      vertex 29.8456 8.26578 40.8706
    endloop
  endfacet
  facet normal 0.707116 0.353549 -0.612365
    outer loop
      vertex 32.3085 6.6726 42.7948
      vertex 32.3085 8.40465 43.7948
      vertex 33.0161 8.71956 44.7937
    endloop
  endfacet
  facet normal 0.7071 0.353547 -0.612384
    outer loop
      vertex 31.8491 8.46803 43.3009
      vertex 32.3085 6.6726 42.7948
      vertex 31.3681 7.40641 42.1326
    endloop
  endfacet
  facet normal 0.707101 0.353563 -0.612374
    outer loop
      vertex 33.0161 5.01999 42.6577
      vertex 32.3085 6.6726 42.7948
      vertex 33.0161 8.71956 44.7937
    endloop
  endfacet
  facet normal 0.707132 0.353513 -0.612366
    outer loop
      vertex 31.8491 6.30296 42.0509
      vertex 31.3681 5.24134 40.8826
      vertex 29.8456 6.10072 39.6206
    endloop
  endfacet
  facet normal 0.707019 0.353633 -0.612428
    outer loop
      vertex 31.8491 6.30296 42.0509
      vertex 31.7204 5.01999 41.1615
      vertex 31.3681 5.24134 40.8826
    endloop
  endfacet
  facet normal 0.707095 0.353561 -0.612381
    outer loop
      vertex 32.3085 6.6726 42.7948
      vertex 33.0161 5.01999 42.6577
      vertex 32.3085 6.23959 42.5448
    endloop
  endfacet
  facet normal 0.707112 0.353573 -0.612355
    outer loop
      vertex 31.8491 6.30296 42.0509
      vertex 33.0161 5.01999 42.6577
      vertex 31.7204 5.01999 41.1615
    endloop
  endfacet
  facet normal 0.707068 0.35418 -0.612056
    outer loop
      vertex 31.3681 5.24134 40.8826
      vertex 31.7204 5.01999 41.1615
      vertex 31.5295 5.11544 40.9962
    endloop
  endfacet
  facet normal 0.707041 0.353588 -0.612429
    outer loop
      vertex 27.3826 10.6531 39.405
      vertex 27.8421 8.85769 38.8989
      vertex 27.3826 8.92106 38.405
    endloop
  endfacet
  facet normal 0.707156 0.353529 -0.612329
    outer loop
      vertex 28.323 9.91931 40.0672
      vertex 28.323 8.79365 39.4173
      vertex 27.8421 8.85769 38.8989
    endloop
  endfacet
  facet normal 0.707122 0.353548 -0.612358
    outer loop
      vertex 29.8456 8.26579 40.8706
      vertex 29.8456 9.05993 41.3291
      vertex 30.9545 8.67645 42.3882
    endloop
  endfacet
  facet normal 0.707076 0.353569 -0.612399
    outer loop
      vertex 28.323 9.91931 40.0672
      vertex 28.7367 8.64927 39.8116
      vertex 28.323 8.79365 39.4173
    endloop
  endfacet
  facet normal 0.707175 0.353427 -0.612367
    outer loop
      vertex 29.8456 8.26578 40.8706
      vertex 30.9545 8.67645 42.3882
      vertex 31.3681 8.53206 42.7825
    endloop
  endfacet
  facet normal 0.707015 0.353862 -0.6123
    outer loop
      vertex 29.8456 8.26578 40.8706
      vertex 31.3681 8.53206 42.7825
      vertex 31.8491 8.46803 43.3009
    endloop
  endfacet
  facet normal 0.707122 0.353546 -0.612359
    outer loop
      vertex 32.3085 6.6726 42.7948
      vertex 31.8491 8.46803 43.3009
      vertex 32.3085 8.40465 43.7948
    endloop
  endfacet
  facet normal 0.707094 0.353561 -0.612382
    outer loop
      vertex 29.8456 9.05993 41.3291
      vertex 29.8456 8.26579 40.8706
      vertex 28.7367 8.64927 39.8116
    endloop
  endfacet
  facet normal 0.707052 0.353427 -0.612509
    outer loop
      vertex 26.675 11.8901 39.3021
      vertex 27.8421 11.0228 40.1489
      vertex 27.3826 11.0861 39.655
    endloop
  endfacet
  facet normal 0.707117 0.353799 -0.612219
    outer loop
      vertex 26.675 11.8901 39.3021
      vertex 28.323 10.9587 40.6673
      vertex 27.8421 11.0228 40.1489
    endloop
  endfacet
  facet normal 0.7071 0.353405 -0.612466
    outer loop
      vertex 26.675 11.8901 39.3021
      vertex 28.7367 10.8143 41.0616
      vertex 28.323 10.9587 40.6673
    endloop
  endfacet
  facet normal 0.707101 0.353475 -0.612425
    outer loop
      vertex 28.7367 10.8143 41.0616
      vertex 26.675 11.8901 39.3021
      vertex 29.0283 10.7135 41.3401
    endloop
  endfacet
  facet normal 0.70712 0.353554 -0.612356
    outer loop
      vertex 27.3826 10.6531 39.405
      vertex 26.675 11.8901 39.3021
      vertex 27.3826 11.0861 39.655
    endloop
  endfacet
  facet normal 0.70709 0.35357 -0.612382
    outer loop
      vertex 29.8456 9.05993 41.3291
      vertex 28.7367 8.64927 39.8116
      vertex 28.323 9.91931 40.0672
    endloop
  endfacet
  facet normal 0.707104 0.353584 -0.612358
    outer loop
      vertex 27.8421 8.85769 38.8989
      vertex 27.3826 10.6531 39.405
      vertex 28.323 9.91931 40.0672
    endloop
  endfacet
  facet normal 0.707115 0.353551 -0.612364
    outer loop
      vertex 27.3826 8.92106 38.405
      vertex 26.675 11.8901 39.3021
      vertex 27.3826 10.6531 39.405
    endloop
  endfacet
  facet normal 0.707115 0.353551 -0.612364
    outer loop
      vertex 26.675 7.54268 36.7921
      vertex 27.3826 8.92106 38.405
      vertex 27.3826 8.48805 38.155
    endloop
  endfacet
  facet normal 0.707115 0.353551 -0.612364
    outer loop
      vertex 27.3826 8.92106 38.405
      vertex 26.675 7.54268 36.7921
      vertex 26.675 11.8901 39.3021
    endloop
  endfacet
  facet normal 0.707104 0.353566 -0.612369
    outer loop
      vertex 28.323 7.75424 38.8172
      vertex 26.675 7.54268 36.7921
      vertex 27.3826 8.48805 38.155
    endloop
  endfacet
  facet normal 0.707088 0.353538 -0.612404
    outer loop
      vertex 28.9159 6.42222 38.7328
      vertex 28.323 7.75424 38.8172
      vertex 29.8456 6.89487 40.0791
    endloop
  endfacet
  facet normal 0.707124 0.353543 -0.612359
    outer loop
      vertex 29.8456 6.10072 39.6206
      vertex 29.8456 6.89487 40.0791
      vertex 30.9545 6.51138 41.1382
    endloop
  endfacet
  facet normal 0.707111 0.353546 -0.612372
    outer loop
      vertex 28.323 7.75424 38.8172
      vertex 28.9159 6.42222 38.7328
      vertex 26.675 7.54268 36.7921
    endloop
  endfacet
  facet normal 0.707169 0.353442 -0.612365
    outer loop
      vertex 29.8456 6.10072 39.6206
      vertex 30.9545 6.51138 41.1382
      vertex 31.3681 6.367 41.5325
    endloop
  endfacet
  facet normal 0.707023 0.35384 -0.612304
    outer loop
      vertex 29.8456 6.10072 39.6206
      vertex 31.3681 6.367 41.5325
      vertex 31.8491 6.30296 42.0509
    endloop
  endfacet
  facet normal 0.707113 0.353573 -0.612354
    outer loop
      vertex 33.0161 5.01999 42.6577
      vertex 31.8491 6.30296 42.0509
      vertex 32.3085 6.23959 42.5448
    endloop
  endfacet
  facet normal 0.707072 0.353569 -0.612404
    outer loop
      vertex 29.8456 6.89487 40.0791
      vertex 29.8456 6.10072 39.6206
      vertex 28.9159 6.42222 38.7328
    endloop
  endfacet
  facet normal 7.69506e-05 0.5 -0.866025
    outer loop
      vertex 40.9832 6.58943 43.5639
      vertex 40.3334 8.15513 44.4678
      vertex 40.9832 8.32148 44.5639
    endloop
  endfacet
  facet normal -1.01786e-05 0.499973 -0.866041
    outer loop
      vertex 39.6532 6.85304 43.7161
      vertex 40.3334 8.15513 44.4678
      vertex 40.9832 6.58943 43.5639
    endloop
  endfacet
  facet normal -8.73028e-05 0.500003 -0.866024
    outer loop
      vertex 39.6532 6.85304 43.7161
      vertex 39.6532 7.97869 44.366
      vertex 40.3334 8.15513 44.4678
    endloop
  endfacet
  facet normal 6.53754e-05 0.500003 -0.866024
    outer loop
      vertex 39.6532 6.85304 43.7161
      vertex 39.0682 7.91624 44.3299
      vertex 39.6532 7.97869 44.366
    endloop
  endfacet
  facet normal 1.18433e-05 0.499981 -0.866036
    outer loop
      vertex 37.5 6.95113 43.7727
      vertex 39.0682 7.91624 44.3299
      vertex 39.6532 6.85304 43.7161
    endloop
  endfacet
  facet normal -1.77672e-06 0.499998 -0.866027
    outer loop
      vertex 37.5 6.95113 43.7727
      vertex 37.5 7.74528 44.2312
      vertex 39.0682 7.91624 44.3299
    endloop
  endfacet
  facet normal -1.77672e-06 0.499998 -0.866027
    outer loop
      vertex 35.9318 6.78017 43.674
      vertex 37.5 7.74528 44.2312
      vertex 37.5 6.95113 43.7727
    endloop
  endfacet
  facet normal 6.58497e-05 0.5 -0.866025
    outer loop
      vertex 35.3468 7.84338 44.2878
      vertex 35.9318 6.78017 43.674
      vertex 35.3468 6.71772 43.6379
    endloop
  endfacet
  facet normal 1.40054e-05 0.499979 -0.866038
    outer loop
      vertex 35.9318 6.78017 43.674
      vertex 35.3468 7.84338 44.2878
      vertex 37.5 7.74528 44.2312
    endloop
  endfacet
  facet normal -8.61508e-05 0.5 -0.866025
    outer loop
      vertex 34.6666 6.54128 43.5361
      vertex 35.3468 7.84338 44.2878
      vertex 35.3468 6.71772 43.6379
    endloop
  endfacet
  facet normal 7.69506e-05 0.5 -0.866025
    outer loop
      vertex 34.0168 8.10698 44.44
      vertex 34.6666 6.54128 43.5361
      vertex 34.0168 6.37493 43.44
    endloop
  endfacet
  facet normal -1.42747e-05 0.499972 -0.866042
    outer loop
      vertex 34.6666 6.54128 43.5361
      vertex 34.0168 8.10698 44.44
      vertex 35.3468 7.84338 44.2878
    endloop
  endfacet
  facet normal -6.72772e-05 0.500002 -0.866024
    outer loop
      vertex 40.9832 6.58943 43.5639
      vertex 41.9839 5.01999 42.6577
      vertex 40.9832 6.15642 43.3139
    endloop
  endfacet
  facet normal 4.35331e-05 0.500076 -0.865982
    outer loop
      vertex 41.9839 5.01999 42.6577
      vertex 40.3334 5.99006 43.2178
      vertex 40.9832 6.15642 43.3139
    endloop
  endfacet
  facet normal -5.94805e-05 0.499944 -0.866058
    outer loop
      vertex 41.9839 5.01999 42.6577
      vertex 39.6532 5.81363 43.116
      vertex 40.3334 5.99006 43.2178
    endloop
  endfacet
  facet normal 4.19864e-05 0.500168 -0.865929
    outer loop
      vertex 41.9839 5.01999 42.6577
      vertex 39.0682 5.75118 43.0799
      vertex 39.6532 5.81363 43.116
    endloop
  endfacet
  facet normal -5.71631e-06 0.500025 -0.866011
    outer loop
      vertex 41.9839 5.01999 42.6577
      vertex 37.5 5.58022 42.9812
      vertex 39.0682 5.75118 43.0799
    endloop
  endfacet
  facet normal 0 0.500059 -0.865991
    outer loop
      vertex 33.0161 5.01999 42.6577
      vertex 37.5 5.58022 42.9812
      vertex 41.9839 5.01999 42.6577
    endloop
  endfacet
  facet normal 1.74339e-05 0.500002 -0.866024
    outer loop
      vertex 33.0161 5.01999 42.6577
      vertex 34.0168 6.37493 43.44
      vertex 34.0168 5.94192 43.19
    endloop
  endfacet
  facet normal -2.30264e-05 0.5 -0.866025
    outer loop
      vertex 34.0168 6.37493 43.44
      vertex 33.0161 8.71956 44.7937
      vertex 34.0168 8.10698 44.44
    endloop
  endfacet
  facet normal 5.09274e-06 0.500009 -0.86602
    outer loop
      vertex 34.0168 6.37493 43.44
      vertex 33.0161 5.01999 42.6577
      vertex 33.0161 8.71956 44.7937
    endloop
  endfacet
  facet normal 1.07935e-06 0.500016 -0.866016
    outer loop
      vertex 35.3468 5.67831 43.0378
      vertex 33.0161 5.01999 42.6577
      vertex 34.0168 5.94192 43.19
    endloop
  endfacet
  facet normal 1.21515e-05 0.499986 -0.866033
    outer loop
      vertex 37.5 5.58022 42.9812
      vertex 33.0161 5.01999 42.6577
      vertex 35.3468 5.67831 43.0378
    endloop
  endfacet
  facet normal -5.29821e-05 0.500009 -0.86602
    outer loop
      vertex 41.9839 5.01999 42.6577
      vertex 40.9832 6.58943 43.5639
      vertex 41.9839 8.71956 44.7937
    endloop
  endfacet
  facet normal -2.74358e-05 0.5 -0.866025
    outer loop
      vertex 40.9832 8.32148 44.5639
      vertex 41.9839 8.71956 44.7937
      vertex 40.9832 6.58943 43.5639
    endloop
  endfacet
  facet normal 0 0.499948 -0.866055
    outer loop
      vertex 41.9839 8.71956 44.7937
      vertex 40.9832 8.32148 44.5639
      vertex 40.9832 8.71956 44.7937
    endloop
  endfacet
  facet normal 1.57339e-05 0.500157 -0.865935
    outer loop
      vertex 33.0161 8.71956 44.7937
      vertex 34.6666 8.70635 44.7861
      vertex 34.0168 8.53999 44.69
    endloop
  endfacet
  facet normal 0 0.498681 -0.866786
    outer loop
      vertex 34.6666 8.70635 44.7861
      vertex 33.0161 8.71956 44.7937
      vertex 34.7175 8.71956 44.7937
    endloop
  endfacet
  facet normal -2.12592e-05 0.500002 -0.866024
    outer loop
      vertex 34.0168 8.10698 44.44
      vertex 33.0161 8.71956 44.7937
      vertex 34.0168 8.53999 44.69
    endloop
  endfacet
  facet normal -0.000548 0.866362 0.499417
    outer loop
      vertex 45.5787 5.74526 39.9053
      vertex 43.7918 5.01999 41.1615
      vertex 43.8474 5.03484 41.1358
    endloop
  endfacet
  facet normal 0 0.865994 0.500055
    outer loop
      vertex 43.7918 5.01999 41.1615
      vertex 31.5295 5.11544 40.9962
      vertex 31.7204 5.01999 41.1615
    endloop
  endfacet
  facet normal 9.53505e-07 0.866024 0.500002
    outer loop
      vertex 43.7918 5.01999 41.1615
      vertex 44.2135 14.0823 25.4652
      vertex 31.5295 5.11544 40.9962
    endloop
  endfacet
  facet normal -4.57397e-06 0.866026 0.499999
    outer loop
      vertex 33.0161 15.1971 23.5342
      vertex 31.5295 5.11544 40.9962
      vertex 44.2135 14.0823 25.4652
    endloop
  endfacet
  facet normal 5.76584e-07 0.866024 0.500002
    outer loop
      vertex 43.7918 5.01999 41.1615
      vertex 45.5787 5.74526 39.9053
      vertex 44.2135 14.0823 25.4652
    endloop
  endfacet
  facet normal -3.05074e-06 0.866026 0.499999
    outer loop
      vertex 30.3124 5.62789 40.1086
      vertex 31.5295 5.11544 40.9962
      vertex 33.0161 15.1971 23.5342
    endloop
  endfacet
  facet normal -0.000255249 0.865876 0.500258
    outer loop
      vertex 31.5295 5.11544 40.9962
      vertex 30.3124 5.62789 40.1086
      vertex 31.336 5.17206 40.8981
    endloop
  endfacet
  facet normal -0.000134113 0.866071 0.499921
    outer loop
      vertex 47.6174 7.18888 37.4049
      vertex 45.5787 5.74526 39.9053
      vertex 46.9995 6.61092 38.406
    endloop
  endfacet
  facet normal -4.08225e-06 0.866025 0.500001
    outer loop
      vertex 45.5787 5.74526 39.9053
      vertex 47.6174 7.18888 37.4049
      vertex 45.8214 13.3756 26.6892
    endloop
  endfacet
  facet normal 1.61e-05 0.866018 0.500014
    outer loop
      vertex 48.325 8.04303 35.9255
      vertex 47.6174 7.18888 37.4049
      vertex 48.325 7.54268 36.7921
    endloop
  endfacet
  facet normal -3.54716e-05 0.866028 0.499995
    outer loop
      vertex 48.325 11.2127 30.4354
      vertex 47.6174 7.18888 37.4049
      vertex 48.325 8.04303 35.9255
    endloop
  endfacet
  facet normal 7.22176e-06 0.866025 0.5
    outer loop
      vertex 28.9159 6.42222 38.7328
      vertex 30.3124 5.62789 40.1086
      vertex 33.0161 15.1971 23.5342
    endloop
  endfacet
  facet normal -0.000178912 0.866048 0.49996
    outer loop
      vertex 48.7522 8.90732 34.4285
      vertex 48.325 8.04303 35.9255
      vertex 48.7055 8.67016 34.8393
    endloop
  endfacet
  facet normal -6.0267e-05 0.866034 0.499986
    outer loop
      vertex 48.8178 9.92475 32.6662
      vertex 48.325 8.04303 35.9255
      vertex 48.7522 8.90732 34.4285
    endloop
  endfacet
  facet normal -0.000646029 0.866043 0.499969
    outer loop
      vertex 48.8178 9.92475 32.6662
      vertex 48.7522 8.90732 34.4285
      vertex 48.8569 9.78461 32.909
    endloop
  endfacet
  facet normal 2.38341e-05 0.866028 0.499995
    outer loop
      vertex 48.325 8.04303 35.9255
      vertex 48.8178 9.92475 32.6662
      vertex 48.325 11.2127 30.4354
    endloop
  endfacet
  facet normal -6.98801e-05 0.866012 0.500024
    outer loop
      vertex 48.3425 11.1874 30.4793
      vertex 48.8178 9.92475 32.6662
      vertex 48.5537 10.884 31.0048
    endloop
  endfacet
  facet normal -0.00506063 0.86553 0.500831
    outer loop
      vertex 48.325 11.2127 30.4354
      vertex 48.8178 9.92475 32.6662
      vertex 48.3425 11.1874 30.4793
    endloop
  endfacet
  facet normal 1.27996e-05 0.866026 0.499999
    outer loop
      vertex 47.6174 7.18888 37.4049
      vertex 48.325 11.2127 30.4354
      vertex 45.8214 13.3756 26.6892
    endloop
  endfacet
  facet normal 6.38659e-05 0.866034 0.499985
    outer loop
      vertex 46.8445 12.7668 27.7437
      vertex 48.325 11.2127 30.4354
      vertex 48.325 12.0265 29.0258
    endloop
  endfacet
  facet normal -6.64301e-05 0.866003 0.500039
    outer loop
      vertex 45.8214 13.3756 26.6892
      vertex 48.325 11.2127 30.4354
      vertex 46.8445 12.7668 27.7437
    endloop
  endfacet
  facet normal 5.81206e-05 0.866048 0.499961
    outer loop
      vertex 30.3124 5.62789 40.1086
      vertex 28.9159 6.42222 38.7328
      vertex 29.7159 5.89256 39.6502
    endloop
  endfacet
  facet normal 0.000951036 0.86643 0.499298
    outer loop
      vertex 45.8214 13.3756 26.6892
      vertex 46.8445 12.7668 27.7437
      vertex 46.727 12.8672 27.5697
    endloop
  endfacet
  facet normal 1.13225e-05 0.866025 0.500001
    outer loop
      vertex 45.5787 5.74526 39.9053
      vertex 45.8214 13.3756 26.6892
      vertex 44.2135 14.0823 25.4652
    endloop
  endfacet
  facet normal 0.000278993 0.866177 0.499737
    outer loop
      vertex 44.2135 14.0823 25.4652
      vertex 45.8214 13.3756 26.6892
      vertex 45.2857 13.6774 26.1664
    endloop
  endfacet
  facet normal -6.45074e-06 0.866027 0.499997
    outer loop
      vertex 26.675 12.0265 29.0258
      vertex 28.9159 6.42222 38.7328
      vertex 33.0161 15.1971 23.5342
    endloop
  endfacet
  facet normal -0 0.866038 0.499979
    outer loop
      vertex 33.0161 15.1971 23.5342
      vertex 44.2135 14.0823 25.4652
      vertex 41.9839 15.1971 23.5342
    endloop
  endfacet
  facet normal 3.93237e-06 0.866028 0.499995
    outer loop
      vertex 28.9159 6.42222 38.7328
      vertex 26.675 12.0265 29.0258
      vertex 26.675 7.54268 36.7921
    endloop
  endfacet
  facet normal -0.707102 -0.353508 0.612404
    outer loop
      vertex 46.8445 12.7668 27.7437
      vertex 48.325 12.0265 29.0258
      vertex 47.6174 12.597 28.5381
    endloop
  endfacet
  facet normal -0.707114 -0.353513 0.612388
    outer loop
      vertex 43.6319 17.6659 26.8626
      vertex 41.9839 19.5446 26.0442
      vertex 42.6915 17.8725 25.896
    endloop
  endfacet
  facet normal -0.707169 -0.35353 0.612314
    outer loop
      vertex 41.9839 19.5446 26.0442
      vertex 42.6915 17.4395 25.646
      vertex 42.6915 17.8725 25.896
    endloop
  endfacet
  facet normal -0.707121 -0.353554 0.612355
    outer loop
      vertex 42.6915 15.7075 24.646
      vertex 43.1509 17.0434 25.9478
      vertex 42.6915 17.4395 25.646
    endloop
  endfacet
  facet normal -0.707102 -0.35357 0.612369
    outer loop
      vertex 43.1509 17.0434 25.9478
      vertex 43.6319 15.5009 25.6126
      vertex 43.6319 16.6265 26.2625
    endloop
  endfacet
  facet normal -0.707104 -0.35357 0.612366
    outer loop
      vertex 43.6319 15.5009 25.6126
      vertex 43.1509 17.0434 25.9478
      vertex 42.6915 15.7075 24.646
    endloop
  endfacet
  facet normal -0.707151 -0.353528 0.612336
    outer loop
      vertex 41.9839 15.1971 23.5342
      vertex 42.6915 17.4395 25.646
      vertex 41.9839 19.5446 26.0442
    endloop
  endfacet
  facet normal -0.707124 -0.353553 0.612353
    outer loop
      vertex 42.6915 17.4395 25.646
      vertex 41.9839 15.1971 23.5342
      vertex 42.6915 15.7075 24.646
    endloop
  endfacet
  facet normal -0.707124 -0.353553 0.612353
    outer loop
      vertex 42.6915 15.7075 24.646
      vertex 41.9839 15.1971 23.5342
      vertex 42.6915 15.2745 24.396
    endloop
  endfacet
  facet normal -0.707122 -0.353557 0.612352
    outer loop
      vertex 41.9839 15.1971 23.5342
      vertex 43.1509 14.8784 24.6978
      vertex 42.6915 15.2745 24.396
    endloop
  endfacet
  facet normal -0.707114 -0.353615 0.612328
    outer loop
      vertex 41.9839 15.1971 23.5342
      vertex 43.6319 14.4615 25.0125
      vertex 43.1509 14.8784 24.6978
    endloop
  endfacet
  facet normal -0.707133 -0.353089 0.61261
    outer loop
      vertex 41.9839 15.1971 23.5342
      vertex 44.0455 14.1922 25.3347
      vertex 43.6319 14.4615 25.0125
    endloop
  endfacet
  facet normal -0.707122 -0.354381 0.611877
    outer loop
      vertex 44.0455 14.1922 25.3347
      vertex 41.9839 15.1971 23.5342
      vertex 44.2135 14.0823 25.4652
    endloop
  endfacet
  facet normal -0.70712 -0.353525 0.612373
    outer loop
      vertex 41.9839 19.5446 26.0442
      vertex 43.6319 17.6659 26.8626
      vertex 44.1012 18.4859 27.8779
    endloop
  endfacet
  facet normal -0.707121 -0.353524 0.612373
    outer loop
      vertex 45.1544 17.0027 28.2378
      vertex 44.1012 18.4859 27.8779
      vertex 43.6319 17.6659 26.8626
    endloop
  endfacet
  facet normal -0.707123 -0.353527 0.612369
    outer loop
      vertex 44.1012 18.4859 27.8779
      vertex 45.1544 17.0027 28.2378
      vertex 45.1544 17.7969 28.6963
    endloop
  endfacet
  facet normal -0.707095 -0.353541 0.612394
    outer loop
      vertex 46.2633 16.2773 29.0994
      vertex 45.1544 17.7969 28.6963
      vertex 45.1544 17.0027 28.2378
    endloop
  endfacet
  facet normal -0.707098 -0.353545 0.612388
    outer loop
      vertex 45.1544 17.7969 28.6963
      vertex 46.2633 16.2773 29.0994
      vertex 46.677 17.1337 30.0715
    endloop
  endfacet
  facet normal -0.707051 -0.353595 0.612412
    outer loop
      vertex 46.677 16.0081 29.4216
      vertex 46.677 17.1337 30.0715
      vertex 46.2633 16.2773 29.0994
    endloop
  endfacet
  facet normal -0.707138 -0.353552 0.612337
    outer loop
      vertex 46.677 17.1337 30.0715
      vertex 46.677 16.0081 29.4216
      vertex 46.9063 17.0833 30.3072
    endloop
  endfacet
  facet normal -0.707148 -0.353544 0.612331
    outer loop
      vertex 47.1579 15.5911 29.7362
      vertex 46.9063 17.0833 30.3072
      vertex 46.677 16.0081 29.4216
    endloop
  endfacet
  facet normal -0.707094 -0.353556 0.612385
    outer loop
      vertex 46.9063 17.0833 30.3072
      vertex 47.1579 15.5911 29.7362
      vertex 48.325 16.374 31.5358
    endloop
  endfacet
  facet normal -0.707076 -0.353589 0.612388
    outer loop
      vertex 47.6174 15.1951 30.0381
      vertex 48.325 16.374 31.5358
      vertex 47.1579 15.5911 29.7362
    endloop
  endfacet
  facet normal -0.707182 -0.353462 0.612338
    outer loop
      vertex 47.6174 14.762 29.7881
      vertex 48.325 16.374 31.5358
      vertex 47.6174 15.1951 30.0381
    endloop
  endfacet
  facet normal -0.707111 -0.353565 0.61236
    outer loop
      vertex 47.1579 13.4261 28.4862
      vertex 46.677 14.9686 28.8215
      vertex 46.677 13.843 28.1716
    endloop
  endfacet
  facet normal -0.707105 -0.353565 0.612368
    outer loop
      vertex 46.677 14.9686 28.8215
      vertex 47.1579 13.4261 28.4862
      vertex 47.6174 14.762 29.7881
    endloop
  endfacet
  facet normal -0.707111 -0.353559 0.612364
    outer loop
      vertex 47.6174 13.03 28.7881
      vertex 47.6174 14.762 29.7881
      vertex 47.1579 13.4261 28.4862
    endloop
  endfacet
  facet normal -0.707114 -0.353558 0.612362
    outer loop
      vertex 48.325 12.0265 29.0258
      vertex 47.6174 14.762 29.7881
      vertex 47.6174 13.03 28.7881
    endloop
  endfacet
  facet normal -0.707114 -0.353558 0.612362
    outer loop
      vertex 48.325 12.0265 29.0258
      vertex 47.6174 13.03 28.7881
      vertex 47.6174 12.597 28.5381
    endloop
  endfacet
  facet normal -0.707089 -0.353559 0.61239
    outer loop
      vertex 47.6174 14.762 29.7881
      vertex 48.325 12.0265 29.0258
      vertex 48.325 16.374 31.5358
    endloop
  endfacet
  facet normal -0.707179 -0.353531 0.612301
    outer loop
      vertex 43.6319 16.6265 26.2625
      vertex 43.6319 15.5009 25.6126
      vertex 44.0455 16.3572 26.5847
    endloop
  endfacet
  facet normal -0.707118 -0.353598 0.612334
    outer loop
      vertex 45.1544 14.8377 26.9878
      vertex 44.0455 16.3572 26.5847
      vertex 43.6319 15.5009 25.6126
    endloop
  endfacet
  facet normal -0.707098 -0.353573 0.612371
    outer loop
      vertex 44.0455 16.3572 26.5847
      vertex 45.1544 14.8377 26.9878
      vertex 45.1544 15.6318 27.4463
    endloop
  endfacet
  facet normal -0.707098 -0.353573 0.612371
    outer loop
      vertex 46.2633 14.1123 27.8494
      vertex 45.1544 15.6318 27.4463
      vertex 45.1544 14.8377 26.9878
    endloop
  endfacet
  facet normal -0.707097 -0.353571 0.612374
    outer loop
      vertex 45.1544 15.6318 27.4463
      vertex 46.2633 14.1123 27.8494
      vertex 46.677 14.9686 28.8215
    endloop
  endfacet
  facet normal -0.707094 -0.353574 0.612375
    outer loop
      vertex 46.677 13.843 28.1716
      vertex 46.677 14.9686 28.8215
      vertex 46.2633 14.1123 27.8494
    endloop
  endfacet
  facet normal 0.70716 -0.353519 0.612331
    outer loop
      vertex 32.3085 17.7663 25.8346
      vertex 31.8491 15.9709 25.3286
      vertex 32.3085 16.0342 24.8346
    endloop
  endfacet
  facet normal 0.707044 -0.353575 0.612433
    outer loop
      vertex 31.3681 17.0325 26.4968
      vertex 31.3681 15.9068 25.8469
      vertex 31.8491 15.9709 25.3286
    endloop
  endfacet
  facet normal 0.707099 -0.353539 0.612389
    outer loop
      vertex 29.8456 15.3789 27.3003
      vertex 29.8456 16.1731 27.7588
      vertex 28.7367 15.7896 28.8178
    endloop
  endfacet
  facet normal 0.707245 -0.353475 0.612258
    outer loop
      vertex 31.3681 17.0325 26.4968
      vertex 30.9545 15.7624 26.2413
      vertex 31.3681 15.9068 25.8469
    endloop
  endfacet
  facet normal 0.707083 -0.353579 0.612385
    outer loop
      vertex 28.323 14.5196 28.5622
      vertex 28.7367 15.7896 28.8178
      vertex 28.323 15.6452 29.2121
    endloop
  endfacet
  facet normal 0.707138 -0.353552 0.612337
    outer loop
      vertex 28.323 14.5196 28.5622
      vertex 28.323 15.6452 29.2121
      vertex 27.8421 15.5812 29.7305
    endloop
  endfacet
  facet normal 0.707051 -0.353589 0.612416
    outer loop
      vertex 27.3826 13.7858 29.2244
      vertex 27.8421 15.5812 29.7305
      vertex 27.3826 15.5178 30.2244
    endloop
  endfacet
  facet normal 0.70708 -0.353582 0.612387
    outer loop
      vertex 29.8456 16.1731 27.7588
      vertex 29.8456 15.379 27.3003
      vertex 30.9545 15.7624 26.2413
    endloop
  endfacet
  facet normal 0.707182 -0.353576 0.612273
    outer loop
      vertex 33.0161 19.5446 26.0442
      vertex 31.8491 18.1359 26.5786
      vertex 32.3085 18.1993 26.0846
    endloop
  endfacet
  facet normal 0.707055 -0.353371 0.612537
    outer loop
      vertex 33.0161 19.5446 26.0442
      vertex 31.3681 18.0719 27.0969
      vertex 31.8491 18.1359 26.5786
    endloop
  endfacet
  facet normal 0.707207 -0.353872 0.612073
    outer loop
      vertex 33.0161 19.5446 26.0442
      vertex 30.9545 17.9275 27.4913
      vertex 31.3681 18.0719 27.0969
    endloop
  endfacet
  facet normal 0.707111 -0.353416 0.612446
    outer loop
      vertex 33.0161 19.5446 26.0442
      vertex 29.8456 17.544 28.5503
      vertex 30.9545 17.9275 27.4913
    endloop
  endfacet
  facet normal 0.70711 -0.353406 0.612453
    outer loop
      vertex 26.675 16.374 31.5358
      vertex 29.8456 17.544 28.5503
      vertex 33.0161 19.5446 26.0442
    endloop
  endfacet
  facet normal 0.707094 -0.353602 0.612359
    outer loop
      vertex 29.8456 17.544 28.5503
      vertex 26.675 16.374 31.5358
      vertex 28.323 16.6846 29.8122
    endloop
  endfacet
  facet normal 0.707101 -0.353563 0.612373
    outer loop
      vertex 26.675 16.374 31.5358
      vertex 27.3826 15.9508 30.4744
      vertex 28.323 16.6846 29.8122
    endloop
  endfacet
  facet normal 0.707101 -0.353564 0.612373
    outer loop
      vertex 26.675 16.374 31.5358
      vertex 27.3826 15.5178 30.2244
      vertex 27.3826 15.9508 30.4744
    endloop
  endfacet
  facet normal 1 0 0
    outer loop
      vertex 29.8456 16.1731 27.7588
      vertex 29.8456 15.3789 27.3003
      vertex 29.8456 15.379 27.3003
    endloop
  endfacet
  facet normal 0.707081 -0.353579 0.612387
    outer loop
      vertex 28.7367 15.7896 28.8178
      vertex 28.323 14.5196 28.5622
      vertex 29.8456 15.3789 27.3003
    endloop
  endfacet
  facet normal 0.707106 -0.353586 0.612355
    outer loop
      vertex 27.8421 15.5812 29.7305
      vertex 27.3826 13.7858 29.2244
      vertex 28.323 14.5196 28.5622
    endloop
  endfacet
  facet normal 0.707101 -0.353564 0.612373
    outer loop
      vertex 26.675 16.374 31.5358
      vertex 27.3826 13.7858 29.2244
      vertex 27.3826 15.5178 30.2244
    endloop
  endfacet
  facet normal 0.707131 -0.353538 0.612353
    outer loop
      vertex 26.675 12.0265 29.0258
      vertex 27.3826 13.7858 29.2244
      vertex 26.675 16.374 31.5358
    endloop
  endfacet
  facet normal 0.707146 -0.353542 0.612334
    outer loop
      vertex 27.3826 13.7858 29.2244
      vertex 26.675 12.0265 29.0258
      vertex 27.3826 13.3528 28.9744
    endloop
  endfacet
  facet normal 0.707133 -0.353548 0.612345
    outer loop
      vertex 32.3085 17.7663 25.8346
      vertex 33.0161 19.5446 26.0442
      vertex 32.3085 18.1993 26.0846
    endloop
  endfacet
  facet normal 0.707132 -0.353465 0.612394
    outer loop
      vertex 30.9545 15.7624 26.2413
      vertex 31.3681 17.0325 26.4968
      vertex 29.8456 16.1731 27.7588
    endloop
  endfacet
  facet normal 0.707093 -0.353523 0.612406
    outer loop
      vertex 31.8491 15.9709 25.3286
      vertex 32.3085 17.7663 25.8346
      vertex 31.3681 17.0325 26.4968
    endloop
  endfacet
  facet normal 0.70713 -0.353534 0.612357
    outer loop
      vertex 33.0161 15.1971 23.5342
      vertex 32.3085 17.7663 25.8346
      vertex 32.3085 16.0342 24.8346
    endloop
  endfacet
  facet normal 0.707113 -0.353558 0.612363
    outer loop
      vertex 33.0161 15.1971 23.5342
      vertex 32.3085 16.0342 24.8346
      vertex 32.3085 15.6012 24.5846
    endloop
  endfacet
  facet normal 0.707118 -0.353545 0.612365
    outer loop
      vertex 32.3085 17.7663 25.8346
      vertex 33.0161 15.1971 23.5342
      vertex 33.0161 19.5446 26.0442
    endloop
  endfacet
  facet normal 0.707104 -0.353575 0.612363
    outer loop
      vertex 31.3681 14.8674 25.2468
      vertex 33.0161 15.1971 23.5342
      vertex 32.3085 15.6012 24.5846
    endloop
  endfacet
  facet normal 0.707131 -0.353427 0.612418
    outer loop
      vertex 31.3681 14.8674 25.2468
      vertex 29.8456 14.008 26.5088
      vertex 33.0161 15.1971 23.5342
    endloop
  endfacet
  facet normal 0.707063 -0.353367 0.612531
    outer loop
      vertex 26.675 12.0265 29.0258
      vertex 28.7367 13.6245 27.5678
      vertex 28.323 13.4802 27.9621
    endloop
  endfacet
  facet normal 0.70704 -0.353479 0.612492
    outer loop
      vertex 26.675 12.0265 29.0258
      vertex 27.8421 13.4161 28.4805
      vertex 27.3826 13.3528 28.9744
    endloop
  endfacet
  facet normal 0.70711 -0.353681 0.612295
    outer loop
      vertex 29.8456 14.008 26.5088
      vertex 26.675 12.0265 29.0258
      vertex 33.0161 15.1971 23.5342
    endloop
  endfacet
  facet normal 0.707099 -0.353546 0.612386
    outer loop
      vertex 28.7367 13.6245 27.5678
      vertex 26.675 12.0265 29.0258
      vertex 29.8456 14.008 26.5088
    endloop
  endfacet
  facet normal 0.707148 -0.353659 0.612264
    outer loop
      vertex 27.8421 13.4161 28.4805
      vertex 26.675 12.0265 29.0258
      vertex 28.323 13.4802 27.9621
    endloop
  endfacet
  facet normal -1 0 0
    outer loop
      vertex 48.325 14.2848 31.4851
      vertex 48.325 15.594 32.8868
      vertex 48.325 16.374 31.5358
    endloop
  endfacet
  facet normal -1 -0 0
    outer loop
      vertex 48.325 15.594 32.8868
      vertex 48.325 14.2848 31.4851
      vertex 48.325 15.5256 32.9518
    endloop
  endfacet
  facet normal -1 0 0
    outer loop
      vertex 48.325 13.8834 32.7891
      vertex 48.325 15.5256 32.9518
      vertex 48.325 14.2848 31.4851
    endloop
  endfacet
  facet normal -1 -0 0
    outer loop
      vertex 48.325 15.5256 32.9518
      vertex 48.325 13.8834 32.7891
      vertex 48.325 15.0091 33.439
    endloop
  endfacet
  facet normal -1 0 0
    outer loop
      vertex 48.325 16.374 31.5358
      vertex 48.325 13.8518 31.2351
      vertex 48.325 14.2848 31.4851
    endloop
  endfacet
  facet normal -1 0 0
    outer loop
      vertex 48.325 12.1197 30.2351
      vertex 48.325 13.3605 31.7018
      vertex 48.325 13.8518 31.2351
    endloop
  endfacet
  facet normal -1 -0 0
    outer loop
      vertex 48.325 13.3605 31.7018
      vertex 48.325 11.7184 31.5391
      vertex 48.325 12.844 32.189
    endloop
  endfacet
  facet normal -1 0 0
    outer loop
      vertex 48.325 11.7184 31.5391
      vertex 48.325 13.3605 31.7018
      vertex 48.325 12.1197 30.2351
    endloop
  endfacet
  facet normal -1 0 0
    outer loop
      vertex 48.325 12.0265 29.0258
      vertex 48.325 13.8518 31.2351
      vertex 48.325 16.374 31.5358
    endloop
  endfacet
  facet normal -1 0 0
    outer loop
      vertex 48.325 13.8518 31.2351
      vertex 48.325 12.0265 29.0258
      vertex 48.325 12.1197 30.2351
    endloop
  endfacet
  facet normal -1 0 0
    outer loop
      vertex 48.325 12.0265 29.0258
      vertex 48.325 11.6867 29.9851
      vertex 48.325 12.1197 30.2351
    endloop
  endfacet
  facet normal -1 -0 -0
    outer loop
      vertex 48.325 11.6867 29.9851
      vertex 48.325 12.0265 29.0258
      vertex 48.325 11.2127 30.4354
    endloop
  endfacet
  facet normal -1 -0 0
    outer loop
      vertex 48.325 15.0091 33.439
      vertex 48.325 13.8834 32.7891
      vertex 48.325 14.6541 33.9096
    endloop
  endfacet
  facet normal -1 0 0
    outer loop
      vertex 48.325 12.9049 34.7105
      vertex 48.325 14.6541 33.9096
      vertex 48.325 13.8834 32.7891
    endloop
  endfacet
  facet normal -1 0 0
    outer loop
      vertex 48.325 14.6541 33.9096
      vertex 48.325 12.9049 34.7105
      vertex 48.325 13.699 35.169
    endloop
  endfacet
  facet normal -1 0 0
    outer loop
      vertex 48.325 11.9498 35.9699
      vertex 48.325 13.699 35.169
      vertex 48.325 12.9049 34.7105
    endloop
  endfacet
  facet normal -1 0 0
    outer loop
      vertex 48.325 13.699 35.169
      vertex 48.325 11.9498 35.9699
      vertex 48.325 12.7205 37.0904
    endloop
  endfacet
  facet normal -1 0 0
    outer loop
      vertex 48.325 11.5949 36.4405
      vertex 48.325 12.7205 37.0904
      vertex 48.325 11.9498 35.9699
    endloop
  endfacet
  facet normal -1 0 0
    outer loop
      vertex 48.325 12.3192 38.3943
      vertex 48.325 11.8901 39.3021
      vertex 48.325 12.3905 38.4355
    endloop
  endfacet
  facet normal -1 0 0
    outer loop
      vertex 48.325 11.0784 36.9276
      vertex 48.325 12.7205 37.0904
      vertex 48.325 11.5949 36.4405
    endloop
  endfacet
  facet normal -1 -0 0
    outer loop
      vertex 48.325 12.7205 37.0904
      vertex 48.325 11.0784 36.9276
      vertex 48.325 12.3192 38.3943
    endloop
  endfacet
  facet normal -1 0 0
    outer loop
      vertex 48.325 10.5871 37.3943
      vertex 48.325 12.3192 38.3943
      vertex 48.325 11.0784 36.9276
    endloop
  endfacet
  facet normal -1 -0 0
    outer loop
      vertex 48.325 12.3192 38.3943
      vertex 48.325 10.5871 37.3943
      vertex 48.325 11.8901 39.3021
    endloop
  endfacet
  facet normal -1 0 0
    outer loop
      vertex 48.325 10.1541 37.1443
      vertex 48.325 11.8901 39.3021
      vertex 48.325 10.5871 37.3943
    endloop
  endfacet
  facet normal -1 0 0
    outer loop
      vertex 48.325 8.91329 35.6776
      vertex 48.325 10.5555 35.8404
      vertex 48.325 9.42981 35.1905
    endloop
  endfacet
  facet normal -1 -0 0
    outer loop
      vertex 48.325 10.5555 35.8404
      vertex 48.325 8.91329 35.6776
      vertex 48.325 10.1541 37.1443
    endloop
  endfacet
  facet normal -1 0 0
    outer loop
      vertex 48.325 8.42205 36.1443
      vertex 48.325 10.1541 37.1443
      vertex 48.325 8.91329 35.6776
    endloop
  endfacet
  facet normal -1 0 0
    outer loop
      vertex 48.325 7.54268 36.7921
      vertex 48.325 10.1541 37.1443
      vertex 48.325 8.42205 36.1443
    endloop
  endfacet
  facet normal -1 0 0
    outer loop
      vertex 48.325 7.54268 36.7921
      vertex 48.325 8.42205 36.1443
      vertex 48.325 8.04303 35.9255
    endloop
  endfacet
  facet normal -1 -0 0
    outer loop
      vertex 48.325 10.1541 37.1443
      vertex 48.325 7.54268 36.7921
      vertex 48.325 11.8901 39.3021
    endloop
  endfacet
  facet normal -1 -0 0
    outer loop
      vertex 48.325 12.844 32.189
      vertex 48.325 11.7184 31.5391
      vertex 48.325 12.489 32.6596
    endloop
  endfacet
  facet normal -1 0 0
    outer loop
      vertex 48.325 10.7398 33.4605
      vertex 48.325 12.489 32.6596
      vertex 48.325 11.7184 31.5391
    endloop
  endfacet
  facet normal -1 0 0
    outer loop
      vertex 48.325 12.489 32.6596
      vertex 48.325 10.7398 33.4605
      vertex 48.325 11.534 33.919
    endloop
  endfacet
  facet normal -1 0 0
    outer loop
      vertex 48.325 9.78477 34.7199
      vertex 48.325 11.534 33.919
      vertex 48.325 10.7398 33.4605
    endloop
  endfacet
  facet normal -1 0 0
    outer loop
      vertex 48.325 11.534 33.919
      vertex 48.325 9.78477 34.7199
      vertex 48.325 10.5555 35.8404
    endloop
  endfacet
  facet normal -1 0 0
    outer loop
      vertex 48.325 9.42981 35.1905
      vertex 48.325 10.5555 35.8404
      vertex 48.325 9.78477 34.7199
    endloop
  endfacet
  facet normal -9.8494e-05 -0.500011 0.866019
    outer loop
      vertex 40.9832 17.8494 25.0656
      vertex 40.3334 16.2838 24.1616
      vertex 40.9832 16.1174 24.0656
    endloop
  endfacet
  facet normal 4.56801e-06 -0.500043 0.866001
    outer loop
      vertex 39.6532 17.5858 24.9134
      vertex 40.3334 16.2838 24.1616
      vertex 40.9832 17.8494 25.0656
    endloop
  endfacet
  facet normal 6.36588e-05 -0.50002 0.866014
    outer loop
      vertex 39.6532 17.5858 24.9134
      vertex 39.6532 16.4602 24.2635
      vertex 40.3334 16.2838 24.1616
    endloop
  endfacet
  facet normal -4.22962e-05 -0.50002 0.866014
    outer loop
      vertex 39.6532 17.5858 24.9134
      vertex 39.0682 16.5226 24.2995
      vertex 39.6532 16.4602 24.2635
    endloop
  endfacet
  facet normal -2.32227e-05 -0.500028 0.866009
    outer loop
      vertex 37.5 17.4877 24.8567
      vertex 39.0682 16.5226 24.2995
      vertex 39.6532 17.5858 24.9134
    endloop
  endfacet
  facet normal -1.79627e-05 -0.500021 0.866013
    outer loop
      vertex 37.5 17.4877 24.8567
      vertex 37.5 16.6936 24.3982
      vertex 39.0682 16.5226 24.2995
    endloop
  endfacet
  facet normal -1.79627e-05 -0.500021 0.866013
    outer loop
      vertex 35.9318 17.6587 24.9554
      vertex 37.5 16.6936 24.3982
      vertex 37.5 17.4877 24.8567
    endloop
  endfacet
  facet normal 2.5013e-05 -0.499987 0.866033
    outer loop
      vertex 35.3468 16.5955 24.3416
      vertex 35.9318 17.6587 24.9554
      vertex 35.3468 17.7212 24.9915
    endloop
  endfacet
  facet normal 1.42251e-05 -0.499982 0.866036
    outer loop
      vertex 35.9318 17.6587 24.9554
      vertex 35.3468 16.5955 24.3416
      vertex 37.5 16.6936 24.3982
    endloop
  endfacet
  facet normal 7.51798e-05 -0.499987 0.866033
    outer loop
      vertex 34.6666 17.8976 25.0934
      vertex 35.3468 16.5955 24.3416
      vertex 35.3468 17.7212 24.9915
    endloop
  endfacet
  facet normal -9.1103e-05 -0.499989 0.866032
    outer loop
      vertex 34.0168 16.3319 24.1894
      vertex 34.6666 17.8976 25.0934
      vertex 34.0168 18.064 25.1894
    endloop
  endfacet
  facet normal -2.3292e-06 -0.500017 0.866016
    outer loop
      vertex 34.6666 17.8976 25.0934
      vertex 34.0168 16.3319 24.1894
      vertex 35.3468 16.5955 24.3416
    endloop
  endfacet
  facet normal -6.32661e-05 -0.499924 0.866069
    outer loop
      vertex 40.9832 17.8494 25.0656
      vertex 41.9839 19.5446 26.0442
      vertex 40.9832 18.2825 25.3156
    endloop
  endfacet
  facet normal -4.02067e-06 -0.49996 0.866049
    outer loop
      vertex 41.9839 19.5446 26.0442
      vertex 40.3334 18.4488 25.4116
      vertex 40.9832 18.2825 25.3156
    endloop
  endfacet
  facet normal 6.78347e-06 -0.499972 0.866042
    outer loop
      vertex 41.9839 19.5446 26.0442
      vertex 39.6532 18.6253 25.5135
      vertex 40.3334 18.4488 25.4116
    endloop
  endfacet
  facet normal -2.64681e-05 -0.499909 0.866078
    outer loop
      vertex 41.9839 19.5446 26.0442
      vertex 39.0682 18.6877 25.5495
      vertex 39.6532 18.6253 25.5135
    endloop
  endfacet
  facet normal -8.30619e-06 -0.499955 0.866051
    outer loop
      vertex 41.9839 19.5446 26.0442
      vertex 37.5 18.8587 25.6482
      vertex 39.0682 18.6877 25.5495
    endloop
  endfacet
  facet normal 0 -0.499996 0.866028
    outer loop
      vertex 33.0161 19.5446 26.0442
      vertex 37.5 18.8587 25.6482
      vertex 41.9839 19.5446 26.0442
    endloop
  endfacet
  facet normal -4.31707e-05 -0.500011 0.866019
    outer loop
      vertex 33.0161 19.5446 26.0442
      vertex 34.0168 18.064 25.1894
      vertex 34.0168 18.497 25.4394
    endloop
  endfacet
  facet normal -1.25409e-05 -0.499995 0.866028
    outer loop
      vertex 33.0161 15.1971 23.5342
      vertex 34.0168 18.064 25.1894
      vertex 33.0161 19.5446 26.0442
    endloop
  endfacet
  facet normal -3.59341e-05 -0.499989 0.866032
    outer loop
      vertex 34.0168 18.064 25.1894
      vertex 33.0161 15.1971 23.5342
      vertex 34.0168 16.3319 24.1894
    endloop
  endfacet
  facet normal -1.01598e-05 -0.499987 0.866033
    outer loop
      vertex 35.3468 18.7606 25.5916
      vertex 33.0161 19.5446 26.0442
      vertex 34.0168 18.497 25.4394
    endloop
  endfacet
  facet normal 1.15942e-05 -0.499939 0.866061
    outer loop
      vertex 37.5 18.8587 25.6482
      vertex 33.0161 19.5446 26.0442
      vertex 35.3468 18.7606 25.5916
    endloop
  endfacet
  facet normal 9.72418e-05 -0.499995 0.866028
    outer loop
      vertex 41.9839 19.5446 26.0442
      vertex 40.9832 17.8494 25.0656
      vertex 41.9839 15.1971 23.5342
    endloop
  endfacet
  facet normal 4.23713e-05 -0.500011 0.866019
    outer loop
      vertex 40.9832 16.1174 24.0656
      vertex 41.9839 15.1971 23.5342
      vertex 40.9832 17.8494 25.0656
    endloop
  endfacet
  facet normal 4.23713e-05 -0.500011 0.866019
    outer loop
      vertex 40.9832 15.6844 23.8156
      vertex 41.9839 15.1971 23.5342
      vertex 40.9832 16.1174 24.0656
    endloop
  endfacet
  facet normal 9.47762e-06 -0.500062 0.86599
    outer loop
      vertex 39.6532 15.4208 23.6634
      vertex 41.9839 15.1971 23.5342
      vertex 40.9832 15.6844 23.8156
    endloop
  endfacet
  facet normal -1.13005e-05 -0.500224 0.865896
    outer loop
      vertex 37.5 15.3227 23.6067
      vertex 41.9839 15.1971 23.5342
      vertex 39.6532 15.4208 23.6634
    endloop
  endfacet
  facet normal 8.8865e-06 -0.5001 0.865968
    outer loop
      vertex 33.0161 15.1971 23.5342
      vertex 35.9318 15.4936 23.7054
      vertex 35.3468 15.5561 23.7415
    endloop
  endfacet
  facet normal -7.30082e-05 -0.499936 0.866062
    outer loop
      vertex 33.0161 15.1971 23.5342
      vertex 34.6666 15.7325 23.8434
      vertex 34.0168 15.8989 23.9394
    endloop
  endfacet
  facet normal 0 -0.499921 0.866071
    outer loop
      vertex 37.5 15.3227 23.6067
      vertex 33.0161 15.1971 23.5342
      vertex 41.9839 15.1971 23.5342
    endloop
  endfacet
  facet normal 5.81657e-06 -0.500077 0.865981
    outer loop
      vertex 35.9318 15.4936 23.7054
      vertex 33.0161 15.1971 23.5342
      vertex 37.5 15.3227 23.6067
    endloop
  endfacet
  facet normal 1.90015e-05 -0.500149 0.865939
    outer loop
      vertex 34.6666 15.7325 23.8434
      vertex 33.0161 15.1971 23.5342
      vertex 35.3468 15.5561 23.7415
    endloop
  endfacet
  facet normal -3.19783e-06 -0.500011 0.866019
    outer loop
      vertex 34.0168 16.3319 24.1894
      vertex 33.0161 15.1971 23.5342
      vertex 34.0168 15.8989 23.9394
    endloop
  endfacet
  facet normal 0.0980012 -0.497516 0.861901
    outer loop
      vertex 37.5 20.572 25.9446
      vertex 36.4968 20.4028 25.961
      vertex 37.5 20.4218 25.8579
    endloop
  endfacet
  facet normal 0.093047 0.306451 0.947328
    outer loop
      vertex 37.5 20.4218 25.8579
      vertex 36.9513 20.2125 25.9795
      vertex 37.5 19.9748 26.0025
    endloop
  endfacet
  facet normal 0.0915714 0.309775 0.94639
    outer loop
      vertex 37.5 20.4218 25.8579
      vertex 36.8677 20.2476 25.9761
      vertex 36.9513 20.2125 25.9795
    endloop
  endfacet
  facet normal 0.0913637 0.310403 0.946204
    outer loop
      vertex 36.8677 20.2476 25.9761
      vertex 37.5 20.4218 25.8579
      vertex 36.4968 20.4028 25.961
    endloop
  endfacet
  facet normal -0.0980962 -0.497511 0.861893
    outer loop
      vertex 37.5 20.4218 25.8579
      vertex 38.0953 20.4716 25.9544
      vertex 37.5 20.572 25.9446
    endloop
  endfacet
  facet normal -0.0980159 -0.497972 0.861636
    outer loop
      vertex 38.0953 20.4716 25.9544
      vertex 37.5 20.4218 25.8579
      vertex 39.1871 20.2875 25.9722
    endloop
  endfacet
  facet normal -0.0399276 0.307541 0.950697
    outer loop
      vertex 37.5 20.4218 25.8579
      vertex 37.5 19.9748 26.0025
      vertex 39.1871 20.2875 25.9722
    endloop
  endfacet
  facet normal -0.471218 -0.441472 0.763581
    outer loop
      vertex 43.8474 19.3431 27.4585
      vertex 43.6465 19.3166 27.3192
      vertex 43.8474 19.2561 27.4082
    endloop
  endfacet
  facet normal -0.293457 0.336924 0.894632
    outer loop
      vertex 43.8474 19.2561 27.4082
      vertex 43.6661 19.2437 27.3534
      vertex 43.7287 19.0003 27.4656
    endloop
  endfacet
  facet normal -0.293316 0.340269 0.89341
    outer loop
      vertex 43.8474 19.2561 27.4082
      vertex 43.6465 19.3166 27.3192
      vertex 43.6661 19.2437 27.3534
    endloop
  endfacet
  facet normal -0.634295 -0.386537 0.669521
    outer loop
      vertex 45.1163 19.0175 28.473
      vertex 45.5787 18.478 28.5996
      vertex 45.5787 18.8989 28.8426
    endloop
  endfacet
  facet normal -0.634352 -0.386929 0.669241
    outer loop
      vertex 43.8474 19.2561 27.4082
      vertex 45.1163 19.0175 28.473
      vertex 43.8474 19.3431 27.4585
    endloop
  endfacet
  facet normal -0.634396 -0.386663 0.669353
    outer loop
      vertex 45.1163 19.0175 28.473
      vertex 43.8474 19.2561 27.4082
      vertex 45.5787 18.478 28.5996
    endloop
  endfacet
  facet normal -0.405899 0.371416 0.835042
    outer loop
      vertex 45.5787 18.478 28.5996
      vertex 44.1012 18.4859 27.8779
      vertex 45.1544 17.7969 28.6963
    endloop
  endfacet
  facet normal -0.405686 0.372597 0.83462
    outer loop
      vertex 44.1012 18.4859 27.8779
      vertex 45.5787 18.478 28.5996
      vertex 44.0762 18.5214 27.8499
    endloop
  endfacet
  facet normal -0.405184 0.37507 0.833756
    outer loop
      vertex 43.8474 19.2561 27.4082
      vertex 44.0762 18.5214 27.8499
      vertex 45.5787 18.478 28.5996
    endloop
  endfacet
  facet normal -0.405139 0.375091 0.833768
    outer loop
      vertex 44.0762 18.5214 27.8499
      vertex 43.8474 19.2561 27.4082
      vertex 43.7287 19.0003 27.4656
    endloop
  endfacet
  facet normal -0.77303 -0.317178 0.549384
    outer loop
      vertex 45.5787 18.478 28.5996
      vertex 46.9995 17.767 30.1883
      vertex 45.5787 18.8989 28.8426
    endloop
  endfacet
  facet normal -0.773023 -0.317291 0.549328
    outer loop
      vertex 46.9995 17.767 30.1883
      vertex 45.5787 18.478 28.5996
      vertex 46.9995 17.5447 30.0599
    endloop
  endfacet
  facet normal -0.502992 0.416065 0.757555
    outer loop
      vertex 46.9995 17.5447 30.0599
      vertex 45.1544 17.7969 28.6963
      vertex 46.677 17.1337 30.0715
    endloop
  endfacet
  facet normal -0.501602 0.419867 0.756378
    outer loop
      vertex 45.5787 18.478 28.5996
      vertex 45.1544 17.7969 28.6963
      vertex 46.9995 17.5447 30.0599
    endloop
  endfacet
  facet normal -0.881868 -0.235824 0.408284
    outer loop
      vertex 46.9995 17.767 30.1883
      vertex 46.9995 17.5447 30.0599
      vertex 47.3254 17.219 30.5757
    endloop
  endfacet
  facet normal -0.575734 0.476341 0.664552
    outer loop
      vertex 46.9995 17.5447 30.0599
      vertex 47.3067 17.213 30.5638
      vertex 47.3254 17.219 30.5757
    endloop
  endfacet
  facet normal -0.578884 0.472948 0.664239
    outer loop
      vertex 46.9995 17.5447 30.0599
      vertex 46.9063 17.0833 30.3072
      vertex 47.3067 17.213 30.5638
    endloop
  endfacet
  facet normal -0.578849 0.472955 0.664264
    outer loop
      vertex 46.9063 17.0833 30.3072
      vertex 46.9995 17.5447 30.0599
      vertex 46.677 17.1337 30.0715
    endloop
  endfacet
  facet normal -0.956953 -0.145944 0.250882
    outer loop
      vertex 48.7055 15.3501 33.5485
      vertex 48.4894 15.802 32.9871
      vertex 48.4338 15.8262 32.7891
    endloop
  endfacet
  facet normal -0.956912 -0.14518 0.251481
    outer loop
      vertex 48.4894 15.802 32.9871
      vertex 48.7055 15.3501 33.5485
      vertex 48.7055 15.7078 33.755
    endloop
  endfacet
  facet normal -0.636053 0.529482 0.561325
    outer loop
      vertex 48.325 15.5256 32.9518
      vertex 48.325 15.0091 33.439
      vertex 48.7055 15.3501 33.5485
    endloop
  endfacet
  facet normal -0.63372 0.532877 0.560751
    outer loop
      vertex 48.325 15.5256 32.9518
      vertex 48.4338 15.8262 32.7891
      vertex 48.325 15.594 32.8868
    endloop
  endfacet
  facet normal -0.633666 0.532886 0.560803
    outer loop
      vertex 48.4338 15.8262 32.7891
      vertex 48.325 15.5256 32.9518
      vertex 48.7055 15.3501 33.5485
    endloop
  endfacet
  facet normal -0.995191 -0.0489739 0.0848327
    outer loop
      vertex 48.7055 15.3501 33.5485
      vertex 48.755 15.5164 34.2252
      vertex 48.7055 15.7078 33.755
    endloop
  endfacet
  facet normal -0.995186 -0.0490445 0.0848497
    outer loop
      vertex 48.925 14.168 35.4397
      vertex 48.755 15.5164 34.2252
      vertex 48.7055 15.3501 33.5485
    endloop
  endfacet
  facet normal -0.995184 -0.0490109 0.0848869
    outer loop
      vertex 48.755 15.5164 34.2252
      vertex 48.925 14.168 35.4397
      vertex 48.925 14.601 35.6897
    endloop
  endfacet
  facet normal -0.667087 0.593588 0.450164
    outer loop
      vertex 48.325 13.699 35.169
      vertex 48.925 14.168 35.4397
      vertex 48.325 14.6541 33.9096
    endloop
  endfacet
  facet normal -0.66431 0.596716 0.450136
    outer loop
      vertex 48.325 14.6541 33.9096
      vertex 48.7055 15.3501 33.5485
      vertex 48.325 15.0091 33.439
    endloop
  endfacet
  facet normal -0.664351 0.59671 0.450083
    outer loop
      vertex 48.7055 15.3501 33.5485
      vertex 48.325 14.6541 33.9096
      vertex 48.925 14.168 35.4397
    endloop
  endfacet
  facet normal -0.66937 -0.662426 -0.336355
    outer loop
      vertex 48.925 14.601 35.6897
      vertex 48.7932 14.7452 35.668
      vertex 48.755 15.5164 34.2252
    endloop
  endfacet
  facet normal -0.66949 -0.662483 -0.336006
    outer loop
      vertex 48.7932 14.7452 35.668
      vertex 48.925 14.601 35.6897
      vertex 48.7954 14.7023 35.7482
    endloop
  endfacet
  facet normal -0.995186 0.049004 -0.084875
    outer loop
      vertex 48.925 14.168 35.4397
      vertex 48.7055 13.4189 37.5809
      vertex 48.925 14.601 35.6897
    endloop
  endfacet
  facet normal -0.995186 0.049004 -0.084875
    outer loop
      vertex 48.7055 13.4189 37.5809
      vertex 48.925 14.168 35.4397
      vertex 48.7055 12.9859 37.3309
    endloop
  endfacet
  facet normal -0.672384 0.659595 0.335908
    outer loop
      vertex 48.325 13.699 35.169
      vertex 48.325 12.7205 37.0904
      vertex 48.7055 12.9859 37.3309
    endloop
  endfacet
  facet normal -0.669468 0.662353 0.336304
    outer loop
      vertex 48.925 14.168 35.4397
      vertex 48.325 13.699 35.169
      vertex 48.7055 12.9859 37.3309
    endloop
  endfacet
  facet normal -0.664492 -0.596596 -0.450027
    outer loop
      vertex 48.7055 13.4189 37.5809
      vertex 48.7737 14.4785 36.0755
      vertex 48.925 14.601 35.6897
    endloop
  endfacet
  facet normal -0.66432 -0.596724 -0.45011
    outer loop
      vertex 48.7737 14.4785 36.0755
      vertex 48.7055 13.4189 37.5809
      vertex 48.6756 13.4457 37.5895
    endloop
  endfacet
  facet normal -0.667135 -0.593578 -0.450106
    outer loop
      vertex 48.925 14.601 35.6897
      vertex 48.7737 14.4785 36.0755
      vertex 48.7954 14.7023 35.7482
    endloop
  endfacet
  facet normal -0.956853 0.14529 -0.251642
    outer loop
      vertex 48.7055 12.9859 37.3309
      vertex 48.6513 13.324 37.7322
      vertex 48.7055 13.4189 37.5809
    endloop
  endfacet
  facet normal -0.956939 0.14505 -0.251451
    outer loop
      vertex 48.7055 12.9859 37.3309
      vertex 48.325 12.3905 38.4355
      vertex 48.6513 13.324 37.7322
    endloop
  endfacet
  facet normal -0.956938 0.145239 -0.251348
    outer loop
      vertex 48.325 12.3905 38.4355
      vertex 48.7055 12.9859 37.3309
      vertex 48.325 12.3192 38.3943
    endloop
  endfacet
  facet normal -0.648782 0.727308 0.223843
    outer loop
      vertex 48.325 12.7205 37.0904
      vertex 48.325 12.3192 38.3943
      vertex 48.7055 12.9859 37.3309
    endloop
  endfacet
  facet normal -0.633269 -0.532984 -0.561159
    outer loop
      vertex 48.7055 13.4189 37.5809
      vertex 48.6513 13.324 37.7322
      vertex 48.6666 13.401 37.6418
    endloop
  endfacet
  facet normal -0.635913 -0.529211 -0.561739
    outer loop
      vertex 48.7055 13.4189 37.5809
      vertex 48.6666 13.401 37.6418
      vertex 48.6756 13.4457 37.5895
    endloop
  endfacet
  facet normal -0.881906 0.235823 -0.408204
    outer loop
      vertex 47.6174 11.4089 39.8413
      vertex 47.2405 11.4652 40.6881
      vertex 47.6174 11.5363 39.9149
    endloop
  endfacet
  facet normal -0.881912 0.235796 -0.408205
    outer loop
      vertex 46.9995 10.7913 40.8195
      vertex 47.2405 11.4652 40.6881
      vertex 47.6174 11.4089 39.8413
    endloop
  endfacet
  facet normal -0.881866 0.235755 -0.408328
    outer loop
      vertex 47.2405 11.4652 40.6881
      vertex 46.9995 10.7913 40.8195
      vertex 46.9995 11.2243 41.0695
    endloop
  endfacet
  facet normal -0.606372 0.786727 0.115645
    outer loop
      vertex 47.1579 11.0128 40.1432
      vertex 46.677 10.5959 40.4578
      vertex 46.9995 10.7913 40.8195
    endloop
  endfacet
  facet normal -0.603156 0.788975 0.117135
    outer loop
      vertex 47.1579 11.0128 40.1432
      vertex 46.9995 10.7913 40.8195
      vertex 47.6174 11.4089 39.8413
    endloop
  endfacet
  facet normal -0.578942 -0.472681 -0.664378
    outer loop
      vertex 46.9995 11.2243 41.0695
      vertex 46.9171 11.3293 41.0666
      vertex 47.2405 11.4652 40.6881
    endloop
  endfacet
  facet normal -0.773021 0.317197 -0.549386
    outer loop
      vertex 46.9995 10.7913 40.8195
      vertex 45.5787 10.291 42.5298
      vertex 46.9995 11.2243 41.0695
    endloop
  endfacet
  facet normal -0.773019 0.317209 -0.549381
    outer loop
      vertex 45.5787 10.291 42.5298
      vertex 46.9995 10.7913 40.8195
      vertex 45.5787 9.85802 42.2798
    endloop
  endfacet
  facet normal -0.537477 0.843085 0.0180667
    outer loop
      vertex 46.2633 10.3266 40.78
      vertex 45.1544 9.6012 41.6416
      vertex 45.5787 9.85802 42.2798
    endloop
  endfacet
  facet normal -0.534434 0.844972 0.020045
    outer loop
      vertex 46.9995 10.7913 40.8195
      vertex 46.2633 10.3266 40.78
      vertex 45.5787 9.85802 42.2798
    endloop
  endfacet
  facet normal -0.534434 0.844973 0.0200367
    outer loop
      vertex 46.2633 10.3266 40.78
      vertex 46.9995 10.7913 40.8195
      vertex 46.677 10.5959 40.4578
    endloop
  endfacet
  facet normal -0.501685 -0.419754 -0.756386
    outer loop
      vertex 45.5787 10.291 42.5298
      vertex 46.5817 11.1672 41.3783
      vertex 46.9995 11.2243 41.0695
    endloop
  endfacet
  facet normal -0.501793 -0.419628 -0.756384
    outer loop
      vertex 46.5817 11.1672 41.3783
      vertex 45.5787 10.291 42.5298
      vertex 45.3911 10.5923 42.4871
    endloop
  endfacet
  facet normal -0.50314 -0.41577 -0.757618
    outer loop
      vertex 46.9995 11.2243 41.0695
      vertex 46.5817 11.1672 41.3783
      vertex 46.9171 11.3293 41.0666
    endloop
  endfacet
  facet normal -0.634388 0.386509 -0.669449
    outer loop
      vertex 43.8474 9.51295 43.7212
      vertex 45.5787 9.85802 42.2798
      vertex 43.8474 9.07994 43.4712
    endloop
  endfacet
  facet normal -0.634385 0.386531 -0.66944
    outer loop
      vertex 45.5787 9.85802 42.2798
      vertex 43.8474 9.51295 43.7212
      vertex 45.5787 10.291 42.5298
    endloop
  endfacet
  facet normal -0.448012 0.891586 -0.0660273
    outer loop
      vertex 45.1544 9.6012 41.6416
      vertex 43.6319 8.93801 43.0169
      vertex 43.8474 9.07994 43.4712
    endloop
  endfacet
  facet normal -0.445127 0.893213 -0.0635029
    outer loop
      vertex 43.8474 9.07994 43.4712
      vertex 45.5787 9.85802 42.2798
      vertex 45.1544 9.6012 41.6416
    endloop
  endfacet
  facet normal -0.405165 -0.375118 -0.833744
    outer loop
      vertex 43.8474 9.51295 43.7212
      vertex 44.7876 10.2682 42.9245
      vertex 45.5787 10.291 42.5298
    endloop
  endfacet
  facet normal -0.405136 -0.375152 -0.833742
    outer loop
      vertex 44.7876 10.2682 42.9245
      vertex 43.8474 9.51295 43.7212
      vertex 43.7542 9.71383 43.6761
    endloop
  endfacet
  facet normal -0.405974 -0.371128 -0.835134
    outer loop
      vertex 45.5787 10.291 42.5298
      vertex 44.7876 10.2682 42.9245
      vertex 45.3911 10.5923 42.4871
    endloop
  endfacet
  facet normal -0.471396 0.440963 -0.763766
    outer loop
      vertex 43.8474 9.07994 43.4712
      vertex 42.9411 9.23969 44.1228
      vertex 43.8474 9.51295 43.7212
    endloop
  endfacet
  facet normal -0.471443 0.440848 -0.763803
    outer loop
      vertex 42.6915 8.73142 43.9835
      vertex 42.9411 9.23969 44.1228
      vertex 43.8474 9.07994 43.4712
    endloop
  endfacet
  facet normal -0.471568 0.440883 -0.763706
    outer loop
      vertex 42.9411 9.23969 44.1228
      vertex 42.6915 8.73142 43.9835
      vertex 42.6915 9.07336 44.1809
    endloop
  endfacet
  facet normal -0.33875 0.931794 -0.130418
    outer loop
      vertex 43.6319 8.93801 43.0169
      vertex 42.6915 8.73142 43.9835
      vertex 43.8474 9.07994 43.4712
    endloop
  endfacet
  facet normal -0.293128 -0.340678 -0.893316
    outer loop
      vertex 43.8474 9.51295 43.7212
      vertex 42.9411 9.23969 44.1228
      vertex 43.4558 9.53969 43.8395
    endloop
  endfacet
  facet normal -0.293286 -0.336939 -0.894682
    outer loop
      vertex 43.8474 9.51295 43.7212
      vertex 43.4558 9.53969 43.8395
      vertex 43.7542 9.71383 43.6761
    endloop
  endfacet
  facet normal -0.290595 0.478374 -0.828681
    outer loop
      vertex 40.9832 8.32148 44.5639
      vertex 40.8957 8.73847 44.8353
      vertex 40.9832 8.71956 44.7937
    endloop
  endfacet
  facet normal -0.29025 0.478469 -0.828747
    outer loop
      vertex 39.7289 8.52467 45.1205
      vertex 40.9832 8.32148 44.5639
      vertex 39.7289 8.09165 44.8705
    endloop
  endfacet
  facet normal -0.290244 0.478486 -0.82874
    outer loop
      vertex 40.9832 8.32148 44.5639
      vertex 39.7289 8.52467 45.1205
      vertex 40.8957 8.73847 44.8353
    endloop
  endfacet
  facet normal -0.221409 0.958176 -0.181318
    outer loop
      vertex 40.3334 8.15513 44.4678
      vertex 39.6532 7.97869 44.366
      vertex 39.7289 8.09165 44.8705
    endloop
  endfacet
  facet normal -0.219269 0.959303 -0.177928
    outer loop
      vertex 40.3334 8.15513 44.4678
      vertex 39.7289 8.09165 44.8705
      vertex 40.9832 8.32148 44.5639
    endloop
  endfacet
  facet normal -0.169756 -0.317892 -0.932806
    outer loop
      vertex 39.7289 8.52467 45.1205
      vertex 39.6828 8.82541 45.0264
      vertex 40.8957 8.73847 44.8353
    endloop
  endfacet
  facet normal -0.0980345 0.497594 -0.861852
    outer loop
      vertex 37.5 8.34724 45.2716
      vertex 39.7289 8.09165 44.8705
      vertex 37.5 7.91423 45.0216
    endloop
  endfacet
  facet normal -0.0980363 0.497585 -0.861857
    outer loop
      vertex 39.7289 8.09165 44.8705
      vertex 37.5 8.34724 45.2716
      vertex 39.7289 8.52467 45.1205
    endloop
  endfacet
  facet normal -0.093047 0.973667 -0.208124
    outer loop
      vertex 37.5 7.74528 44.2312
      vertex 37.5 7.91423 45.0216
      vertex 39.0682 7.91624 44.3299
    endloop
  endfacet
  facet normal -0.09142 0.974589 -0.204498
    outer loop
      vertex 39.0682 7.91624 44.3299
      vertex 39.7289 8.09165 44.8705
      vertex 39.6532 7.97869 44.366
    endloop
  endfacet
  facet normal -0.0914389 0.974592 -0.204475
    outer loop
      vertex 39.7289 8.09165 44.8705
      vertex 39.0682 7.91624 44.3299
      vertex 37.5 7.91423 45.0216
    endloop
  endfacet
  facet normal -0.0399565 -0.307647 -0.950661
    outer loop
      vertex 37.5 8.34724 45.2716
      vertex 38.5249 8.8442 45.0677
      vertex 39.7289 8.52467 45.1205
    endloop
  endfacet
  facet normal -0.0399081 -0.307736 -0.950634
    outer loop
      vertex 38.5249 8.8442 45.0677
      vertex 37.5 8.34724 45.2716
      vertex 37.5 8.86127 45.1052
    endloop
  endfacet
  facet normal -0.0388839 -0.303817 -0.951937
    outer loop
      vertex 39.7289 8.52467 45.1205
      vertex 38.5249 8.8442 45.0677
      vertex 39.6828 8.82541 45.0264
    endloop
  endfacet
  facet normal 0.0980261 0.497594 -0.861853
    outer loop
      vertex 35.2711 7.95634 44.7924
      vertex 37.5 8.34724 45.2716
      vertex 37.5 7.91423 45.0216
    endloop
  endfacet
  facet normal 0.0980261 0.497594 -0.861853
    outer loop
      vertex 37.5 8.34724 45.2716
      vertex 35.2711 7.95634 44.7924
      vertex 35.2711 8.38935 45.0424
    endloop
  endfacet
  facet normal 0.0388901 0.976337 -0.212729
    outer loop
      vertex 35.3468 7.84338 44.2878
      vertex 35.2711 7.95634 44.7924
      vertex 37.5 7.74528 44.2312
    endloop
  endfacet
  facet normal 0.0399383 0.977129 -0.208864
    outer loop
      vertex 37.5 7.74528 44.2312
      vertex 35.2711 7.95634 44.7924
      vertex 37.5 7.91423 45.0216
    endloop
  endfacet
  facet normal 0.0914434 -0.310224 -0.946255
    outer loop
      vertex 35.2711 8.38935 45.0424
      vertex 36.2769 8.81363 45.0005
      vertex 37.5 8.34724 45.2716
    endloop
  endfacet
  facet normal 0.091464 -0.310271 -0.946238
    outer loop
      vertex 36.2769 8.81363 45.0005
      vertex 35.2711 8.38935 45.0424
      vertex 35.3306 8.77743 44.9209
    endloop
  endfacet
  facet normal 0.093032 -0.306646 -0.947266
    outer loop
      vertex 37.5 8.34724 45.2716
      vertex 36.2769 8.81363 45.0005
      vertex 37.5 8.86127 45.1052
    endloop
  endfacet
  facet normal 0.290298 0.47847 -0.82873
    outer loop
      vertex 34.0168 8.10698 44.44
      vertex 35.2711 8.38935 45.0424
      vertex 35.2711 7.95634 44.7924
    endloop
  endfacet
  facet normal 0.290298 0.47847 -0.82873
    outer loop
      vertex 35.2711 8.38935 45.0424
      vertex 34.0168 8.10698 44.44
      vertex 34.0168 8.53999 44.69
    endloop
  endfacet
  facet normal 0.169764 0.966806 -0.190962
    outer loop
      vertex 35.3468 7.84338 44.2878
      vertex 34.0168 8.10698 44.44
      vertex 35.2711 7.95634 44.7924
    endloop
  endfacet
  facet normal 0.219337 -0.325401 -0.919786
    outer loop
      vertex 35.2711 8.38935 45.0424
      vertex 34.0168 8.53999 44.69
      vertex 34.6666 8.70635 44.7861
    endloop
  endfacet
  facet normal 0.221371 -0.322116 -0.920454
    outer loop
      vertex 35.2711 8.38935 45.0424
      vertex 34.7175 8.71956 44.7937
      vertex 35.3306 8.77743 44.9209
    endloop
  endfacet
  facet normal 0.221119 -0.322486 -0.920385
    outer loop
      vertex 34.7175 8.71956 44.7937
      vertex 35.2711 8.38935 45.0424
      vertex 34.6666 8.70635 44.7861
    endloop
  endfacet
  facet normal 0.471388 0.440958 -0.763774
    outer loop
      vertex 31.1526 8.67399 43.2369
      vertex 32.3085 8.83767 44.0448
      vertex 32.3085 8.40465 43.7948
    endloop
  endfacet
  facet normal 0.471384 0.440966 -0.763771
    outer loop
      vertex 32.3085 8.83767 44.0448
      vertex 31.1526 8.67399 43.2369
      vertex 31.1526 9.107 43.4869
    endloop
  endfacet
  facet normal 0.293235 0.943298 -0.155568
    outer loop
      vertex 31.3681 8.53206 42.7825
      vertex 31.1526 8.67399 43.2369
      vertex 31.8491 8.46803 43.3009
    endloop
  endfacet
  facet normal 0.29307 0.944018 -0.151457
    outer loop
      vertex 31.8491 8.46803 43.3009
      vertex 31.1526 8.67399 43.2369
      vertex 32.3085 8.40465 43.7948
    endloop
  endfacet
  facet normal 0.338689 -0.353039 -0.872154
    outer loop
      vertex 31.1526 9.107 43.4869
      vertex 31.4677 9.49378 43.4527
      vertex 32.3085 8.83767 44.0448
    endloop
  endfacet
  facet normal 0.338732 -0.353072 -0.872124
    outer loop
      vertex 31.4677 9.49378 43.4527
      vertex 31.1526 9.107 43.4869
      vertex 31.3603 9.55451 43.3864
    endloop
  endfacet
  facet normal 0.634405 0.386502 -0.669437
    outer loop
      vertex 29.4213 9.31675 41.9673
      vertex 31.1526 9.107 43.4869
      vertex 31.1526 8.67399 43.2369
    endloop
  endfacet
  facet normal 0.634405 0.386502 -0.669437
    outer loop
      vertex 31.1526 9.107 43.4869
      vertex 29.4213 9.31675 41.9673
      vertex 29.4213 9.74976 42.2173
    endloop
  endfacet
  facet normal 0.405892 0.908876 -0.0958909
    outer loop
      vertex 29.8456 9.05993 41.3291
      vertex 29.4213 9.31675 41.9673
      vertex 30.9545 8.67645 42.3882
    endloop
  endfacet
  facet normal 0.405197 0.909594 -0.0919428
    outer loop
      vertex 30.9545 8.67645 42.3882
      vertex 31.1526 8.67399 43.2369
      vertex 31.3681 8.53206 42.7825
    endloop
  endfacet
  facet normal 0.405119 0.909631 -0.0919245
    outer loop
      vertex 31.1526 8.67399 43.2369
      vertex 30.9545 8.67645 42.3882
      vertex 29.4213 9.31675 41.9673
    endloop
  endfacet
  facet normal 0.445155 -0.391592 -0.80529
    outer loop
      vertex 29.4213 9.74976 42.2173
      vertex 30.0365 10.2375 42.3202
      vertex 31.1526 9.107 43.4869
    endloop
  endfacet
  facet normal 0.445194 -0.391651 -0.80524
    outer loop
      vertex 30.0365 10.2375 42.3202
      vertex 29.4213 9.74976 42.2173
      vertex 29.8009 10.3591 42.1308
    endloop
  endfacet
  facet normal 0.447926 -0.388711 -0.80515
    outer loop
      vertex 31.1526 9.107 43.4869
      vertex 30.0365 10.2375 42.3202
      vertex 31.3603 9.55451 43.3864
    endloop
  endfacet
  facet normal 0.773022 0.317191 -0.549388
    outer loop
      vertex 29.4213 9.31675 41.9673
      vertex 28.0005 10.5478 40.6789
      vertex 29.4213 9.74976 42.2173
    endloop
  endfacet
  facet normal 0.773015 0.317146 -0.549424
    outer loop
      vertex 28.0005 10.5478 40.6789
      vertex 29.4213 9.31675 41.9673
      vertex 28.0005 10.1147 40.4289
    endloop
  endfacet
  facet normal 0.502944 0.864124 -0.0183626
    outer loop
      vertex 28.323 9.91931 40.0672
      vertex 28.0005 10.1147 40.4289
      vertex 29.8456 9.05993 41.3291
    endloop
  endfacet
  facet normal 0.501596 0.864979 -0.0145983
    outer loop
      vertex 29.4213 9.31675 41.9673
      vertex 29.8456 9.05993 41.3291
      vertex 28.0005 10.1147 40.4289
    endloop
  endfacet
  facet normal 0.534416 -0.43987 -0.721744
    outer loop
      vertex 28.0005 10.5478 40.6789
      vertex 28.7367 10.8143 41.0616
      vertex 29.4213 9.74976 42.2173
    endloop
  endfacet
  facet normal 0.534414 -0.439818 -0.721777
    outer loop
      vertex 28.7367 10.8143 41.0616
      vertex 28.0005 10.5478 40.6789
      vertex 28.323 10.9587 40.6673
    endloop
  endfacet
  facet normal 0.537462 -0.437189 -0.721111
    outer loop
      vertex 29.4213 9.74976 42.2173
      vertex 29.0283 10.7135 41.3401
      vertex 29.8009 10.3591 42.1308
    endloop
  endfacet
  facet normal 0.537581 -0.437105 -0.721073
    outer loop
      vertex 29.0283 10.7135 41.3401
      vertex 29.4213 9.74976 42.2173
      vertex 28.7367 10.8143 41.0616
    endloop
  endfacet
  facet normal 0.881899 0.235684 -0.408298
    outer loop
      vertex 28.0005 10.1147 40.4289
      vertex 27.3826 11.0861 39.655
      vertex 28.0005 10.5478 40.6789
    endloop
  endfacet
  facet normal 0.881907 0.235717 -0.408262
    outer loop
      vertex 27.3826 11.0861 39.655
      vertex 28.0005 10.1147 40.4289
      vertex 27.3826 10.6531 39.405
    endloop
  endfacet
  facet normal 0.578805 0.811769 0.0775591
    outer loop
      vertex 28.323 9.91931 40.0672
      vertex 27.3826 10.6531 39.405
      vertex 28.0005 10.1147 40.4289
    endloop
  endfacet
  facet normal 0.603166 -0.495908 -0.624713
    outer loop
      vertex 28.0005 10.5478 40.6789
      vertex 27.3826 11.0861 39.655
      vertex 27.8421 11.0228 40.1489
    endloop
  endfacet
  facet normal 0.606359 -0.493511 -0.623519
    outer loop
      vertex 28.0005 10.5478 40.6789
      vertex 27.8421 11.0228 40.1489
      vertex 28.323 10.9587 40.6673
    endloop
  endfacet
  facet normal 0.95693 0.145138 -0.251437
    outer loop
      vertex 26.675 11.4511 37.8931
      vertex 26.2945 12.4717 37.0341
      vertex 26.675 11.8842 38.1431
    endloop
  endfacet
  facet normal 0.956933 0.145158 -0.251414
    outer loop
      vertex 26.2945 12.4717 37.0341
      vertex 26.675 11.4511 37.8931
      vertex 26.2945 12.0387 36.7841
    endloop
  endfacet
  facet normal 0.636124 0.750825 0.17779
    outer loop
      vertex 26.675 11.7733 36.5435
      vertex 26.2945 12.0387 36.7841
      vertex 26.675 11.6097 37.2344
    endloop
  endfacet
  facet normal 0.633667 0.752112 0.181091
    outer loop
      vertex 26.675 11.6097 37.2344
      vertex 26.2945 12.0387 36.7841
      vertex 26.675 11.4511 37.8931
    endloop
  endfacet
  facet normal 0.648733 -0.557558 -0.517952
    outer loop
      vertex 26.675 11.8842 38.1431
      vertex 26.2945 12.4717 37.0341
      vertex 26.675 12.8127 37.1436
    endloop
  endfacet
  facet normal 0.995186 0.0490025 -0.0848723
    outer loop
      vertex 26.2945 12.0387 36.7841
      vertex 26.075 13.5185 35.0647
      vertex 26.2945 12.4717 37.0341
    endloop
  endfacet
  facet normal 0.995186 0.0490025 -0.0848723
    outer loop
      vertex 26.075 13.5185 35.0647
      vertex 26.2945 12.0387 36.7841
      vertex 26.075 13.0855 34.8147
    endloop
  endfacet
  facet normal 0.667099 0.686639 0.288975
    outer loop
      vertex 26.675 12.6165 34.544
      vertex 26.075 13.0855 34.8147
      vertex 26.675 12.0034 36.0008
    endloop
  endfacet
  facet normal 0.664409 0.688076 0.291738
    outer loop
      vertex 26.675 12.0034 36.0008
      vertex 26.2945 12.0387 36.7841
      vertex 26.675 11.7733 36.5435
    endloop
  endfacet
  facet normal 0.664366 0.688128 0.291715
    outer loop
      vertex 26.2945 12.0387 36.7841
      vertex 26.675 12.0034 36.0008
      vertex 26.075 13.0855 34.8147
    endloop
  endfacet
  facet normal 0.669444 -0.622449 -0.405465
    outer loop
      vertex 26.2945 12.4717 37.0341
      vertex 26.075 13.5185 35.0647
      vertex 26.675 13.9874 35.3355
    endloop
  endfacet
  facet normal 0.67235 -0.620733 -0.403282
    outer loop
      vertex 26.2945 12.4717 37.0341
      vertex 26.675 13.9874 35.3355
      vertex 26.675 12.8127 37.1436
    endloop
  endfacet
  facet normal 0.995186 -0.0490044 0.0848756
    outer loop
      vertex 26.075 13.0855 34.8147
      vertex 26.2945 14.5653 33.0954
      vertex 26.075 13.5185 35.0647
    endloop
  endfacet
  facet normal 0.995186 -0.0490044 0.0848756
    outer loop
      vertex 26.2945 14.5653 33.0954
      vertex 26.075 13.0855 34.8147
      vertex 26.2945 14.1323 32.8454
    endloop
  endfacet
  facet normal 0.672439 0.620664 0.403238
    outer loop
      vertex 26.675 13.7912 32.7359
      vertex 26.2945 14.1323 32.8454
      vertex 26.675 12.6165 34.544
    endloop
  endfacet
  facet normal 0.669463 0.622423 0.405474
    outer loop
      vertex 26.2945 14.1323 32.8454
      vertex 26.075 13.0855 34.8147
      vertex 26.675 12.6165 34.544
    endloop
  endfacet
  facet normal 0.664378 -0.688114 -0.291721
    outer loop
      vertex 26.2945 14.5653 33.0954
      vertex 26.675 14.6006 33.8787
      vertex 26.075 13.5185 35.0647
    endloop
  endfacet
  facet normal 0.664288 -0.688221 -0.291673
    outer loop
      vertex 26.675 14.6006 33.8787
      vertex 26.2945 14.5653 33.0954
      vertex 26.675 14.8306 33.336
    endloop
  endfacet
  facet normal 0.667065 -0.68665 -0.289027
    outer loop
      vertex 26.675 14.6006 33.8787
      vertex 26.675 13.9874 35.3355
      vertex 26.075 13.5185 35.0647
    endloop
  endfacet
  facet normal 0.956935 -0.145154 0.251407
    outer loop
      vertex 26.2945 14.1323 32.8454
      vertex 26.675 15.1528 31.9863
      vertex 26.2945 14.5653 33.0954
    endloop
  endfacet
  facet normal 0.956935 -0.145154 0.251407
    outer loop
      vertex 26.675 15.1528 31.9863
      vertex 26.2945 14.1323 32.8454
      vertex 26.675 14.7198 31.7363
    endloop
  endfacet
  facet normal 0.648818 0.557504 0.517905
    outer loop
      vertex 26.675 14.7198 31.7363
      vertex 26.2945 14.1323 32.8454
      vertex 26.675 13.7912 32.7359
    endloop
  endfacet
  facet normal 0.633784 -0.752051 -0.180935
    outer loop
      vertex 26.675 14.9943 32.6451
      vertex 26.2945 14.5653 33.0954
      vertex 26.675 15.1528 31.9863
    endloop
  endfacet
  facet normal 0.636035 -0.750871 -0.177909
    outer loop
      vertex 26.675 14.8306 33.336
      vertex 26.2945 14.5653 33.0954
      vertex 26.675 14.9943 32.6451
    endloop
  endfacet
  facet normal 0.881907 -0.235717 0.408262
    outer loop
      vertex 27.3826 15.5178 30.2244
      vertex 28.0005 16.4892 29.4505
      vertex 27.3826 15.9508 30.4744
    endloop
  endfacet
  facet normal 0.881907 -0.235717 0.408262
    outer loop
      vertex 28.0005 16.4892 29.4505
      vertex 27.3826 15.5178 30.2244
      vertex 28.0005 16.0562 29.2005
    endloop
  endfacet
  facet normal 0.606438 0.493452 0.623489
    outer loop
      vertex 28.0005 16.0562 29.2005
      vertex 27.8421 15.5812 29.7305
      vertex 28.323 15.6452 29.2121
    endloop
  endfacet
  facet normal 0.603083 0.49597 0.624744
    outer loop
      vertex 28.0005 16.0562 29.2005
      vertex 27.3826 15.5178 30.2244
      vertex 27.8421 15.5812 29.7305
    endloop
  endfacet
  facet normal 0.578816 -0.811763 -0.0775494
    outer loop
      vertex 28.323 16.6846 29.8122
      vertex 27.3826 15.9508 30.4744
      vertex 28.0005 16.4892 29.4505
    endloop
  endfacet
  facet normal 0.773018 -0.317199 0.549389
    outer loop
      vertex 28.0005 16.0562 29.2005
      vertex 29.4213 17.2872 27.9121
      vertex 28.0005 16.4892 29.4505
    endloop
  endfacet
  facet normal 0.773018 -0.317199 0.549389
    outer loop
      vertex 29.4213 17.2872 27.9121
      vertex 28.0005 16.0562 29.2005
      vertex 29.4213 16.8542 27.6621
    endloop
  endfacet
  facet normal 0.537459 0.437197 0.721108
    outer loop
      vertex 29.4213 16.8542 27.6621
      vertex 28.7367 15.7896 28.8178
      vertex 29.8456 16.1731 27.7588
    endloop
  endfacet
  facet normal 0.534457 0.439819 0.721745
    outer loop
      vertex 28.0005 16.0562 29.2005
      vertex 28.7367 15.7896 28.8178
      vertex 29.4213 16.8542 27.6621
    endloop
  endfacet
  facet normal 0.534455 0.439743 0.721792
    outer loop
      vertex 28.7367 15.7896 28.8178
      vertex 28.0005 16.0562 29.2005
      vertex 28.323 15.6452 29.2121
    endloop
  endfacet
  facet normal 0.501597 -0.864979 0.0145707
    outer loop
      vertex 29.4213 17.2872 27.9121
      vertex 29.8456 17.544 28.5503
      vertex 28.0005 16.4892 29.4505
    endloop
  endfacet
  facet normal 0.502957 -0.864116 0.0183703
    outer loop
      vertex 28.323 16.6846 29.8122
      vertex 28.0005 16.4892 29.4505
      vertex 29.8456 17.544 28.5503
    endloop
  endfacet
  facet normal 0.634389 -0.386448 0.669483
    outer loop
      vertex 29.4213 17.2872 27.9121
      vertex 31.1526 17.4969 26.3926
      vertex 31.1526 17.93 26.6426
    endloop
  endfacet
  facet normal 0.634374 -0.386522 0.669456
    outer loop
      vertex 31.1526 17.4969 26.3926
      vertex 29.4213 17.2872 27.9121
      vertex 29.4213 16.8542 27.6621
    endloop
  endfacet
  facet normal 0.448052 0.38857 0.805148
    outer loop
      vertex 31.1526 17.4969 26.3926
      vertex 29.8456 16.1731 27.7588
      vertex 31.3681 17.0325 26.4968
    endloop
  endfacet
  facet normal 0.445115 0.391623 0.805297
    outer loop
      vertex 29.4213 16.8542 27.6621
      vertex 29.8456 16.1731 27.7588
      vertex 31.1526 17.4969 26.3926
    endloop
  endfacet
  facet normal 0.405104 -0.909642 0.0918783
    outer loop
      vertex 31.1526 17.93 26.6426
      vertex 30.9545 17.9275 27.4913
      vertex 29.4213 17.2872 27.9121
    endloop
  endfacet
  facet normal 0.405202 -0.909596 0.0919012
    outer loop
      vertex 30.9545 17.9275 27.4913
      vertex 31.1526 17.93 26.6426
      vertex 31.3681 18.0719 27.0969
    endloop
  endfacet
  facet normal 0.405883 -0.908883 0.0958709
    outer loop
      vertex 29.8456 17.544 28.5503
      vertex 29.4213 17.2872 27.9121
      vertex 30.9545 17.9275 27.4913
    endloop
  endfacet
  facet normal 0.471427 -0.440962 0.763747
    outer loop
      vertex 31.1526 17.93 26.6426
      vertex 32.3085 17.7663 25.8346
      vertex 32.3085 18.1993 26.0846
    endloop
  endfacet
  facet normal 0.471459 -0.440877 0.763776
    outer loop
      vertex 32.3085 17.7663 25.8346
      vertex 31.1526 17.93 26.6426
      vertex 31.1526 17.4969 26.3926
    endloop
  endfacet
  facet normal 0.338784 0.352903 0.872173
    outer loop
      vertex 32.3085 17.7663 25.8346
      vertex 31.1526 17.4969 26.3926
      vertex 31.3681 17.0325 26.4968
    endloop
  endfacet
  facet normal 0.292989 -0.944068 0.151307
    outer loop
      vertex 31.8491 18.1359 26.5786
      vertex 31.1526 17.93 26.6426
      vertex 32.3085 18.1993 26.0846
    endloop
  endfacet
  facet normal 0.293161 -0.943319 0.155582
    outer loop
      vertex 31.3681 18.0719 27.0969
      vertex 31.1526 17.93 26.6426
      vertex 31.8491 18.1359 26.5786
    endloop
  endfacet
  facet normal 0.290223 -0.47849 0.828745
    outer loop
      vertex 34.0168 18.497 25.4394
      vertex 35.2711 18.2146 24.8371
      vertex 35.2711 18.6476 25.0871
    endloop
  endfacet
  facet normal 0.290223 -0.47849 0.828745
    outer loop
      vertex 35.2711 18.2146 24.8371
      vertex 34.0168 18.497 25.4394
      vertex 34.0168 18.064 25.1894
    endloop
  endfacet
  facet normal 0.221406 0.322016 0.920481
    outer loop
      vertex 35.2711 18.2146 24.8371
      vertex 34.6666 17.8976 25.0934
      vertex 35.3468 17.7212 24.9915
    endloop
  endfacet
  facet normal 0.219248 0.325546 0.919756
    outer loop
      vertex 35.2711 18.2146 24.8371
      vertex 34.0168 18.064 25.1894
      vertex 34.6666 17.8976 25.0934
    endloop
  endfacet
  facet normal 0.169747 -0.966787 0.191074
    outer loop
      vertex 35.3468 18.7606 25.5916
      vertex 34.0168 18.497 25.4394
      vertex 35.2711 18.6476 25.0871
    endloop
  endfacet
  facet normal 0.0980236 -0.497603 0.861848
    outer loop
      vertex 35.2711 18.6476 25.0871
      vertex 37.5 18.2567 24.6079
      vertex 37.5 18.6897 24.8579
    endloop
  endfacet
  facet normal 0.0980236 -0.497603 0.861848
    outer loop
      vertex 37.5 18.2567 24.6079
      vertex 35.2711 18.6476 25.0871
      vertex 35.2711 18.2146 24.8371
    endloop
  endfacet
  facet normal 0.093043 0.306492 0.947315
    outer loop
      vertex 37.5 18.2567 24.6079
      vertex 35.9318 17.6587 24.9554
      vertex 37.5 17.4877 24.8567
    endloop
  endfacet
  facet normal 0.0914526 0.310074 0.946303
    outer loop
      vertex 35.2711 18.2146 24.8371
      vertex 35.9318 17.6587 24.9554
      vertex 37.5 18.2567 24.6079
    endloop
  endfacet
  facet normal 0.0915303 0.310159 0.946268
    outer loop
      vertex 35.9318 17.6587 24.9554
      vertex 35.2711 18.2146 24.8371
      vertex 35.3468 17.7212 24.9915
    endloop
  endfacet
  facet normal 0.0399422 -0.977111 0.208948
    outer loop
      vertex 37.5 18.8587 25.6482
      vertex 35.2711 18.6476 25.0871
      vertex 37.5 18.6897 24.8579
    endloop
  endfacet
  facet normal 0.038886 -0.976312 0.212844
    outer loop
      vertex 35.3468 18.7606 25.5916
      vertex 35.2711 18.6476 25.0871
      vertex 37.5 18.8587 25.6482
    endloop
  endfacet
  facet normal -0.0979921 -0.497605 0.861851
    outer loop
      vertex 37.5 18.2567 24.6079
      vertex 39.7289 18.5123 25.0089
      vertex 37.5 18.6897 24.8579
    endloop
  endfacet
  facet normal -0.0979921 -0.497605 0.861851
    outer loop
      vertex 39.7289 18.5123 25.0089
      vertex 37.5 18.2567 24.6079
      vertex 39.7289 18.0793 24.7589
    endloop
  endfacet
  facet normal -0.038915 0.303976 0.951885
    outer loop
      vertex 39.7289 18.0793 24.7589
      vertex 37.5 17.4877 24.8567
      vertex 39.6532 17.5858 24.9134
    endloop
  endfacet
  facet normal -0.0399248 0.307581 0.950684
    outer loop
      vertex 37.5 18.2567 24.6079
      vertex 37.5 17.4877 24.8567
      vertex 39.7289 18.0793 24.7589
    endloop
  endfacet
  facet normal -0.0913685 -0.974584 0.204541
    outer loop
      vertex 39.0682 18.6877 25.5495
      vertex 39.7289 18.5123 25.0089
      vertex 39.6532 18.6253 25.5135
    endloop
  endfacet
  facet normal -0.0914214 -0.974592 0.204479
    outer loop
      vertex 39.7289 18.5123 25.0089
      vertex 39.0682 18.6877 25.5495
      vertex 37.5 18.6897 24.8579
    endloop
  endfacet
  facet normal -0.0930644 -0.973647 0.208207
    outer loop
      vertex 37.5 18.8587 25.6482
      vertex 37.5 18.6897 24.8579
      vertex 39.0682 18.6877 25.5495
    endloop
  endfacet
  facet normal -0.290301 -0.478478 0.828724
    outer loop
      vertex 39.7289 18.0793 24.7589
      vertex 40.9832 18.2825 25.3156
      vertex 39.7289 18.5123 25.0089
    endloop
  endfacet
  facet normal -0.290332 -0.478391 0.828764
    outer loop
      vertex 40.9832 18.2825 25.3156
      vertex 39.7289 18.0793 24.7589
      vertex 40.9832 17.8494 25.0656
    endloop
  endfacet
  facet normal -0.169777 0.318058 0.932746
    outer loop
      vertex 39.7289 18.0793 24.7589
      vertex 39.6532 17.5858 24.9134
      vertex 40.9832 17.8494 25.0656
    endloop
  endfacet
  facet normal -0.219242 -0.959326 0.177837
    outer loop
      vertex 40.3334 18.4488 25.4116
      vertex 39.7289 18.5123 25.0089
      vertex 40.9832 18.2825 25.3156
    endloop
  endfacet
  facet normal -0.221458 -0.958159 0.181347
    outer loop
      vertex 40.3334 18.4488 25.4116
      vertex 39.6532 18.6253 25.5135
      vertex 39.7289 18.5123 25.0089
    endloop
  endfacet
  facet normal -0.471389 -0.440972 0.763764
    outer loop
      vertex 42.6915 17.4395 25.646
      vertex 43.8474 17.524 26.4082
      vertex 42.6915 17.8725 25.896
    endloop
  endfacet
  facet normal -0.471389 -0.440972 0.763764
    outer loop
      vertex 43.8474 17.524 26.4082
      vertex 42.6915 17.4395 25.646
      vertex 43.8474 17.091 26.1582
    endloop
  endfacet
  facet normal -0.293292 0.336962 0.894671
    outer loop
      vertex 43.8474 17.091 26.1582
      vertex 43.1509 17.0434 25.9478
      vertex 43.6319 16.6265 26.2625
    endloop
  endfacet
  facet normal -0.293137 0.340663 0.893319
    outer loop
      vertex 43.8474 17.091 26.1582
      vertex 42.6915 17.4395 25.646
      vertex 43.1509 17.0434 25.9478
    endloop
  endfacet
  facet normal -0.338704 -0.931819 0.130357
    outer loop
      vertex 43.6319 17.6659 26.8626
      vertex 42.6915 17.8725 25.896
      vertex 43.8474 17.524 26.4082
    endloop
  endfacet
  facet normal -0.634391 -0.386515 0.669443
    outer loop
      vertex 43.8474 17.091 26.1582
      vertex 45.5787 16.7459 27.5996
      vertex 43.8474 17.524 26.4082
    endloop
  endfacet
  facet normal -0.634391 -0.386515 0.669443
    outer loop
      vertex 45.5787 16.7459 27.5996
      vertex 43.8474 17.091 26.1582
      vertex 45.5787 16.3129 27.3496
    endloop
  endfacet
  facet normal -0.405873 0.371403 0.835061
    outer loop
      vertex 45.5787 16.3129 27.3496
      vertex 44.0455 16.3572 26.5847
      vertex 45.1544 15.6318 27.4463
    endloop
  endfacet
  facet normal -0.405099 0.375219 0.83373
    outer loop
      vertex 43.8474 17.091 26.1582
      vertex 44.0455 16.3572 26.5847
      vertex 45.5787 16.3129 27.3496
    endloop
  endfacet
  facet normal -0.405182 0.375183 0.833706
    outer loop
      vertex 44.0455 16.3572 26.5847
      vertex 43.8474 17.091 26.1582
      vertex 43.6319 16.6265 26.2625
    endloop
  endfacet
  facet normal -0.445123 -0.893217 0.0634792
    outer loop
      vertex 45.5787 16.7459 27.5996
      vertex 45.1544 17.0027 28.2378
      vertex 43.8474 17.524 26.4082
    endloop
  endfacet
  facet normal -0.447977 -0.891607 0.065977
    outer loop
      vertex 45.1544 17.0027 28.2378
      vertex 43.6319 17.6659 26.8626
      vertex 43.8474 17.524 26.4082
    endloop
  endfacet
  facet normal -0.773021 -0.317197 0.549386
    outer loop
      vertex 45.5787 16.3129 27.3496
      vertex 46.9995 15.8126 29.0599
      vertex 45.5787 16.7459 27.5996
    endloop
  endfacet
  facet normal -0.773021 -0.317197 0.549386
    outer loop
      vertex 46.9995 15.8126 29.0599
      vertex 45.5787 16.3129 27.3496
      vertex 46.9995 15.3796 28.8099
    endloop
  endfacet
  facet normal -0.502992 0.416065 0.757555
    outer loop
      vertex 46.9995 15.3796 28.8099
      vertex 45.1544 15.6318 27.4463
      vertex 46.677 14.9686 28.8215
    endloop
  endfacet
  facet normal -0.501602 0.419867 0.756378
    outer loop
      vertex 45.5787 16.3129 27.3496
      vertex 45.1544 15.6318 27.4463
      vertex 46.9995 15.3796 28.8099
    endloop
  endfacet
  facet normal -0.534427 -0.844983 -0.0197916
    outer loop
      vertex 46.2633 16.2773 29.0994
      vertex 46.9995 15.8126 29.0599
      vertex 46.677 16.0081 29.4216
    endloop
  endfacet
  facet normal -0.534434 -0.844972 -0.020056
    outer loop
      vertex 46.9995 15.8126 29.0599
      vertex 46.2633 16.2773 29.0994
      vertex 45.5787 16.7459 27.5996
    endloop
  endfacet
  facet normal -0.537467 -0.843091 -0.0180842
    outer loop
      vertex 46.2633 16.2773 29.0994
      vertex 45.1544 17.0027 28.2378
      vertex 45.5787 16.7459 27.5996
    endloop
  endfacet
  facet normal -0.881902 -0.235721 0.40827
    outer loop
      vertex 46.9995 15.3796 28.8099
      vertex 47.6174 15.1951 30.0381
      vertex 46.9995 15.8126 29.0599
    endloop
  endfacet
  facet normal -0.88191 -0.235673 0.408281
    outer loop
      vertex 47.6174 15.1951 30.0381
      vertex 46.9995 15.3796 28.8099
      vertex 47.6174 14.762 29.7881
    endloop
  endfacet
  facet normal -0.578856 0.472959 0.664256
    outer loop
      vertex 46.9995 15.3796 28.8099
      vertex 46.677 14.9686 28.8215
      vertex 47.6174 14.762 29.7881
    endloop
  endfacet
  facet normal -0.603024 -0.789068 -0.117196
    outer loop
      vertex 47.1579 15.5911 29.7362
      vertex 46.9995 15.8126 29.0599
      vertex 47.6174 15.1951 30.0381
    endloop
  endfacet
  facet normal -0.606498 -0.786639 -0.115587
    outer loop
      vertex 47.1579 15.5911 29.7362
      vertex 46.677 16.0081 29.4216
      vertex 46.9995 15.8126 29.0599
    endloop
  endfacet
  facet normal -0.956937 -0.145152 0.251403
    outer loop
      vertex 48.325 13.8518 31.2351
      vertex 48.7055 13.6181 32.5485
      vertex 48.325 14.2848 31.4851
    endloop
  endfacet
  facet normal -0.95694 -0.145122 0.251409
    outer loop
      vertex 48.7055 13.6181 32.5485
      vertex 48.325 13.8518 31.2351
      vertex 48.7055 13.185 32.2985
    endloop
  endfacet
  facet normal -0.636053 0.529482 0.561325
    outer loop
      vertex 48.325 13.3605 31.7018
      vertex 48.325 12.844 32.189
      vertex 48.7055 13.185 32.2985
    endloop
  endfacet
  facet normal -0.633766 0.532744 0.560825
    outer loop
      vertex 48.325 13.8518 31.2351
      vertex 48.325 13.3605 31.7018
      vertex 48.7055 13.185 32.2985
    endloop
  endfacet
  facet normal -0.648714 -0.727352 -0.223895
    outer loop
      vertex 48.7055 13.6181 32.5485
      vertex 48.325 13.8834 32.7891
      vertex 48.325 14.2848 31.4851
    endloop
  endfacet
  facet normal -0.995186 -0.0489946 0.0848783
    outer loop
      vertex 48.7055 13.185 32.2985
      vertex 48.925 12.4359 34.4397
      vertex 48.7055 13.6181 32.5485
    endloop
  endfacet
  facet normal -0.995186 -0.049004 0.084875
    outer loop
      vertex 48.925 12.4359 34.4397
      vertex 48.7055 13.185 32.2985
      vertex 48.925 12.0029 34.1897
    endloop
  endfacet
  facet normal -0.667035 0.593649 0.450162
    outer loop
      vertex 48.325 12.489 32.6596
      vertex 48.325 11.534 33.919
      vertex 48.925 12.0029 34.1897
    endloop
  endfacet
  facet normal -0.66431 0.596716 0.450136
    outer loop
      vertex 48.325 12.489 32.6596
      vertex 48.7055 13.185 32.2985
      vertex 48.325 12.844 32.189
    endloop
  endfacet
  facet normal -0.664351 0.59671 0.450083
    outer loop
      vertex 48.7055 13.185 32.2985
      vertex 48.325 12.489 32.6596
      vertex 48.925 12.0029 34.1897
    endloop
  endfacet
  facet normal -0.6695 -0.662317 -0.336313
    outer loop
      vertex 48.925 12.4359 34.4397
      vertex 48.325 12.9049 34.7105
      vertex 48.7055 13.6181 32.5485
    endloop
  endfacet
  facet normal -0.672338 -0.659632 -0.335927
    outer loop
      vertex 48.325 12.9049 34.7105
      vertex 48.325 13.8834 32.7891
      vertex 48.7055 13.6181 32.5485
    endloop
  endfacet
  facet normal -0.995186 0.049004 -0.084875
    outer loop
      vertex 48.925 12.0029 34.1897
      vertex 48.7055 11.2538 36.3309
      vertex 48.925 12.4359 34.4397
    endloop
  endfacet
  facet normal -0.995186 0.049004 -0.084875
    outer loop
      vertex 48.7055 11.2538 36.3309
      vertex 48.925 12.0029 34.1897
      vertex 48.7055 10.8208 36.0809
    endloop
  endfacet
  facet normal -0.672289 0.659672 0.335947
    outer loop
      vertex 48.325 11.534 33.919
      vertex 48.325 10.5555 35.8404
      vertex 48.7055 10.8208 36.0809
    endloop
  endfacet
  facet normal -0.669408 0.662397 0.336339
    outer loop
      vertex 48.925 12.0029 34.1897
      vertex 48.325 11.534 33.919
      vertex 48.7055 10.8208 36.0809
    endloop
  endfacet
  facet normal -0.664407 -0.596665 -0.450061
    outer loop
      vertex 48.7055 11.2538 36.3309
      vertex 48.325 11.9498 35.9699
      vertex 48.925 12.4359 34.4397
    endloop
  endfacet
  facet normal -0.664481 -0.596655 -0.449964
    outer loop
      vertex 48.325 11.9498 35.9699
      vertex 48.7055 11.2538 36.3309
      vertex 48.325 11.5949 36.4405
    endloop
  endfacet
  facet normal -0.667129 -0.593559 -0.450141
    outer loop
      vertex 48.325 12.9049 34.7105
      vertex 48.925 12.4359 34.4397
      vertex 48.325 11.9498 35.9699
    endloop
  endfacet
  facet normal -0.956937 0.145152 -0.251403
    outer loop
      vertex 48.7055 10.8208 36.0809
      vertex 48.325 10.5871 37.3943
      vertex 48.7055 11.2538 36.3309
    endloop
  endfacet
  facet normal -0.956937 0.145152 -0.251403
    outer loop
      vertex 48.325 10.5871 37.3943
      vertex 48.7055 10.8208 36.0809
      vertex 48.325 10.1541 37.1443
    endloop
  endfacet
  facet normal -0.648684 0.727372 0.223918
    outer loop
      vertex 48.325 10.5555 35.8404
      vertex 48.325 10.1541 37.1443
      vertex 48.7055 10.8208 36.0809
    endloop
  endfacet
  facet normal -0.633849 -0.532697 -0.560775
    outer loop
      vertex 48.7055 11.2538 36.3309
      vertex 48.325 10.5871 37.3943
      vertex 48.325 11.0784 36.9276
    endloop
  endfacet
  facet normal -0.636203 -0.52934 -0.561289
    outer loop
      vertex 48.7055 11.2538 36.3309
      vertex 48.325 11.0784 36.9276
      vertex 48.325 11.5949 36.4405
    endloop
  endfacet
  facet normal -0.881906 0.235713 -0.408265
    outer loop
      vertex 47.6174 9.24382 38.5913
      vertex 46.9995 9.05928 39.8195
      vertex 47.6174 9.67683 38.8413
    endloop
  endfacet
  facet normal -0.881907 0.235709 -0.408266
    outer loop
      vertex 46.9995 9.05928 39.8195
      vertex 47.6174 9.24382 38.5913
      vertex 46.9995 8.62626 39.5695
    endloop
  endfacet
  facet normal -0.606398 0.786712 0.115611
    outer loop
      vertex 47.1579 8.84774 38.8932
      vertex 46.677 8.43083 39.2078
      vertex 46.9995 8.62626 39.5695
    endloop
  endfacet
  facet normal -0.603143 0.788988 0.117118
    outer loop
      vertex 47.1579 8.84774 38.8932
      vertex 46.9995 8.62626 39.5695
      vertex 47.6174 9.24382 38.5913
    endloop
  endfacet
  facet normal -0.578835 -0.473001 -0.664244
    outer loop
      vertex 46.9995 9.05928 39.8195
      vertex 46.677 9.47023 39.8079
      vertex 47.6174 9.67683 38.8413
    endloop
  endfacet
  facet normal -0.773022 0.317186 -0.549391
    outer loop
      vertex 46.9995 8.62626 39.5695
      vertex 45.5787 8.12597 41.2798
      vertex 46.9995 9.05928 39.8195
    endloop
  endfacet
  facet normal -0.773022 0.317186 -0.549391
    outer loop
      vertex 45.5787 8.12597 41.2798
      vertex 46.9995 8.62626 39.5695
      vertex 45.5787 7.69295 41.0298
    endloop
  endfacet
  facet normal -0.53748 0.843083 0.01807
    outer loop
      vertex 46.2633 8.16154 39.53
      vertex 45.1544 7.43613 40.3916
      vertex 45.5787 7.69295 41.0298
    endloop
  endfacet
  facet normal -0.53445 0.844962 0.02004
    outer loop
      vertex 46.9995 8.62626 39.5695
      vertex 46.2633 8.16154 39.53
      vertex 45.5787 7.69295 41.0298
    endloop
  endfacet
  facet normal -0.534449 0.844964 0.0199844
    outer loop
      vertex 46.2633 8.16154 39.53
      vertex 46.9995 8.62626 39.5695
      vertex 46.677 8.43083 39.2078
    endloop
  endfacet
  facet normal -0.501595 -0.419875 -0.756378
    outer loop
      vertex 45.5787 8.12597 41.2798
      vertex 45.1544 8.80705 41.1831
      vertex 46.9995 9.05928 39.8195
    endloop
  endfacet
  facet normal -0.502974 -0.416101 -0.757547
    outer loop
      vertex 46.9995 9.05928 39.8195
      vertex 45.1544 8.80705 41.1831
      vertex 46.677 9.47023 39.8079
    endloop
  endfacet
  facet normal -0.634388 0.386502 -0.669453
    outer loop
      vertex 43.8474 7.34789 42.4712
      vertex 45.5787 7.69295 41.0298
      vertex 43.8474 6.91487 42.2212
    endloop
  endfacet
  facet normal -0.634388 0.386502 -0.669453
    outer loop
      vertex 45.5787 7.69295 41.0298
      vertex 43.8474 7.34789 42.4712
      vertex 45.5787 8.12597 41.2798
    endloop
  endfacet
  facet normal -0.447999 0.891593 -0.0660161
    outer loop
      vertex 45.1544 7.43613 40.3916
      vertex 43.6319 6.77295 41.7669
      vertex 43.8474 6.91487 42.2212
    endloop
  endfacet
  facet normal -0.445127 0.893213 -0.0635029
    outer loop
      vertex 43.8474 6.91487 42.2212
      vertex 45.5787 7.69295 41.0298
      vertex 45.1544 7.43613 40.3916
    endloop
  endfacet
  facet normal -0.405156 -0.375124 -0.833745
    outer loop
      vertex 43.8474 7.34789 42.4712
      vertex 44.0455 8.08164 42.0448
      vertex 45.5787 8.12597 41.2798
    endloop
  endfacet
  facet normal -0.405276 -0.375072 -0.83371
    outer loop
      vertex 44.0455 8.08164 42.0448
      vertex 43.8474 7.34789 42.4712
      vertex 43.6319 7.81236 42.367
    endloop
  endfacet
  facet normal -0.405906 -0.37143 -0.835033
    outer loop
      vertex 45.5787 8.12597 41.2798
      vertex 44.0455 8.08164 42.0448
      vertex 45.1544 8.80705 41.1831
    endloop
  endfacet
  facet normal -0.471446 0.440942 -0.763747
    outer loop
      vertex 42.6915 6.99937 42.9835
      vertex 43.8474 6.91487 42.2212
      vertex 42.6915 6.56635 42.7335
    endloop
  endfacet
  facet normal -0.471446 0.440942 -0.763747
    outer loop
      vertex 43.8474 6.91487 42.2212
      vertex 42.6915 6.99937 42.9835
      vertex 43.8474 7.34789 42.4712
    endloop
  endfacet
  facet normal -0.338745 0.931798 -0.130401
    outer loop
      vertex 43.6319 6.77295 41.7669
      vertex 42.6915 6.56635 42.7335
      vertex 43.8474 6.91487 42.2212
    endloop
  endfacet
  facet normal -0.29311 -0.340881 -0.893245
    outer loop
      vertex 43.8474 7.34789 42.4712
      vertex 42.6915 6.99937 42.9835
      vertex 43.1509 7.39545 42.6816
    endloop
  endfacet
  facet normal -0.293281 -0.3368 -0.894735
    outer loop
      vertex 43.8474 7.34789 42.4712
      vertex 43.1509 7.39545 42.6816
      vertex 43.6319 7.81236 42.367
    endloop
  endfacet
  facet normal -0.29025 0.478478 -0.828742
    outer loop
      vertex 39.7289 6.3596 43.8705
      vertex 40.9832 6.15642 43.3139
      vertex 39.7289 5.92659 43.6205
    endloop
  endfacet
  facet normal -0.29025 0.478478 -0.828742
    outer loop
      vertex 40.9832 6.15642 43.3139
      vertex 39.7289 6.3596 43.8705
      vertex 40.9832 6.58943 43.5639
    endloop
  endfacet
  facet normal -0.221395 0.958179 -0.181321
    outer loop
      vertex 40.3334 5.99006 43.2178
      vertex 39.6532 5.81363 43.116
      vertex 39.7289 5.92659 43.6205
    endloop
  endfacet
  facet normal -0.219277 0.959295 -0.177964
    outer loop
      vertex 40.3334 5.99006 43.2178
      vertex 39.7289 5.92659 43.6205
      vertex 40.9832 6.15642 43.3139
    endloop
  endfacet
  facet normal -0.169758 -0.31792 -0.932796
    outer loop
      vertex 39.7289 6.3596 43.8705
      vertex 39.6532 6.85304 43.7161
      vertex 40.9832 6.58943 43.5639
    endloop
  endfacet
  facet normal -0.0980345 0.497594 -0.861852
    outer loop
      vertex 37.5 6.18218 44.0216
      vertex 39.7289 5.92659 43.6205
      vertex 37.5 5.74917 43.7716
    endloop
  endfacet
  facet normal -0.0980345 0.497594 -0.861852
    outer loop
      vertex 39.7289 5.92659 43.6205
      vertex 37.5 6.18218 44.0216
      vertex 39.7289 6.3596 43.8705
    endloop
  endfacet
  facet normal -0.093047 0.973667 -0.208124
    outer loop
      vertex 37.5 5.58022 42.9812
      vertex 37.5 5.74917 43.7716
      vertex 39.0682 5.75118 43.0799
    endloop
  endfacet
  facet normal -0.09142 0.974589 -0.204498
    outer loop
      vertex 39.0682 5.75118 43.0799
      vertex 39.7289 5.92659 43.6205
      vertex 39.6532 5.81363 43.116
    endloop
  endfacet
  facet normal -0.0914389 0.974592 -0.204475
    outer loop
      vertex 39.7289 5.92659 43.6205
      vertex 39.0682 5.75118 43.0799
      vertex 37.5 5.74917 43.7716
    endloop
  endfacet
  facet normal -0.0399514 -0.307711 -0.950641
    outer loop
      vertex 39.7289 6.3596 43.8705
      vertex 37.5 6.18218 44.0216
      vertex 37.5 6.95113 43.7727
    endloop
  endfacet
  facet normal -0.038864 -0.303827 -0.951934
    outer loop
      vertex 39.7289 6.3596 43.8705
      vertex 37.5 6.95113 43.7727
      vertex 39.6532 6.85304 43.7161
    endloop
  endfacet
  facet normal 0.0980239 0.497594 -0.861853
    outer loop
      vertex 35.2711 5.79127 43.5424
      vertex 37.5 6.18218 44.0216
      vertex 37.5 5.74917 43.7716
    endloop
  endfacet
  facet normal 0.0980265 0.497586 -0.861858
    outer loop
      vertex 37.5 6.18218 44.0216
      vertex 35.2711 5.79127 43.5424
      vertex 35.2711 6.22429 43.7924
    endloop
  endfacet
  facet normal 0.0388856 0.976337 -0.21273
    outer loop
      vertex 35.3468 5.67831 43.0378
      vertex 35.2711 5.79127 43.5424
      vertex 37.5 5.58022 42.9812
    endloop
  endfacet
  facet normal 0.0399339 0.977129 -0.208864
    outer loop
      vertex 37.5 5.58022 42.9812
      vertex 35.2711 5.79127 43.5424
      vertex 37.5 5.74917 43.7716
    endloop
  endfacet
  facet normal 0.0914429 -0.310233 -0.946252
    outer loop
      vertex 35.2711 6.22429 43.7924
      vertex 35.9318 6.78017 43.674
      vertex 37.5 6.18218 44.0216
    endloop
  endfacet
  facet normal 0.0915173 -0.310315 -0.946218
    outer loop
      vertex 35.9318 6.78017 43.674
      vertex 35.2711 6.22429 43.7924
      vertex 35.3468 6.71772 43.6379
    endloop
  endfacet
  facet normal 0.0930467 -0.306621 -0.947273
    outer loop
      vertex 37.5 6.18218 44.0216
      vertex 35.9318 6.78017 43.674
      vertex 37.5 6.95113 43.7727
    endloop
  endfacet
  facet normal 0.290302 0.478461 -0.828734
    outer loop
      vertex 34.0168 5.94192 43.19
      vertex 35.2711 6.22429 43.7924
      vertex 35.2711 5.79127 43.5424
    endloop
  endfacet
  facet normal 0.290298 0.47847 -0.82873
    outer loop
      vertex 35.2711 6.22429 43.7924
      vertex 34.0168 5.94192 43.19
      vertex 34.0168 6.37493 43.44
    endloop
  endfacet
  facet normal 0.169771 0.966805 -0.19096
    outer loop
      vertex 35.3468 5.67831 43.0378
      vertex 34.0168 5.94192 43.19
      vertex 35.2711 5.79127 43.5424
    endloop
  endfacet
  facet normal 0.219334 -0.325413 -0.919782
    outer loop
      vertex 35.2711 6.22429 43.7924
      vertex 34.0168 6.37493 43.44
      vertex 34.6666 6.54128 43.5361
    endloop
  endfacet
  facet normal 0.221323 -0.322161 -0.92045
    outer loop
      vertex 35.2711 6.22429 43.7924
      vertex 34.6666 6.54128 43.5361
      vertex 35.3468 6.71772 43.6379
    endloop
  endfacet
  facet normal 0.471384 0.440966 -0.763771
    outer loop
      vertex 31.1526 6.50892 41.9869
      vertex 32.3085 6.6726 42.7948
      vertex 32.3085 6.23959 42.5448
    endloop
  endfacet
  facet normal 0.471388 0.440958 -0.763774
    outer loop
      vertex 32.3085 6.6726 42.7948
      vertex 31.1526 6.50892 41.9869
      vertex 31.1526 6.94194 42.2369
    endloop
  endfacet
  facet normal 0.293234 0.943302 -0.155549
    outer loop
      vertex 31.3681 6.367 41.5325
      vertex 31.1526 6.50892 41.9869
      vertex 31.8491 6.30296 42.0509
    endloop
  endfacet
  facet normal 0.293071 0.944015 -0.151477
    outer loop
      vertex 31.8491 6.30296 42.0509
      vertex 31.1526 6.50892 41.9869
      vertex 32.3085 6.23959 42.5448
    endloop
  endfacet
  facet normal 0.338701 -0.352998 -0.872166
    outer loop
      vertex 32.3085 6.6726 42.7948
      vertex 31.1526 6.94194 42.2369
      vertex 31.3681 7.40641 42.1326
    endloop
  endfacet
  facet normal 0.634407 0.386495 -0.66944
    outer loop
      vertex 29.4213 7.15169 40.7173
      vertex 31.1526 6.94194 42.2369
      vertex 31.1526 6.50892 41.9869
    endloop
  endfacet
  facet normal 0.634405 0.386502 -0.669437
    outer loop
      vertex 31.1526 6.94194 42.2369
      vertex 29.4213 7.15169 40.7173
      vertex 29.4213 7.5847 40.9673
    endloop
  endfacet
  facet normal 0.405897 0.908875 -0.0958874
    outer loop
      vertex 29.8456 6.89487 40.0791
      vertex 29.4213 7.15169 40.7173
      vertex 30.9545 6.51138 41.1382
    endloop
  endfacet
  facet normal 0.405173 0.909605 -0.0919373
    outer loop
      vertex 30.9545 6.51138 41.1382
      vertex 31.1526 6.50892 41.9869
      vertex 31.3681 6.367 41.5325
    endloop
  endfacet
  facet normal 0.405124 0.909629 -0.0919257
    outer loop
      vertex 31.1526 6.50892 41.9869
      vertex 30.9545 6.51138 41.1382
      vertex 29.4213 7.15169 40.7173
    endloop
  endfacet
  facet normal 0.44513 -0.391641 -0.805281
    outer loop
      vertex 29.4213 7.5847 40.9673
      vertex 29.8456 8.26578 40.8706
      vertex 31.1526 6.94194 42.2369
    endloop
  endfacet
  facet normal -0.222207 0 -0.975
    outer loop
      vertex 29.8456 8.26578 40.8706
      vertex 29.4213 7.5847 40.9673
      vertex 29.8456 8.26579 40.8706
    endloop
  endfacet
  facet normal 0.448 -0.388657 -0.805135
    outer loop
      vertex 31.1526 6.94194 42.2369
      vertex 29.8456 8.26578 40.8706
      vertex 31.3681 7.40641 42.1326
    endloop
  endfacet
  facet normal 0.773018 0.317193 -0.549392
    outer loop
      vertex 29.4213 7.15169 40.7173
      vertex 28.0005 8.3827 39.4289
      vertex 29.4213 7.5847 40.9673
    endloop
  endfacet
  facet normal 0.773018 0.317188 -0.549396
    outer loop
      vertex 28.0005 8.3827 39.4289
      vertex 29.4213 7.15169 40.7173
      vertex 28.0005 7.94968 39.1789
    endloop
  endfacet
  facet normal 0.502983 0.864099 -0.0184336
    outer loop
      vertex 28.323 7.75424 38.8172
      vertex 28.0005 7.94968 39.1789
      vertex 29.8456 6.89487 40.0791
    endloop
  endfacet
  facet normal 0.501607 0.864973 -0.0145887
    outer loop
      vertex 29.4213 7.15169 40.7173
      vertex 29.8456 6.89487 40.0791
      vertex 28.0005 7.94968 39.1789
    endloop
  endfacet
  facet normal 0.534445 -0.439837 -0.721743
    outer loop
      vertex 28.0005 8.3827 39.4289
      vertex 28.7367 8.64927 39.8116
      vertex 29.4213 7.5847 40.9673
    endloop
  endfacet
  facet normal 0.534443 -0.439787 -0.721774
    outer loop
      vertex 28.7367 8.64927 39.8116
      vertex 28.0005 8.3827 39.4289
      vertex 28.323 8.79365 39.4173
    endloop
  endfacet
  facet normal 0.53746 -0.437204 -0.721103
    outer loop
      vertex 29.4213 7.5847 40.9673
      vertex 28.7367 8.64927 39.8116
      vertex 29.8456 8.26579 40.8706
    endloop
  endfacet
  facet normal 0.881903 0.235712 -0.408272
    outer loop
      vertex 28.0005 7.94968 39.1789
      vertex 27.3826 8.92106 38.405
      vertex 28.0005 8.3827 39.4289
    endloop
  endfacet
  facet normal 0.881904 0.235716 -0.408269
    outer loop
      vertex 27.3826 8.92106 38.405
      vertex 28.0005 7.94968 39.1789
      vertex 27.3826 8.48805 38.155
    endloop
  endfacet
  facet normal 0.578847 0.811745 0.0774973
    outer loop
      vertex 28.323 7.75424 38.8172
      vertex 27.3826 8.48805 38.155
      vertex 28.0005 7.94968 39.1789
    endloop
  endfacet
  facet normal 0.603103 -0.49596 -0.624732
    outer loop
      vertex 28.0005 8.3827 39.4289
      vertex 27.3826 8.92106 38.405
      vertex 27.8421 8.85769 38.8989
    endloop
  endfacet
  facet normal 0.606402 -0.493484 -0.623498
    outer loop
      vertex 28.0005 8.3827 39.4289
      vertex 27.8421 8.85769 38.8989
      vertex 28.323 8.79365 39.4173
    endloop
  endfacet
  facet normal 0.95693 0.14516 -0.251423
    outer loop
      vertex 26.675 9.28608 36.6431
      vertex 26.2945 10.3066 35.7841
      vertex 26.675 9.71909 36.8931
    endloop
  endfacet
  facet normal 0.95693 0.145164 -0.251419
    outer loop
      vertex 26.2945 10.3066 35.7841
      vertex 26.675 9.28608 36.6431
      vertex 26.2945 9.87361 35.5341
    endloop
  endfacet
  facet normal 0.636091 0.750839 0.177847
    outer loop
      vertex 26.675 9.60825 35.2935
      vertex 26.2945 9.87361 35.5341
      vertex 26.675 9.4446 35.9844
    endloop
  endfacet
  facet normal 0.633754 0.752063 0.180988
    outer loop
      vertex 26.675 9.4446 35.9844
      vertex 26.2945 9.87361 35.5341
      vertex 26.675 9.28608 36.6431
    endloop
  endfacet
  facet normal 0.648808 -0.557481 -0.517941
    outer loop
      vertex 26.675 9.71909 36.8931
      vertex 26.2945 10.3066 35.7841
      vertex 26.675 10.6477 35.8936
    endloop
  endfacet
  facet normal 0.995186 0.0490034 -0.0848719
    outer loop
      vertex 26.2945 9.87361 35.5341
      vertex 26.075 11.3534 33.8147
      vertex 26.2945 10.3066 35.7841
    endloop
  endfacet
  facet normal 0.995186 0.0490026 -0.0848725
    outer loop
      vertex 26.075 11.3534 33.8147
      vertex 26.2945 9.87361 35.5341
      vertex 26.075 10.9204 33.5647
    endloop
  endfacet
  facet normal 0.667098 0.686641 0.288971
    outer loop
      vertex 26.675 10.4514 33.294
      vertex 26.075 10.9204 33.5647
      vertex 26.675 9.83831 34.7508
    endloop
  endfacet
  facet normal 0.664361 0.688134 0.291712
    outer loop
      vertex 26.675 9.83831 34.7508
      vertex 26.2945 9.87361 35.5341
      vertex 26.675 9.60825 35.2935
    endloop
  endfacet
  facet normal 0.664364 0.688131 0.291714
    outer loop
      vertex 26.2945 9.87361 35.5341
      vertex 26.675 9.83831 34.7508
      vertex 26.075 10.9204 33.5647
    endloop
  endfacet
  facet normal 0.669501 -0.622401 -0.405446
    outer loop
      vertex 26.2945 10.3066 35.7841
      vertex 26.075 11.3534 33.8147
      vertex 26.675 11.8224 34.0855
    endloop
  endfacet
  facet normal 0.672439 -0.620664 -0.403238
    outer loop
      vertex 26.2945 10.3066 35.7841
      vertex 26.675 11.8224 34.0855
      vertex 26.675 10.6477 35.8936
    endloop
  endfacet
  facet normal 0.995186 -0.0490044 0.0848756
    outer loop
      vertex 26.075 10.9204 33.5647
      vertex 26.2945 12.4002 31.8454
      vertex 26.075 11.3534 33.8147
    endloop
  endfacet
  facet normal 0.995186 -0.0490044 0.0848756
    outer loop
      vertex 26.2945 12.4002 31.8454
      vertex 26.075 10.9204 33.5647
      vertex 26.2945 11.9672 31.5954
    endloop
  endfacet
  facet normal 0.672346 0.62072 0.403308
    outer loop
      vertex 26.2945 11.9672 31.5954
      vertex 26.675 10.4514 33.294
      vertex 26.675 11.6262 31.4859
    endloop
  endfacet
  facet normal 0.669463 0.622423 0.405474
    outer loop
      vertex 26.2945 11.9672 31.5954
      vertex 26.075 10.9204 33.5647
      vertex 26.675 10.4514 33.294
    endloop
  endfacet
  facet normal 0.664378 -0.688114 -0.291721
    outer loop
      vertex 26.2945 12.4002 31.8454
      vertex 26.675 12.4355 32.6287
      vertex 26.075 11.3534 33.8147
    endloop
  endfacet
  facet normal 0.664409 -0.688076 -0.291738
    outer loop
      vertex 26.675 12.4355 32.6287
      vertex 26.2945 12.4002 31.8454
      vertex 26.675 12.6656 32.086
    endloop
  endfacet
  facet normal 0.667125 -0.686617 -0.288965
    outer loop
      vertex 26.675 12.4355 32.6287
      vertex 26.675 11.8224 34.0855
      vertex 26.075 11.3534 33.8147
    endloop
  endfacet
  facet normal 0.956935 -0.145154 0.251407
    outer loop
      vertex 26.2945 11.9672 31.5954
      vertex 26.675 12.9877 30.7363
      vertex 26.2945 12.4002 31.8454
    endloop
  endfacet
  facet normal 0.956935 -0.145154 0.251407
    outer loop
      vertex 26.675 12.9877 30.7363
      vertex 26.2945 11.9672 31.5954
      vertex 26.675 12.5547 30.4863
    endloop
  endfacet
  facet normal 0.648742 0.557578 0.517919
    outer loop
      vertex 26.675 12.5547 30.4863
      vertex 26.2945 11.9672 31.5954
      vertex 26.675 11.6262 31.4859
    endloop
  endfacet
  facet normal 0.633784 -0.752051 -0.180935
    outer loop
      vertex 26.675 12.8292 31.3951
      vertex 26.2945 12.4002 31.8454
      vertex 26.675 12.9877 30.7363
    endloop
  endfacet
  facet normal 0.636124 -0.750825 -0.17779
    outer loop
      vertex 26.675 12.6656 32.086
      vertex 26.2945 12.4002 31.8454
      vertex 26.675 12.8292 31.3951
    endloop
  endfacet
  facet normal 0.881898 -0.235725 0.408276
    outer loop
      vertex 27.3826 13.3528 28.9744
      vertex 28.0005 14.3241 28.2005
      vertex 27.3826 13.7858 29.2244
    endloop
  endfacet
  facet normal 0.881898 -0.235725 0.408276
    outer loop
      vertex 28.0005 14.3241 28.2005
      vertex 27.3826 13.3528 28.9744
      vertex 28.0005 13.8911 27.9505
    endloop
  endfacet
  facet normal 0.606359 0.493511 0.623519
    outer loop
      vertex 28.0005 13.8911 27.9505
      vertex 27.8421 13.4161 28.4805
      vertex 28.323 13.4802 27.9621
    endloop
  endfacet
  facet normal 0.603166 0.495908 0.624713
    outer loop
      vertex 28.0005 13.8911 27.9505
      vertex 27.3826 13.3528 28.9744
      vertex 27.8421 13.4161 28.4805
    endloop
  endfacet
  facet normal 0.578886 -0.811726 -0.077408
    outer loop
      vertex 28.323 14.5196 28.5622
      vertex 27.3826 13.7858 29.2244
      vertex 28.0005 14.3241 28.2005
    endloop
  endfacet
  facet normal 0.773018 -0.317199 0.549389
    outer loop
      vertex 28.0005 13.8911 27.9505
      vertex 29.4213 15.1221 26.6621
      vertex 28.0005 14.3241 28.2005
    endloop
  endfacet
  facet normal 0.773018 -0.317199 0.549389
    outer loop
      vertex 29.4213 15.1221 26.6621
      vertex 28.0005 13.8911 27.9505
      vertex 29.4213 14.6891 26.4121
    endloop
  endfacet
  facet normal 0.537459 0.437197 0.721108
    outer loop
      vertex 29.4213 14.6891 26.4121
      vertex 28.7367 13.6245 27.5678
      vertex 29.8456 14.008 26.5088
    endloop
  endfacet
  facet normal 0.534457 0.439819 0.721745
    outer loop
      vertex 28.0005 13.8911 27.9505
      vertex 28.7367 13.6245 27.5678
      vertex 29.4213 14.6891 26.4121
    endloop
  endfacet
  facet normal 0.534458 0.439851 0.721724
    outer loop
      vertex 28.7367 13.6245 27.5678
      vertex 28.0005 13.8911 27.9505
      vertex 28.323 13.4802 27.9621
    endloop
  endfacet
  facet normal 0.501597 -0.864979 0.0145707
    outer loop
      vertex 29.4213 15.1221 26.6621
      vertex 29.8456 15.3789 27.3003
      vertex 28.0005 14.3241 28.2005
    endloop
  endfacet
  facet normal 0.832752 0 -0.553646
    outer loop
      vertex 29.8456 15.3789 27.3003
      vertex 29.4213 15.1221 26.6621
      vertex 29.8456 15.379 27.3003
    endloop
  endfacet
  facet normal 0.503016 -0.864078 0.018536
    outer loop
      vertex 28.323 14.5196 28.5622
      vertex 28.0005 14.3241 28.2005
      vertex 29.8456 15.3789 27.3003
    endloop
  endfacet
  facet normal 0.634387 -0.386516 0.669446
    outer loop
      vertex 29.4213 15.1221 26.6621
      vertex 31.1526 15.3319 25.1426
      vertex 31.1526 15.7649 25.3926
    endloop
  endfacet
  facet normal 0.634387 -0.386516 0.669446
    outer loop
      vertex 31.1526 15.3319 25.1426
      vertex 29.4213 15.1221 26.6621
      vertex 29.4213 14.6891 26.4121
    endloop
  endfacet
  facet normal 0.448094 0.388507 0.805155
    outer loop
      vertex 31.1526 15.3319 25.1426
      vertex 29.8456 14.008 26.5088
      vertex 31.3681 14.8674 25.2468
    endloop
  endfacet
  facet normal 0.445103 0.391617 0.805307
    outer loop
      vertex 29.4213 14.6891 26.4121
      vertex 29.8456 14.008 26.5088
      vertex 31.1526 15.3319 25.1426
    endloop
  endfacet
  facet normal 0.405104 -0.909642 0.0918783
    outer loop
      vertex 31.1526 15.7649 25.3926
      vertex 30.9545 15.7624 26.2413
      vertex 29.4213 15.1221 26.6621
    endloop
  endfacet
  facet normal 0.405202 -0.909596 0.0919012
    outer loop
      vertex 30.9545 15.7624 26.2413
      vertex 31.1526 15.7649 25.3926
      vertex 31.3681 15.9068 25.8469
    endloop
  endfacet
  facet normal 0.405906 -0.90886 0.095989
    outer loop
      vertex 29.8456 15.379 27.3003
      vertex 29.4213 15.1221 26.6621
      vertex 30.9545 15.7624 26.2413
    endloop
  endfacet
  facet normal 0.471427 -0.440962 0.763747
    outer loop
      vertex 31.1526 15.7649 25.3926
      vertex 32.3085 15.6012 24.5846
      vertex 32.3085 16.0342 24.8346
    endloop
  endfacet
  facet normal 0.471427 -0.440962 0.763747
    outer loop
      vertex 32.3085 15.6012 24.5846
      vertex 31.1526 15.7649 25.3926
      vertex 31.1526 15.3319 25.1426
    endloop
  endfacet
  facet normal 0.338829 0.352849 0.872177
    outer loop
      vertex 32.3085 15.6012 24.5846
      vertex 31.1526 15.3319 25.1426
      vertex 31.3681 14.8674 25.2468
    endloop
  endfacet
  facet normal 0.293127 -0.943972 0.151638
    outer loop
      vertex 31.8491 15.9709 25.3286
      vertex 31.1526 15.7649 25.3926
      vertex 32.3085 16.0342 24.8346
    endloop
  endfacet
  facet normal 0.293282 -0.943292 0.155516
    outer loop
      vertex 31.3681 15.9068 25.8469
      vertex 31.1526 15.7649 25.3926
      vertex 31.8491 15.9709 25.3286
    endloop
  endfacet
  facet normal 0.290223 -0.47849 0.828745
    outer loop
      vertex 34.0168 16.3319 24.1894
      vertex 35.2711 16.0495 23.5871
      vertex 35.2711 16.4825 23.8371
    endloop
  endfacet
  facet normal 0.290223 -0.47849 0.828745
    outer loop
      vertex 35.2711 16.0495 23.5871
      vertex 34.0168 16.3319 24.1894
      vertex 34.0168 15.8989 23.9394
    endloop
  endfacet
  facet normal 0.221406 0.322016 0.920481
    outer loop
      vertex 35.2711 16.0495 23.5871
      vertex 34.6666 15.7325 23.8434
      vertex 35.3468 15.5561 23.7415
    endloop
  endfacet
  facet normal 0.219248 0.325546 0.919756
    outer loop
      vertex 35.2711 16.0495 23.5871
      vertex 34.0168 15.8989 23.9394
      vertex 34.6666 15.7325 23.8434
    endloop
  endfacet
  facet normal 0.169747 -0.966787 0.191074
    outer loop
      vertex 35.3468 16.5955 24.3416
      vertex 34.0168 16.3319 24.1894
      vertex 35.2711 16.4825 23.8371
    endloop
  endfacet
  facet normal 0.0980236 -0.497603 0.861848
    outer loop
      vertex 35.2711 16.4825 23.8371
      vertex 37.5 16.0916 23.3579
      vertex 37.5 16.5246 23.6079
    endloop
  endfacet
  facet normal 0.0980236 -0.497603 0.861848
    outer loop
      vertex 37.5 16.0916 23.3579
      vertex 35.2711 16.4825 23.8371
      vertex 35.2711 16.0495 23.5871
    endloop
  endfacet
  facet normal 0.0930268 0.306528 0.947305
    outer loop
      vertex 37.5 16.0916 23.3579
      vertex 35.9318 15.4936 23.7054
      vertex 37.5 15.3227 23.6067
    endloop
  endfacet
  facet normal 0.0914526 0.310074 0.946303
    outer loop
      vertex 35.2711 16.0495 23.5871
      vertex 35.9318 15.4936 23.7054
      vertex 37.5 16.0916 23.3579
    endloop
  endfacet
  facet normal 0.0915303 0.310159 0.946268
    outer loop
      vertex 35.9318 15.4936 23.7054
      vertex 35.2711 16.0495 23.5871
      vertex 35.3468 15.5561 23.7415
    endloop
  endfacet
  facet normal 0.0399422 -0.977111 0.208948
    outer loop
      vertex 37.5 16.6936 24.3982
      vertex 35.2711 16.4825 23.8371
      vertex 37.5 16.5246 23.6079
    endloop
  endfacet
  facet normal 0.038886 -0.976312 0.212844
    outer loop
      vertex 35.3468 16.5955 24.3416
      vertex 35.2711 16.4825 23.8371
      vertex 37.5 16.6936 24.3982
    endloop
  endfacet
  facet normal -0.0979921 -0.497605 0.861851
    outer loop
      vertex 37.5 16.0916 23.3579
      vertex 39.7289 16.3472 23.7589
      vertex 37.5 16.5246 23.6079
    endloop
  endfacet
  facet normal -0.0979921 -0.497605 0.861851
    outer loop
      vertex 39.7289 16.3472 23.7589
      vertex 37.5 16.0916 23.3579
      vertex 39.7289 15.9142 23.5089
    endloop
  endfacet
  facet normal -0.0389171 0.304032 0.951867
    outer loop
      vertex 39.7289 15.9142 23.5089
      vertex 37.5 15.3227 23.6067
      vertex 39.6532 15.4208 23.6634
    endloop
  endfacet
  facet normal -0.0399211 0.307618 0.950672
    outer loop
      vertex 37.5 16.0916 23.3579
      vertex 37.5 15.3227 23.6067
      vertex 39.7289 15.9142 23.5089
    endloop
  endfacet
  facet normal -0.0913685 -0.974584 0.204541
    outer loop
      vertex 39.0682 16.5226 24.2995
      vertex 39.7289 16.3472 23.7589
      vertex 39.6532 16.4602 24.2635
    endloop
  endfacet
  facet normal -0.0914214 -0.974592 0.204479
    outer loop
      vertex 39.7289 16.3472 23.7589
      vertex 39.0682 16.5226 24.2995
      vertex 37.5 16.5246 23.6079
    endloop
  endfacet
  facet normal -0.0930644 -0.973647 0.208207
    outer loop
      vertex 37.5 16.6936 24.3982
      vertex 37.5 16.5246 23.6079
      vertex 39.0682 16.5226 24.2995
    endloop
  endfacet
  facet normal -0.290301 -0.478478 0.828724
    outer loop
      vertex 39.7289 15.9142 23.5089
      vertex 40.9832 16.1174 24.0656
      vertex 39.7289 16.3472 23.7589
    endloop
  endfacet
  facet normal -0.290301 -0.478478 0.828724
    outer loop
      vertex 40.9832 16.1174 24.0656
      vertex 39.7289 15.9142 23.5089
      vertex 40.9832 15.6844 23.8156
    endloop
  endfacet
  facet normal -0.169787 0.318117 0.932724
    outer loop
      vertex 39.7289 15.9142 23.5089
      vertex 39.6532 15.4208 23.6634
      vertex 40.9832 15.6844 23.8156
    endloop
  endfacet
  facet normal -0.219315 -0.959243 0.178197
    outer loop
      vertex 40.3334 16.2838 24.1616
      vertex 39.7289 16.3472 23.7589
      vertex 40.9832 16.1174 24.0656
    endloop
  endfacet
  facet normal -0.22132 -0.958186 0.181374
    outer loop
      vertex 40.3334 16.2838 24.1616
      vertex 39.6532 16.4602 24.2635
      vertex 39.7289 16.3472 23.7589
    endloop
  endfacet
  facet normal -0.471419 -0.440964 0.76375
    outer loop
      vertex 42.6915 15.2745 24.396
      vertex 43.8474 15.3589 25.1582
      vertex 42.6915 15.7075 24.646
    endloop
  endfacet
  facet normal -0.471419 -0.440964 0.76375
    outer loop
      vertex 43.8474 15.3589 25.1582
      vertex 42.6915 15.2745 24.396
      vertex 43.8474 14.9259 24.9082
    endloop
  endfacet
  facet normal -0.293246 0.337012 0.894667
    outer loop
      vertex 43.8474 14.9259 24.9082
      vertex 43.1509 14.8784 24.6978
      vertex 43.6319 14.4615 25.0125
    endloop
  endfacet
  facet normal -0.29309 0.340714 0.893315
    outer loop
      vertex 43.8474 14.9259 24.9082
      vertex 42.6915 15.2745 24.396
      vertex 43.1509 14.8784 24.6978
    endloop
  endfacet
  facet normal -0.338823 -0.931757 0.130487
    outer loop
      vertex 43.6319 15.5009 25.6126
      vertex 42.6915 15.7075 24.646
      vertex 43.8474 15.3589 25.1582
    endloop
  endfacet
  facet normal -0.634378 -0.38652 0.669453
    outer loop
      vertex 43.8474 14.9259 24.9082
      vertex 45.5787 14.5809 26.3496
      vertex 43.8474 15.3589 25.1582
    endloop
  endfacet
  facet normal -0.634378 -0.38652 0.669453
    outer loop
      vertex 45.5787 14.5809 26.3496
      vertex 43.8474 14.9259 24.9082
      vertex 45.5787 14.1479 26.0996
    endloop
  endfacet
  facet normal -0.405899 0.371332 0.83508
    outer loop
      vertex 45.5787 14.1479 26.0996
      vertex 44.2135 14.0823 25.4652
      vertex 45.2857 13.6774 26.1664
    endloop
  endfacet
  facet normal -0.405921 0.371168 0.835142
    outer loop
      vertex 44.2135 14.0823 25.4652
      vertex 45.5787 14.1479 26.0996
      vertex 44.0455 14.1922 25.3347
    endloop
  endfacet
  facet normal -0.40509 0.375263 0.833714
    outer loop
      vertex 43.8474 14.9259 24.9082
      vertex 44.0455 14.1922 25.3347
      vertex 45.5787 14.1479 26.0996
    endloop
  endfacet
  facet normal -0.405139 0.375242 0.8337
    outer loop
      vertex 44.0455 14.1922 25.3347
      vertex 43.8474 14.9259 24.9082
      vertex 43.6319 14.4615 25.0125
    endloop
  endfacet
  facet normal -0.445094 -0.893229 0.0635037
    outer loop
      vertex 45.5787 14.5809 26.3496
      vertex 45.1544 14.8377 26.9878
      vertex 43.8474 15.3589 25.1582
    endloop
  endfacet
  facet normal -0.448072 -0.89155 0.0661101
    outer loop
      vertex 45.1544 14.8377 26.9878
      vertex 43.6319 15.5009 25.6126
      vertex 43.8474 15.3589 25.1582
    endloop
  endfacet
  facet normal -0.773021 -0.317197 0.549386
    outer loop
      vertex 45.5787 14.1479 26.0996
      vertex 46.9995 13.6476 27.8099
      vertex 45.5787 14.5809 26.3496
    endloop
  endfacet
  facet normal -0.773028 -0.317138 0.549409
    outer loop
      vertex 46.9995 13.6476 27.8099
      vertex 45.5787 14.1479 26.0996
      vertex 46.9995 13.2145 27.5599
    endloop
  endfacet
  facet normal -0.503 0.416043 0.757562
    outer loop
      vertex 46.9995 13.2145 27.5599
      vertex 45.8214 13.3756 26.6892
      vertex 46.727 12.8672 27.5697
    endloop
  endfacet
  facet normal -0.50162 0.419819 0.756393
    outer loop
      vertex 45.5787 14.1479 26.0996
      vertex 45.8214 13.3756 26.6892
      vertex 46.9995 13.2145 27.5599
    endloop
  endfacet
  facet normal -0.501662 0.419794 0.756378
    outer loop
      vertex 45.8214 13.3756 26.6892
      vertex 45.5787 14.1479 26.0996
      vertex 45.2857 13.6774 26.1664
    endloop
  endfacet
  facet normal -0.534434 -0.844973 -0.0200367
    outer loop
      vertex 46.2633 14.1123 27.8494
      vertex 46.9995 13.6476 27.8099
      vertex 46.677 13.843 28.1716
    endloop
  endfacet
  facet normal -0.534434 -0.844972 -0.020056
    outer loop
      vertex 46.9995 13.6476 27.8099
      vertex 46.2633 14.1123 27.8494
      vertex 45.5787 14.5809 26.3496
    endloop
  endfacet
  facet normal -0.537467 -0.843091 -0.0180842
    outer loop
      vertex 46.2633 14.1123 27.8494
      vertex 45.1544 14.8377 26.9878
      vertex 45.5787 14.5809 26.3496
    endloop
  endfacet
  facet normal -0.88191 -0.235673 0.408281
    outer loop
      vertex 46.9995 13.2145 27.5599
      vertex 47.6174 13.03 28.7881
      vertex 46.9995 13.6476 27.8099
    endloop
  endfacet
  facet normal -0.881902 -0.235721 0.40827
    outer loop
      vertex 47.6174 13.03 28.7881
      vertex 46.9995 13.2145 27.5599
      vertex 47.6174 12.597 28.5381
    endloop
  endfacet
  facet normal -0.578781 0.473079 0.664235
    outer loop
      vertex 46.9995 13.2145 27.5599
      vertex 46.8445 12.7668 27.7437
      vertex 47.6174 12.597 28.5381
    endloop
  endfacet
  facet normal -0.579054 0.473077 0.663999
    outer loop
      vertex 46.8445 12.7668 27.7437
      vertex 46.9995 13.2145 27.5599
      vertex 46.727 12.8672 27.5697
    endloop
  endfacet
  facet normal -0.603156 -0.788975 -0.117135
    outer loop
      vertex 47.1579 13.4261 28.4862
      vertex 46.9995 13.6476 27.8099
      vertex 47.6174 13.03 28.7881
    endloop
  endfacet
  facet normal -0.606372 -0.786727 -0.115645
    outer loop
      vertex 47.1579 13.4261 28.4862
      vertex 46.677 13.843 28.1716
      vertex 46.9995 13.6476 27.8099
    endloop
  endfacet
  facet normal -0.956937 -0.145152 0.251403
    outer loop
      vertex 48.325 11.6867 29.9851
      vertex 48.7055 11.453 31.2985
      vertex 48.325 12.1197 30.2351
    endloop
  endfacet
  facet normal -0.956937 -0.145152 0.251403
    outer loop
      vertex 48.7055 11.453 31.2985
      vertex 48.325 11.6867 29.9851
      vertex 48.7055 11.02 31.0485
    endloop
  endfacet
  facet normal -0.636007 0.529525 0.561337
    outer loop
      vertex 48.7055 11.02 31.0485
      vertex 48.3425 11.1874 30.4793
      vertex 48.5537 10.884 31.0048
    endloop
  endfacet
  facet normal -0.635453 0.53181 0.5598
    outer loop
      vertex 48.3425 11.1874 30.4793
      vertex 48.325 11.6867 29.9851
      vertex 48.325 11.2127 30.4354
    endloop
  endfacet
  facet normal -0.63365 0.532885 0.560822
    outer loop
      vertex 48.325 11.6867 29.9851
      vertex 48.3425 11.1874 30.4793
      vertex 48.7055 11.02 31.0485
    endloop
  endfacet
  facet normal -0.648812 -0.727288 -0.223819
    outer loop
      vertex 48.7055 11.453 31.2985
      vertex 48.325 11.7184 31.5391
      vertex 48.325 12.1197 30.2351
    endloop
  endfacet
  facet normal -0.995186 -0.049004 0.084875
    outer loop
      vertex 48.7055 11.02 31.0485
      vertex 48.925 10.2709 33.1897
      vertex 48.7055 11.453 31.2985
    endloop
  endfacet
  facet normal -0.995186 -0.0490012 0.084876
    outer loop
      vertex 48.925 10.2709 33.1897
      vertex 48.7055 11.02 31.0485
      vertex 48.925 9.83787 32.9397
    endloop
  endfacet
  facet normal -0.667142 0.593609 0.450056
    outer loop
      vertex 48.925 9.83787 32.9397
      vertex 48.8178 9.92475 32.6662
      vertex 48.8569 9.78461 32.909
    endloop
  endfacet
  facet normal -0.664248 0.596773 0.450152
    outer loop
      vertex 48.8178 9.92475 32.6662
      vertex 48.7055 11.02 31.0485
      vertex 48.5537 10.884 31.0048
    endloop
  endfacet
  facet normal -0.664623 0.596484 0.449982
    outer loop
      vertex 48.7055 11.02 31.0485
      vertex 48.8178 9.92475 32.6662
      vertex 48.925 9.83787 32.9397
    endloop
  endfacet
  facet normal -0.669439 -0.662374 -0.336321
    outer loop
      vertex 48.925 10.2709 33.1897
      vertex 48.325 10.7398 33.4605
      vertex 48.7055 11.453 31.2985
    endloop
  endfacet
  facet normal -0.672437 -0.659538 -0.335913
    outer loop
      vertex 48.7055 11.453 31.2985
      vertex 48.325 10.7398 33.4605
      vertex 48.325 11.7184 31.5391
    endloop
  endfacet
  facet normal -0.995186 0.0490031 -0.0848792
    outer loop
      vertex 48.7522 8.90732 34.4285
      vertex 48.925 10.2709 33.1897
      vertex 48.925 9.83787 32.9397
    endloop
  endfacet
  facet normal -0.995186 0.0490125 -0.0848689
    outer loop
      vertex 48.925 10.2709 33.1897
      vertex 48.7522 8.90732 34.4285
      vertex 48.7055 9.08877 35.0809
    endloop
  endfacet
  facet normal -0.995189 0.0489762 -0.0848591
    outer loop
      vertex 48.7055 9.08877 35.0809
      vertex 48.7522 8.90732 34.4285
      vertex 48.7055 8.67016 34.8393
    endloop
  endfacet
  facet normal -0.669554 0.662297 0.336245
    outer loop
      vertex 48.8569 9.78461 32.909
      vertex 48.7522 8.90732 34.4285
      vertex 48.925 9.83787 32.9397
    endloop
  endfacet
  facet normal -0.6644 -0.596666 -0.45007
    outer loop
      vertex 48.7055 9.08877 35.0809
      vertex 48.325 9.78477 34.7199
      vertex 48.925 10.2709 33.1897
    endloop
  endfacet
  facet normal -0.664418 -0.596663 -0.450046
    outer loop
      vertex 48.325 9.78477 34.7199
      vertex 48.7055 9.08877 35.0809
      vertex 48.325 9.42981 35.1905
    endloop
  endfacet
  facet normal -0.667076 -0.593613 -0.450149
    outer loop
      vertex 48.325 10.7398 33.4605
      vertex 48.925 10.2709 33.1897
      vertex 48.325 9.78477 34.7199
    endloop
  endfacet
  facet normal -0.956937 0.14511 -0.251426
    outer loop
      vertex 48.7055 8.67016 34.8393
      vertex 48.325 8.42205 36.1443
      vertex 48.7055 9.08877 35.0809
    endloop
  endfacet
  facet normal -0.956934 0.145139 -0.25142
    outer loop
      vertex 48.325 8.42205 36.1443
      vertex 48.7055 8.67016 34.8393
      vertex 48.325 8.04303 35.9255
    endloop
  endfacet
  facet normal -0.633742 -0.532791 -0.560806
    outer loop
      vertex 48.7055 9.08877 35.0809
      vertex 48.325 8.42205 36.1443
      vertex 48.325 8.91329 35.6776
    endloop
  endfacet
  facet normal -0.636149 -0.529359 -0.561332
    outer loop
      vertex 48.7055 9.08877 35.0809
      vertex 48.325 8.91329 35.6776
      vertex 48.325 9.42981 35.1905
    endloop
  endfacet
  facet normal -0.881907 0.235692 -0.408276
    outer loop
      vertex 47.6174 7.18888 37.4049
      vertex 46.9995 6.89421 38.5695
      vertex 47.6174 7.51177 37.5913
    endloop
  endfacet
  facet normal -0.881913 0.235644 -0.408292
    outer loop
      vertex 46.9995 6.89421 38.5695
      vertex 47.6174 7.18888 37.4049
      vertex 46.9995 6.61092 38.406
    endloop
  endfacet
  facet normal -0.578839 -0.472992 -0.664246
    outer loop
      vertex 46.9995 6.89421 38.5695
      vertex 46.677 7.30517 38.5579
      vertex 47.6174 7.51177 37.5913
    endloop
  endfacet
  facet normal -0.773019 0.317107 -0.54944
    outer loop
      vertex 46.9995 6.61092 38.406
      vertex 45.5787 5.9609 40.0298
      vertex 46.9995 6.89421 38.5695
    endloop
  endfacet
  facet normal -0.773013 0.317196 -0.549398
    outer loop
      vertex 45.5787 5.9609 40.0298
      vertex 46.9995 6.61092 38.406
      vertex 45.5787 5.74526 39.9053
    endloop
  endfacet
  facet normal -0.501598 -0.419871 -0.756378
    outer loop
      vertex 45.5787 5.9609 40.0298
      vertex 45.1544 6.64199 39.9331
      vertex 46.9995 6.89421 38.5695
    endloop
  endfacet
  facet normal -0.502978 -0.416094 -0.757548
    outer loop
      vertex 46.9995 6.89421 38.5695
      vertex 45.1544 6.64199 39.9331
      vertex 46.677 7.30517 38.5579
    endloop
  endfacet
  facet normal -0.634397 0.386381 -0.669515
    outer loop
      vertex 43.8474 5.18282 41.2212
      vertex 45.5787 5.74526 39.9053
      vertex 43.8474 5.03484 41.1358
    endloop
  endfacet
  facet normal -0.634388 0.386508 -0.66945
    outer loop
      vertex 45.5787 5.74526 39.9053
      vertex 43.8474 5.18282 41.2212
      vertex 45.5787 5.9609 40.0298
    endloop
  endfacet
  facet normal -0.405159 -0.375119 -0.833746
    outer loop
      vertex 43.8474 5.18282 41.2212
      vertex 44.0455 5.91658 40.7948
      vertex 45.5787 5.9609 40.0298
    endloop
  endfacet
  facet normal -0.405271 -0.37507 -0.833714
    outer loop
      vertex 44.0455 5.91658 40.7948
      vertex 43.8474 5.18282 41.2212
      vertex 43.6319 5.64729 41.117
    endloop
  endfacet
  facet normal -0.405909 -0.371426 -0.835033
    outer loop
      vertex 45.5787 5.9609 40.0298
      vertex 44.0455 5.91658 40.7948
      vertex 45.1544 6.64199 39.9331
    endloop
  endfacet
  facet normal -0.47094 0.440942 -0.764058
    outer loop
      vertex 43.7918 5.01999 41.1615
      vertex 43.8474 5.18282 41.2212
      vertex 43.8474 5.03484 41.1358
    endloop
  endfacet
  facet normal -0.471465 0.440992 -0.763706
    outer loop
      vertex 43.8474 5.18282 41.2212
      vertex 43.7918 5.01999 41.1615
      vertex 43.3073 5.01999 41.4606
    endloop
  endfacet
  facet normal -0.293105 -0.341006 -0.893199
    outer loop
      vertex 43.3073 5.01999 41.4606
      vertex 43.1509 5.23038 41.4316
      vertex 43.8474 5.18282 41.2212
    endloop
  endfacet
  facet normal -0.292932 -0.340892 -0.893299
    outer loop
      vertex 43.1509 5.23038 41.4316
      vertex 43.3073 5.01999 41.4606
      vertex 42.9069 5.01999 41.5919
    endloop
  endfacet
  facet normal -0.293281 -0.3368 -0.894735
    outer loop
      vertex 43.8474 5.18282 41.2212
      vertex 43.1509 5.23038 41.4316
      vertex 43.6319 5.64729 41.117
    endloop
  endfacet
  facet normal 0.339142 -0.352292 -0.87228
    outer loop
      vertex 31.5295 5.11544 40.9962
      vertex 31.336 5.17206 40.8981
      vertex 31.3681 5.24134 40.8826
    endloop
  endfacet
  facet normal 0.445007 -0.391784 -0.805279
    outer loop
      vertex 29.7159 5.89256 39.6502
      vertex 29.8456 6.10072 39.6206
      vertex 30.3124 5.62789 40.1086
    endloop
  endfacet
  facet normal 0.44837 -0.387913 -0.805287
    outer loop
      vertex 30.3124 5.62789 40.1086
      vertex 31.3681 5.24134 40.8826
      vertex 31.336 5.17206 40.8981
    endloop
  endfacet
  facet normal 0.447962 -0.388711 -0.805129
    outer loop
      vertex 31.3681 5.24134 40.8826
      vertex 30.3124 5.62789 40.1086
      vertex 29.8456 6.10072 39.6206
    endloop
  endfacet
  facet normal 0.537354 -0.437352 -0.721093
    outer loop
      vertex 29.7159 5.89256 39.6502
      vertex 28.9159 6.42222 38.7328
      vertex 29.8456 6.10072 39.6206
    endloop
  endfacet
endsolid OpenSCAD_Model
