solid OpenSCAD_Model
  facet normal -0.991451 -0.130481 0
    outer loop
      vertex 0.0455627 2.47905 0
      vertex 0.0114136 2.73853 121.1
      vertex 0.0114136 2.73853 0
    endloop
  endfacet
  facet normal -0.991451 -0.130481 0
    outer loop
      vertex 0.0114136 2.73853 121.1
      vertex 0.0455627 2.47905 0
      vertex 0.0455627 2.47905 121.1
    endloop
  endfacet
  facet normal -0.976287 -0.21648 0
    outer loop
      vertex 0.102219 2.22354 0
      vertex 0.0455627 2.47905 121.1
      vertex 0.0455627 2.47905 0
    endloop
  endfacet
  facet normal -0.976287 -0.21648 0
    outer loop
      vertex 0.0455627 2.47905 121.1
      vertex 0.102219 2.22354 0
      vertex 0.102219 2.22354 121.1
    endloop
  endfacet
  facet normal -0.999049 -0.0436101 0
    outer loop
      vertex 0.0114136 2.73853 0
      vertex 0 3 121.1
      vertex 0 3 0
    endloop
  endfacet
  facet normal -0.999049 -0.0436101 0
    outer loop
      vertex 0 3 121.1
      vertex 0.0114136 2.73853 0
      vertex 0.0114136 2.73853 121.1
    endloop
  endfacet
  facet normal 1 0 0
    outer loop
      vertex 75 3 121.1
      vertex 75 75 125
      vertex 75 3 125
    endloop
  endfacet
  facet normal 1 0 0
    outer loop
      vertex 75 75 125
      vertex 75 3 121.1
      vertex 75 75 0
    endloop
  endfacet
  facet normal 1 0 0
    outer loop
      vertex 75 75 0
      vertex 75 3 121.1
      vertex 75 3 0
    endloop
  endfacet
  facet normal 0 -1 0
    outer loop
      vertex 3 0 121.1
      vertex 37.5 0 25
      vertex 72 0 121.1
    endloop
  endfacet
  facet normal 0 -1 0
    outer loop
      vertex 3 0 121.1
      vertex 35.7569 0 24.9239
      vertex 37.5 0 25
    endloop
  endfacet
  facet normal 0 -1 0
    outer loop
      vertex 3 0 121.1
      vertex 34.027 0 24.6962
      vertex 35.7569 0 24.9239
    endloop
  endfacet
  facet normal 0 -1 0
    outer loop
      vertex 3 0 121.1
      vertex 32.3236 0 24.3185
      vertex 34.027 0 24.6962
    endloop
  endfacet
  facet normal 0 -1 0
    outer loop
      vertex 3 0 121.1
      vertex 30.6596 0 23.7939
      vertex 32.3236 0 24.3185
    endloop
  endfacet
  facet normal 0 -1 0
    outer loop
      vertex 3 0 121.1
      vertex 29.0476 0 23.1262
      vertex 30.6596 0 23.7939
    endloop
  endfacet
  facet normal 0 -1 0
    outer loop
      vertex 3 0 121.1
      vertex 27.5 0 22.3205
      vertex 29.0476 0 23.1262
    endloop
  endfacet
  facet normal 0 -1 0
    outer loop
      vertex 3 0 121.1
      vertex 26.0285 0 21.383
      vertex 27.5 0 22.3205
    endloop
  endfacet
  facet normal 0 -1 0
    outer loop
      vertex 3 0 121.1
      vertex 24.6442 0 20.3209
      vertex 26.0285 0 21.383
    endloop
  endfacet
  facet normal 0 -1 0
    outer loop
      vertex 3 0 121.1
      vertex 23.3579 0 19.1421
      vertex 24.6442 0 20.3209
    endloop
  endfacet
  facet normal 0 -1 0
    outer loop
      vertex 3 0 121.1
      vertex 22.1791 0 17.8558
      vertex 23.3579 0 19.1421
    endloop
  endfacet
  facet normal 0 -1 0
    outer loop
      vertex 3 0 121.1
      vertex 21.117 0 16.4715
      vertex 22.1791 0 17.8558
    endloop
  endfacet
  facet normal 0 -1 0
    outer loop
      vertex 3 0 0
      vertex 21.117 0 16.4715
      vertex 3 0 121.1
    endloop
  endfacet
  facet normal 0 -1 0
    outer loop
      vertex 21.117 0 16.4715
      vertex 3 0 0
      vertex 20.1795 0 15
    endloop
  endfacet
  facet normal 0 -1 0
    outer loop
      vertex 20.1795 0 15
      vertex 3 0 0
      vertex 19.3738 0 13.4524
    endloop
  endfacet
  facet normal 0 -1 0
    outer loop
      vertex 19.3738 0 13.4524
      vertex 3 0 0
      vertex 18.7061 0 11.8404
    endloop
  endfacet
  facet normal 0 -1 0
    outer loop
      vertex 18.7061 0 11.8404
      vertex 3 0 0
      vertex 18.1815 0 10.1764
    endloop
  endfacet
  facet normal 0 -1 0
    outer loop
      vertex 18.1815 0 10.1764
      vertex 3 0 0
      vertex 17.8038 0 8.47296
    endloop
  endfacet
  facet normal 0 -1 0
    outer loop
      vertex 17.8038 0 8.47296
      vertex 3 0 0
      vertex 17.5761 0 6.74311
    endloop
  endfacet
  facet normal 0 -1 0
    outer loop
      vertex 17.5761 0 6.74311
      vertex 3 0 0
      vertex 17.5 0 5.02
    endloop
  endfacet
  facet normal 0 -1 -0
    outer loop
      vertex 17.5 0 5.02
      vertex 3 0 0
      vertex 17.5 0 0
    endloop
  endfacet
  facet normal 0 -1 0
    outer loop
      vertex 39.2431 0 24.9239
      vertex 72 0 121.1
      vertex 37.5 0 25
    endloop
  endfacet
  facet normal 0 -1 0
    outer loop
      vertex 40.973 0 24.6962
      vertex 72 0 121.1
      vertex 39.2431 0 24.9239
    endloop
  endfacet
  facet normal 0 -1 0
    outer loop
      vertex 42.6764 0 24.3185
      vertex 72 0 121.1
      vertex 40.973 0 24.6962
    endloop
  endfacet
  facet normal 0 -1 0
    outer loop
      vertex 44.3404 0 23.7939
      vertex 72 0 121.1
      vertex 42.6764 0 24.3185
    endloop
  endfacet
  facet normal 0 -1 0
    outer loop
      vertex 45.9524 0 23.1262
      vertex 72 0 121.1
      vertex 44.3404 0 23.7939
    endloop
  endfacet
  facet normal 0 -1 0
    outer loop
      vertex 47.5 0 22.3205
      vertex 72 0 121.1
      vertex 45.9524 0 23.1262
    endloop
  endfacet
  facet normal 0 -1 0
    outer loop
      vertex 48.9715 0 21.383
      vertex 72 0 121.1
      vertex 47.5 0 22.3205
    endloop
  endfacet
  facet normal 0 -1 0
    outer loop
      vertex 50.3558 0 20.3209
      vertex 72 0 121.1
      vertex 48.9715 0 21.383
    endloop
  endfacet
  facet normal 0 -1 0
    outer loop
      vertex 51.6421 0 19.1421
      vertex 72 0 121.1
      vertex 50.3558 0 20.3209
    endloop
  endfacet
  facet normal 0 -1 0
    outer loop
      vertex 52.8209 0 17.8558
      vertex 72 0 121.1
      vertex 51.6421 0 19.1421
    endloop
  endfacet
  facet normal 0 -1 0
    outer loop
      vertex 53.883 0 16.4715
      vertex 72 0 121.1
      vertex 52.8209 0 17.8558
    endloop
  endfacet
  facet normal 0 -1 0
    outer loop
      vertex 72 0 0
      vertex 53.883 0 16.4715
      vertex 54.8205 0 15
    endloop
  endfacet
  facet normal 0 -1 0
    outer loop
      vertex 72 0 0
      vertex 54.8205 0 15
      vertex 55.6262 0 13.4524
    endloop
  endfacet
  facet normal 0 -1 0
    outer loop
      vertex 72 0 0
      vertex 55.6262 0 13.4524
      vertex 56.2939 0 11.8404
    endloop
  endfacet
  facet normal 0 -1 0
    outer loop
      vertex 72 0 0
      vertex 56.2939 0 11.8404
      vertex 56.8185 0 10.1764
    endloop
  endfacet
  facet normal 0 -1 0
    outer loop
      vertex 72 0 0
      vertex 56.8185 0 10.1764
      vertex 57.1962 0 8.47296
    endloop
  endfacet
  facet normal 0 -1 0
    outer loop
      vertex 72 0 0
      vertex 57.1962 0 8.47296
      vertex 57.4239 0 6.74311
    endloop
  endfacet
  facet normal 0 -1 0
    outer loop
      vertex 57.5 0 5.02
      vertex 57.4239 0 6.74311
      vertex 57.4991 0 5.02
    endloop
  endfacet
  facet normal 0 -1 0
    outer loop
      vertex 72 0 0
      vertex 57.4239 0 6.74311
      vertex 57.5 0 5.02
    endloop
  endfacet
  facet normal 0 -1 0
    outer loop
      vertex 72 0 0
      vertex 57.5 0 5.02
      vertex 57.5 0 0
    endloop
  endfacet
  facet normal 0 -1 0
    outer loop
      vertex 53.883 0 16.4715
      vertex 72 0 0
      vertex 72 0 121.1
    endloop
  endfacet
  facet normal 0 -1 0
    outer loop
      vertex 17.5761 0 6.74311
      vertex 17.5 0 5.02
      vertex 17.5009 0 5.02
    endloop
  endfacet
  facet normal 0 1 -0
    outer loop
      vertex 36.1716 75 114.884
      vertex 0 75 125
      vertex 36.8333 75 114.971
    endloop
  endfacet
  facet normal 0 1 0
    outer loop
      vertex 0 75 125
      vertex 13.1667 75 114.971
      vertex 12.5 75 115
    endloop
  endfacet
  facet normal 0 1 -0
    outer loop
      vertex 35.52 75 114.739
      vertex 0 75 125
      vertex 36.1716 75 114.884
    endloop
  endfacet
  facet normal 0 1 0
    outer loop
      vertex 0 75 125
      vertex 13.8284 75 114.884
      vertex 13.1667 75 114.971
    endloop
  endfacet
  facet normal 0 1 -0
    outer loop
      vertex 34.8836 75 114.539
      vertex 0 75 125
      vertex 35.52 75 114.739
    endloop
  endfacet
  facet normal 0 1 0
    outer loop
      vertex 0 75 125
      vertex 14.48 75 114.739
      vertex 13.8284 75 114.884
    endloop
  endfacet
  facet normal 0 1 -0
    outer loop
      vertex 15.1164 75 114.539
      vertex 0 75 125
      vertex 34.8836 75 114.539
    endloop
  endfacet
  facet normal 0 1 0
    outer loop
      vertex 0 75 125
      vertex 15.1164 75 114.539
      vertex 14.48 75 114.739
    endloop
  endfacet
  facet normal 0 1 -0
    outer loop
      vertex 34.267 75 114.283
      vertex 15.1164 75 114.539
      vertex 34.8836 75 114.539
    endloop
  endfacet
  facet normal 0 1 0
    outer loop
      vertex 34.267 75 114.283
      vertex 15.733 75 114.283
      vertex 15.1164 75 114.539
    endloop
  endfacet
  facet normal 0 1 -0
    outer loop
      vertex 33.675 75 113.975
      vertex 15.733 75 114.283
      vertex 34.267 75 114.283
    endloop
  endfacet
  facet normal 0 1 0
    outer loop
      vertex 33.675 75 113.975
      vertex 16.325 75 113.975
      vertex 15.733 75 114.283
    endloop
  endfacet
  facet normal 0 1 -0
    outer loop
      vertex 33.1122 75 113.617
      vertex 16.325 75 113.975
      vertex 33.675 75 113.975
    endloop
  endfacet
  facet normal 0 1 0
    outer loop
      vertex 33.1122 75 113.617
      vertex 16.8878 75 113.617
      vertex 16.325 75 113.975
    endloop
  endfacet
  facet normal 0 1 -0
    outer loop
      vertex 32.5827 75 113.21
      vertex 16.8878 75 113.617
      vertex 33.1122 75 113.617
    endloop
  endfacet
  facet normal 0 1 0
    outer loop
      vertex 32.5827 75 113.21
      vertex 17.4173 75 113.21
      vertex 16.8878 75 113.617
    endloop
  endfacet
  facet normal 0 1 -0
    outer loop
      vertex 32.0906 75 112.759
      vertex 17.4173 75 113.21
      vertex 32.5827 75 113.21
    endloop
  endfacet
  facet normal 0 1 0
    outer loop
      vertex 32.0906 75 112.759
      vertex 17.9094 75 112.759
      vertex 17.4173 75 113.21
    endloop
  endfacet
  facet normal 0 1 -0
    outer loop
      vertex 31.6398 75 112.267
      vertex 17.9094 75 112.759
      vertex 32.0906 75 112.759
    endloop
  endfacet
  facet normal 0 1 0
    outer loop
      vertex 31.6398 75 112.267
      vertex 18.3602 75 112.267
      vertex 17.9094 75 112.759
    endloop
  endfacet
  facet normal 0 1 -0
    outer loop
      vertex 31.2335 75 111.738
      vertex 18.3602 75 112.267
      vertex 31.6398 75 112.267
    endloop
  endfacet
  facet normal 0 1 0
    outer loop
      vertex 31.2335 75 111.738
      vertex 18.7665 75 111.738
      vertex 18.3602 75 112.267
    endloop
  endfacet
  facet normal 0 1 -0
    outer loop
      vertex 30.8749 75 111.175
      vertex 18.7665 75 111.738
      vertex 31.2335 75 111.738
    endloop
  endfacet
  facet normal 0 1 0
    outer loop
      vertex 30.8749 75 111.175
      vertex 19.1251 75 111.175
      vertex 18.7665 75 111.738
    endloop
  endfacet
  facet normal 0 1 -0
    outer loop
      vertex 30.5668 75 110.583
      vertex 19.1251 75 111.175
      vertex 30.8749 75 111.175
    endloop
  endfacet
  facet normal 0 1 0
    outer loop
      vertex 30.5668 75 110.583
      vertex 19.4332 75 110.583
      vertex 19.1251 75 111.175
    endloop
  endfacet
  facet normal 0 1 -0
    outer loop
      vertex 30.3114 75 109.966
      vertex 19.4332 75 110.583
      vertex 30.5668 75 110.583
    endloop
  endfacet
  facet normal 0 1 0
    outer loop
      vertex 30.3114 75 109.966
      vertex 19.6886 75 109.966
      vertex 19.4332 75 110.583
    endloop
  endfacet
  facet normal 0 1 -0
    outer loop
      vertex 30.1107 75 109.33
      vertex 19.6886 75 109.966
      vertex 30.3114 75 109.966
    endloop
  endfacet
  facet normal 0 1 0
    outer loop
      vertex 30.1107 75 109.33
      vertex 19.8893 75 109.33
      vertex 19.6886 75 109.966
    endloop
  endfacet
  facet normal 0 1 -0
    outer loop
      vertex 29.9662 75 108.678
      vertex 19.8893 75 109.33
      vertex 30.1107 75 109.33
    endloop
  endfacet
  facet normal 0 1 0
    outer loop
      vertex 29.9662 75 108.678
      vertex 20.0338 75 108.678
      vertex 19.8893 75 109.33
    endloop
  endfacet
  facet normal 0 1 -0
    outer loop
      vertex 29.8791 75 108.017
      vertex 20.0338 75 108.678
      vertex 29.9662 75 108.678
    endloop
  endfacet
  facet normal 0 1 0
    outer loop
      vertex 29.8791 75 108.017
      vertex 20.1209 75 108.017
      vertex 20.0338 75 108.678
    endloop
  endfacet
  facet normal 0 1 -0
    outer loop
      vertex 29.85 75 107.35
      vertex 20.1209 75 108.017
      vertex 29.8791 75 108.017
    endloop
  endfacet
  facet normal 0 1 0
    outer loop
      vertex 29.85 75 107.35
      vertex 20.15 75 107.35
      vertex 20.1209 75 108.017
    endloop
  endfacet
  facet normal 0 1 -0
    outer loop
      vertex 29.85 75 0
      vertex 20.15 75 107.35
      vertex 29.85 75 107.35
    endloop
  endfacet
  facet normal 0 1 0
    outer loop
      vertex 20.15 75 107.35
      vertex 29.85 75 0
      vertex 20.15 75 0
    endloop
  endfacet
  facet normal 0 1 0
    outer loop
      vertex 61.1716 75 114.884
      vertex 75 75 125
      vertex 61.8333 75 114.971
    endloop
  endfacet
  facet normal 0 1 0
    outer loop
      vertex 75 75 125
      vertex 38.1667 75 114.971
      vertex 37.5 75 115
    endloop
  endfacet
  facet normal 0 1 0
    outer loop
      vertex 60.52 75 114.739
      vertex 75 75 125
      vertex 61.1716 75 114.884
    endloop
  endfacet
  facet normal 0 1 0
    outer loop
      vertex 75 75 125
      vertex 38.8284 75 114.884
      vertex 38.1667 75 114.971
    endloop
  endfacet
  facet normal 0 1 0
    outer loop
      vertex 59.8836 75 114.539
      vertex 75 75 125
      vertex 60.52 75 114.739
    endloop
  endfacet
  facet normal 0 1 0
    outer loop
      vertex 75 75 125
      vertex 39.48 75 114.739
      vertex 38.8284 75 114.884
    endloop
  endfacet
  facet normal 0 1 0
    outer loop
      vertex 40.1164 75 114.539
      vertex 75 75 125
      vertex 59.8836 75 114.539
    endloop
  endfacet
  facet normal 0 1 0
    outer loop
      vertex 75 75 125
      vertex 40.1164 75 114.539
      vertex 39.48 75 114.739
    endloop
  endfacet
  facet normal 0 1 -0
    outer loop
      vertex 59.267 75 114.283
      vertex 40.1164 75 114.539
      vertex 59.8836 75 114.539
    endloop
  endfacet
  facet normal 0 1 0
    outer loop
      vertex 59.267 75 114.283
      vertex 40.733 75 114.283
      vertex 40.1164 75 114.539
    endloop
  endfacet
  facet normal 0 1 -0
    outer loop
      vertex 58.675 75 113.975
      vertex 40.733 75 114.283
      vertex 59.267 75 114.283
    endloop
  endfacet
  facet normal 0 1 0
    outer loop
      vertex 58.675 75 113.975
      vertex 41.325 75 113.975
      vertex 40.733 75 114.283
    endloop
  endfacet
  facet normal 0 1 -0
    outer loop
      vertex 58.1122 75 113.617
      vertex 41.325 75 113.975
      vertex 58.675 75 113.975
    endloop
  endfacet
  facet normal 0 1 0
    outer loop
      vertex 58.1122 75 113.617
      vertex 41.8878 75 113.617
      vertex 41.325 75 113.975
    endloop
  endfacet
  facet normal 0 1 -0
    outer loop
      vertex 57.5827 75 113.21
      vertex 41.8878 75 113.617
      vertex 58.1122 75 113.617
    endloop
  endfacet
  facet normal 0 1 0
    outer loop
      vertex 57.5827 75 113.21
      vertex 42.4173 75 113.21
      vertex 41.8878 75 113.617
    endloop
  endfacet
  facet normal 0 1 -0
    outer loop
      vertex 57.0906 75 112.759
      vertex 42.4173 75 113.21
      vertex 57.5827 75 113.21
    endloop
  endfacet
  facet normal 0 1 0
    outer loop
      vertex 57.0906 75 112.759
      vertex 42.9094 75 112.759
      vertex 42.4173 75 113.21
    endloop
  endfacet
  facet normal 0 1 -0
    outer loop
      vertex 56.6398 75 112.267
      vertex 42.9094 75 112.759
      vertex 57.0906 75 112.759
    endloop
  endfacet
  facet normal 0 1 0
    outer loop
      vertex 56.6398 75 112.267
      vertex 43.3602 75 112.267
      vertex 42.9094 75 112.759
    endloop
  endfacet
  facet normal 0 1 -0
    outer loop
      vertex 56.2335 75 111.738
      vertex 43.3602 75 112.267
      vertex 56.6398 75 112.267
    endloop
  endfacet
  facet normal 0 1 0
    outer loop
      vertex 56.2335 75 111.738
      vertex 43.7665 75 111.738
      vertex 43.3602 75 112.267
    endloop
  endfacet
  facet normal 0 1 -0
    outer loop
      vertex 55.8749 75 111.175
      vertex 43.7665 75 111.738
      vertex 56.2335 75 111.738
    endloop
  endfacet
  facet normal 0 1 0
    outer loop
      vertex 55.8749 75 111.175
      vertex 44.1251 75 111.175
      vertex 43.7665 75 111.738
    endloop
  endfacet
  facet normal 0 1 -0
    outer loop
      vertex 55.5668 75 110.583
      vertex 44.1251 75 111.175
      vertex 55.8749 75 111.175
    endloop
  endfacet
  facet normal 0 1 0
    outer loop
      vertex 55.5668 75 110.583
      vertex 44.4332 75 110.583
      vertex 44.1251 75 111.175
    endloop
  endfacet
  facet normal 0 1 -0
    outer loop
      vertex 55.3114 75 109.966
      vertex 44.4332 75 110.583
      vertex 55.5668 75 110.583
    endloop
  endfacet
  facet normal 0 1 0
    outer loop
      vertex 55.3114 75 109.966
      vertex 44.6886 75 109.966
      vertex 44.4332 75 110.583
    endloop
  endfacet
  facet normal 0 1 -0
    outer loop
      vertex 55.1107 75 109.33
      vertex 44.6886 75 109.966
      vertex 55.3114 75 109.966
    endloop
  endfacet
  facet normal 0 1 0
    outer loop
      vertex 55.1107 75 109.33
      vertex 44.8893 75 109.33
      vertex 44.6886 75 109.966
    endloop
  endfacet
  facet normal 0 1 -0
    outer loop
      vertex 54.9662 75 108.678
      vertex 44.8893 75 109.33
      vertex 55.1107 75 109.33
    endloop
  endfacet
  facet normal 0 1 0
    outer loop
      vertex 54.9662 75 108.678
      vertex 45.0338 75 108.678
      vertex 44.8893 75 109.33
    endloop
  endfacet
  facet normal 0 1 -0
    outer loop
      vertex 54.8791 75 108.017
      vertex 45.0338 75 108.678
      vertex 54.9662 75 108.678
    endloop
  endfacet
  facet normal 0 1 0
    outer loop
      vertex 54.8791 75 108.017
      vertex 45.1209 75 108.017
      vertex 45.0338 75 108.678
    endloop
  endfacet
  facet normal 0 1 -0
    outer loop
      vertex 54.85 75 107.35
      vertex 45.1209 75 108.017
      vertex 54.8791 75 108.017
    endloop
  endfacet
  facet normal 0 1 0
    outer loop
      vertex 54.85 75 107.35
      vertex 45.15 75 107.35
      vertex 45.1209 75 108.017
    endloop
  endfacet
  facet normal 0 1 -0
    outer loop
      vertex 54.85 75 0
      vertex 45.15 75 107.35
      vertex 54.85 75 107.35
    endloop
  endfacet
  facet normal 0 1 0
    outer loop
      vertex 45.15 75 107.35
      vertex 54.85 75 0
      vertex 45.15 75 0
    endloop
  endfacet
  facet normal 0 1 0
    outer loop
      vertex 61.8333 75 114.971
      vertex 75 75 125
      vertex 62.5 75 115
    endloop
  endfacet
  facet normal 0 1 0
    outer loop
      vertex 75 75 125
      vertex 63.1667 75 114.971
      vertex 62.5 75 115
    endloop
  endfacet
  facet normal 0 1 0
    outer loop
      vertex 75 75 125
      vertex 63.8284 75 114.884
      vertex 63.1667 75 114.971
    endloop
  endfacet
  facet normal 0 1 0
    outer loop
      vertex 75 75 125
      vertex 64.48 75 114.739
      vertex 63.8284 75 114.884
    endloop
  endfacet
  facet normal 0 1 0
    outer loop
      vertex 75 75 125
      vertex 65.1164 75 114.539
      vertex 64.48 75 114.739
    endloop
  endfacet
  facet normal 0 1 0
    outer loop
      vertex 75 75 125
      vertex 65.733 75 114.283
      vertex 65.1164 75 114.539
    endloop
  endfacet
  facet normal 0 1 0
    outer loop
      vertex 75 75 125
      vertex 66.325 75 113.975
      vertex 65.733 75 114.283
    endloop
  endfacet
  facet normal 0 1 0
    outer loop
      vertex 75 75 125
      vertex 66.8878 75 113.617
      vertex 66.325 75 113.975
    endloop
  endfacet
  facet normal 0 1 0
    outer loop
      vertex 75 75 125
      vertex 67.4173 75 113.21
      vertex 66.8878 75 113.617
    endloop
  endfacet
  facet normal 0 1 0
    outer loop
      vertex 75 75 125
      vertex 67.9094 75 112.759
      vertex 67.4173 75 113.21
    endloop
  endfacet
  facet normal 0 1 0
    outer loop
      vertex 75 75 125
      vertex 68.3602 75 112.267
      vertex 67.9094 75 112.759
    endloop
  endfacet
  facet normal 0 1 0
    outer loop
      vertex 75 75 125
      vertex 68.7665 75 111.738
      vertex 68.3602 75 112.267
    endloop
  endfacet
  facet normal 0 1 0
    outer loop
      vertex 75 75 125
      vertex 69.1251 75 111.175
      vertex 68.7665 75 111.738
    endloop
  endfacet
  facet normal 0 1 0
    outer loop
      vertex 75 75 125
      vertex 69.4332 75 110.583
      vertex 69.1251 75 111.175
    endloop
  endfacet
  facet normal 0 1 0
    outer loop
      vertex 75 75 125
      vertex 69.6886 75 109.966
      vertex 69.4332 75 110.583
    endloop
  endfacet
  facet normal 0 1 0
    outer loop
      vertex 75 75 125
      vertex 69.8893 75 109.33
      vertex 69.6886 75 109.966
    endloop
  endfacet
  facet normal 0 1 0
    outer loop
      vertex 75 75 125
      vertex 70.0338 75 108.678
      vertex 69.8893 75 109.33
    endloop
  endfacet
  facet normal 0 1 0
    outer loop
      vertex 75 75 125
      vertex 70.1209 75 108.017
      vertex 70.0338 75 108.678
    endloop
  endfacet
  facet normal 0 1 0
    outer loop
      vertex 75 75 125
      vertex 70.15 75 107.35
      vertex 70.1209 75 108.017
    endloop
  endfacet
  facet normal 0 1 -0
    outer loop
      vertex 75 75 0
      vertex 70.15 75 107.35
      vertex 75 75 125
    endloop
  endfacet
  facet normal 0 1 0
    outer loop
      vertex 70.15 75 107.35
      vertex 75 75 0
      vertex 70.15 75 0
    endloop
  endfacet
  facet normal 0 1 0
    outer loop
      vertex 75 75 125
      vertex 37.5 75 115
      vertex 0 75 125
    endloop
  endfacet
  facet normal 0 1 -0
    outer loop
      vertex 36.8333 75 114.971
      vertex 0 75 125
      vertex 37.5 75 115
    endloop
  endfacet
  facet normal 0 1 -0
    outer loop
      vertex 11.8333 75 114.971
      vertex 0 75 125
      vertex 12.5 75 115
    endloop
  endfacet
  facet normal 0 1 -0
    outer loop
      vertex 11.1716 75 114.884
      vertex 0 75 125
      vertex 11.8333 75 114.971
    endloop
  endfacet
  facet normal 0 1 -0
    outer loop
      vertex 10.52 75 114.739
      vertex 0 75 125
      vertex 11.1716 75 114.884
    endloop
  endfacet
  facet normal 0 1 -0
    outer loop
      vertex 9.88356 75 114.539
      vertex 0 75 125
      vertex 10.52 75 114.739
    endloop
  endfacet
  facet normal 0 1 -0
    outer loop
      vertex 9.26698 75 114.283
      vertex 0 75 125
      vertex 9.88356 75 114.539
    endloop
  endfacet
  facet normal 0 1 -0
    outer loop
      vertex 8.675 75 113.975
      vertex 0 75 125
      vertex 9.26698 75 114.283
    endloop
  endfacet
  facet normal 0 1 -0
    outer loop
      vertex 8.11215 75 113.617
      vertex 0 75 125
      vertex 8.675 75 113.975
    endloop
  endfacet
  facet normal 0 1 -0
    outer loop
      vertex 7.58269 75 113.21
      vertex 0 75 125
      vertex 8.11215 75 113.617
    endloop
  endfacet
  facet normal 0 1 -0
    outer loop
      vertex 7.09064 75 112.759
      vertex 0 75 125
      vertex 7.58269 75 113.21
    endloop
  endfacet
  facet normal 0 1 -0
    outer loop
      vertex 6.63977 75 112.267
      vertex 0 75 125
      vertex 7.09064 75 112.759
    endloop
  endfacet
  facet normal 0 1 -0
    outer loop
      vertex 6.23349 75 111.738
      vertex 0 75 125
      vertex 6.63977 75 112.267
    endloop
  endfacet
  facet normal 0 1 -0
    outer loop
      vertex 5.87491 75 111.175
      vertex 0 75 125
      vertex 6.23349 75 111.738
    endloop
  endfacet
  facet normal 0 1 -0
    outer loop
      vertex 5.56676 75 110.583
      vertex 0 75 125
      vertex 5.87491 75 111.175
    endloop
  endfacet
  facet normal 0 1 -0
    outer loop
      vertex 5.31136 75 109.966
      vertex 0 75 125
      vertex 5.56676 75 110.583
    endloop
  endfacet
  facet normal 0 1 -0
    outer loop
      vertex 5.11067 75 109.33
      vertex 0 75 125
      vertex 5.31136 75 109.966
    endloop
  endfacet
  facet normal 0 1 -0
    outer loop
      vertex 4.96623 75 108.678
      vertex 0 75 125
      vertex 5.11067 75 109.33
    endloop
  endfacet
  facet normal 0 1 -0
    outer loop
      vertex 4.87912 75 108.017
      vertex 0 75 125
      vertex 4.96623 75 108.678
    endloop
  endfacet
  facet normal 0 1 -0
    outer loop
      vertex 4.85001 75 107.35
      vertex 0 75 125
      vertex 4.87912 75 108.017
    endloop
  endfacet
  facet normal 0 1 0
    outer loop
      vertex 0 75 0
      vertex 4.85001 75 107.35
      vertex 4.85001 75 0
    endloop
  endfacet
  facet normal 0 1 0
    outer loop
      vertex 4.85001 75 107.35
      vertex 0 75 0
      vertex 0 75 125
    endloop
  endfacet
  facet normal -1 0 0
    outer loop
      vertex 0 3 121.1
      vertex 0 75 0
      vertex 0 3 0
    endloop
  endfacet
  facet normal -1 0 0
    outer loop
      vertex 0 75 0
      vertex 0 3 121.1
      vertex 0 75 125
    endloop
  endfacet
  facet normal -1 -0 0
    outer loop
      vertex 0 75 125
      vertex 0 3 121.1
      vertex 0 3 125
    endloop
  endfacet
  facet normal 0 0 -1
    outer loop
      vertex 17.5 0 0
      vertex 3 0 0
      vertex 17.5 2.02 0
    endloop
  endfacet
  facet normal 0 0 -1
    outer loop
      vertex 72 0 0
      vertex 75 3 0
      vertex 72.5209 0.0455627 0
    endloop
  endfacet
  facet normal 0 0 -1
    outer loop
      vertex 72 0 0
      vertex 72.5209 0.0455627 0
      vertex 72.2615 0.0114136 0
    endloop
  endfacet
  facet normal 0 0 -1
    outer loop
      vertex 75 3 0
      vertex 72 0 0
      vertex 57.5 2.02 0
    endloop
  endfacet
  facet normal 0 0 -1
    outer loop
      vertex 57.5 2.02 0
      vertex 72 0 0
      vertex 57.5 0 0
    endloop
  endfacet
  facet normal 0 0 -1
    outer loop
      vertex 44.5711 9.07107 0
      vertex 75 3 0
      vertex 57.5 2.02 0
    endloop
  endfacet
  facet normal 0 0 -1
    outer loop
      vertex 75 3 0
      vertex 43.9279 9.66044 0
      vertex 72.65 70.83 0
    endloop
  endfacet
  facet normal 0 0 -1
    outer loop
      vertex 52.35 70.83 0
      vertex 47.65 70.83 0
      vertex 52.35 72.0821 0
    endloop
  endfacet
  facet normal 0 0 -1
    outer loop
      vertex 43.2358 10.1915 0
      vertex 72.65 70.83 0
      vertex 43.9279 9.66044 0
    endloop
  endfacet
  facet normal 0 0 -1
    outer loop
      vertex 47.4619 2.87156 0
      vertex 57.5 2.02 0
      vertex 47.4991 2.02 0
    endloop
  endfacet
  facet normal 0 0 -1
    outer loop
      vertex 47.3481 3.73648 0
      vertex 57.5 2.02 0
      vertex 47.4619 2.87156 0
    endloop
  endfacet
  facet normal 0 0 -1
    outer loop
      vertex 47.1593 4.58819 0
      vertex 57.5 2.02 0
      vertex 47.3481 3.73648 0
    endloop
  endfacet
  facet normal 0 0 -1
    outer loop
      vertex 46.8969 5.4202 0
      vertex 57.5 2.02 0
      vertex 47.1593 4.58819 0
    endloop
  endfacet
  facet normal 0 0 -1
    outer loop
      vertex 46.5631 6.22618 0
      vertex 57.5 2.02 0
      vertex 46.8969 5.4202 0
    endloop
  endfacet
  facet normal 0 0 -1
    outer loop
      vertex 46.1603 7 0
      vertex 57.5 2.02 0
      vertex 46.5631 6.22618 0
    endloop
  endfacet
  facet normal 0 0 -1
    outer loop
      vertex 45.6915 7.73576 0
      vertex 57.5 2.02 0
      vertex 46.1603 7 0
    endloop
  endfacet
  facet normal 0 0 -1
    outer loop
      vertex 45.1604 8.42788 0
      vertex 57.5 2.02 0
      vertex 45.6915 7.73576 0
    endloop
  endfacet
  facet normal 0 0 -1
    outer loop
      vertex 44.5711 9.07107 0
      vertex 57.5 2.02 0
      vertex 45.1604 8.42788 0
    endloop
  endfacet
  facet normal 0 0 -1
    outer loop
      vertex 75 3 0
      vertex 44.5711 9.07107 0
      vertex 43.9279 9.66044 0
    endloop
  endfacet
  facet normal -0 0 -1
    outer loop
      vertex 72.65 70.83 0
      vertex 43.2358 10.1915 0
      vertex 52.35 70.83 0
    endloop
  endfacet
  facet normal 0 0 -1
    outer loop
      vertex 42.5 10.6603 0
      vertex 52.35 70.83 0
      vertex 43.2358 10.1915 0
    endloop
  endfacet
  facet normal 0 0 -1
    outer loop
      vertex 41.7262 11.0631 0
      vertex 52.35 70.83 0
      vertex 42.5 10.6603 0
    endloop
  endfacet
  facet normal 0 0 -1
    outer loop
      vertex 40.9202 11.3969 0
      vertex 52.35 70.83 0
      vertex 41.7262 11.0631 0
    endloop
  endfacet
  facet normal -0 0 -1
    outer loop
      vertex 52.35 70.83 0
      vertex 40.9202 11.3969 0
      vertex 47.65 70.83 0
    endloop
  endfacet
  facet normal 0 0 -1
    outer loop
      vertex 40.0882 11.6593 0
      vertex 47.65 70.83 0
      vertex 40.9202 11.3969 0
    endloop
  endfacet
  facet normal 0 0 -1
    outer loop
      vertex 39.2365 11.8481 0
      vertex 47.65 70.83 0
      vertex 40.0882 11.6593 0
    endloop
  endfacet
  facet normal 0 0 -1
    outer loop
      vertex 38.3716 11.9619 0
      vertex 47.65 70.83 0
      vertex 39.2365 11.8481 0
    endloop
  endfacet
  facet normal 0 0 -1
    outer loop
      vertex 37.5 12 0
      vertex 47.65 70.83 0
      vertex 38.3716 11.9619 0
    endloop
  endfacet
  facet normal 0 0 -1
    outer loop
      vertex 27.35 70.83 0
      vertex 37.5 12 0
      vertex 36.6284 11.9619 0
    endloop
  endfacet
  facet normal 0 0 -1
    outer loop
      vertex 27.35 70.83 0
      vertex 36.6284 11.9619 0
      vertex 35.7635 11.8481 0
    endloop
  endfacet
  facet normal 0 0 -1
    outer loop
      vertex 27.35 70.83 0
      vertex 35.7635 11.8481 0
      vertex 34.9118 11.6593 0
    endloop
  endfacet
  facet normal 0 0 -1
    outer loop
      vertex 27.35 70.83 0
      vertex 34.9118 11.6593 0
      vertex 34.0798 11.3969 0
    endloop
  endfacet
  facet normal 0 0 -1
    outer loop
      vertex 22.65 70.83 0
      vertex 34.0798 11.3969 0
      vertex 33.2738 11.0631 0
    endloop
  endfacet
  facet normal 0 0 -1
    outer loop
      vertex 22.65 70.83 0
      vertex 33.2738 11.0631 0
      vertex 32.5 10.6603 0
    endloop
  endfacet
  facet normal 0 0 -1
    outer loop
      vertex 22.65 70.83 0
      vertex 32.5 10.6603 0
      vertex 31.7642 10.1915 0
    endloop
  endfacet
  facet normal 0 0 -1
    outer loop
      vertex 2.35001 70.83 0
      vertex 31.7642 10.1915 0
      vertex 31.0721 9.66044 0
    endloop
  endfacet
  facet normal 0 0 -1
    outer loop
      vertex 0 3 0
      vertex 31.0721 9.66044 0
      vertex 30.4289 9.07107 0
    endloop
  endfacet
  facet normal 0 0 -1
    outer loop
      vertex 17.5 2.02 0
      vertex 30.4289 9.07107 0
      vertex 29.8396 8.42788 0
    endloop
  endfacet
  facet normal 0 0 -1
    outer loop
      vertex 17.5 2.02 0
      vertex 29.8396 8.42788 0
      vertex 29.3085 7.73576 0
    endloop
  endfacet
  facet normal 0 0 -1
    outer loop
      vertex 17.5 2.02 0
      vertex 29.3085 7.73576 0
      vertex 28.8397 7 0
    endloop
  endfacet
  facet normal 0 0 -1
    outer loop
      vertex 17.5 2.02 0
      vertex 28.8397 7 0
      vertex 28.4369 6.22618 0
    endloop
  endfacet
  facet normal 0 0 -1
    outer loop
      vertex 17.5 2.02 0
      vertex 28.4369 6.22618 0
      vertex 28.1031 5.4202 0
    endloop
  endfacet
  facet normal 0 0 -1
    outer loop
      vertex 17.5 2.02 0
      vertex 28.1031 5.4202 0
      vertex 27.8407 4.58819 0
    endloop
  endfacet
  facet normal 0 0 -1
    outer loop
      vertex 37.5 12 0
      vertex 27.35 70.83 0
      vertex 47.65 70.83 0
    endloop
  endfacet
  facet normal 0 0 -1
    outer loop
      vertex 17.5 2.02 0
      vertex 27.8407 4.58819 0
      vertex 27.6519 3.73648 0
    endloop
  endfacet
  facet normal 0 0 -1
    outer loop
      vertex 17.5 2.02 0
      vertex 27.6519 3.73648 0
      vertex 27.5381 2.87156 0
    endloop
  endfacet
  facet normal 0 0 -1
    outer loop
      vertex 17.5 2.02 0
      vertex 27.5381 2.87156 0
      vertex 27.5009 2.02 0
    endloop
  endfacet
  facet normal 0 0 -1
    outer loop
      vertex 27.35 70.83 0
      vertex 22.65 70.83 0
      vertex 27.35 72.0821 0
    endloop
  endfacet
  facet normal 0 0 -1
    outer loop
      vertex 34.0798 11.3969 0
      vertex 22.65 70.83 0
      vertex 27.35 70.83 0
    endloop
  endfacet
  facet normal 0 0 -1
    outer loop
      vertex 30.4289 9.07107 0
      vertex 17.5 2.02 0
      vertex 0 3 0
    endloop
  endfacet
  facet normal 0 0 -1
    outer loop
      vertex 0 3 0
      vertex 17.5 2.02 0
      vertex 3 0 0
    endloop
  endfacet
  facet normal 0 0 -1
    outer loop
      vertex 0 3 0
      vertex 3 0 0
      vertex 2.73853 0.0114136 0
    endloop
  endfacet
  facet normal 0 0 -1
    outer loop
      vertex 0 3 0
      vertex 2.73853 0.0114136 0
      vertex 2.47905 0.0455627 0
    endloop
  endfacet
  facet normal -0 0 -1
    outer loop
      vertex 31.0721 9.66044 0
      vertex 0 3 0
      vertex 2.35001 70.83 0
    endloop
  endfacet
  facet normal 0 0 -1
    outer loop
      vertex 31.7642 10.1915 0
      vertex 2.35001 70.83 0
      vertex 22.65 70.83 0
    endloop
  endfacet
  facet normal 0 0 -1
    outer loop
      vertex 0 3 0
      vertex 2.47905 0.0455627 0
      vertex 2.22354 0.102219 0
    endloop
  endfacet
  facet normal 0 0 -1
    outer loop
      vertex 72.7764 0.102219 0
      vertex 75 3 0
      vertex 74.9886 2.73853 0
    endloop
  endfacet
  facet normal 0 0 -1
    outer loop
      vertex 72.7764 0.102219 0
      vertex 74.9886 2.73853 0
      vertex 74.9544 2.47905 0
    endloop
  endfacet
  facet normal 0 0 -1
    outer loop
      vertex 72.7764 0.102219 0
      vertex 74.9544 2.47905 0
      vertex 74.8978 2.22354 0
    endloop
  endfacet
  facet normal 0 0 -1
    outer loop
      vertex 72.7764 0.102219 0
      vertex 74.8978 2.22354 0
      vertex 74.8191 1.97394 0
    endloop
  endfacet
  facet normal 0 0 -1
    outer loop
      vertex 72.7764 0.102219 0
      vertex 74.8191 1.97394 0
      vertex 74.7189 1.73213 0
    endloop
  endfacet
  facet normal 0 0 -1
    outer loop
      vertex 72.7764 0.102219 0
      vertex 74.7189 1.73213 0
      vertex 74.5981 1.5 0
    endloop
  endfacet
  facet normal 0 0 -1
    outer loop
      vertex 72.7764 0.102219 0
      vertex 74.5981 1.5 0
      vertex 74.4574 1.27927 0
    endloop
  endfacet
  facet normal 0 0 -1
    outer loop
      vertex 72.7764 0.102219 0
      vertex 74.4574 1.27927 0
      vertex 74.2981 1.07162 0
    endloop
  endfacet
  facet normal 0 0 -1
    outer loop
      vertex 72.7764 0.102219 0
      vertex 74.2981 1.07162 0
      vertex 74.1213 0.878677 0
    endloop
  endfacet
  facet normal 0 0 -1
    outer loop
      vertex 72.7764 0.102219 0
      vertex 74.1213 0.878677 0
      vertex 73.9284 0.701859 0
    endloop
  endfacet
  facet normal 0 0 -1
    outer loop
      vertex 72.7764 0.102219 0
      vertex 73.9284 0.701859 0
      vertex 73.7207 0.542542 0
    endloop
  endfacet
  facet normal 0 0 -1
    outer loop
      vertex 72.7764 0.102219 0
      vertex 73.7207 0.542542 0
      vertex 73.5 0.401917 0
    endloop
  endfacet
  facet normal 0 0 -1
    outer loop
      vertex 72.7764 0.102219 0
      vertex 73.5 0.401917 0
      vertex 73.2679 0.281067 0
    endloop
  endfacet
  facet normal 0 0 -1
    outer loop
      vertex 72.7764 0.102219 0
      vertex 73.2679 0.281067 0
      vertex 73.026 0.180908 0
    endloop
  endfacet
  facet normal 0 0 -1
    outer loop
      vertex 72.5209 0.0455627 0
      vertex 75 3 0
      vertex 72.7764 0.102219 0
    endloop
  endfacet
  facet normal 0 0 -1
    outer loop
      vertex 75 3 0
      vertex 72.65 70.83 0
      vertex 75 75 0
    endloop
  endfacet
  facet normal 0 0 -1
    outer loop
      vertex 72.65 72.0821 0
      vertex 75 75 0
      vertex 72.65 70.83 0
    endloop
  endfacet
  facet normal 0 0 -1
    outer loop
      vertex 72.6301 72.0821 0
      vertex 75 75 0
      vertex 72.65 72.0821 0
    endloop
  endfacet
  facet normal 0 0 -1
    outer loop
      vertex 70.15 74.5821 0
      vertex 75 75 0
      vertex 72.6301 72.0821 0
    endloop
  endfacet
  facet normal -0 0 -1
    outer loop
      vertex 75 75 0
      vertex 70.15 74.5821 0
      vertex 70.15 75 0
    endloop
  endfacet
  facet normal 0 0 -1
    outer loop
      vertex 52.35 72.0821 0
      vertex 54.85 74.5821 0
      vertex 52.3698 72.0821 0
    endloop
  endfacet
  facet normal -0 0 -1
    outer loop
      vertex 54.85 74.5821 0
      vertex 52.35 72.0821 0
      vertex 54.85 75 0
    endloop
  endfacet
  facet normal 0 0 -1
    outer loop
      vertex 47.65 72.0821 0
      vertex 52.35 72.0821 0
      vertex 47.65 70.83 0
    endloop
  endfacet
  facet normal 0 0 -1
    outer loop
      vertex 52.35 72.0821 0
      vertex 47.65 72.0821 0
      vertex 54.85 75 0
    endloop
  endfacet
  facet normal 0 0 -1
    outer loop
      vertex 45.15 74.5821 0
      vertex 47.65 72.0821 0
      vertex 47.6302 72.0821 0
    endloop
  endfacet
  facet normal 0 0 -1
    outer loop
      vertex 47.65 72.0821 0
      vertex 45.15 74.5821 0
      vertex 45.15 75 0
    endloop
  endfacet
  facet normal 0 0 -1
    outer loop
      vertex 47.65 72.0821 0
      vertex 45.15 75 0
      vertex 54.85 75 0
    endloop
  endfacet
  facet normal 0 0 -1
    outer loop
      vertex 27.35 72.0821 0
      vertex 29.85 74.5821 0
      vertex 27.3698 72.0821 0
    endloop
  endfacet
  facet normal -0 0 -1
    outer loop
      vertex 29.85 74.5821 0
      vertex 27.35 72.0821 0
      vertex 29.85 75 0
    endloop
  endfacet
  facet normal 0 0 -1
    outer loop
      vertex 22.65 72.0821 0
      vertex 27.35 72.0821 0
      vertex 22.65 70.83 0
    endloop
  endfacet
  facet normal 0 0 -1
    outer loop
      vertex 27.35 72.0821 0
      vertex 22.65 72.0821 0
      vertex 29.85 75 0
    endloop
  endfacet
  facet normal 0 0 -1
    outer loop
      vertex 20.15 74.5821 0
      vertex 22.65 72.0821 0
      vertex 22.6302 72.0821 0
    endloop
  endfacet
  facet normal 0 0 -1
    outer loop
      vertex 22.65 72.0821 0
      vertex 20.15 74.5821 0
      vertex 20.15 75 0
    endloop
  endfacet
  facet normal 0 0 -1
    outer loop
      vertex 22.65 72.0821 0
      vertex 20.15 75 0
      vertex 29.85 75 0
    endloop
  endfacet
  facet normal 0 0 -1
    outer loop
      vertex 0 75 0
      vertex 4.85001 74.5821 0
      vertex 2.36985 72.0821 0
    endloop
  endfacet
  facet normal 0 0 -1
    outer loop
      vertex 0 75 0
      vertex 2.36985 72.0821 0
      vertex 2.35001 72.0821 0
    endloop
  endfacet
  facet normal 0 0 -1
    outer loop
      vertex 0 3 0
      vertex 2.22354 0.102219 0
      vertex 1.97394 0.180908 0
    endloop
  endfacet
  facet normal 0 0 -1
    outer loop
      vertex 0 3 0
      vertex 1.97394 0.180908 0
      vertex 1.73213 0.281067 0
    endloop
  endfacet
  facet normal 0 0 -1
    outer loop
      vertex 0 3 0
      vertex 1.73213 0.281067 0
      vertex 1.5 0.401917 0
    endloop
  endfacet
  facet normal 0 0 -1
    outer loop
      vertex 0 3 0
      vertex 1.5 0.401917 0
      vertex 1.27927 0.542542 0
    endloop
  endfacet
  facet normal 0 0 -1
    outer loop
      vertex 0 3 0
      vertex 1.27927 0.542542 0
      vertex 1.07162 0.701859 0
    endloop
  endfacet
  facet normal 0 0 -1
    outer loop
      vertex 0 3 0
      vertex 1.07162 0.701859 0
      vertex 0.878677 0.878677 0
    endloop
  endfacet
  facet normal 0 0 -1
    outer loop
      vertex 0 3 0
      vertex 0.878677 0.878677 0
      vertex 0.701859 1.07162 0
    endloop
  endfacet
  facet normal 0 0 -1
    outer loop
      vertex 0 3 0
      vertex 0.701859 1.07162 0
      vertex 0.542542 1.27927 0
    endloop
  endfacet
  facet normal 0 0 -1
    outer loop
      vertex 0 3 0
      vertex 0.542542 1.27927 0
      vertex 0.401917 1.5 0
    endloop
  endfacet
  facet normal 0 0 -1
    outer loop
      vertex 0 3 0
      vertex 0.401917 1.5 0
      vertex 0.281067 1.73213 0
    endloop
  endfacet
  facet normal 0 0 -1
    outer loop
      vertex 0 3 0
      vertex 0.281067 1.73213 0
      vertex 0.180908 1.97394 0
    endloop
  endfacet
  facet normal 0 0 -1
    outer loop
      vertex 0 3 0
      vertex 0.180908 1.97394 0
      vertex 0.102219 2.22354 0
    endloop
  endfacet
  facet normal 0 0 -1
    outer loop
      vertex 0 3 0
      vertex 0.102219 2.22354 0
      vertex 0.0455627 2.47905 0
    endloop
  endfacet
  facet normal 0 0 -1
    outer loop
      vertex 0 3 0
      vertex 0.0455627 2.47905 0
      vertex 0.0114136 2.73853 0
    endloop
  endfacet
  facet normal 0 0 -1
    outer loop
      vertex 0 75 0
      vertex 2.35001 70.83 0
      vertex 0 3 0
    endloop
  endfacet
  facet normal 0 0 -1
    outer loop
      vertex 4.85001 74.5821 0
      vertex 0 75 0
      vertex 4.85001 75 0
    endloop
  endfacet
  facet normal 0 0 -1
    outer loop
      vertex 2.35001 70.83 0
      vertex 0 75 0
      vertex 2.35001 72.0821 0
    endloop
  endfacet
  facet normal 0.999051 -0.0435583 0
    outer loop
      vertex 74.9886 2.73853 121.1
      vertex 75 3 0
      vertex 75 3 121.1
    endloop
  endfacet
  facet normal 0.999051 -0.0435583 0
    outer loop
      vertex 75 3 0
      vertex 74.9886 2.73853 121.1
      vertex 74.9886 2.73853 0
    endloop
  endfacet
  facet normal 0.737277 -0.675591 0
    outer loop
      vertex 74.1213 0.878677 121.1
      vertex 74.2981 1.07162 0
      vertex 74.2981 1.07162 121.1
    endloop
  endfacet
  facet normal 0.737277 -0.675591 0
    outer loop
      vertex 74.2981 1.07162 0
      vertex 74.1213 0.878677 121.1
      vertex 74.1213 0.878677 0
    endloop
  endfacet
  facet normal -0.953727 -0.300673 0
    outer loop
      vertex 0.180908 1.97394 0
      vertex 0.102219 2.22354 121.1
      vertex 0.102219 2.22354 0
    endloop
  endfacet
  facet normal -0.953727 -0.300673 0
    outer loop
      vertex 0.102219 2.22354 121.1
      vertex 0.180908 1.97394 0
      vertex 0.180908 1.97394 121.1
    endloop
  endfacet
  facet normal 0.923827 -0.382811 0
    outer loop
      vertex 74.7189 1.73213 121.1
      vertex 74.8191 1.97394 0
      vertex 74.8191 1.97394 121.1
    endloop
  endfacet
  facet normal 0.923827 -0.382811 0
    outer loop
      vertex 74.8191 1.97394 0
      vertex 74.7189 1.73213 121.1
      vertex 74.7189 1.73213 0
    endloop
  endfacet
  facet normal 0.991426 -0.130672 0
    outer loop
      vertex 74.9544 2.47905 121.1
      vertex 74.9886 2.73853 0
      vertex 74.9886 2.73853 121.1
    endloop
  endfacet
  facet normal 0.991426 -0.130672 0
    outer loop
      vertex 74.9886 2.73853 0
      vertex 74.9544 2.47905 121.1
      vertex 74.9544 2.47905 0
    endloop
  endfacet
  facet normal 0.843254 -0.537516 0
    outer loop
      vertex 74.4574 1.27927 121.1
      vertex 74.5981 1.5 0
      vertex 74.5981 1.5 121.1
    endloop
  endfacet
  facet normal 0.843254 -0.537516 0
    outer loop
      vertex 74.5981 1.5 0
      vertex 74.4574 1.27927 121.1
      vertex 74.4574 1.27927 0
    endloop
  endfacet
  facet normal 0.887072 -0.461631 0
    outer loop
      vertex 74.5981 1.5 121.1
      vertex 74.7189 1.73213 0
      vertex 74.7189 1.73213 121.1
    endloop
  endfacet
  facet normal 0.887072 -0.461631 0
    outer loop
      vertex 74.7189 1.73213 0
      vertex 74.5981 1.5 121.1
      vertex 74.5981 1.5 0
    endloop
  endfacet
  facet normal -0.0436101 -0.999049 0
    outer loop
      vertex 2.73853 0.0114136 0
      vertex 3 0 121.1
      vertex 2.73853 0.0114136 121.1
    endloop
  endfacet
  facet normal -0.0436101 -0.999049 -0
    outer loop
      vertex 3 0 121.1
      vertex 2.73853 0.0114136 0
      vertex 3 0 0
    endloop
  endfacet
  facet normal -0.130481 -0.991451 0
    outer loop
      vertex 2.47905 0.0455627 0
      vertex 2.73853 0.0114136 121.1
      vertex 2.47905 0.0455627 121.1
    endloop
  endfacet
  facet normal -0.130481 -0.991451 -0
    outer loop
      vertex 2.73853 0.0114136 121.1
      vertex 2.47905 0.0455627 0
      vertex 2.73853 0.0114136 0
    endloop
  endfacet
  facet normal -0.675628 -0.737242 0
    outer loop
      vertex 0.878677 0.878677 0
      vertex 1.07162 0.701859 121.1
      vertex 0.878677 0.878677 121.1
    endloop
  endfacet
  facet normal -0.675628 -0.737242 -0
    outer loop
      vertex 1.07162 0.701859 121.1
      vertex 0.878677 0.878677 0
      vertex 1.07162 0.701859 0
    endloop
  endfacet
  facet normal 0.0436051 -0.999049 0
    outer loop
      vertex 72 0 0
      vertex 72.2615 0.0114136 121.1
      vertex 72 0 121.1
    endloop
  endfacet
  facet normal 0.0436051 -0.999049 0
    outer loop
      vertex 72.2615 0.0114136 121.1
      vertex 72 0 0
      vertex 72.2615 0.0114136 0
    endloop
  endfacet
  facet normal 0.608625 -0.793458 0
    outer loop
      vertex 73.7207 0.542542 0
      vertex 73.9284 0.701859 121.1
      vertex 73.7207 0.542542 121.1
    endloop
  endfacet
  facet normal 0.608625 -0.793458 0
    outer loop
      vertex 73.9284 0.701859 121.1
      vertex 73.7207 0.542542 0
      vertex 73.9284 0.701859 0
    endloop
  endfacet
  facet normal 0.461828 -0.88697 0
    outer loop
      vertex 73.2679 0.281067 0
      vertex 73.5 0.401917 121.1
      vertex 73.2679 0.281067 121.1
    endloop
  endfacet
  facet normal 0.461828 -0.88697 0
    outer loop
      vertex 73.5 0.401917 121.1
      vertex 73.2679 0.281067 0
      vertex 73.5 0.401917 0
    endloop
  endfacet
  facet normal 0.67571 -0.737167 0
    outer loop
      vertex 73.9284 0.701859 0
      vertex 74.1213 0.878677 121.1
      vertex 73.9284 0.701859 121.1
    endloop
  endfacet
  facet normal 0.67571 -0.737167 0
    outer loop
      vertex 74.1213 0.878677 121.1
      vertex 73.9284 0.701859 0
      vertex 74.1213 0.878677 0
    endloop
  endfacet
  facet normal 0.953715 -0.300711 0
    outer loop
      vertex 74.8191 1.97394 121.1
      vertex 74.8978 2.22354 0
      vertex 74.8978 2.22354 121.1
    endloop
  endfacet
  facet normal 0.953715 -0.300711 0
    outer loop
      vertex 74.8978 2.22354 0
      vertex 74.8191 1.97394 121.1
      vertex 74.8191 1.97394 0
    endloop
  endfacet
  facet normal 0.976332 -0.216275 0
    outer loop
      vertex 74.8978 2.22354 121.1
      vertex 74.9544 2.47905 0
      vertex 74.9544 2.47905 121.1
    endloop
  endfacet
  facet normal 0.976332 -0.216275 0
    outer loop
      vertex 74.9544 2.47905 0
      vertex 74.8978 2.22354 121.1
      vertex 74.8978 2.22354 0
    endloop
  endfacet
  facet normal 0.793419 -0.608676 0
    outer loop
      vertex 74.2981 1.07162 121.1
      vertex 74.4574 1.27927 0
      vertex 74.4574 1.27927 121.1
    endloop
  endfacet
  facet normal 0.793419 -0.608676 0
    outer loop
      vertex 74.4574 1.27927 0
      vertex 74.2981 1.07162 121.1
      vertex 74.2981 1.07162 0
    endloop
  endfacet
  facet normal -0.21648 -0.976287 0
    outer loop
      vertex 2.22354 0.102219 0
      vertex 2.47905 0.0455627 121.1
      vertex 2.22354 0.102219 121.1
    endloop
  endfacet
  facet normal -0.21648 -0.976287 -0
    outer loop
      vertex 2.47905 0.0455627 121.1
      vertex 2.22354 0.102219 0
      vertex 2.47905 0.0455627 0
    endloop
  endfacet
  facet normal -0.300673 -0.953727 0
    outer loop
      vertex 1.97394 0.180908 0
      vertex 2.22354 0.102219 121.1
      vertex 1.97394 0.180908 121.1
    endloop
  endfacet
  facet normal -0.300673 -0.953727 -0
    outer loop
      vertex 2.22354 0.102219 121.1
      vertex 1.97394 0.180908 0
      vertex 2.22354 0.102219 0
    endloop
  endfacet
  facet normal -0.461781 -0.886994 0
    outer loop
      vertex 1.5 0.401917 0
      vertex 1.73213 0.281067 121.1
      vertex 1.5 0.401917 121.1
    endloop
  endfacet
  facet normal -0.461781 -0.886994 -0
    outer loop
      vertex 1.73213 0.281067 121.1
      vertex 1.5 0.401917 0
      vertex 1.73213 0.281067 0
    endloop
  endfacet
  facet normal -0.793387 -0.608717 0
    outer loop
      vertex 0.701859 1.07162 0
      vertex 0.542542 1.27927 121.1
      vertex 0.542542 1.27927 0
    endloop
  endfacet
  facet normal -0.793387 -0.608717 0
    outer loop
      vertex 0.542542 1.27927 121.1
      vertex 0.701859 1.07162 0
      vertex 0.701859 1.07162 121.1
    endloop
  endfacet
  facet normal 0.216488 -0.976285 0
    outer loop
      vertex 72.5209 0.0455627 0
      vertex 72.7764 0.102219 121.1
      vertex 72.5209 0.0455627 121.1
    endloop
  endfacet
  facet normal 0.216488 -0.976285 0
    outer loop
      vertex 72.7764 0.102219 121.1
      vertex 72.5209 0.0455627 0
      vertex 72.7764 0.102219 0
    endloop
  endfacet
  facet normal 0.382555 -0.923933 0
    outer loop
      vertex 73.026 0.180908 0
      vertex 73.2679 0.281067 121.1
      vertex 73.026 0.180908 121.1
    endloop
  endfacet
  facet normal 0.382555 -0.923933 0
    outer loop
      vertex 73.2679 0.281067 121.1
      vertex 73.026 0.180908 0
      vertex 73.2679 0.281067 0
    endloop
  endfacet
  facet normal 0.13052 -0.991446 0
    outer loop
      vertex 72.2615 0.0114136 0
      vertex 72.5209 0.0455627 121.1
      vertex 72.2615 0.0114136 121.1
    endloop
  endfacet
  facet normal 0.13052 -0.991446 0
    outer loop
      vertex 72.5209 0.0455627 121.1
      vertex 72.2615 0.0114136 0
      vertex 72.5209 0.0455627 0
    endloop
  endfacet
  facet normal 0.537364 -0.843351 0
    outer loop
      vertex 73.5 0.401917 0
      vertex 73.7207 0.542542 121.1
      vertex 73.5 0.401917 121.1
    endloop
  endfacet
  facet normal 0.537364 -0.843351 0
    outer loop
      vertex 73.7207 0.542542 121.1
      vertex 73.5 0.401917 0
      vertex 73.7207 0.542542 0
    endloop
  endfacet
  facet normal -0.382677 -0.923882 0
    outer loop
      vertex 1.73213 0.281067 0
      vertex 1.97394 0.180908 121.1
      vertex 1.73213 0.281067 121.1
    endloop
  endfacet
  facet normal -0.382677 -0.923882 -0
    outer loop
      vertex 1.97394 0.180908 121.1
      vertex 1.73213 0.281067 0
      vertex 1.97394 0.180908 0
    endloop
  endfacet
  facet normal -0.537312 -0.843384 0
    outer loop
      vertex 1.27927 0.542542 0
      vertex 1.5 0.401917 121.1
      vertex 1.27927 0.542542 121.1
    endloop
  endfacet
  facet normal -0.537312 -0.843384 -0
    outer loop
      vertex 1.5 0.401917 121.1
      vertex 1.27927 0.542542 0
      vertex 1.5 0.401917 0
    endloop
  endfacet
  facet normal -0.608717 -0.793387 0
    outer loop
      vertex 1.07162 0.701859 0
      vertex 1.27927 0.542542 121.1
      vertex 1.07162 0.701859 121.1
    endloop
  endfacet
  facet normal -0.608717 -0.793387 -0
    outer loop
      vertex 1.27927 0.542542 121.1
      vertex 1.07162 0.701859 0
      vertex 1.27927 0.542542 0
    endloop
  endfacet
  facet normal -0.843384 -0.537312 0
    outer loop
      vertex 0.542542 1.27927 0
      vertex 0.401917 1.5 121.1
      vertex 0.401917 1.5 0
    endloop
  endfacet
  facet normal -0.843384 -0.537312 0
    outer loop
      vertex 0.401917 1.5 121.1
      vertex 0.542542 1.27927 0
      vertex 0.542542 1.27927 121.1
    endloop
  endfacet
  facet normal 0.300673 -0.953727 0
    outer loop
      vertex 72.7764 0.102219 0
      vertex 73.026 0.180908 121.1
      vertex 72.7764 0.102219 121.1
    endloop
  endfacet
  facet normal 0.300673 -0.953727 0
    outer loop
      vertex 73.026 0.180908 121.1
      vertex 72.7764 0.102219 0
      vertex 73.026 0.180908 0
    endloop
  endfacet
  facet normal -0.737242 -0.675628 0
    outer loop
      vertex 0.878677 0.878677 0
      vertex 0.701859 1.07162 121.1
      vertex 0.701859 1.07162 0
    endloop
  endfacet
  facet normal -0.737242 -0.675628 0
    outer loop
      vertex 0.701859 1.07162 121.1
      vertex 0.878677 0.878677 0
      vertex 0.878677 0.878677 121.1
    endloop
  endfacet
  facet normal -0.886994 -0.461781 0
    outer loop
      vertex 0.401917 1.5 0
      vertex 0.281067 1.73213 121.1
      vertex 0.281067 1.73213 0
    endloop
  endfacet
  facet normal -0.886994 -0.461781 0
    outer loop
      vertex 0.281067 1.73213 121.1
      vertex 0.401917 1.5 0
      vertex 0.401917 1.5 121.1
    endloop
  endfacet
  facet normal -0.923882 -0.382677 0
    outer loop
      vertex 0.281067 1.73213 0
      vertex 0.180908 1.97394 121.1
      vertex 0.180908 1.97394 0
    endloop
  endfacet
  facet normal -0.923882 -0.382677 0
    outer loop
      vertex 0.180908 1.97394 121.1
      vertex 0.281067 1.73213 0
      vertex 0.281067 1.73213 121.1
    endloop
  endfacet
  facet normal 0 0 1
    outer loop
      vertex 75 75 125
      vertex 2 68.85 125
      vertex 73 68.85 125
    endloop
  endfacet
  facet normal -0 0 1
    outer loop
      vertex 0 75 125
      vertex 2 68.85 125
      vertex 75 75 125
    endloop
  endfacet
  facet normal 0 0 1
    outer loop
      vertex 2 68.85 125
      vertex 0 75 125
      vertex 0 3 125
    endloop
  endfacet
  facet normal 0 0 1
    outer loop
      vertex 2 68.85 125
      vertex 0 3 125
      vertex 2 3 125
    endloop
  endfacet
  facet normal 0 0 1
    outer loop
      vertex 75 75 125
      vertex 73 68.85 125
      vertex 75 3 125
    endloop
  endfacet
  facet normal 0 0 1
    outer loop
      vertex 75 3 125
      vertex 73 68.85 125
      vertex 73 3 125
    endloop
  endfacet
  facet normal 1 -0 0
    outer loop
      vertex 2 3 125
      vertex 2 68.85 124.2
      vertex 2 68.85 125
    endloop
  endfacet
  facet normal 1 0 0
    outer loop
      vertex 2 68.85 124.2
      vertex 2 3 125
      vertex 2 3 124.2
    endloop
  endfacet
  facet normal 1 -0 0
    outer loop
      vertex 2 3 121.1
      vertex 2 68.85 2
      vertex 2 68.85 121.1
    endloop
  endfacet
  facet normal 1 0 0
    outer loop
      vertex 2 68.85 2
      vertex 2 3 121.1
      vertex 2 3 2
    endloop
  endfacet
  facet normal 0 -1 0
    outer loop
      vertex 0 3 125
      vertex 1.98 3 124.2
      vertex 2 3 125
    endloop
  endfacet
  facet normal 0 -1 0
    outer loop
      vertex 0 3 125
      vertex 1.2 3 123.44
      vertex 1.98 3 124.2
    endloop
  endfacet
  facet normal 0 -1 0
    outer loop
      vertex 1.18 3 123.4
      vertex 1.2 3 123.44
      vertex 0 3 125
    endloop
  endfacet
  facet normal 0 -1 -0
    outer loop
      vertex 1.2 3 123.44
      vertex 1.18 3 123.4
      vertex 1.2 3 123.42
    endloop
  endfacet
  facet normal 0 -1 0
    outer loop
      vertex 0 3 125
      vertex 1.18 3 123.38
      vertex 1.18 3 123.4
    endloop
  endfacet
  facet normal 0 -1 0
    outer loop
      vertex 0 3 121.1
      vertex 1.18 3 123.38
      vertex 0 3 125
    endloop
  endfacet
  facet normal 0 -1 0
    outer loop
      vertex 1.2 3 121.1
      vertex 1.18 3 123.38
      vertex 0 3 121.1
    endloop
  endfacet
  facet normal 0 -1 0
    outer loop
      vertex 1.18 3 123.38
      vertex 1.2 3 121.1
      vertex 1.2 3 123.38
    endloop
  endfacet
  facet normal 0 -1 -0
    outer loop
      vertex 2 3 125
      vertex 1.98 3 124.2
      vertex 2 3 124.2
    endloop
  endfacet
  facet normal 0 -1 0
    outer loop
      vertex 1.98 3 124.2
      vertex 1.2 3 123.44
      vertex 1.22 3 123.44
    endloop
  endfacet
  facet normal 0 -1 0
    outer loop
      vertex 73.8 3 123.38
      vertex 73.8 3 121.1
      vertex 73.82 3 123.38
    endloop
  endfacet
  facet normal 0 -1 0
    outer loop
      vertex 73.02 3 124.2
      vertex 73 3 125
      vertex 73 3 124.2
    endloop
  endfacet
  facet normal 0 -1 0
    outer loop
      vertex 73 3 125
      vertex 73.02 3 124.2
      vertex 75 3 125
    endloop
  endfacet
  facet normal 0 -1 0
    outer loop
      vertex 73.8 3 123.44
      vertex 73.02 3 124.2
      vertex 73.78 3 123.44
    endloop
  endfacet
  facet normal 0 -1 0
    outer loop
      vertex 73.02 3 124.2
      vertex 73.8 3 123.44
      vertex 75 3 125
    endloop
  endfacet
  facet normal 0 -1 0
    outer loop
      vertex 73.82 3 123.4
      vertex 73.8 3 123.44
      vertex 73.8 3 123.42
    endloop
  endfacet
  facet normal 0 -1 0
    outer loop
      vertex 73.8 3 123.44
      vertex 73.82 3 123.4
      vertex 75 3 125
    endloop
  endfacet
  facet normal 0 -1 0
    outer loop
      vertex 73.82 3 123.38
      vertex 75 3 125
      vertex 73.82 3 123.4
    endloop
  endfacet
  facet normal 0 -1 0
    outer loop
      vertex 75 3 121.1
      vertex 73.82 3 123.38
      vertex 73.8 3 121.1
    endloop
  endfacet
  facet normal 0 -1 0
    outer loop
      vertex 73.82 3 123.38
      vertex 75 3 121.1
      vertex 75 3 125
    endloop
  endfacet
  facet normal -1 0 0
    outer loop
      vertex 73 3 124.2
      vertex 73 68.85 125
      vertex 73 68.85 124.2
    endloop
  endfacet
  facet normal -1 -0 0
    outer loop
      vertex 73 68.85 125
      vertex 73 3 124.2
      vertex 73 3 125
    endloop
  endfacet
  facet normal -1 0 0
    outer loop
      vertex 73 3 2
      vertex 73 68.85 121.1
      vertex 73 68.85 2
    endloop
  endfacet
  facet normal -1 -0 0
    outer loop
      vertex 73 68.85 121.1
      vertex 73 3 2
      vertex 73 3 121.1
    endloop
  endfacet
  facet normal 0 -1 0
    outer loop
      vertex 2 68.85 124.2
      vertex 73 68.85 125
      vertex 2 68.85 125
    endloop
  endfacet
  facet normal 0 -1 -0
    outer loop
      vertex 73 68.85 125
      vertex 2 68.85 124.2
      vertex 73 68.85 124.2
    endloop
  endfacet
  facet normal -0.999049 0 -0.0436005
    outer loop
      vertex 57.4991 0 5.02
      vertex 57.4239 2 6.74311
      vertex 57.4991 2 5.02
    endloop
  endfacet
  facet normal -0.999049 -0 -0.0436005
    outer loop
      vertex 57.4239 2 6.74311
      vertex 57.4991 0 5.02
      vertex 57.4239 0 6.74311
    endloop
  endfacet
  facet normal -0.991448 0 -0.130504
    outer loop
      vertex 57.4239 0 6.74311
      vertex 57.1962 2 8.47296
      vertex 57.4239 2 6.74311
    endloop
  endfacet
  facet normal -0.991448 -0 -0.130504
    outer loop
      vertex 57.1962 2 8.47296
      vertex 57.4239 0 6.74311
      vertex 57.1962 0 8.47296
    endloop
  endfacet
  facet normal 0.0436163 0 -0.999048
    outer loop
      vertex 35.7569 0 24.9239
      vertex 37.5 2 25
      vertex 37.5 0 25
    endloop
  endfacet
  facet normal 0.0436163 0 -0.999048
    outer loop
      vertex 37.5 2 25
      vertex 35.7569 0 24.9239
      vertex 35.7569 2 24.9239
    endloop
  endfacet
  facet normal -0.675629 0 -0.737242
    outer loop
      vertex 50.3558 0 20.3209
      vertex 51.6421 2 19.1421
      vertex 51.6421 0 19.1421
    endloop
  endfacet
  facet normal -0.675629 0 -0.737242
    outer loop
      vertex 51.6421 2 19.1421
      vertex 50.3558 0 20.3209
      vertex 50.3558 2 20.3209
    endloop
  endfacet
  facet normal 0.737242 0 -0.675629
    outer loop
      vertex 23.3579 0 19.1421
      vertex 22.1791 2 17.8558
      vertex 23.3579 2 19.1421
    endloop
  endfacet
  facet normal 0.737242 0 -0.675629
    outer loop
      vertex 22.1791 2 17.8558
      vertex 23.3579 0 19.1421
      vertex 22.1791 0 17.8558
    endloop
  endfacet
  facet normal 0.46178 0 -0.886994
    outer loop
      vertex 27.5 0 22.3205
      vertex 29.0476 2 23.1262
      vertex 29.0476 0 23.1262
    endloop
  endfacet
  facet normal 0.46178 0 -0.886994
    outer loop
      vertex 29.0476 2 23.1262
      vertex 27.5 0 22.3205
      vertex 27.5 2 22.3205
    endloop
  endfacet
  facet normal -0.886994 0 -0.46178
    outer loop
      vertex 55.6262 0 13.4524
      vertex 54.8205 2 15
      vertex 55.6262 2 13.4524
    endloop
  endfacet
  facet normal -0.886994 -0 -0.46178
    outer loop
      vertex 54.8205 2 15
      vertex 55.6262 0 13.4524
      vertex 54.8205 0 15
    endloop
  endfacet
  facet normal -0.382677 0 -0.923882
    outer loop
      vertex 44.3404 0 23.7939
      vertex 45.9524 2 23.1262
      vertex 45.9524 0 23.1262
    endloop
  endfacet
  facet normal -0.382677 0 -0.923882
    outer loop
      vertex 45.9524 2 23.1262
      vertex 44.3404 0 23.7939
      vertex 44.3404 2 23.7939
    endloop
  endfacet
  facet normal -0.53732 0 -0.843378
    outer loop
      vertex 47.5 0 22.3205
      vertex 48.9715 2 21.383
      vertex 48.9715 0 21.383
    endloop
  endfacet
  facet normal -0.53732 0 -0.843378
    outer loop
      vertex 48.9715 2 21.383
      vertex 47.5 0 22.3205
      vertex 47.5 2 22.3205
    endloop
  endfacet
  facet normal 0.843378 0 -0.53732
    outer loop
      vertex 21.117 0 16.4715
      vertex 20.1795 2 15
      vertex 21.117 2 16.4715
    endloop
  endfacet
  facet normal 0.843378 0 -0.53732
    outer loop
      vertex 20.1795 2 15
      vertex 21.117 0 16.4715
      vertex 20.1795 0 15
    endloop
  endfacet
  facet normal -0.793384 0 -0.608721
    outer loop
      vertex 53.883 0 16.4715
      vertex 52.8209 2 17.8558
      vertex 53.883 2 16.4715
    endloop
  endfacet
  facet normal -0.793384 -0 -0.608721
    outer loop
      vertex 52.8209 2 17.8558
      vertex 53.883 0 16.4715
      vertex 52.8209 0 17.8558
    endloop
  endfacet
  facet normal -0.1305 0 -0.991448
    outer loop
      vertex 39.2431 0 24.9239
      vertex 40.973 2 24.6962
      vertex 40.973 0 24.6962
    endloop
  endfacet
  facet normal -0.1305 0 -0.991448
    outer loop
      vertex 40.973 2 24.6962
      vertex 39.2431 0 24.9239
      vertex 39.2431 2 24.9239
    endloop
  endfacet
  facet normal -0.608721 0 -0.793384
    outer loop
      vertex 48.9715 0 21.383
      vertex 50.3558 2 20.3209
      vertex 50.3558 0 20.3209
    endloop
  endfacet
  facet normal -0.608721 0 -0.793384
    outer loop
      vertex 50.3558 2 20.3209
      vertex 48.9715 0 21.383
      vertex 48.9715 2 21.383
    endloop
  endfacet
  facet normal 0.991448 0 -0.130504
    outer loop
      vertex 17.8038 0 8.47296
      vertex 17.5761 2 6.74311
      vertex 17.8038 2 8.47296
    endloop
  endfacet
  facet normal 0.991448 0 -0.130504
    outer loop
      vertex 17.5761 2 6.74311
      vertex 17.8038 0 8.47296
      vertex 17.5761 0 6.74311
    endloop
  endfacet
  facet normal 0 -1 0
    outer loop
      vertex 17.5 2.02 0
      vertex 27.5009 2.02 2
      vertex 17.5 2.02 2
    endloop
  endfacet
  facet normal 0 -1 -0
    outer loop
      vertex 27.5009 2.02 2
      vertex 17.5 2.02 0
      vertex 27.5009 2.02 0
    endloop
  endfacet
  facet normal 0 -1 0
    outer loop
      vertex 47.4991 2.02 0
      vertex 57.5 2.02 2
      vertex 47.4991 2.02 2
    endloop
  endfacet
  facet normal 0 -1 -0
    outer loop
      vertex 57.5 2.02 2
      vertex 47.4991 2.02 0
      vertex 57.5 2.02 0
    endloop
  endfacet
  facet normal 0.923882 0 -0.382677
    outer loop
      vertex 19.3738 0 13.4524
      vertex 18.7061 2 11.8404
      vertex 19.3738 2 13.4524
    endloop
  endfacet
  facet normal 0.923882 0 -0.382677
    outer loop
      vertex 18.7061 2 11.8404
      vertex 19.3738 0 13.4524
      vertex 18.7061 0 11.8404
    endloop
  endfacet
  facet normal 0.886994 0 -0.46178
    outer loop
      vertex 20.1795 0 15
      vertex 19.3738 2 13.4524
      vertex 20.1795 2 15
    endloop
  endfacet
  facet normal 0.886994 0 -0.46178
    outer loop
      vertex 19.3738 2 13.4524
      vertex 20.1795 0 15
      vertex 19.3738 0 13.4524
    endloop
  endfacet
  facet normal 0.608721 0 -0.793384
    outer loop
      vertex 24.6442 0 20.3209
      vertex 26.0285 2 21.383
      vertex 26.0285 0 21.383
    endloop
  endfacet
  facet normal 0.608721 0 -0.793384
    outer loop
      vertex 26.0285 2 21.383
      vertex 24.6442 0 20.3209
      vertex 24.6442 2 20.3209
    endloop
  endfacet
  facet normal 0.1305 0 -0.991448
    outer loop
      vertex 34.027 0 24.6962
      vertex 35.7569 2 24.9239
      vertex 35.7569 0 24.9239
    endloop
  endfacet
  facet normal 0.1305 0 -0.991448
    outer loop
      vertex 35.7569 2 24.9239
      vertex 34.027 0 24.6962
      vertex 34.027 2 24.6962
    endloop
  endfacet
  facet normal -0.953726 0 -0.300676
    outer loop
      vertex 56.8185 0 10.1764
      vertex 56.2939 2 11.8404
      vertex 56.8185 2 10.1764
    endloop
  endfacet
  facet normal -0.953726 -0 -0.300676
    outer loop
      vertex 56.2939 2 11.8404
      vertex 56.8185 0 10.1764
      vertex 56.2939 0 11.8404
    endloop
  endfacet
  facet normal -0.976289 0 -0.21647
    outer loop
      vertex 57.1962 0 8.47296
      vertex 56.8185 2 10.1764
      vertex 57.1962 2 8.47296
    endloop
  endfacet
  facet normal -0.976289 -0 -0.21647
    outer loop
      vertex 56.8185 2 10.1764
      vertex 57.1962 0 8.47296
      vertex 56.8185 0 10.1764
    endloop
  endfacet
  facet normal -0.923882 0 -0.382677
    outer loop
      vertex 56.2939 0 11.8404
      vertex 55.6262 2 13.4524
      vertex 56.2939 2 11.8404
    endloop
  endfacet
  facet normal -0.923882 -0 -0.382677
    outer loop
      vertex 55.6262 2 13.4524
      vertex 56.2939 0 11.8404
      vertex 55.6262 0 13.4524
    endloop
  endfacet
  facet normal -0.737242 0 -0.675629
    outer loop
      vertex 52.8209 0 17.8558
      vertex 51.6421 2 19.1421
      vertex 52.8209 2 17.8558
    endloop
  endfacet
  facet normal -0.737242 -0 -0.675629
    outer loop
      vertex 51.6421 2 19.1421
      vertex 52.8209 0 17.8558
      vertex 51.6421 0 19.1421
    endloop
  endfacet
  facet normal -0.843378 0 -0.53732
    outer loop
      vertex 54.8205 0 15
      vertex 53.883 2 16.4715
      vertex 54.8205 2 15
    endloop
  endfacet
  facet normal -0.843378 -0 -0.53732
    outer loop
      vertex 53.883 2 16.4715
      vertex 54.8205 0 15
      vertex 53.883 0 16.4715
    endloop
  endfacet
  facet normal -0.216475 0 -0.976288
    outer loop
      vertex 40.973 0 24.6962
      vertex 42.6764 2 24.3185
      vertex 42.6764 0 24.3185
    endloop
  endfacet
  facet normal -0.216475 0 -0.976288
    outer loop
      vertex 42.6764 2 24.3185
      vertex 40.973 0 24.6962
      vertex 40.973 2 24.6962
    endloop
  endfacet
  facet normal -0.0436163 0 -0.999048
    outer loop
      vertex 37.5 0 25
      vertex 39.2431 2 24.9239
      vertex 39.2431 0 24.9239
    endloop
  endfacet
  facet normal -0.0436163 0 -0.999048
    outer loop
      vertex 39.2431 2 24.9239
      vertex 37.5 0 25
      vertex 37.5 2 25
    endloop
  endfacet
  facet normal -0.46178 0 -0.886994
    outer loop
      vertex 45.9524 0 23.1262
      vertex 47.5 2 22.3205
      vertex 47.5 0 22.3205
    endloop
  endfacet
  facet normal -0.46178 0 -0.886994
    outer loop
      vertex 47.5 2 22.3205
      vertex 45.9524 0 23.1262
      vertex 45.9524 2 23.1262
    endloop
  endfacet
  facet normal 0.793384 0 -0.608721
    outer loop
      vertex 22.1791 0 17.8558
      vertex 21.117 2 16.4715
      vertex 22.1791 2 17.8558
    endloop
  endfacet
  facet normal 0.793384 0 -0.608721
    outer loop
      vertex 21.117 2 16.4715
      vertex 22.1791 0 17.8558
      vertex 21.117 0 16.4715
    endloop
  endfacet
  facet normal 0.976289 0 -0.21647
    outer loop
      vertex 18.1815 0 10.1764
      vertex 17.8038 2 8.47296
      vertex 18.1815 2 10.1764
    endloop
  endfacet
  facet normal 0.976289 0 -0.21647
    outer loop
      vertex 17.8038 2 8.47296
      vertex 18.1815 0 10.1764
      vertex 17.8038 0 8.47296
    endloop
  endfacet
  facet normal 0.999049 0 -0.0436005
    outer loop
      vertex 17.5761 0 6.74311
      vertex 17.5009 2 5.02
      vertex 17.5761 2 6.74311
    endloop
  endfacet
  facet normal 0.999049 0 -0.0436005
    outer loop
      vertex 17.5009 2 5.02
      vertex 17.5761 0 6.74311
      vertex 17.5009 0 5.02
    endloop
  endfacet
  facet normal 0.675629 0 -0.737242
    outer loop
      vertex 23.3579 0 19.1421
      vertex 24.6442 2 20.3209
      vertex 24.6442 0 20.3209
    endloop
  endfacet
  facet normal 0.675629 0 -0.737242
    outer loop
      vertex 24.6442 2 20.3209
      vertex 23.3579 0 19.1421
      vertex 23.3579 2 19.1421
    endloop
  endfacet
  facet normal 0.53732 0 -0.843378
    outer loop
      vertex 26.0285 0 21.383
      vertex 27.5 2 22.3205
      vertex 27.5 0 22.3205
    endloop
  endfacet
  facet normal 0.53732 0 -0.843378
    outer loop
      vertex 27.5 2 22.3205
      vertex 26.0285 0 21.383
      vertex 26.0285 2 21.383
    endloop
  endfacet
  facet normal 0.382677 0 -0.923882
    outer loop
      vertex 29.0476 0 23.1262
      vertex 30.6596 2 23.7939
      vertex 30.6596 0 23.7939
    endloop
  endfacet
  facet normal 0.382677 0 -0.923882
    outer loop
      vertex 30.6596 2 23.7939
      vertex 29.0476 0 23.1262
      vertex 29.0476 2 23.1262
    endloop
  endfacet
  facet normal 0.300676 0 -0.953726
    outer loop
      vertex 30.6596 0 23.7939
      vertex 32.3236 2 24.3185
      vertex 32.3236 0 24.3185
    endloop
  endfacet
  facet normal 0.300676 0 -0.953726
    outer loop
      vertex 32.3236 2 24.3185
      vertex 30.6596 0 23.7939
      vertex 30.6596 2 23.7939
    endloop
  endfacet
  facet normal -0.300676 0 -0.953726
    outer loop
      vertex 42.6764 0 24.3185
      vertex 44.3404 2 23.7939
      vertex 44.3404 0 23.7939
    endloop
  endfacet
  facet normal -0.300676 0 -0.953726
    outer loop
      vertex 44.3404 2 23.7939
      vertex 42.6764 0 24.3185
      vertex 42.6764 2 24.3185
    endloop
  endfacet
  facet normal 0.953726 0 -0.300676
    outer loop
      vertex 18.7061 0 11.8404
      vertex 18.1815 2 10.1764
      vertex 18.7061 2 11.8404
    endloop
  endfacet
  facet normal 0.953726 0 -0.300676
    outer loop
      vertex 18.1815 2 10.1764
      vertex 18.7061 0 11.8404
      vertex 18.1815 0 10.1764
    endloop
  endfacet
  facet normal 0.216475 0 -0.976288
    outer loop
      vertex 32.3236 0 24.3185
      vertex 34.027 2 24.6962
      vertex 34.027 0 24.6962
    endloop
  endfacet
  facet normal 0.216475 0 -0.976288
    outer loop
      vertex 34.027 2 24.6962
      vertex 32.3236 0 24.3185
      vertex 32.3236 2 24.3185
    endloop
  endfacet
  facet normal 1 0 0
    outer loop
      vertex 17.5 2 5.02
      vertex 17.5 0 5.02
      vertex 17.5 2 2
    endloop
  endfacet
  facet normal 1 -0 0
    outer loop
      vertex 17.5 2 2
      vertex 17.5 2.02 0
      vertex 17.5 2.02 2
    endloop
  endfacet
  facet normal 1 0 0
    outer loop
      vertex 17.5 0 0
      vertex 17.5 2 2
      vertex 17.5 0 5.02
    endloop
  endfacet
  facet normal 1 0 0
    outer loop
      vertex 17.5 2 2
      vertex 17.5 0 0
      vertex 17.5 2.02 0
    endloop
  endfacet
  facet normal 0 0 -1
    outer loop
      vertex 17.5 0 5.02
      vertex 17.5009 2 5.02
      vertex 17.5009 0 5.02
    endloop
  endfacet
  facet normal -0 0 -1
    outer loop
      vertex 17.5009 2 5.02
      vertex 17.5 0 5.02
      vertex 17.5 2 5.02
    endloop
  endfacet
  facet normal 0 0 -1
    outer loop
      vertex 57.4991 0 5.02
      vertex 57.5 2 5.02
      vertex 57.5 0 5.02
    endloop
  endfacet
  facet normal -0 0 -1
    outer loop
      vertex 57.5 2 5.02
      vertex 57.4991 0 5.02
      vertex 57.4991 2 5.02
    endloop
  endfacet
  facet normal -1 0 0
    outer loop
      vertex 57.5 2.02 0
      vertex 57.5 2 2
      vertex 57.5 2.02 2
    endloop
  endfacet
  facet normal -1 0 0
    outer loop
      vertex 57.5 0 0
      vertex 57.5 2 2
      vertex 57.5 2.02 0
    endloop
  endfacet
  facet normal -1 0 0
    outer loop
      vertex 57.5 0 5.02
      vertex 57.5 2 2
      vertex 57.5 0 0
    endloop
  endfacet
  facet normal -1 0 0
    outer loop
      vertex 57.5 2 2
      vertex 57.5 0 5.02
      vertex 57.5 2 5.02
    endloop
  endfacet
  facet normal 0 0 -1
    outer loop
      vertex 1.18 68.83 124.2
      vertex 1.98 68.85 124.2
      vertex 1.98 68.83 124.2
    endloop
  endfacet
  facet normal -0 0 -1
    outer loop
      vertex 1.98 68.85 124.2
      vertex 1.18 68.83 124.2
      vertex 1.18 68.85 124.2
    endloop
  endfacet
  facet normal 0 0 -1
    outer loop
      vertex 1.98 68.83 124.2
      vertex 2 68.85 124.2
      vertex 2 3 124.2
    endloop
  endfacet
  facet normal 0 0 -1
    outer loop
      vertex 1.98 68.85 124.2
      vertex 2 68.85 124.2
      vertex 1.98 68.83 124.2
    endloop
  endfacet
  facet normal 0 0 -1
    outer loop
      vertex 1.98 68.83 124.2
      vertex 2 3 124.2
      vertex 1.98 3 124.2
    endloop
  endfacet
  facet normal 0 0 -1
    outer loop
      vertex 2 68.85 124.2
      vertex 1.98 68.85 124.2
      vertex 2 69.67 124.2
    endloop
  endfacet
  facet normal -0 0 -1
    outer loop
      vertex 2 69.67 124.2
      vertex 1.98 68.85 124.2
      vertex 1.98 69.67 124.2
    endloop
  endfacet
  facet normal 0 0 -1
    outer loop
      vertex 73 3 124.2
      vertex 73.02 68.83 124.2
      vertex 73.02 3 124.2
    endloop
  endfacet
  facet normal 0 0 -1
    outer loop
      vertex 73.02 68.83 124.2
      vertex 73 68.85 124.2
      vertex 73.02 68.85 124.2
    endloop
  endfacet
  facet normal -0 0 -1
    outer loop
      vertex 73.02 68.83 124.2
      vertex 73 3 124.2
      vertex 73 68.85 124.2
    endloop
  endfacet
  facet normal 0 0 -1
    outer loop
      vertex 73.02 68.85 124.2
      vertex 73 68.85 124.2
      vertex 73.02 69.67 124.2
    endloop
  endfacet
  facet normal -0 0 -1
    outer loop
      vertex 73.02 69.67 124.2
      vertex 73 68.85 124.2
      vertex 73 69.67 124.2
    endloop
  endfacet
  facet normal 0 0 -1
    outer loop
      vertex 73.02 68.83 124.2
      vertex 73.82 68.85 124.2
      vertex 73.82 68.83 124.2
    endloop
  endfacet
  facet normal -0 0 -1
    outer loop
      vertex 73.82 68.85 124.2
      vertex 73.02 68.83 124.2
      vertex 73.02 68.85 124.2
    endloop
  endfacet
  facet normal -0.999675 -0.000999675 -0.0254917
    outer loop
      vertex 2.019 69.65 123.44
      vertex 2.02 69.67 123.4
      vertex 2.01951 69.65 123.42
    endloop
  endfacet
  facet normal -0.999688 4.22029e-15 -0.0249922
    outer loop
      vertex 2.02 69.67 123.4
      vertex 2.019 69.65 123.44
      vertex 2 69.67 124.2
    endloop
  endfacet
  facet normal -0.999688 0 -0.0249922
    outer loop
      vertex 2.019 69.629 123.44
      vertex 2 69.67 124.2
      vertex 2.019 69.65 123.44
    endloop
  endfacet
  facet normal -0.999688 -0 -0.0249922
    outer loop
      vertex 2 69.67 124.2
      vertex 2.019 69.629 123.44
      vertex 2 68.85 124.2
    endloop
  endfacet
  facet normal 1 0 0
    outer loop
      vertex 1.18 68.83 123.4
      vertex 1.18 69.67 123.4
      vertex 1.18 68.85 124.2
    endloop
  endfacet
  facet normal 1 0 0
    outer loop
      vertex 1.18 68.83 123.4
      vertex 1.18 68.85 124.2
      vertex 1.18 68.83 124.2
    endloop
  endfacet
  facet normal 1 0 0
    outer loop
      vertex 1.18 69.67 123.4
      vertex 1.18 68.83 123.4
      vertex 1.18 69.67 123.38
    endloop
  endfacet
  facet normal 1 0 0
    outer loop
      vertex 1.18 3 123.38
      vertex 1.18 68.83 123.4
      vertex 1.18 3 123.4
    endloop
  endfacet
  facet normal 1 0 0
    outer loop
      vertex 1.18 68.83 123.4
      vertex 1.18 3 123.38
      vertex 1.18 69.67 123.38
    endloop
  endfacet
  facet normal 0 -1 0
    outer loop
      vertex 2.02 69.67 123.4
      vertex 1.98 69.67 124.2
      vertex 1.18 69.67 123.4
    endloop
  endfacet
  facet normal 0 -1 0
    outer loop
      vertex 1.98 69.67 124.2
      vertex 2.02 69.67 123.4
      vertex 2 69.67 124.2
    endloop
  endfacet
  facet normal 0 -1 0
    outer loop
      vertex 1.18 69.67 123.38
      vertex 2.02 69.67 123.4
      vertex 1.18 69.67 123.4
    endloop
  endfacet
  facet normal 0 -1 -0
    outer loop
      vertex 2.02 69.67 123.4
      vertex 1.18 69.67 123.38
      vertex 72.98 69.67 123.4
    endloop
  endfacet
  facet normal 0 -1 0
    outer loop
      vertex 73.82 69.67 123.38
      vertex 72.98 69.67 123.4
      vertex 1.18 69.67 123.38
    endloop
  endfacet
  facet normal 0 -1 0
    outer loop
      vertex 72.98 69.67 123.4
      vertex 73.82 69.67 123.38
      vertex 73.82 69.67 123.4
    endloop
  endfacet
  facet normal 0 -1 0
    outer loop
      vertex 72.98 69.67 123.4
      vertex 73.02 69.67 124.2
      vertex 73 69.67 124.2
    endloop
  endfacet
  facet normal 0 -1 -0
    outer loop
      vertex 73.02 69.67 124.2
      vertex 72.98 69.67 123.4
      vertex 73.82 69.67 123.4
    endloop
  endfacet
  facet normal 0.707107 0 -0.707107
    outer loop
      vertex 1.22 3 123.44
      vertex 1.98 68.83 124.2
      vertex 1.98 3 124.2
    endloop
  endfacet
  facet normal 0.707107 0 -0.707107
    outer loop
      vertex 1.98 68.83 124.2
      vertex 1.22 3 123.44
      vertex 1.22 68.83 123.44
    endloop
  endfacet
  facet normal 0.707107 0 -0.707107
    outer loop
      vertex 1.18 3 123.4
      vertex 1.2 68.83 123.42
      vertex 1.2 3 123.42
    endloop
  endfacet
  facet normal 0.707107 0 -0.707107
    outer loop
      vertex 1.2 68.83 123.42
      vertex 1.18 3 123.4
      vertex 1.18 68.83 123.4
    endloop
  endfacet
  facet normal 0.707107 0 -0.707107
    outer loop
      vertex 1.2 69.6495 123.42
      vertex 1.18 69.67 123.4
      vertex 1.2 69.65 123.42
    endloop
  endfacet
  facet normal 0.707107 0 -0.707107
    outer loop
      vertex 1.22 69.629 123.44
      vertex 1.98 69.67 124.2
      vertex 1.98 68.85 124.2
    endloop
  endfacet
  facet normal 0.707107 0 -0.707107
    outer loop
      vertex 1.22 69.65 123.44
      vertex 1.98 69.67 124.2
      vertex 1.22 69.629 123.44
    endloop
  endfacet
  facet normal 0.707107 0 -0.707107
    outer loop
      vertex 1.18 69.67 123.4
      vertex 1.22 69.65 123.44
      vertex 1.2 69.65 123.42
    endloop
  endfacet
  facet normal 0.707107 2.77526e-13 -0.707107
    outer loop
      vertex 1.22 69.65 123.44
      vertex 1.18 69.67 123.4
      vertex 1.98 69.67 124.2
    endloop
  endfacet
  facet normal 0 0 1
    outer loop
      vertex 73.82 69.67 123.38
      vertex 73.8 69.65 123.38
      vertex 73.82 3 123.38
    endloop
  endfacet
  facet normal 0 0 1
    outer loop
      vertex 73.82 69.67 123.38
      vertex 1.2 69.65 123.38
      vertex 73.8 69.65 123.38
    endloop
  endfacet
  facet normal -0 0 1
    outer loop
      vertex 1.18 69.67 123.38
      vertex 1.2 69.65 123.38
      vertex 73.82 69.67 123.38
    endloop
  endfacet
  facet normal 0 0 1
    outer loop
      vertex 1.18 3 123.38
      vertex 1.2 69.65 123.38
      vertex 1.18 69.67 123.38
    endloop
  endfacet
  facet normal 0 0 1
    outer loop
      vertex 1.2 69.65 123.38
      vertex 1.18 3 123.38
      vertex 1.2 3 123.38
    endloop
  endfacet
  facet normal 0 0 1
    outer loop
      vertex 73.82 3 123.38
      vertex 73.8 69.65 123.38
      vertex 73.8 3 123.38
    endloop
  endfacet
  facet normal -0.707107 -0 -0.707107
    outer loop
      vertex 73.02 69.67 124.2
      vertex 73.78 69.629 123.44
      vertex 73.02 68.85 124.2
    endloop
  endfacet
  facet normal -0.707107 -0 -0.707107
    outer loop
      vertex 73.8 69.65 123.42
      vertex 73.82 69.67 123.4
      vertex 73.8 69.6495 123.42
    endloop
  endfacet
  facet normal -0.707107 0 -0.707107
    outer loop
      vertex 73.78 69.65 123.44
      vertex 73.82 69.67 123.4
      vertex 73.8 69.65 123.42
    endloop
  endfacet
  facet normal -0.707107 0 -0.707107
    outer loop
      vertex 73.78 69.65 123.44
      vertex 73.02 69.67 124.2
      vertex 73.82 69.67 123.4
    endloop
  endfacet
  facet normal -0.707107 0 -0.707107
    outer loop
      vertex 73.78 69.629 123.44
      vertex 73.02 69.67 124.2
      vertex 73.78 69.65 123.44
    endloop
  endfacet
  facet normal -0.707107 0 -0.707107
    outer loop
      vertex 73.02 3 124.2
      vertex 73.78 68.83 123.44
      vertex 73.78 3 123.44
    endloop
  endfacet
  facet normal -0.707107 0 -0.707107
    outer loop
      vertex 73.78 68.83 123.44
      vertex 73.02 3 124.2
      vertex 73.02 68.83 124.2
    endloop
  endfacet
  facet normal -0.707107 0 -0.707107
    outer loop
      vertex 73.82 3 123.4
      vertex 73.8 68.83 123.42
      vertex 73.82 68.83 123.4
    endloop
  endfacet
  facet normal -0.707107 -0 -0.707107
    outer loop
      vertex 73.8 68.83 123.42
      vertex 73.82 3 123.4
      vertex 73.8 3 123.42
    endloop
  endfacet
  facet normal 0.999688 -4.51863e-13 -0.0249922
    outer loop
      vertex 73 69.67 124.2
      vertex 72.981 69.65 123.44
      vertex 72.98 69.67 123.4
    endloop
  endfacet
  facet normal 0.999688 0 -0.0249922
    outer loop
      vertex 73 69.67 124.2
      vertex 72.981 69.629 123.44
      vertex 72.981 69.65 123.44
    endloop
  endfacet
  facet normal 0.999688 0 -0.0249922
    outer loop
      vertex 72.981 69.629 123.44
      vertex 73 69.67 124.2
      vertex 73 68.85 124.2
    endloop
  endfacet
  facet normal 0.999688 7.1032e-13 -0.0249922
    outer loop
      vertex 72.98 69.67 123.4
      vertex 72.981 69.65 123.44
      vertex 72.9805 69.65 123.42
    endloop
  endfacet
  facet normal -1 0 0
    outer loop
      vertex 73.82 68.83 123.4
      vertex 73.82 69.67 123.4
      vertex 73.82 69.67 123.38
    endloop
  endfacet
  facet normal -1 0 0
    outer loop
      vertex 73.82 69.67 123.4
      vertex 73.82 68.83 123.4
      vertex 73.82 68.85 124.2
    endloop
  endfacet
  facet normal -1 0 0
    outer loop
      vertex 73.82 3 123.38
      vertex 73.82 68.83 123.4
      vertex 73.82 69.67 123.38
    endloop
  endfacet
  facet normal -1 -0 0
    outer loop
      vertex 73.82 68.83 123.4
      vertex 73.82 3 123.38
      vertex 73.82 3 123.4
    endloop
  endfacet
  facet normal -1 -0 0
    outer loop
      vertex 73.82 68.85 124.2
      vertex 73.82 68.83 123.4
      vertex 73.82 68.83 124.2
    endloop
  endfacet
  facet normal 0 1 -0
    outer loop
      vertex 1.22 68.83 123.44
      vertex 1.18 68.83 124.2
      vertex 1.98 68.83 124.2
    endloop
  endfacet
  facet normal 0 1 -0
    outer loop
      vertex 1.2 68.83 123.44
      vertex 1.18 68.83 124.2
      vertex 1.22 68.83 123.44
    endloop
  endfacet
  facet normal 0 1 0
    outer loop
      vertex 1.18 68.83 123.4
      vertex 1.2 68.83 123.44
      vertex 1.2 68.83 123.42
    endloop
  endfacet
  facet normal 0 1 0
    outer loop
      vertex 1.2 68.83 123.44
      vertex 1.18 68.83 123.4
      vertex 1.18 68.83 124.2
    endloop
  endfacet
  facet normal 0 1 0
    outer loop
      vertex 73.78 68.83 123.44
      vertex 73.82 68.83 124.2
      vertex 73.8 68.83 123.44
    endloop
  endfacet
  facet normal 0 1 -0
    outer loop
      vertex 73.82 68.83 123.4
      vertex 73.8 68.83 123.44
      vertex 73.82 68.83 124.2
    endloop
  endfacet
  facet normal 0 1 0
    outer loop
      vertex 73.8 68.83 123.44
      vertex 73.82 68.83 123.4
      vertex 73.8 68.83 123.42
    endloop
  endfacet
  facet normal 0 1 0
    outer loop
      vertex 73.82 68.83 124.2
      vertex 73.78 68.83 123.44
      vertex 73.02 68.83 124.2
    endloop
  endfacet
  facet normal 0 -0.707107 -0.707107
    outer loop
      vertex 72.9805 69.65 123.42
      vertex 2.02 69.67 123.4
      vertex 72.98 69.67 123.4
    endloop
  endfacet
  facet normal 0 -0.707107 -0.707107
    outer loop
      vertex 2.02 69.67 123.4
      vertex 72.9805 69.65 123.42
      vertex 2.01951 69.65 123.42
    endloop
  endfacet
  facet normal 0 -0.698324 -0.715782
    outer loop
      vertex 1.18 68.85 124.2
      vertex 1.22 69.629 123.44
      vertex 1.98 68.85 124.2
    endloop
  endfacet
  facet normal -0 -0.698324 -0.715782
    outer loop
      vertex 1.22 69.629 123.44
      vertex 1.18 68.85 124.2
      vertex 1.2 69.629 123.44
    endloop
  endfacet
  facet normal -1.55665e-13 -0.698324 -0.715782
    outer loop
      vertex 1.18 69.67 123.4
      vertex 1.2 69.629 123.44
      vertex 1.18 68.85 124.2
    endloop
  endfacet
  facet normal 0 -0.698324 -0.715782
    outer loop
      vertex 1.2 69.629 123.44
      vertex 1.18 69.67 123.4
      vertex 1.2 69.6495 123.42
    endloop
  endfacet
  facet normal 1.59905e-13 -0.698324 -0.715782
    outer loop
      vertex 73.82 68.85 124.2
      vertex 73.8 69.629 123.44
      vertex 73.82 69.67 123.4
    endloop
  endfacet
  facet normal 0 -0.698324 -0.715782
    outer loop
      vertex 73.82 68.85 124.2
      vertex 73.78 69.629 123.44
      vertex 73.8 69.629 123.44
    endloop
  endfacet
  facet normal 0 -0.698324 -0.715782
    outer loop
      vertex 73.78 69.629 123.44
      vertex 73.82 68.85 124.2
      vertex 73.02 68.85 124.2
    endloop
  endfacet
  facet normal 0 -0.698324 -0.715782
    outer loop
      vertex 73.82 69.67 123.4
      vertex 73.8 69.629 123.44
      vertex 73.8 69.6495 123.42
    endloop
  endfacet
  facet normal 0 -0.698324 -0.715782
    outer loop
      vertex 73 68.85 124.2
      vertex 2.019 69.629 123.44
      vertex 72.981 69.629 123.44
    endloop
  endfacet
  facet normal 0 -0.698324 -0.715782
    outer loop
      vertex 2.019 69.629 123.44
      vertex 73 68.85 124.2
      vertex 2 68.85 124.2
    endloop
  endfacet
  facet normal 1 0 0
    outer loop
      vertex 1.2 69.65 123.44
      vertex 1.2 69.6495 123.42
      vertex 1.2 69.65 123.42
    endloop
  endfacet
  facet normal 1 0 -0
    outer loop
      vertex 1.2 69.6495 123.42
      vertex 1.2 69.65 123.44
      vertex 1.2 69.629 123.44
    endloop
  endfacet
  facet normal 1 -0 0
    outer loop
      vertex 1.2 3 123.38
      vertex 1.2 69.65 121.1
      vertex 1.2 69.65 123.38
    endloop
  endfacet
  facet normal 1 0 0
    outer loop
      vertex 1.2 69.65 121.1
      vertex 1.2 3 123.38
      vertex 1.2 3 121.1
    endloop
  endfacet
  facet normal 1 -0 0
    outer loop
      vertex 1.2 3 123.44
      vertex 1.2 68.83 123.42
      vertex 1.2 68.83 123.44
    endloop
  endfacet
  facet normal 1 0 0
    outer loop
      vertex 1.2 68.83 123.42
      vertex 1.2 3 123.44
      vertex 1.2 3 123.42
    endloop
  endfacet
  facet normal 0 -1 0
    outer loop
      vertex 73.8 69.65 123.42
      vertex 73.8 69.65 123.44
      vertex 73.78 69.65 123.44
    endloop
  endfacet
  facet normal -0 -1 0
    outer loop
      vertex 1.22 69.65 123.44
      vertex 1.2 69.65 123.44
      vertex 1.2 69.65 123.42
    endloop
  endfacet
  facet normal 0 -1 0
    outer loop
      vertex 1.2 69.65 121.1
      vertex 73.8 69.65 123.38
      vertex 1.2 69.65 123.38
    endloop
  endfacet
  facet normal 0 -1 -0
    outer loop
      vertex 73.8 69.65 123.38
      vertex 1.2 69.65 121.1
      vertex 73.8 69.65 121.1
    endloop
  endfacet
  facet normal 0 -1 0
    outer loop
      vertex 2.01951 69.65 123.42
      vertex 72.981 69.65 123.44
      vertex 2.019 69.65 123.44
    endloop
  endfacet
  facet normal 0 -1 0
    outer loop
      vertex 72.981 69.65 123.44
      vertex 2.01951 69.65 123.42
      vertex 72.9805 69.65 123.42
    endloop
  endfacet
  facet normal 0 0 -1
    outer loop
      vertex 73.78 69.629 123.44
      vertex 73.8 69.65 123.44
      vertex 73.8 69.629 123.44
    endloop
  endfacet
  facet normal -0 0 -1
    outer loop
      vertex 73.8 69.65 123.44
      vertex 73.78 69.629 123.44
      vertex 73.78 69.65 123.44
    endloop
  endfacet
  facet normal 0 0 -1
    outer loop
      vertex 1.2 69.629 123.44
      vertex 1.22 69.65 123.44
      vertex 1.22 69.629 123.44
    endloop
  endfacet
  facet normal -0 0 -1
    outer loop
      vertex 1.22 69.65 123.44
      vertex 1.2 69.629 123.44
      vertex 1.2 69.65 123.44
    endloop
  endfacet
  facet normal 0 0 -1
    outer loop
      vertex 1.2 3 123.44
      vertex 1.22 68.83 123.44
      vertex 1.22 3 123.44
    endloop
  endfacet
  facet normal -0 0 -1
    outer loop
      vertex 1.22 68.83 123.44
      vertex 1.2 3 123.44
      vertex 1.2 68.83 123.44
    endloop
  endfacet
  facet normal 0 0 -1
    outer loop
      vertex 2.019 69.629 123.44
      vertex 72.981 69.65 123.44
      vertex 72.981 69.629 123.44
    endloop
  endfacet
  facet normal -0 0 -1
    outer loop
      vertex 72.981 69.65 123.44
      vertex 2.019 69.629 123.44
      vertex 2.019 69.65 123.44
    endloop
  endfacet
  facet normal 0 0 -1
    outer loop
      vertex 73.78 3 123.44
      vertex 73.8 68.83 123.44
      vertex 73.8 3 123.44
    endloop
  endfacet
  facet normal -0 0 -1
    outer loop
      vertex 73.8 68.83 123.44
      vertex 73.78 3 123.44
      vertex 73.78 68.83 123.44
    endloop
  endfacet
  facet normal -1 0 0
    outer loop
      vertex 73.8 69.6495 123.42
      vertex 73.8 69.65 123.44
      vertex 73.8 69.65 123.42
    endloop
  endfacet
  facet normal -1 -0 0
    outer loop
      vertex 73.8 69.65 123.44
      vertex 73.8 69.6495 123.42
      vertex 73.8 69.629 123.44
    endloop
  endfacet
  facet normal -1 0 0
    outer loop
      vertex 73.8 3 121.1
      vertex 73.8 69.65 123.38
      vertex 73.8 69.65 121.1
    endloop
  endfacet
  facet normal -1 -0 0
    outer loop
      vertex 73.8 69.65 123.38
      vertex 73.8 3 121.1
      vertex 73.8 3 123.38
    endloop
  endfacet
  facet normal -1 0 0
    outer loop
      vertex 73.8 3 123.42
      vertex 73.8 68.83 123.44
      vertex 73.8 68.83 123.42
    endloop
  endfacet
  facet normal -1 -0 0
    outer loop
      vertex 73.8 68.83 123.44
      vertex 73.8 3 123.42
      vertex 73.8 3 123.44
    endloop
  endfacet
  facet normal -0 0 1
    outer loop
      vertex 73 68.85 121.1
      vertex 73.8 3 121.1
      vertex 73.8 69.65 121.1
    endloop
  endfacet
  facet normal 0 0 1
    outer loop
      vertex 72.9962 2.91284 121.1
      vertex 73.8 3 121.1
      vertex 73 3 121.1
    endloop
  endfacet
  facet normal 0 0 1
    outer loop
      vertex 72.9848 2.82634 121.1
      vertex 73.8 3 121.1
      vertex 72.9962 2.91284 121.1
    endloop
  endfacet
  facet normal 0 0 1
    outer loop
      vertex 72.9659 2.74118 121.1
      vertex 73.8 3 121.1
      vertex 72.9848 2.82634 121.1
    endloop
  endfacet
  facet normal 0 0 1
    outer loop
      vertex 73.8 3 121.1
      vertex 73 68.85 121.1
      vertex 73 3 121.1
    endloop
  endfacet
  facet normal 0 0 1
    outer loop
      vertex 73.8 69.65 121.1
      vertex 2 68.85 121.1
      vertex 73 68.85 121.1
    endloop
  endfacet
  facet normal 0 0 1
    outer loop
      vertex 1.2 3 121.1
      vertex 2 3 121.1
      vertex 2 68.85 121.1
    endloop
  endfacet
  facet normal 0 0 1
    outer loop
      vertex 0.701859 1.07162 121.1
      vertex 2 3 121.1
      vertex 1.2 3 121.1
    endloop
  endfacet
  facet normal 0 0 1
    outer loop
      vertex 2 3 121.1
      vertex 1.73213 0.281067 121.1
      vertex 1.97394 0.180908 121.1
    endloop
  endfacet
  facet normal 0 0 1
    outer loop
      vertex 2 3 121.1
      vertex 1.5 0.401917 121.1
      vertex 1.73213 0.281067 121.1
    endloop
  endfacet
  facet normal -0 0 1
    outer loop
      vertex 1.2 69.65 121.1
      vertex 2 68.85 121.1
      vertex 73.8 69.65 121.1
    endloop
  endfacet
  facet normal 0 0 1
    outer loop
      vertex 1.2 3 121.1
      vertex 2 68.85 121.1
      vertex 1.2 69.65 121.1
    endloop
  endfacet
  facet normal 0 0 1
    outer loop
      vertex 2 3 121.1
      vertex 1.27927 0.542542 121.1
      vertex 1.5 0.401917 121.1
    endloop
  endfacet
  facet normal 0 0 1
    outer loop
      vertex 2 3 121.1
      vertex 1.07162 0.701859 121.1
      vertex 1.27927 0.542542 121.1
    endloop
  endfacet
  facet normal 0 0 1
    outer loop
      vertex 2 3 121.1
      vertex 0.878677 0.878677 121.1
      vertex 1.07162 0.701859 121.1
    endloop
  endfacet
  facet normal 0 0 1
    outer loop
      vertex 2 3 121.1
      vertex 0.701859 1.07162 121.1
      vertex 0.878677 0.878677 121.1
    endloop
  endfacet
  facet normal 0 0 1
    outer loop
      vertex 1.2 3 121.1
      vertex 0.542542 1.27927 121.1
      vertex 0.701859 1.07162 121.1
    endloop
  endfacet
  facet normal 0 0 1
    outer loop
      vertex 1.2 3 121.1
      vertex 0.401917 1.5 121.1
      vertex 0.542542 1.27927 121.1
    endloop
  endfacet
  facet normal 0 0 1
    outer loop
      vertex 1.2 3 121.1
      vertex 0.281067 1.73213 121.1
      vertex 0.401917 1.5 121.1
    endloop
  endfacet
  facet normal 0 0 1
    outer loop
      vertex 1.2 3 121.1
      vertex 0.180908 1.97394 121.1
      vertex 0.281067 1.73213 121.1
    endloop
  endfacet
  facet normal 0 0 1
    outer loop
      vertex 1.2 3 121.1
      vertex 0.102219 2.22354 121.1
      vertex 0.180908 1.97394 121.1
    endloop
  endfacet
  facet normal 0 0 1
    outer loop
      vertex 1.2 3 121.1
      vertex 0.0455627 2.47905 121.1
      vertex 0.102219 2.22354 121.1
    endloop
  endfacet
  facet normal 0 0 1
    outer loop
      vertex 1.2 3 121.1
      vertex 0.0114136 2.73853 121.1
      vertex 0.0455627 2.47905 121.1
    endloop
  endfacet
  facet normal 0 -0 1
    outer loop
      vertex 0.0114136 2.73853 121.1
      vertex 1.2 3 121.1
      vertex 0 3 121.1
    endloop
  endfacet
  facet normal -0 0 1
    outer loop
      vertex 73.8 3 121.1
      vertex 74.9886 2.73853 121.1
      vertex 75 3 121.1
    endloop
  endfacet
  facet normal 0 0 1
    outer loop
      vertex 74.9886 2.73853 121.1
      vertex 73.8 3 121.1
      vertex 74.9544 2.47905 121.1
    endloop
  endfacet
  facet normal 0 0 1
    outer loop
      vertex 74.9544 2.47905 121.1
      vertex 73.8 3 121.1
      vertex 74.8978 2.22354 121.1
    endloop
  endfacet
  facet normal 0 0 1
    outer loop
      vertex 74.8978 2.22354 121.1
      vertex 73.8 3 121.1
      vertex 74.8191 1.97394 121.1
    endloop
  endfacet
  facet normal 0 0 1
    outer loop
      vertex 74.8191 1.97394 121.1
      vertex 73.8 3 121.1
      vertex 74.7189 1.73213 121.1
    endloop
  endfacet
  facet normal 0 0 1
    outer loop
      vertex 74.7189 1.73213 121.1
      vertex 73.8 3 121.1
      vertex 74.5981 1.5 121.1
    endloop
  endfacet
  facet normal 0 0 1
    outer loop
      vertex 74.5981 1.5 121.1
      vertex 73.8 3 121.1
      vertex 74.4574 1.27927 121.1
    endloop
  endfacet
  facet normal 0 0 1
    outer loop
      vertex 74.4574 1.27927 121.1
      vertex 73.8 3 121.1
      vertex 74.2981 1.07162 121.1
    endloop
  endfacet
  facet normal 0 0 1
    outer loop
      vertex 74.2981 1.07162 121.1
      vertex 73.8 3 121.1
      vertex 74.1213 0.878677 121.1
    endloop
  endfacet
  facet normal 0 0 1
    outer loop
      vertex 74.1213 0.878677 121.1
      vertex 73.8 3 121.1
      vertex 73.9284 0.701859 121.1
    endloop
  endfacet
  facet normal 0 0 1
    outer loop
      vertex 73.9284 0.701859 121.1
      vertex 73.8 3 121.1
      vertex 73.7207 0.542542 121.1
    endloop
  endfacet
  facet normal 0 0 1
    outer loop
      vertex 72.9397 2.65797 121.1
      vertex 73.8 3 121.1
      vertex 72.9659 2.74118 121.1
    endloop
  endfacet
  facet normal 0 0 1
    outer loop
      vertex 72.9063 2.57738 121.1
      vertex 73.8 3 121.1
      vertex 72.9397 2.65797 121.1
    endloop
  endfacet
  facet normal 0 0 1
    outer loop
      vertex 72.866 2.5 121.1
      vertex 73.8 3 121.1
      vertex 72.9063 2.57738 121.1
    endloop
  endfacet
  facet normal 0 0 1
    outer loop
      vertex 72.8191 2.42642 121.1
      vertex 73.8 3 121.1
      vertex 72.866 2.5 121.1
    endloop
  endfacet
  facet normal 0 0 1
    outer loop
      vertex 73.8 3 121.1
      vertex 72.8191 2.42642 121.1
      vertex 73.7207 0.542542 121.1
    endloop
  endfacet
  facet normal -0 0 1
    outer loop
      vertex 72.766 2.35721 121.1
      vertex 73.7207 0.542542 121.1
      vertex 72.8191 2.42642 121.1
    endloop
  endfacet
  facet normal -0 0 1
    outer loop
      vertex 72.7071 2.29289 121.1
      vertex 73.7207 0.542542 121.1
      vertex 72.766 2.35721 121.1
    endloop
  endfacet
  facet normal -0 0 1
    outer loop
      vertex 72.6428 2.23395 121.1
      vertex 73.7207 0.542542 121.1
      vertex 72.7071 2.29289 121.1
    endloop
  endfacet
  facet normal -0 0 1
    outer loop
      vertex 72.5736 2.18085 121.1
      vertex 73.7207 0.542542 121.1
      vertex 72.6428 2.23395 121.1
    endloop
  endfacet
  facet normal 0 0 1
    outer loop
      vertex 73.7207 0.542542 121.1
      vertex 72.5736 2.18085 121.1
      vertex 73.5 0.401917 121.1
    endloop
  endfacet
  facet normal -0 0 1
    outer loop
      vertex 72.5 2.13397 121.1
      vertex 73.5 0.401917 121.1
      vertex 72.5736 2.18085 121.1
    endloop
  endfacet
  facet normal 0 0 1
    outer loop
      vertex 73.5 0.401917 121.1
      vertex 72.5 2.13397 121.1
      vertex 73.2679 0.281067 121.1
    endloop
  endfacet
  facet normal -0 0 1
    outer loop
      vertex 72.4226 2.09369 121.1
      vertex 73.2679 0.281067 121.1
      vertex 72.5 2.13397 121.1
    endloop
  endfacet
  facet normal 0 0 1
    outer loop
      vertex 73.2679 0.281067 121.1
      vertex 72.4226 2.09369 121.1
      vertex 73.026 0.180908 121.1
    endloop
  endfacet
  facet normal -0 0 1
    outer loop
      vertex 72.342 2.0603 121.1
      vertex 73.026 0.180908 121.1
      vertex 72.4226 2.09369 121.1
    endloop
  endfacet
  facet normal 0 0 1
    outer loop
      vertex 73.026 0.180908 121.1
      vertex 72.342 2.0603 121.1
      vertex 72.7764 0.102219 121.1
    endloop
  endfacet
  facet normal -0 0 1
    outer loop
      vertex 72.2588 2.03407 121.1
      vertex 72.7764 0.102219 121.1
      vertex 72.342 2.0603 121.1
    endloop
  endfacet
  facet normal 0 0 1
    outer loop
      vertex 72.7764 0.102219 121.1
      vertex 72.2588 2.03407 121.1
      vertex 72.5209 0.0455627 121.1
    endloop
  endfacet
  facet normal -0 0 1
    outer loop
      vertex 72.1736 2.01518 121.1
      vertex 72.5209 0.0455627 121.1
      vertex 72.2588 2.03407 121.1
    endloop
  endfacet
  facet normal 0 0 1
    outer loop
      vertex 72.5209 0.0455627 121.1
      vertex 72.1736 2.01518 121.1
      vertex 72.2615 0.0114136 121.1
    endloop
  endfacet
  facet normal -0 0 1
    outer loop
      vertex 72.0871 2.0038 121.1
      vertex 72.2615 0.0114136 121.1
      vertex 72.1736 2.01518 121.1
    endloop
  endfacet
  facet normal -0 0 1
    outer loop
      vertex 72 2 121.1
      vertex 72.2615 0.0114136 121.1
      vertex 72.0871 2.0038 121.1
    endloop
  endfacet
  facet normal 0 0 1
    outer loop
      vertex 72 2 121.1
      vertex 72 0 121.1
      vertex 72.2615 0.0114136 121.1
    endloop
  endfacet
  facet normal -0 0 1
    outer loop
      vertex 3 2 121.1
      vertex 72 0 121.1
      vertex 72 2 121.1
    endloop
  endfacet
  facet normal 0 0 1
    outer loop
      vertex 3 2 121.1
      vertex 3 0 121.1
      vertex 72 0 121.1
    endloop
  endfacet
  facet normal 0 0 1
    outer loop
      vertex 2.91284 2.0038 121.1
      vertex 3 0 121.1
      vertex 3 2 121.1
    endloop
  endfacet
  facet normal 0 0 1
    outer loop
      vertex 2.73853 0.0114136 121.1
      vertex 2.91284 2.0038 121.1
      vertex 2.82634 2.01518 121.1
    endloop
  endfacet
  facet normal 0 0 1
    outer loop
      vertex 2.47905 0.0455627 121.1
      vertex 2.82634 2.01518 121.1
      vertex 2.74118 2.03407 121.1
    endloop
  endfacet
  facet normal 0 0 1
    outer loop
      vertex 2.91284 2.0038 121.1
      vertex 2.73853 0.0114136 121.1
      vertex 3 0 121.1
    endloop
  endfacet
  facet normal 0 0 1
    outer loop
      vertex 2.22354 0.102219 121.1
      vertex 2.74118 2.03407 121.1
      vertex 2.65797 2.0603 121.1
    endloop
  endfacet
  facet normal 0 0 1
    outer loop
      vertex 1.97394 0.180908 121.1
      vertex 2.65797 2.0603 121.1
      vertex 2.57738 2.09369 121.1
    endloop
  endfacet
  facet normal 0 0 1
    outer loop
      vertex 1.97394 0.180908 121.1
      vertex 2.57738 2.09369 121.1
      vertex 2.5 2.13397 121.1
    endloop
  endfacet
  facet normal 0 0 1
    outer loop
      vertex 2.82634 2.01518 121.1
      vertex 2.47905 0.0455627 121.1
      vertex 2.73853 0.0114136 121.1
    endloop
  endfacet
  facet normal 0 0 1
    outer loop
      vertex 1.97394 0.180908 121.1
      vertex 2.5 2.13397 121.1
      vertex 2.42642 2.18085 121.1
    endloop
  endfacet
  facet normal 0 0 1
    outer loop
      vertex 1.97394 0.180908 121.1
      vertex 2.42642 2.18085 121.1
      vertex 2.35721 2.23395 121.1
    endloop
  endfacet
  facet normal 0 0 1
    outer loop
      vertex 1.97394 0.180908 121.1
      vertex 2.35721 2.23395 121.1
      vertex 2.29289 2.29289 121.1
    endloop
  endfacet
  facet normal 0 0 1
    outer loop
      vertex 1.97394 0.180908 121.1
      vertex 2.29289 2.29289 121.1
      vertex 2.23395 2.35721 121.1
    endloop
  endfacet
  facet normal 0 0 1
    outer loop
      vertex 2.74118 2.03407 121.1
      vertex 2.22354 0.102219 121.1
      vertex 2.47905 0.0455627 121.1
    endloop
  endfacet
  facet normal 0 0 1
    outer loop
      vertex 1.97394 0.180908 121.1
      vertex 2.23395 2.35721 121.1
      vertex 2.18085 2.42642 121.1
    endloop
  endfacet
  facet normal 0 0 1
    outer loop
      vertex 1.97394 0.180908 121.1
      vertex 2.18085 2.42642 121.1
      vertex 2.13397 2.5 121.1
    endloop
  endfacet
  facet normal 0 0 1
    outer loop
      vertex 1.97394 0.180908 121.1
      vertex 2.13397 2.5 121.1
      vertex 2.09369 2.57738 121.1
    endloop
  endfacet
  facet normal 0 0 1
    outer loop
      vertex 1.97394 0.180908 121.1
      vertex 2.09369 2.57738 121.1
      vertex 2.0603 2.65797 121.1
    endloop
  endfacet
  facet normal 0 0 1
    outer loop
      vertex 1.97394 0.180908 121.1
      vertex 2.0603 2.65797 121.1
      vertex 2.03407 2.74118 121.1
    endloop
  endfacet
  facet normal 0 0 1
    outer loop
      vertex 1.97394 0.180908 121.1
      vertex 2.03407 2.74118 121.1
      vertex 2.01518 2.82634 121.1
    endloop
  endfacet
  facet normal 0 0 1
    outer loop
      vertex 1.97394 0.180908 121.1
      vertex 2.01518 2.82634 121.1
      vertex 2.0038 2.91284 121.1
    endloop
  endfacet
  facet normal 0 0 1
    outer loop
      vertex 2.65797 2.0603 121.1
      vertex 1.97394 0.180908 121.1
      vertex 2.22354 0.102219 121.1
    endloop
  endfacet
  facet normal 0 0 1
    outer loop
      vertex 1.97394 0.180908 121.1
      vertex 2.0038 2.91284 121.1
      vertex 2 3 121.1
    endloop
  endfacet
  facet normal 1 -0 0
    outer loop
      vertex 4.85001 74.5821 107.35
      vertex 4.85001 75 0
      vertex 4.85001 75 107.35
    endloop
  endfacet
  facet normal 1 0 0
    outer loop
      vertex 4.85001 75 0
      vertex 4.85001 74.5821 107.35
      vertex 4.85001 74.5821 0
    endloop
  endfacet
  facet normal 0.999049 0 -0.0436017
    outer loop
      vertex 4.87912 74.5821 108.017
      vertex 4.85001 75 107.35
      vertex 4.87912 75 108.017
    endloop
  endfacet
  facet normal 0.999049 0 -0.0436017
    outer loop
      vertex 4.85001 75 107.35
      vertex 4.87912 74.5821 108.017
      vertex 4.85001 74.5821 107.35
    endloop
  endfacet
  facet normal -1 0 0
    outer loop
      vertex 20.15 74.5821 0
      vertex 20.15 75 107.35
      vertex 20.15 75 0
    endloop
  endfacet
  facet normal -1 -0 0
    outer loop
      vertex 20.15 75 107.35
      vertex 20.15 74.5821 0
      vertex 20.15 74.5821 107.35
    endloop
  endfacet
  facet normal 0.675687 0 -0.737188
    outer loop
      vertex 7.09064 74.5821 112.759
      vertex 7.58269 75 113.21
      vertex 7.58269 74.5821 113.21
    endloop
  endfacet
  facet normal 0.675687 0 -0.737188
    outer loop
      vertex 7.58269 75 113.21
      vertex 7.09064 74.5821 112.759
      vertex 7.09064 75 112.759
    endloop
  endfacet
  facet normal -0.97631 0 -0.216376
    outer loop
      vertex 20.0338 74.5821 108.678
      vertex 19.8893 75 109.33
      vertex 20.0338 75 108.678
    endloop
  endfacet
  facet normal -0.97631 -0 -0.216376
    outer loop
      vertex 19.8893 75 109.33
      vertex 20.0338 74.5821 108.678
      vertex 19.8893 74.5821 109.33
    endloop
  endfacet
  facet normal -0.737303 0 -0.675562
    outer loop
      vertex 18.3602 74.5821 112.267
      vertex 17.9094 75 112.759
      vertex 18.3602 75 112.267
    endloop
  endfacet
  facet normal -0.737303 -0 -0.675562
    outer loop
      vertex 17.9094 75 112.759
      vertex 18.3602 74.5821 112.267
      vertex 17.9094 74.5821 112.759
    endloop
  endfacet
  facet normal 0.130358 0 -0.991467
    outer loop
      vertex 11.1716 74.5821 114.884
      vertex 11.8333 75 114.971
      vertex 11.8333 74.5821 114.971
    endloop
  endfacet
  facet normal 0.130358 0 -0.991467
    outer loop
      vertex 11.8333 75 114.971
      vertex 11.1716 74.5821 114.884
      vertex 11.1716 75 114.884
    endloop
  endfacet
  facet normal -0.99905 0 -0.0435867
    outer loop
      vertex 20.15 74.5821 107.35
      vertex 20.1209 75 108.017
      vertex 20.15 75 107.35
    endloop
  endfacet
  facet normal -0.99905 -0 -0.0435867
    outer loop
      vertex 20.1209 75 108.017
      vertex 20.15 74.5821 107.35
      vertex 20.1209 74.5821 108.017
    endloop
  endfacet
  facet normal -0.99143 0 -0.130641
    outer loop
      vertex 20.1209 74.5821 108.017
      vertex 20.0338 75 108.678
      vertex 20.1209 75 108.017
    endloop
  endfacet
  facet normal -0.99143 -0 -0.130641
    outer loop
      vertex 20.0338 75 108.678
      vertex 20.1209 74.5821 108.017
      vertex 20.0338 74.5821 108.678
    endloop
  endfacet
  facet normal -0.130358 0 -0.991467
    outer loop
      vertex 13.1667 74.5821 114.971
      vertex 13.8284 75 114.884
      vertex 13.8284 74.5821 114.884
    endloop
  endfacet
  facet normal -0.130358 0 -0.991467
    outer loop
      vertex 13.8284 75 114.884
      vertex 13.1667 74.5821 114.971
      vertex 13.1667 75 114.971
    endloop
  endfacet
  facet normal 0.383456 0 -0.923559
    outer loop
      vertex 9.26698 74.5821 114.283
      vertex 9.88356 75 114.539
      vertex 9.88356 74.5821 114.539
    endloop
  endfacet
  facet normal 0.383456 0 -0.923559
    outer loop
      vertex 9.88356 75 114.539
      vertex 9.26698 74.5821 114.283
      vertex 9.26698 75 114.283
    endloop
  endfacet
  facet normal 0.976329 0 -0.21629
    outer loop
      vertex 5.11067 74.5821 109.33
      vertex 4.96623 75 108.678
      vertex 5.11067 75 109.33
    endloop
  endfacet
  facet normal 0.976329 0 -0.21629
    outer loop
      vertex 4.96623 75 108.678
      vertex 5.11067 74.5821 109.33
      vertex 4.96623 74.5821 108.678
    endloop
  endfacet
  facet normal -0.953644 0 -0.300938
    outer loop
      vertex 19.8893 74.5821 109.33
      vertex 19.6886 75 109.966
      vertex 19.8893 75 109.33
    endloop
  endfacet
  facet normal -0.953644 -0 -0.300938
    outer loop
      vertex 19.6886 75 109.966
      vertex 19.8893 74.5821 109.33
      vertex 19.6886 74.5821 109.966
    endloop
  endfacet
  facet normal -0.923969 0 -0.382466
    outer loop
      vertex 19.6886 74.5821 109.966
      vertex 19.4332 75 110.583
      vertex 19.6886 75 109.966
    endloop
  endfacet
  facet normal -0.923969 -0 -0.382466
    outer loop
      vertex 19.4332 75 110.583
      vertex 19.6886 74.5821 109.966
      vertex 19.4332 74.5821 110.583
    endloop
  endfacet
  facet normal 0.0438043 0 -0.99904
    outer loop
      vertex 11.8386 74.5421 114.971
      vertex 12.5 75 115
      vertex 12.5 72.0421 115
    endloop
  endfacet
  facet normal 0 0 -1
    outer loop
      vertex 11.8333 74.5621 114.971
      vertex 11.8386 74.5421 114.971
      vertex 11.8333 74.5421 114.971
    endloop
  endfacet
  facet normal 0 0 -1
    outer loop
      vertex 11.8333 74.5821 114.971
      vertex 11.8386 74.5421 114.971
      vertex 11.8333 74.5621 114.971
    endloop
  endfacet
  facet normal 0.0401293 0.00531713 -0.99918
    outer loop
      vertex 11.8386 74.5421 114.971
      vertex 11.8333 74.5821 114.971
      vertex 12.5 75 115
    endloop
  endfacet
  facet normal 0.0434567 0 -0.999055
    outer loop
      vertex 12.5 75 115
      vertex 11.8333 74.5821 114.971
      vertex 11.8333 75 114.971
    endloop
  endfacet
  facet normal 0.536686 0 -0.843782
    outer loop
      vertex 8.11215 74.5821 113.617
      vertex 8.675 75 113.975
      vertex 8.675 74.5821 113.975
    endloop
  endfacet
  facet normal 0.536686 0 -0.843782
    outer loop
      vertex 8.675 75 113.975
      vertex 8.11215 74.5821 113.617
      vertex 8.11215 75 113.617
    endloop
  endfacet
  facet normal 0.461554 0 -0.887112
    outer loop
      vertex 8.675 74.5821 113.975
      vertex 9.26698 75 114.283
      vertex 9.26698 74.5821 114.283
    endloop
  endfacet
  facet normal 0.461554 0 -0.887112
    outer loop
      vertex 9.26698 75 114.283
      vertex 8.675 74.5821 113.975
      vertex 8.675 75 113.975
    endloop
  endfacet
  facet normal 0.79309 0 -0.609105
    outer loop
      vertex 6.63977 74.5821 112.267
      vertex 6.23349 75 111.738
      vertex 6.63977 75 112.267
    endloop
  endfacet
  facet normal 0.79309 0 -0.609105
    outer loop
      vertex 6.23349 75 111.738
      vertex 6.63977 74.5821 112.267
      vertex 6.23349 74.5821 111.738
    endloop
  endfacet
  facet normal 0 0 -1
    outer loop
      vertex 13.1614 74.5421 114.971
      vertex 13.1667 74.5621 114.971
      vertex 13.1667 74.5421 114.971
    endloop
  endfacet
  facet normal -0 0 -1
    outer loop
      vertex 13.1667 74.5621 114.971
      vertex 13.1614 74.5421 114.971
      vertex 13.1667 74.5821 114.971
    endloop
  endfacet
  facet normal -0.0401293 0.00531713 -0.99918
    outer loop
      vertex 12.5 75 115
      vertex 13.1667 74.5821 114.971
      vertex 13.1614 74.5421 114.971
    endloop
  endfacet
  facet normal -0.0438043 -0 -0.99904
    outer loop
      vertex 12.5 75 115
      vertex 13.1614 74.5421 114.971
      vertex 12.5 72.0421 115
    endloop
  endfacet
  facet normal -0.0434567 0 -0.999055
    outer loop
      vertex 13.1667 74.5821 114.971
      vertex 12.5 75 115
      vertex 13.1667 75 114.971
    endloop
  endfacet
  facet normal -0.53672 0 -0.84376
    outer loop
      vertex 16.325 74.5821 113.975
      vertex 16.8878 75 113.617
      vertex 16.8878 74.5821 113.617
    endloop
  endfacet
  facet normal -0.53672 0 -0.84376
    outer loop
      vertex 16.8878 75 113.617
      vertex 16.325 74.5821 113.975
      vertex 16.325 75 113.975
    endloop
  endfacet
  facet normal -0.793075 0 -0.609124
    outer loop
      vertex 18.7665 74.5821 111.738
      vertex 18.3602 75 112.267
      vertex 18.7665 75 111.738
    endloop
  endfacet
  facet normal -0.793075 -0 -0.609124
    outer loop
      vertex 18.3602 75 112.267
      vertex 18.7665 74.5821 111.738
      vertex 18.3602 74.5821 112.267
    endloop
  endfacet
  facet normal -0.887057 0 -0.461659
    outer loop
      vertex 19.4332 74.5821 110.583
      vertex 19.1251 75 111.175
      vertex 19.4332 75 110.583
    endloop
  endfacet
  facet normal -0.887057 -0 -0.461659
    outer loop
      vertex 19.1251 75 111.175
      vertex 19.4332 74.5821 110.583
      vertex 19.1251 74.5821 111.175
    endloop
  endfacet
  facet normal 0.217216 0 -0.976124
    outer loop
      vertex 10.52 74.5821 114.739
      vertex 11.1716 75 114.884
      vertex 11.1716 74.5821 114.884
    endloop
  endfacet
  facet normal 0.217216 0 -0.976124
    outer loop
      vertex 11.1716 75 114.884
      vertex 10.52 74.5821 114.739
      vertex 10.52 75 114.739
    endloop
  endfacet
  facet normal 0.60945 0 -0.792824
    outer loop
      vertex 7.58269 74.5821 113.21
      vertex 8.11215 75 113.617
      vertex 8.11215 74.5821 113.617
    endloop
  endfacet
  facet normal 0.60945 0 -0.792824
    outer loop
      vertex 8.11215 75 113.617
      vertex 7.58269 74.5821 113.21
      vertex 7.58269 75 113.21
    endloop
  endfacet
  facet normal 0.737251 0 -0.675619
    outer loop
      vertex 7.09064 74.5821 112.759
      vertex 6.63977 75 112.267
      vertex 7.09064 75 112.759
    endloop
  endfacet
  facet normal 0.737251 0 -0.675619
    outer loop
      vertex 6.63977 75 112.267
      vertex 7.09064 74.5821 112.759
      vertex 6.63977 74.5821 112.267
    endloop
  endfacet
  facet normal 0.991428 0 -0.130655
    outer loop
      vertex 4.96623 74.5821 108.678
      vertex 4.87912 75 108.017
      vertex 4.96623 75 108.678
    endloop
  endfacet
  facet normal 0.991428 0 -0.130655
    outer loop
      vertex 4.87912 75 108.017
      vertex 4.96623 74.5821 108.678
      vertex 4.87912 74.5821 108.017
    endloop
  endfacet
  facet normal -0.299811 0 -0.953999
    outer loop
      vertex 14.48 74.5821 114.739
      vertex 15.1164 75 114.539
      vertex 15.1164 74.5821 114.539
    endloop
  endfacet
  facet normal -0.299811 0 -0.953999
    outer loop
      vertex 15.1164 75 114.539
      vertex 14.48 74.5821 114.739
      vertex 14.48 75 114.739
    endloop
  endfacet
  facet normal -0.461541 0 -0.887119
    outer loop
      vertex 15.733 74.5821 114.283
      vertex 16.325 75 113.975
      vertex 16.325 74.5821 113.975
    endloop
  endfacet
  facet normal -0.461541 0 -0.887119
    outer loop
      vertex 16.325 75 113.975
      vertex 15.733 74.5821 114.283
      vertex 15.733 75 114.283
    endloop
  endfacet
  facet normal -0.67565 0 -0.737223
    outer loop
      vertex 17.4173 74.5821 113.21
      vertex 17.9094 75 112.759
      vertex 17.9094 74.5821 112.759
    endloop
  endfacet
  facet normal -0.67565 0 -0.737223
    outer loop
      vertex 17.9094 75 112.759
      vertex 17.4173 74.5821 113.21
      vertex 17.4173 75 113.21
    endloop
  endfacet
  facet normal -0.843439 0 -0.537224
    outer loop
      vertex 19.1251 74.5821 111.175
      vertex 18.7665 75 111.738
      vertex 19.1251 75 111.175
    endloop
  endfacet
  facet normal -0.843439 -0 -0.537224
    outer loop
      vertex 18.7665 75 111.738
      vertex 19.1251 74.5821 111.175
      vertex 18.7665 74.5821 111.738
    endloop
  endfacet
  facet normal 0.299794 0 -0.954004
    outer loop
      vertex 9.88356 74.5821 114.539
      vertex 10.52 75 114.739
      vertex 10.52 74.5821 114.739
    endloop
  endfacet
  facet normal 0.299794 0 -0.954004
    outer loop
      vertex 10.52 75 114.739
      vertex 9.88356 74.5821 114.539
      vertex 9.88356 75 114.539
    endloop
  endfacet
  facet normal 0.923969 0 -0.382466
    outer loop
      vertex 5.56676 74.5821 110.583
      vertex 5.31136 75 109.966
      vertex 5.56676 75 110.583
    endloop
  endfacet
  facet normal 0.923969 0 -0.382466
    outer loop
      vertex 5.31136 75 109.966
      vertex 5.56676 74.5821 110.583
      vertex 5.31136 74.5821 109.966
    endloop
  endfacet
  facet normal 0.843453 0 -0.537203
    outer loop
      vertex 6.23349 74.5821 111.738
      vertex 5.87491 75 111.175
      vertex 6.23349 75 111.738
    endloop
  endfacet
  facet normal 0.843453 0 -0.537203
    outer loop
      vertex 5.87491 75 111.175
      vertex 6.23349 74.5821 111.738
      vertex 5.87491 74.5821 111.175
    endloop
  endfacet
  facet normal 0.953648 0 -0.300924
    outer loop
      vertex 5.31136 74.5821 109.966
      vertex 5.11067 75 109.33
      vertex 5.31136 75 109.966
    endloop
  endfacet
  facet normal 0.953648 0 -0.300924
    outer loop
      vertex 5.11067 75 109.33
      vertex 5.31136 74.5821 109.966
      vertex 5.11067 74.5821 109.33
    endloop
  endfacet
  facet normal -0.217216 0 -0.976124
    outer loop
      vertex 13.8284 74.5821 114.884
      vertex 14.48 75 114.739
      vertex 14.48 74.5821 114.739
    endloop
  endfacet
  facet normal -0.217216 0 -0.976124
    outer loop
      vertex 14.48 75 114.739
      vertex 13.8284 74.5821 114.884
      vertex 13.8284 75 114.884
    endloop
  endfacet
  facet normal -0.383445 0 -0.923564
    outer loop
      vertex 15.1164 74.5821 114.539
      vertex 15.733 75 114.283
      vertex 15.733 74.5821 114.283
    endloop
  endfacet
  facet normal -0.383445 0 -0.923564
    outer loop
      vertex 15.733 75 114.283
      vertex 15.1164 74.5821 114.539
      vertex 15.1164 75 114.539
    endloop
  endfacet
  facet normal -0.609421 0 -0.792847
    outer loop
      vertex 16.8878 74.5821 113.617
      vertex 17.4173 75 113.21
      vertex 17.4173 74.5821 113.21
    endloop
  endfacet
  facet normal -0.609421 0 -0.792847
    outer loop
      vertex 17.4173 75 113.21
      vertex 16.8878 74.5821 113.617
      vertex 16.8878 75 113.617
    endloop
  endfacet
  facet normal 0.887027 0 -0.461718
    outer loop
      vertex 5.87491 74.5821 111.175
      vertex 5.56676 75 110.583
      vertex 5.87491 75 111.175
    endloop
  endfacet
  facet normal 0.887027 0 -0.461718
    outer loop
      vertex 5.56676 75 110.583
      vertex 5.87491 74.5821 111.175
      vertex 5.56676 74.5821 110.583
    endloop
  endfacet
  facet normal 0.771116 -0.61335 -0.170828
    outer loop
      vertex 2.5249 72.0821 106.634
      vertex 4.96623 74.5821 108.678
      vertex 5.11067 74.5821 109.33
    endloop
  endfacet
  facet normal 0.772758 -0.609307 -0.177734
    outer loop
      vertex 4.96623 74.5821 108.678
      vertex 2.5249 72.0821 106.634
      vertex 2.52375 72.0821 106.629
    endloop
  endfacet
  facet normal -0.653626 -0.251184 -0.713918
    outer loop
      vertex 19.6631 72.0821 112.033
      vertex 19.0154 72.0821 112.626
      vertex 17.9094 74.5821 112.759
    endloop
  endfacet
  facet normal -0.709912 -0.70429 -0
    outer loop
      vertex 22.6302 72.0821 104.87
      vertex 20.15 74.5821 0
      vertex 22.6302 72.0821 0
    endloop
  endfacet
  facet normal -0.709912 -0.70429 0
    outer loop
      vertex 20.15 74.5821 0
      vertex 22.6302 72.0821 104.87
      vertex 20.15 74.5821 107.35
    endloop
  endfacet
  facet normal -0.725124 -0.687885 -0.03175
    outer loop
      vertex 22.6302 72.0821 104.87
      vertex 22.5918 72.0821 105.747
      vertex 20.15 74.5821 107.35
    endloop
  endfacet
  facet normal 0.38239 -0.0744885 -0.920993
    outer loop
      vertex 9.03529 72.0821 114.389
      vertex 9.26698 74.5821 114.283
      vertex 9.88356 74.5821 114.539
    endloop
  endfacet
  facet normal 0.377518 -0.0741233 -0.923031
    outer loop
      vertex 9.26698 74.5821 114.283
      vertex 9.03529 72.0821 114.389
      vertex 9.0304 72.0821 114.387
    endloop
  endfacet
  facet normal -0.991444 0 -0.130536
    outer loop
      vertex 22.6114 70.83 105.735
      vertex 22.4958 72.0821 106.613
      vertex 22.6114 72.0821 105.735
    endloop
  endfacet
  facet normal -0.991444 -0 -0.130536
    outer loop
      vertex 22.4958 72.0821 106.613
      vertex 22.6114 70.83 105.735
      vertex 22.4958 70.83 106.613
    endloop
  endfacet
  facet normal -0.751105 -0.652732 -0.0989113
    outer loop
      vertex 22.5909 72.0821 105.758
      vertex 22.4762 72.0821 106.629
      vertex 20.0338 74.5821 108.678
    endloop
  endfacet
  facet normal 0.709918 -0.704284 0
    outer loop
      vertex 2.36985 72.0821 104.87
      vertex 4.85001 74.5821 0
      vertex 4.85001 74.5821 107.35
    endloop
  endfacet
  facet normal 0.709918 -0.704284 0
    outer loop
      vertex 4.85001 74.5821 0
      vertex 2.36985 72.0821 104.87
      vertex 2.36985 72.0821 0
    endloop
  endfacet
  facet normal 1 -0 0
    outer loop
      vertex 2.35001 70.83 104.85
      vertex 2.35001 72.0821 0
      vertex 2.35001 72.0821 104.85
    endloop
  endfacet
  facet normal 1 0 0
    outer loop
      vertex 2.35001 72.0821 0
      vertex 2.35001 70.83 104.85
      vertex 2.35001 70.83 0
    endloop
  endfacet
  facet normal 0.725095 -0.68792 -0.0316743
    outer loop
      vertex 4.85001 74.5821 107.35
      vertex 2.40816 72.0821 105.747
      vertex 2.36985 72.0821 104.87
    endloop
  endfacet
  facet normal -0.753398 -0.64905 -0.105476
    outer loop
      vertex 22.5909 72.0821 105.758
      vertex 20.1209 74.5821 108.017
      vertex 22.5916 72.0821 105.753
    endloop
  endfacet
  facet normal -0.751135 -0.652686 -0.0989772
    outer loop
      vertex 20.1209 74.5821 108.017
      vertex 22.5909 72.0821 105.758
      vertex 20.0338 74.5821 108.678
    endloop
  endfacet
  facet normal -1 0 0
    outer loop
      vertex 22.65 70.83 0
      vertex 22.65 72.0821 104.85
      vertex 22.65 72.0821 0
    endloop
  endfacet
  facet normal -1 -0 0
    outer loop
      vertex 22.65 72.0821 104.85
      vertex 22.65 70.83 0
      vertex 22.65 70.83 104.85
    endloop
  endfacet
  facet normal -0.99905 0 -0.0435744
    outer loop
      vertex 22.65 70.83 104.85
      vertex 22.6114 72.0821 105.735
      vertex 22.65 72.0821 104.85
    endloop
  endfacet
  facet normal -0.99905 -0 -0.0435744
    outer loop
      vertex 22.6114 72.0821 105.735
      vertex 22.65 70.83 104.85
      vertex 22.6114 70.83 105.735
    endloop
  endfacet
  facet normal 0.991446 0 -0.130514
    outer loop
      vertex 2.50421 70.83 106.613
      vertex 2.38863 72.0821 105.735
      vertex 2.50421 72.0821 106.613
    endloop
  endfacet
  facet normal 0.991446 0 -0.130514
    outer loop
      vertex 2.38863 72.0821 105.735
      vertex 2.50421 70.83 106.613
      vertex 2.38863 70.83 105.735
    endloop
  endfacet
  facet normal 0.999049 0 -0.0435969
    outer loop
      vertex 2.38863 70.83 105.735
      vertex 2.35001 72.0821 104.85
      vertex 2.38863 72.0821 105.735
    endloop
  endfacet
  facet normal 0.999049 0 -0.0435969
    outer loop
      vertex 2.35001 72.0821 104.85
      vertex 2.38863 70.83 105.735
      vertex 2.35001 70.83 104.85
    endloop
  endfacet
  facet normal 0.751084 -0.652759 -0.0988827
    outer loop
      vertex 4.96623 74.5821 108.678
      vertex 2.52375 72.0821 106.629
      vertex 2.40908 72.0821 105.758
    endloop
  endfacet
  facet normal -0.744956 -0.391586 -0.540093
    outer loop
      vertex 20.7981 72.0821 110.68
      vertex 19.1251 74.5821 111.175
      vertex 20.801 72.0821 110.676
    endloop
  endfacet
  facet normal -0.766821 -0.416449 -0.488423
    outer loop
      vertex 19.1251 74.5821 111.175
      vertex 20.7981 72.0821 110.68
      vertex 18.7665 74.5821 111.738
    endloop
  endfacet
  facet normal -0.739847 -0.36107 -0.567676
    outer loop
      vertex 20.7949 72.0821 110.684
      vertex 20.2601 72.0821 111.381
      vertex 18.3602 74.5821 112.267
    endloop
  endfacet
  facet normal 0.766824 -0.416471 -0.488398
    outer loop
      vertex 4.20186 72.0821 110.68
      vertex 5.87491 74.5821 111.175
      vertex 6.23349 74.5821 111.738
    endloop
  endfacet
  facet normal 0.748783 -0.395837 -0.531636
    outer loop
      vertex 5.87491 74.5821 111.175
      vertex 4.20186 72.0821 110.68
      vertex 4.19902 72.0821 110.676
    endloop
  endfacet
  facet normal 0.739713 -0.360658 -0.568111
    outer loop
      vertex 4.20509 72.0821 110.684
      vertex 6.23349 74.5821 111.738
      vertex 6.63977 74.5821 112.267
    endloop
  endfacet
  facet normal 0.730527 -0.344018 -0.5899
    outer loop
      vertex 6.23349 74.5821 111.738
      vertex 4.20509 72.0821 110.684
      vertex 4.20186 72.0821 110.68
    endloop
  endfacet
  facet normal -0.770818 -0.61407 -0.16958
    outer loop
      vertex 22.4751 72.0821 106.634
      vertex 20.0338 74.5821 108.678
      vertex 22.4762 72.0821 106.629
    endloop
  endfacet
  facet normal -0.771138 -0.613301 -0.170904
    outer loop
      vertex 20.0338 74.5821 108.678
      vertex 22.4751 72.0821 106.634
      vertex 19.8893 74.5821 109.33
    endloop
  endfacet
  facet normal -0.722856 -0.690578 -0.0240952
    outer loop
      vertex 22.5916 72.0821 105.753
      vertex 20.15 74.5821 107.35
      vertex 22.5918 72.0821 105.747
    endloop
  endfacet
  facet normal -0.725082 -0.687936 -0.031634
    outer loop
      vertex 20.15 74.5821 107.35
      vertex 22.5916 72.0821 105.753
      vertex 20.1209 74.5821 108.017
    endloop
  endfacet
  facet normal 0.751134 -0.652686 -0.0989883
    outer loop
      vertex 2.40908 72.0821 105.758
      vertex 4.87912 74.5821 108.017
      vertex 4.96623 74.5821 108.678
    endloop
  endfacet
  facet normal 0.752846 -0.649946 -0.103893
    outer loop
      vertex 4.87912 74.5821 108.017
      vertex 2.40908 72.0821 105.758
      vertex 2.40839 72.0821 105.753
    endloop
  endfacet
  facet normal -0.732301 -0.347169 -0.585841
    outer loop
      vertex 20.7949 72.0821 110.684
      vertex 18.7665 74.5821 111.738
      vertex 20.7981 72.0821 110.68
    endloop
  endfacet
  facet normal -0.739705 -0.360642 -0.568132
    outer loop
      vertex 18.7665 74.5821 111.738
      vertex 20.7949 72.0821 110.684
      vertex 18.3602 74.5821 112.267
    endloop
  endfacet
  facet normal -0.675479 0 -0.737379
    outer loop
      vertex 19.0243 70.83 112.625
      vertex 19.6771 72.0821 112.027
      vertex 19.6771 70.83 112.027
    endloop
  endfacet
  facet normal -0.675479 0 -0.737379
    outer loop
      vertex 19.6771 72.0821 112.027
      vertex 19.0243 70.83 112.625
      vertex 19.0243 72.0821 112.625
    endloop
  endfacet
  facet normal -0.766778 -0.416529 -0.48842
    outer loop
      vertex 21.273 72.0821 109.935
      vertex 20.801 72.0821 110.676
      vertex 19.1251 74.5821 111.175
    endloop
  endfacet
  facet normal 0.739859 -0.361097 -0.567643
    outer loop
      vertex 6.63977 74.5821 112.267
      vertex 4.73985 72.0821 111.381
      vertex 4.20509 72.0821 110.684
    endloop
  endfacet
  facet normal 0.782738 -0.470445 -0.407434
    outer loop
      vertex 3.32141 72.0821 109.156
      vertex 5.56676 74.5821 110.583
      vertex 5.87491 74.5821 111.175
    endloop
  endfacet
  facet normal 0.78505 -0.485512 -0.384674
    outer loop
      vertex 5.56676 74.5821 110.583
      vertex 3.32141 72.0821 109.156
      vertex 3.31896 72.0821 109.151
    endloop
  endfacet
  facet normal 0.788206 -0.521805 -0.326269
    outer loop
      vertex 3.31896 72.0821 109.151
      vertex 5.31136 74.5821 109.966
      vertex 5.56676 74.5821 110.583
    endloop
  endfacet
  facet normal 0.789145 -0.524983 -0.318815
    outer loop
      vertex 5.31136 74.5821 109.966
      vertex 3.31896 72.0821 109.151
      vertex 3.31694 72.0821 109.146
    endloop
  endfacet
  facet normal 0.702145 -0.305704 -0.643069
    outer loop
      vertex 6.63977 74.5821 112.267
      vertex 5.33333 72.0821 112.029
      vertex 4.73985 72.0821 111.381
    endloop
  endfacet
  facet normal 0.653648 -0.251216 -0.713887
    outer loop
      vertex 7.09064 74.5821 112.759
      vertex 5.98456 72.0821 112.626
      vertex 5.33691 72.0821 112.033
    endloop
  endfacet
  facet normal 0.129885 0 -0.991529
    outer loop
      vertex 10.7375 70.83 114.846
      vertex 11.6154 72.0421 114.961
      vertex 11.6154 70.83 114.961
    endloop
  endfacet
  facet normal 0.129885 0 -0.991529
    outer loop
      vertex 10.7375 72.0821 114.846
      vertex 11.6154 72.0421 114.961
      vertex 10.7375 70.83 114.846
    endloop
  endfacet
  facet normal 0.129885 0 -0.991529
    outer loop
      vertex 11.6154 72.0421 114.961
      vertex 10.7375 72.0821 114.846
      vertex 11.6154 72.0621 114.961
    endloop
  endfacet
  facet normal 0.129885 0 -0.991529
    outer loop
      vertex 11.6154 72.0621 114.961
      vertex 10.7375 72.0821 114.846
      vertex 11.6154 72.0821 114.961
    endloop
  endfacet
  facet normal -0.547193 -0.163961 -0.82079
    outer loop
      vertex 18.3059 72.0821 113.171
      vertex 16.8878 74.5821 113.617
      vertex 18.3104 72.0821 113.168
    endloop
  endfacet
  facet normal -0.530473 -0.152131 -0.833939
    outer loop
      vertex 16.8878 74.5821 113.617
      vertex 18.3059 72.0821 113.171
      vertex 16.325 74.5821 113.975
    endloop
  endfacet
  facet normal -0.934896 -0.0794662 -0.345911
    outer loop
      vertex 13.3846 72.0621 114.961
      vertex 13.1667 74.5821 114.971
      vertex 13.3829 72.0821 114.961
    endloop
  endfacet
  facet normal -0.129788 -0.00725804 -0.991515
    outer loop
      vertex 14.2538 72.0821 114.847
      vertex 13.3829 72.0821 114.961
      vertex 13.1667 74.5821 114.971
    endloop
  endfacet
  facet normal 0.783937 -0.569429 -0.247372
    outer loop
      vertex 2.98077 72.0821 108.335
      vertex 5.11067 74.5821 109.33
      vertex 5.31136 74.5821 109.966
    endloop
  endfacet
  facet normal 0.783904 -0.568641 -0.249282
    outer loop
      vertex 5.11067 74.5821 109.33
      vertex 2.98077 72.0821 108.335
      vertex 2.97918 72.0821 108.33
    endloop
  endfacet
  facet normal 0.976271 0 -0.216554
    outer loop
      vertex 2.69586 70.83 107.477
      vertex 2.50421 72.0821 106.613
      vertex 2.69586 72.0821 107.477
    endloop
  endfacet
  facet normal 0.976271 0 -0.216554
    outer loop
      vertex 2.50421 72.0821 106.613
      vertex 2.69586 70.83 107.477
      vertex 2.50421 70.83 106.613
    endloop
  endfacet
  facet normal 0.725082 -0.687935 -0.0316449
    outer loop
      vertex 2.40839 72.0821 105.753
      vertex 4.85001 74.5821 107.35
      vertex 4.87912 74.5821 108.017
    endloop
  endfacet
  facet normal 0.723939 -0.689306 -0.027751
    outer loop
      vertex 4.85001 74.5821 107.35
      vertex 2.40839 72.0821 105.753
      vertex 2.40816 72.0821 105.747
    endloop
  endfacet
  facet normal -0.706948 -0.30888 -0.636253
    outer loop
      vertex 19.6631 72.0821 112.033
      vertex 18.3602 74.5821 112.267
      vertex 19.6667 72.0821 112.029
    endloop
  endfacet
  facet normal -0.702017 -0.305657 -0.643231
    outer loop
      vertex 18.3602 74.5821 112.267
      vertex 19.6631 72.0821 112.033
      vertex 17.9094 74.5821 112.759
    endloop
  endfacet
  facet normal -0.793115 0 -0.609072
    outer loop
      vertex 20.8144 70.83 110.672
      vertex 20.2753 72.0821 111.374
      vertex 20.8144 72.0821 110.672
    endloop
  endfacet
  facet normal -0.793115 -0 -0.609072
    outer loop
      vertex 20.2753 72.0821 111.374
      vertex 20.8144 70.83 110.672
      vertex 20.2753 70.83 111.374
    endloop
  endfacet
  facet normal -0.702178 -0.305744 -0.643013
    outer loop
      vertex 20.2601 72.0821 111.381
      vertex 19.6667 72.0821 112.029
      vertex 18.3602 74.5821 112.267
    endloop
  endfacet
  facet normal -0.596646 -0.19993 -0.777201
    outer loop
      vertex 19.0073 72.0821 112.633
      vertex 18.3104 72.0821 113.168
      vertex 16.8878 74.5821 113.617
    endloop
  endfacet
  facet normal -0.976259 0 -0.216607
    outer loop
      vertex 22.4958 70.83 106.613
      vertex 22.3041 72.0821 107.477
      vertex 22.4958 72.0821 106.613
    endloop
  endfacet
  facet normal -0.976259 -0 -0.216607
    outer loop
      vertex 22.3041 72.0821 107.477
      vertex 22.4958 70.83 106.613
      vertex 22.3041 70.83 107.477
    endloop
  endfacet
  facet normal 0.675462 0 -0.737395
    outer loop
      vertex 5.32288 70.83 112.027
      vertex 5.97571 72.0821 112.625
      vertex 5.97571 70.83 112.625
    endloop
  endfacet
  facet normal 0.675462 0 -0.737395
    outer loop
      vertex 5.97571 72.0821 112.625
      vertex 5.32288 70.83 112.027
      vertex 5.32288 72.0821 112.027
    endloop
  endfacet
  facet normal 0.701977 -0.305619 -0.643293
    outer loop
      vertex 5.33691 72.0821 112.033
      vertex 6.63977 74.5821 112.267
      vertex 7.09064 74.5821 112.759
    endloop
  endfacet
  facet normal 0.708468 -0.309864 -0.634079
    outer loop
      vertex 6.63977 74.5821 112.267
      vertex 5.33691 72.0821 112.033
      vertex 5.33333 72.0821 112.029
    endloop
  endfacet
  facet normal 0.92387 0 -0.382706
    outer loop
      vertex 3.30098 70.83 109.14
      vertex 2.96213 72.0821 108.322
      vertex 3.30098 72.0821 109.14
    endloop
  endfacet
  facet normal 0.92387 0 -0.382706
    outer loop
      vertex 2.96213 72.0821 108.322
      vertex 3.30098 70.83 109.14
      vertex 2.96213 70.83 108.322
    endloop
  endfacet
  facet normal 0.38146 -0.0744279 -0.921384
    outer loop
      vertex 9.26698 74.5821 114.283
      vertex 9.0304 72.0821 114.387
      vertex 8.21882 72.0821 114.051
    endloop
  endfacet
  facet normal 0.653969 -0.2515 -0.713493
    outer loop
      vertex 5.98846 72.0821 112.63
      vertex 7.09064 74.5821 112.759
      vertex 7.58269 74.5821 113.21
    endloop
  endfacet
  facet normal 0.689546 -0.269311 -0.672308
    outer loop
      vertex 7.09064 74.5821 112.759
      vertex 5.98846 72.0821 112.63
      vertex 5.98456 72.0821 112.626
    endloop
  endfacet
  facet normal 0.300429 0 -0.953804
    outer loop
      vertex 9.0285 70.83 114.388
      vertex 9.873 72.0821 114.654
      vertex 9.873 70.83 114.654
    endloop
  endfacet
  facet normal 0.300429 0 -0.953804
    outer loop
      vertex 9.873 72.0821 114.654
      vertex 9.0285 70.83 114.388
      vertex 9.0285 72.0821 114.388
    endloop
  endfacet
  facet normal 0.934896 -0.0794662 -0.345911
    outer loop
      vertex 11.8333 74.5821 114.971
      vertex 11.6154 72.0621 114.961
      vertex 11.6171 72.0821 114.961
    endloop
  endfacet
  facet normal 0.129788 -0.00725804 -0.991515
    outer loop
      vertex 11.8333 74.5821 114.971
      vertex 11.6171 72.0821 114.961
      vertex 10.7462 72.0821 114.847
    endloop
  endfacet
  facet normal -0.188825 -0.0154912 -0.981889
    outer loop
      vertex 15.1167 72.0821 114.656
      vertex 14.48 74.5821 114.739
      vertex 15.1219 72.0821 114.655
    endloop
  endfacet
  facet normal -0.217159 -0.0229072 -0.975867
    outer loop
      vertex 14.48 74.5821 114.739
      vertex 15.1167 72.0821 114.656
      vertex 13.8284 74.5821 114.884
    endloop
  endfacet
  facet normal -0.0458444 0 -0.998949
    outer loop
      vertex 13.1667 74.5621 114.971
      vertex 13.3846 72.0621 114.961
      vertex 13.3846 72.0421 114.961
    endloop
  endfacet
  facet normal -0.0458444 0 -0.998949
    outer loop
      vertex 13.3846 72.0621 114.961
      vertex 13.1667 74.5621 114.971
      vertex 13.1667 74.5821 114.971
    endloop
  endfacet
  facet normal -0.376859 -0.0740754 -0.923304
    outer loop
      vertex 15.9647 72.0821 114.389
      vertex 15.733 74.5821 114.283
      vertex 15.9696 72.0821 114.387
    endloop
  endfacet
  facet normal -0.38238 -0.0744893 -0.920998
    outer loop
      vertex 15.733 74.5821 114.283
      vertex 15.9647 72.0821 114.389
      vertex 15.1164 74.5821 114.539
    endloop
  endfacet
  facet normal 0.788157 -0.521608 -0.326701
    outer loop
      vertex 5.31136 74.5821 109.966
      vertex 3.31694 72.0821 109.146
      vertex 2.98077 72.0821 108.335
    endloop
  endfacet
  facet normal -0.843489 0 -0.537146
    outer loop
      vertex 21.2901 70.83 109.925
      vertex 20.8144 72.0821 110.672
      vertex 21.2901 72.0821 109.925
    endloop
  endfacet
  facet normal -0.843489 -0 -0.537146
    outer loop
      vertex 20.8144 72.0821 110.672
      vertex 21.2901 70.83 109.925
      vertex 20.8144 70.83 110.672
    endloop
  endfacet
  facet normal -0.73737 0 -0.675489
    outer loop
      vertex 20.2753 70.83 111.374
      vertex 19.6771 72.0821 112.027
      vertex 20.2753 72.0821 111.374
    endloop
  endfacet
  facet normal -0.73737 -0 -0.675489
    outer loop
      vertex 19.6771 72.0821 112.027
      vertex 20.2753 70.83 111.374
      vertex 19.6771 70.83 112.027
    endloop
  endfacet
  facet normal -0.68955 -0.26929 -0.672312
    outer loop
      vertex 19.0115 72.0821 112.63
      vertex 17.9094 74.5821 112.759
      vertex 19.0154 72.0821 112.626
    endloop
  endfacet
  facet normal -0.653939 -0.251464 -0.713533
    outer loop
      vertex 17.9094 74.5821 112.759
      vertex 19.0115 72.0821 112.63
      vertex 17.4173 74.5821 113.21
    endloop
  endfacet
  facet normal -0.390543 -0.0718444 -0.917777
    outer loop
      vertex 17.5604 72.0821 113.645
      vertex 16.325 74.5821 113.975
      vertex 17.5651 72.0821 113.643
    endloop
  endfacet
  facet normal -0.458725 -0.110299 -0.881706
    outer loop
      vertex 16.325 74.5821 113.975
      vertex 17.5604 72.0821 113.645
      vertex 15.733 74.5821 114.283
    endloop
  endfacet
  facet normal -0.608728 0 -0.793379
    outer loop
      vertex 18.3218 70.83 113.164
      vertex 19.0243 72.0821 112.625
      vertex 19.0243 70.83 112.625
    endloop
  endfacet
  facet normal -0.608728 0 -0.793379
    outer loop
      vertex 19.0243 72.0821 112.625
      vertex 18.3218 70.83 113.164
      vertex 18.3218 72.0821 113.164
    endloop
  endfacet
  facet normal -0.782736 -0.470353 -0.407545
    outer loop
      vertex 21.6786 72.0821 109.156
      vertex 21.273 72.0821 109.935
      vertex 19.1251 74.5821 111.175
    endloop
  endfacet
  facet normal 0.843459 0 -0.537194
    outer loop
      vertex 4.18561 70.83 110.672
      vertex 3.70985 72.0821 109.925
      vertex 4.18561 72.0821 110.672
    endloop
  endfacet
  facet normal 0.843459 0 -0.537194
    outer loop
      vertex 3.70985 72.0821 109.925
      vertex 4.18561 70.83 110.672
      vertex 3.70985 70.83 109.925
    endloop
  endfacet
  facet normal 0.531014 -0.152712 -0.833489
    outer loop
      vertex 8.675 74.5821 113.975
      vertex 7.43492 72.0821 113.643
      vertex 6.69406 72.0821 113.171
    endloop
  endfacet
  facet normal 0.458737 -0.110302 -0.881699
    outer loop
      vertex 7.43962 72.0821 113.645
      vertex 8.675 74.5821 113.975
      vertex 9.26698 74.5821 114.283
    endloop
  endfacet
  facet normal 0.390543 -0.0718412 -0.917777
    outer loop
      vertex 8.675 74.5821 113.975
      vertex 7.43962 72.0821 113.645
      vertex 7.43492 72.0821 113.643
    endloop
  endfacet
  facet normal 0.459241 -0.110751 -0.881381
    outer loop
      vertex 9.26698 74.5821 114.283
      vertex 8.21882 72.0821 114.051
      vertex 7.43962 72.0821 113.645
    endloop
  endfacet
  facet normal 0.130354 -0.00750773 -0.991439
    outer loop
      vertex 10.7462 72.0821 114.847
      vertex 11.1716 74.5821 114.884
      vertex 11.8333 74.5821 114.971
    endloop
  endfacet
  facet normal 0.185381 -0.0170032 -0.98252
    outer loop
      vertex 11.1716 74.5821 114.884
      vertex 10.7462 72.0821 114.847
      vertex 10.7409 72.0821 114.846
    endloop
  endfacet
  facet normal 0.217159 -0.0229064 -0.975867
    outer loop
      vertex 9.88331 72.0821 114.656
      vertex 10.52 74.5821 114.739
      vertex 11.1716 74.5821 114.884
    endloop
  endfacet
  facet normal 0.18988 -0.0157661 -0.981681
    outer loop
      vertex 10.52 74.5821 114.739
      vertex 9.88331 72.0821 114.656
      vertex 9.87814 72.0821 114.655
    endloop
  endfacet
  facet normal 0.0458444 0 -0.998949
    outer loop
      vertex 11.6154 72.0621 114.961
      vertex 11.8333 74.5621 114.971
      vertex 11.6154 72.0421 114.961
    endloop
  endfacet
  facet normal 0.0458444 0 -0.998949
    outer loop
      vertex 11.8333 74.5621 114.971
      vertex 11.6154 72.0621 114.961
      vertex 11.8333 74.5821 114.971
    endloop
  endfacet
  facet normal -0.216249 -0.022419 -0.976081
    outer loop
      vertex 15.1167 72.0821 114.656
      vertex 14.2591 72.0821 114.846
      vertex 13.8284 74.5821 114.884
    endloop
  endfacet
  facet normal -0.216811 0 -0.976214
    outer loop
      vertex 14.2625 70.83 114.846
      vertex 15.127 72.0821 114.654
      vertex 15.127 70.83 114.654
    endloop
  endfacet
  facet normal -0.216811 0 -0.976214
    outer loop
      vertex 15.127 72.0821 114.654
      vertex 14.2625 70.83 114.846
      vertex 14.2625 72.0821 114.846
    endloop
  endfacet
  facet normal -0.300429 0 -0.953804
    outer loop
      vertex 15.127 70.83 114.654
      vertex 15.9715 72.0821 114.388
      vertex 15.9715 70.83 114.388
    endloop
  endfacet
  facet normal -0.300429 0 -0.953804
    outer loop
      vertex 15.9715 72.0821 114.388
      vertex 15.127 70.83 114.654
      vertex 15.127 72.0821 114.654
    endloop
  endfacet
  facet normal 0.78394 -0.56954 -0.247109
    outer loop
      vertex 5.11067 74.5821 109.33
      vertex 2.97918 72.0821 108.33
      vertex 2.71503 72.0821 107.492
    endloop
  endfacet
  facet normal 0.771134 -0.613312 -0.170881
    outer loop
      vertex 5.11067 74.5821 109.33
      vertex 2.71503 72.0821 107.492
      vertex 2.5249 72.0821 106.634
    endloop
  endfacet
  facet normal -0.571859 -0.178923 -0.800602
    outer loop
      vertex 19.0073 72.0821 112.633
      vertex 17.4173 74.5821 113.21
      vertex 19.0115 72.0821 112.63
    endloop
  endfacet
  facet normal -0.597052 -0.20045 -0.776755
    outer loop
      vertex 17.4173 74.5821 113.21
      vertex 19.0073 72.0821 112.633
      vertex 16.8878 74.5821 113.617
    endloop
  endfacet
  facet normal -0.531042 -0.152734 -0.833466
    outer loop
      vertex 18.3059 72.0821 113.171
      vertex 17.5651 72.0821 113.643
      vertex 16.325 74.5821 113.975
    endloop
  endfacet
  facet normal -0.537489 0 -0.843271
    outer loop
      vertex 17.575 70.83 113.64
      vertex 18.3218 72.0821 113.164
      vertex 18.3218 70.83 113.164
    endloop
  endfacet
  facet normal -0.537489 0 -0.843271
    outer loop
      vertex 18.3218 72.0821 113.164
      vertex 17.575 70.83 113.64
      vertex 17.575 72.0821 113.64
    endloop
  endfacet
  facet normal -0.459241 -0.110758 -0.88138
    outer loop
      vertex 17.5604 72.0821 113.645
      vertex 16.7812 72.0821 114.051
      vertex 15.733 74.5821 114.283
    endloop
  endfacet
  facet normal -0.788155 -0.521654 -0.326632
    outer loop
      vertex 22.0192 72.0821 108.335
      vertex 21.6831 72.0821 109.146
      vertex 19.6886 74.5821 109.966
    endloop
  endfacet
  facet normal -0.77112 -0.613339 -0.170851
    outer loop
      vertex 22.4751 72.0821 106.634
      vertex 22.285 72.0821 107.492
      vertex 19.8893 74.5821 109.33
    endloop
  endfacet
  facet normal -0.953791 0 -0.300472
    outer loop
      vertex 22.3041 70.83 107.477
      vertex 22.0379 72.0821 108.322
      vertex 22.3041 72.0821 107.477
    endloop
  endfacet
  facet normal -0.953791 -0 -0.300472
    outer loop
      vertex 22.0379 72.0821 108.322
      vertex 22.3041 70.83 107.477
      vertex 22.0379 70.83 108.322
    endloop
  endfacet
  facet normal 0.782735 -0.470328 -0.407575
    outer loop
      vertex 5.87491 74.5821 111.175
      vertex 3.72704 72.0821 109.935
      vertex 3.32141 72.0821 109.156
    endloop
  endfacet
  facet normal 0.766786 -0.416534 -0.488404
    outer loop
      vertex 5.87491 74.5821 111.175
      vertex 4.19902 72.0821 110.676
      vertex 3.72704 72.0821 109.935
    endloop
  endfacet
  facet normal 0.461865 0 -0.88695
    outer loop
      vertex 7.425 70.83 113.64
      vertex 8.21043 72.0821 114.049
      vertex 8.21043 70.83 114.049
    endloop
  endfacet
  facet normal 0.461865 0 -0.88695
    outer loop
      vertex 8.21043 72.0821 114.049
      vertex 7.425 70.83 113.64
      vertex 7.425 72.0821 113.64
    endloop
  endfacet
  facet normal 0.597077 -0.200479 -0.776728
    outer loop
      vertex 5.99266 72.0821 112.633
      vertex 7.58269 74.5821 113.21
      vertex 8.11215 74.5821 113.617
    endloop
  endfacet
  facet normal 0.571858 -0.17893 -0.800601
    outer loop
      vertex 7.58269 74.5821 113.21
      vertex 5.99266 72.0821 112.633
      vertex 5.98846 72.0821 112.63
    endloop
  endfacet
  facet normal 0.216811 0 -0.976214
    outer loop
      vertex 9.873 70.83 114.654
      vertex 10.7375 72.0821 114.846
      vertex 10.7375 70.83 114.846
    endloop
  endfacet
  facet normal 0.216811 0 -0.976214
    outer loop
      vertex 10.7375 72.0821 114.846
      vertex 9.873 70.83 114.654
      vertex 9.873 72.0821 114.654
    endloop
  endfacet
  facet normal 0.300237 -0.0450701 -0.952799
    outer loop
      vertex 10.52 74.5821 114.739
      vertex 9.87814 72.0821 114.655
      vertex 9.04034 72.0821 114.391
    endloop
  endfacet
  facet normal 0.216252 -0.0224194 -0.97608
    outer loop
      vertex 11.1716 74.5821 114.884
      vertex 10.7409 72.0821 114.846
      vertex 9.88331 72.0821 114.656
    endloop
  endfacet
  facet normal 0.0440449 6.37861e-05 -0.99903
    outer loop
      vertex 11.6154 72.0421 114.961
      vertex 11.8386 74.5421 114.971
      vertex 12.5 72.0421 115
    endloop
  endfacet
  facet normal 0.0458444 0 -0.998949
    outer loop
      vertex 11.8333 74.5421 114.971
      vertex 11.6154 72.0421 114.961
      vertex 11.8333 74.5621 114.971
    endloop
  endfacet
  facet normal 0 0.00399997 -0.999992
    outer loop
      vertex 11.8386 74.5421 114.971
      vertex 11.6154 72.0421 114.961
      vertex 11.8333 74.5421 114.971
    endloop
  endfacet
  facet normal 0 0.00399997 -0.999992
    outer loop
      vertex 13.3846 72.0421 114.961
      vertex 13.1614 74.5421 114.971
      vertex 13.1667 74.5421 114.971
    endloop
  endfacet
  facet normal -0.0440449 6.37861e-05 -0.99903
    outer loop
      vertex 13.1614 74.5421 114.971
      vertex 13.3846 72.0421 114.961
      vertex 12.5 72.0421 115
    endloop
  endfacet
  facet normal -0.0458444 0 -0.998949
    outer loop
      vertex 13.3846 72.0421 114.961
      vertex 13.1667 74.5421 114.971
      vertex 13.1667 74.5621 114.971
    endloop
  endfacet
  facet normal -0.129885 -0 -0.991529
    outer loop
      vertex 13.3846 72.0421 114.961
      vertex 14.2625 70.83 114.846
      vertex 13.3846 70.83 114.961
    endloop
  endfacet
  facet normal -0.129885 0 -0.991529
    outer loop
      vertex 14.2625 70.83 114.846
      vertex 13.3846 72.0421 114.961
      vertex 14.2625 72.0821 114.846
    endloop
  endfacet
  facet normal -0.129885 -0 -0.991529
    outer loop
      vertex 13.3846 72.0621 114.961
      vertex 14.2625 72.0821 114.846
      vertex 13.3846 72.0421 114.961
    endloop
  endfacet
  facet normal -0.129885 0 -0.991529
    outer loop
      vertex 14.2625 72.0821 114.846
      vertex 13.3846 72.0621 114.961
      vertex 13.3846 72.0821 114.961
    endloop
  endfacet
  facet normal -0.185381 -0.0170032 -0.98252
    outer loop
      vertex 14.2538 72.0821 114.847
      vertex 13.8284 74.5821 114.884
      vertex 14.2591 72.0821 114.846
    endloop
  endfacet
  facet normal -0.130354 -0.00750773 -0.991439
    outer loop
      vertex 13.8284 74.5821 114.884
      vertex 14.2538 72.0821 114.847
      vertex 13.1667 74.5821 114.971
    endloop
  endfacet
  facet normal -0.300237 -0.0450749 -0.952799
    outer loop
      vertex 15.9597 72.0821 114.391
      vertex 15.1219 72.0821 114.655
      vertex 14.48 74.5821 114.739
    endloop
  endfacet
  facet normal 0.953768 0 -0.300544
    outer loop
      vertex 2.96213 70.83 108.322
      vertex 2.69586 72.0821 107.477
      vertex 2.96213 72.0821 108.322
    endloop
  endfacet
  facet normal 0.953768 0 -0.300544
    outer loop
      vertex 2.69586 72.0821 107.477
      vertex 2.96213 70.83 108.322
      vertex 2.69586 70.83 107.477
    endloop
  endfacet
  facet normal 0.886907 0 -0.461948
    outer loop
      vertex 3.70985 70.83 109.925
      vertex 3.30098 72.0821 109.14
      vertex 3.70985 72.0821 109.925
    endloop
  endfacet
  facet normal 0.886907 0 -0.461948
    outer loop
      vertex 3.30098 72.0821 109.14
      vertex 3.70985 70.83 109.925
      vertex 3.30098 70.83 109.14
    endloop
  endfacet
  facet normal -0.785675 -0.4904 -0.377124
    outer loop
      vertex 21.6786 72.0821 109.156
      vertex 19.4332 74.5821 110.583
      vertex 21.681 72.0821 109.151
    endloop
  endfacet
  facet normal -0.78274 -0.4705 -0.407368
    outer loop
      vertex 19.4332 74.5821 110.583
      vertex 21.6786 72.0821 109.156
      vertex 19.1251 74.5821 111.175
    endloop
  endfacet
  facet normal -0.787608 -0.519853 -0.330796
    outer loop
      vertex 21.681 72.0821 109.151
      vertex 19.6886 74.5821 109.966
      vertex 21.6831 72.0821 109.146
    endloop
  endfacet
  facet normal -0.788206 -0.521805 -0.326269
    outer loop
      vertex 19.6886 74.5821 109.966
      vertex 21.681 72.0821 109.151
      vertex 19.4332 74.5821 110.583
    endloop
  endfacet
  facet normal -0.92385 0 -0.382754
    outer loop
      vertex 22.0379 70.83 108.322
      vertex 21.699 72.0821 109.14
      vertex 22.0379 72.0821 108.322
    endloop
  endfacet
  facet normal -0.92385 -0 -0.382754
    outer loop
      vertex 21.699 72.0821 109.14
      vertex 22.0379 70.83 108.322
      vertex 21.699 70.83 109.14
    endloop
  endfacet
  facet normal -0.886893 0 -0.461975
    outer loop
      vertex 21.699 70.83 109.14
      vertex 21.2901 72.0821 109.925
      vertex 21.699 72.0821 109.14
    endloop
  endfacet
  facet normal -0.886893 -0 -0.461975
    outer loop
      vertex 21.2901 72.0821 109.925
      vertex 21.699 70.83 109.14
      vertex 21.2901 70.83 109.925
    endloop
  endfacet
  facet normal -0.783937 -0.569523 -0.247155
    outer loop
      vertex 22.285 72.0821 107.492
      vertex 22.0208 72.0821 108.33
      vertex 19.8893 74.5821 109.33
    endloop
  endfacet
  facet normal -0.783875 -0.567996 -0.25084
    outer loop
      vertex 22.0192 72.0821 108.335
      vertex 19.8893 74.5821 109.33
      vertex 22.0208 72.0821 108.33
    endloop
  endfacet
  facet normal -0.783937 -0.569424 -0.247384
    outer loop
      vertex 19.8893 74.5821 109.33
      vertex 22.0192 72.0821 108.335
      vertex 19.6886 74.5821 109.966
    endloop
  endfacet
  facet normal 0.737358 0 -0.675502
    outer loop
      vertex 5.32288 70.83 112.027
      vertex 4.72466 72.0821 111.374
      vertex 5.32288 72.0821 112.027
    endloop
  endfacet
  facet normal 0.737358 0 -0.675502
    outer loop
      vertex 4.72466 72.0821 111.374
      vertex 5.32288 70.83 112.027
      vertex 4.72466 70.83 111.374
    endloop
  endfacet
  facet normal 0.382823 0 -0.923822
    outer loop
      vertex 8.21043 70.83 114.049
      vertex 9.0285 72.0821 114.388
      vertex 9.0285 70.83 114.388
    endloop
  endfacet
  facet normal 0.382823 0 -0.923822
    outer loop
      vertex 9.0285 72.0821 114.388
      vertex 8.21043 70.83 114.049
      vertex 8.21043 72.0821 114.049
    endloop
  endfacet
  facet normal 0.537494 0 -0.843267
    outer loop
      vertex 6.67821 70.83 113.164
      vertex 7.425 72.0821 113.64
      vertex 7.425 70.83 113.64
    endloop
  endfacet
  facet normal 0.537494 0 -0.843267
    outer loop
      vertex 7.425 72.0821 113.64
      vertex 6.67821 70.83 113.164
      vertex 6.67821 72.0821 113.164
    endloop
  endfacet
  facet normal 0.608728 0 -0.793379
    outer loop
      vertex 5.97571 70.83 112.625
      vertex 6.67821 72.0821 113.164
      vertex 6.67821 70.83 113.164
    endloop
  endfacet
  facet normal 0.608728 0 -0.793379
    outer loop
      vertex 6.67821 72.0821 113.164
      vertex 5.97571 70.83 112.625
      vertex 5.97571 72.0821 112.625
    endloop
  endfacet
  facet normal 0.596632 -0.19991 -0.777217
    outer loop
      vertex 8.11215 74.5821 113.617
      vertex 6.68959 72.0821 113.168
      vertex 5.99266 72.0821 112.633
    endloop
  endfacet
  facet normal 0.530442 -0.152106 -0.833964
    outer loop
      vertex 6.69406 72.0821 113.171
      vertex 8.11215 74.5821 113.617
      vertex 8.675 74.5821 113.975
    endloop
  endfacet
  facet normal 0.549571 -0.165652 -0.81886
    outer loop
      vertex 8.11215 74.5821 113.617
      vertex 6.69406 72.0821 113.171
      vertex 6.68959 72.0821 113.168
    endloop
  endfacet
  facet normal 0.299496 -0.0445954 -0.953055
    outer loop
      vertex 9.04034 72.0821 114.391
      vertex 9.88356 74.5821 114.539
      vertex 10.52 74.5821 114.739
    endloop
  endfacet
  facet normal 0.367337 -0.0689888 -0.927526
    outer loop
      vertex 9.88356 74.5821 114.539
      vertex 9.04034 72.0821 114.391
      vertex 9.03529 72.0821 114.389
    endloop
  endfacet
  facet normal -0.381452 -0.0744303 -0.921387
    outer loop
      vertex 16.7812 72.0821 114.051
      vertex 15.9696 72.0821 114.387
      vertex 15.733 74.5821 114.283
    endloop
  endfacet
  facet normal -0.370476 -0.0701385 -0.92619
    outer loop
      vertex 15.9597 72.0821 114.391
      vertex 15.1164 74.5821 114.539
      vertex 15.9647 72.0821 114.389
    endloop
  endfacet
  facet normal -0.299513 -0.0446111 -0.953049
    outer loop
      vertex 15.1164 74.5821 114.539
      vertex 15.9597 72.0821 114.391
      vertex 14.48 74.5821 114.739
    endloop
  endfacet
  facet normal 0.793142 0 -0.609036
    outer loop
      vertex 4.72466 70.83 111.374
      vertex 4.18561 72.0821 110.672
      vertex 4.72466 72.0821 111.374
    endloop
  endfacet
  facet normal 0.793142 0 -0.609036
    outer loop
      vertex 4.18561 72.0821 110.672
      vertex 4.72466 70.83 111.374
      vertex 4.18561 70.83 110.672
    endloop
  endfacet
  facet normal -0.461879 0 -0.886943
    outer loop
      vertex 16.7896 70.83 114.049
      vertex 17.575 72.0821 113.64
      vertex 17.575 70.83 113.64
    endloop
  endfacet
  facet normal -0.461879 0 -0.886943
    outer loop
      vertex 17.575 72.0821 113.64
      vertex 16.7896 70.83 114.049
      vertex 16.7896 72.0821 114.049
    endloop
  endfacet
  facet normal -0.382811 0 -0.923827
    outer loop
      vertex 15.9715 70.83 114.388
      vertex 16.7896 72.0821 114.049
      vertex 16.7896 70.83 114.049
    endloop
  endfacet
  facet normal -0.382811 0 -0.923827
    outer loop
      vertex 16.7896 72.0821 114.049
      vertex 15.9715 70.83 114.388
      vertex 15.9715 72.0821 114.388
    endloop
  endfacet
  facet normal 0 -1 -0
    outer loop
      vertex 11.6154 72.0821 114.961
      vertex 10.7462 72.0821 114.847
      vertex 11.6171 72.0821 114.961
    endloop
  endfacet
  facet normal 0 -1 0
    outer loop
      vertex 10.7375 72.0821 114.846
      vertex 10.7462 72.0821 114.847
      vertex 11.6154 72.0821 114.961
    endloop
  endfacet
  facet normal 0 -1 0
    outer loop
      vertex 10.7462 72.0821 114.847
      vertex 10.7375 72.0821 114.846
      vertex 10.7409 72.0821 114.846
    endloop
  endfacet
  facet normal 0 -1 -0
    outer loop
      vertex 10.7375 72.0821 114.846
      vertex 9.88331 72.0821 114.656
      vertex 10.7409 72.0821 114.846
    endloop
  endfacet
  facet normal 0 -1 0
    outer loop
      vertex 9.873 72.0821 114.654
      vertex 9.88331 72.0821 114.656
      vertex 10.7375 72.0821 114.846
    endloop
  endfacet
  facet normal 0 1 0
    outer loop
      vertex 9.88331 72.0821 114.656
      vertex 9.873 72.0821 114.654
      vertex 9.87814 72.0821 114.655
    endloop
  endfacet
  facet normal 0 -1 -0
    outer loop
      vertex 9.873 72.0821 114.654
      vertex 9.04034 72.0821 114.391
      vertex 9.87814 72.0821 114.655
    endloop
  endfacet
  facet normal 0 -1 0
    outer loop
      vertex 9.0285 72.0821 114.388
      vertex 9.04034 72.0821 114.391
      vertex 9.873 72.0821 114.654
    endloop
  endfacet
  facet normal 0 -1 0
    outer loop
      vertex 9.04034 72.0821 114.391
      vertex 9.0285 72.0821 114.388
      vertex 9.03529 72.0821 114.389
    endloop
  endfacet
  facet normal 0 -1 0
    outer loop
      vertex 9.0285 72.0821 114.388
      vertex 9.0304 72.0821 114.387
      vertex 9.03529 72.0821 114.389
    endloop
  endfacet
  facet normal 0 -1 -0
    outer loop
      vertex 9.0285 72.0821 114.388
      vertex 8.21882 72.0821 114.051
      vertex 9.0304 72.0821 114.387
    endloop
  endfacet
  facet normal 0 -1 0
    outer loop
      vertex 8.21043 72.0821 114.049
      vertex 8.21882 72.0821 114.051
      vertex 9.0285 72.0821 114.388
    endloop
  endfacet
  facet normal 0 -1 -0
    outer loop
      vertex 8.21043 72.0821 114.049
      vertex 7.43962 72.0821 113.645
      vertex 8.21882 72.0821 114.051
    endloop
  endfacet
  facet normal 0 -1 0
    outer loop
      vertex 7.425 72.0821 113.64
      vertex 7.43962 72.0821 113.645
      vertex 8.21043 72.0821 114.049
    endloop
  endfacet
  facet normal 0 -1 0
    outer loop
      vertex 7.43962 72.0821 113.645
      vertex 7.425 72.0821 113.64
      vertex 7.43492 72.0821 113.643
    endloop
  endfacet
  facet normal 0 -1 -0
    outer loop
      vertex 7.425 72.0821 113.64
      vertex 6.69406 72.0821 113.171
      vertex 7.43492 72.0821 113.643
    endloop
  endfacet
  facet normal 0 -1 0
    outer loop
      vertex 6.67821 72.0821 113.164
      vertex 6.69406 72.0821 113.171
      vertex 7.425 72.0821 113.64
    endloop
  endfacet
  facet normal 0 -1 0
    outer loop
      vertex 6.69406 72.0821 113.171
      vertex 6.67821 72.0821 113.164
      vertex 6.68959 72.0821 113.168
    endloop
  endfacet
  facet normal 0 -1 -0
    outer loop
      vertex 6.67821 72.0821 113.164
      vertex 5.99266 72.0821 112.633
      vertex 6.68959 72.0821 113.168
    endloop
  endfacet
  facet normal 0 -1 0
    outer loop
      vertex 5.97571 72.0821 112.625
      vertex 5.99266 72.0821 112.633
      vertex 6.67821 72.0821 113.164
    endloop
  endfacet
  facet normal 0 -1 0
    outer loop
      vertex 5.99266 72.0821 112.633
      vertex 5.97571 72.0821 112.625
      vertex 5.98846 72.0821 112.63
    endloop
  endfacet
  facet normal 0 -1 0
    outer loop
      vertex 5.97571 72.0821 112.625
      vertex 5.98456 72.0821 112.626
      vertex 5.98846 72.0821 112.63
    endloop
  endfacet
  facet normal 0 -1 -0
    outer loop
      vertex 5.97571 72.0821 112.625
      vertex 5.33691 72.0821 112.033
      vertex 5.98456 72.0821 112.626
    endloop
  endfacet
  facet normal 0 -1 0
    outer loop
      vertex 5.32288 72.0821 112.027
      vertex 5.33691 72.0821 112.033
      vertex 5.97571 72.0821 112.625
    endloop
  endfacet
  facet normal 0 -1 0
    outer loop
      vertex 5.32288 72.0821 112.027
      vertex 5.33333 72.0821 112.029
      vertex 5.33691 72.0821 112.033
    endloop
  endfacet
  facet normal 0 -1 -0
    outer loop
      vertex 5.32288 72.0821 112.027
      vertex 4.73985 72.0821 111.381
      vertex 5.33333 72.0821 112.029
    endloop
  endfacet
  facet normal 0 -1 0
    outer loop
      vertex 4.72466 72.0821 111.374
      vertex 4.73985 72.0821 111.381
      vertex 5.32288 72.0821 112.027
    endloop
  endfacet
  facet normal 0 -1 -0
    outer loop
      vertex 4.72466 72.0821 111.374
      vertex 4.20509 72.0821 110.684
      vertex 4.73985 72.0821 111.381
    endloop
  endfacet
  facet normal 0 -1 0
    outer loop
      vertex 4.18561 72.0821 110.672
      vertex 4.20509 72.0821 110.684
      vertex 4.72466 72.0821 111.374
    endloop
  endfacet
  facet normal 0 -1 0
    outer loop
      vertex 4.20509 72.0821 110.684
      vertex 4.18561 72.0821 110.672
      vertex 4.20186 72.0821 110.68
    endloop
  endfacet
  facet normal 0 -1 0
    outer loop
      vertex 4.18561 72.0821 110.672
      vertex 4.19902 72.0821 110.676
      vertex 4.20186 72.0821 110.68
    endloop
  endfacet
  facet normal 0 -1 -0
    outer loop
      vertex 4.18561 72.0821 110.672
      vertex 3.72704 72.0821 109.935
      vertex 4.19902 72.0821 110.676
    endloop
  endfacet
  facet normal 0 -1 0
    outer loop
      vertex 3.70985 72.0821 109.925
      vertex 3.72704 72.0821 109.935
      vertex 4.18561 72.0821 110.672
    endloop
  endfacet
  facet normal 0 -1 -0
    outer loop
      vertex 3.70985 72.0821 109.925
      vertex 3.32141 72.0821 109.156
      vertex 3.72704 72.0821 109.935
    endloop
  endfacet
  facet normal 0 -1 0
    outer loop
      vertex 3.30098 72.0821 109.14
      vertex 3.32141 72.0821 109.156
      vertex 3.70985 72.0821 109.925
    endloop
  endfacet
  facet normal 0 -1 0
    outer loop
      vertex 3.32141 72.0821 109.156
      vertex 3.30098 72.0821 109.14
      vertex 3.31896 72.0821 109.151
    endloop
  endfacet
  facet normal 0 -1 0
    outer loop
      vertex 3.30098 72.0821 109.14
      vertex 3.31694 72.0821 109.146
      vertex 3.31896 72.0821 109.151
    endloop
  endfacet
  facet normal 0 -1 -0
    outer loop
      vertex 3.30098 72.0821 109.14
      vertex 2.98077 72.0821 108.335
      vertex 3.31694 72.0821 109.146
    endloop
  endfacet
  facet normal 0 -1 0
    outer loop
      vertex 2.96213 72.0821 108.322
      vertex 2.98077 72.0821 108.335
      vertex 3.30098 72.0821 109.14
    endloop
  endfacet
  facet normal 0 -1 0
    outer loop
      vertex 2.96213 72.0821 108.322
      vertex 2.97918 72.0821 108.33
      vertex 2.98077 72.0821 108.335
    endloop
  endfacet
  facet normal 0 -1 -0
    outer loop
      vertex 2.96213 72.0821 108.322
      vertex 2.71503 72.0821 107.492
      vertex 2.97918 72.0821 108.33
    endloop
  endfacet
  facet normal 0 -1 0
    outer loop
      vertex 2.69586 72.0821 107.477
      vertex 2.71503 72.0821 107.492
      vertex 2.96213 72.0821 108.322
    endloop
  endfacet
  facet normal 0 -1 -0
    outer loop
      vertex 2.69586 72.0821 107.477
      vertex 2.5249 72.0821 106.634
      vertex 2.71503 72.0821 107.492
    endloop
  endfacet
  facet normal 0 -1 0
    outer loop
      vertex 2.50421 72.0821 106.613
      vertex 2.5249 72.0821 106.634
      vertex 2.69586 72.0821 107.477
    endloop
  endfacet
  facet normal 0 -1 0
    outer loop
      vertex 2.5249 72.0821 106.634
      vertex 2.50421 72.0821 106.613
      vertex 2.52375 72.0821 106.629
    endloop
  endfacet
  facet normal 0 -1 -0
    outer loop
      vertex 2.50421 72.0821 106.613
      vertex 2.40908 72.0821 105.758
      vertex 2.52375 72.0821 106.629
    endloop
  endfacet
  facet normal 0 -1 0
    outer loop
      vertex 2.38863 72.0821 105.735
      vertex 2.40908 72.0821 105.758
      vertex 2.50421 72.0821 106.613
    endloop
  endfacet
  facet normal 0 -1 0
    outer loop
      vertex 2.40908 72.0821 105.758
      vertex 2.38863 72.0821 105.735
      vertex 2.40839 72.0821 105.753
    endloop
  endfacet
  facet normal 0 -1 0
    outer loop
      vertex 2.38863 72.0821 105.735
      vertex 2.40816 72.0821 105.747
      vertex 2.40839 72.0821 105.753
    endloop
  endfacet
  facet normal 0 -1 -0
    outer loop
      vertex 2.38863 72.0821 105.735
      vertex 2.36985 72.0821 104.87
      vertex 2.40816 72.0821 105.747
    endloop
  endfacet
  facet normal 0 -1 0
    outer loop
      vertex 2.35001 72.0821 104.85
      vertex 2.36985 72.0821 104.87
      vertex 2.38863 72.0821 105.735
    endloop
  endfacet
  facet normal 0 -1 0
    outer loop
      vertex 2.36985 72.0821 0
      vertex 2.35001 72.0821 104.85
      vertex 2.35001 72.0821 0
    endloop
  endfacet
  facet normal 0 -1 0
    outer loop
      vertex 2.35001 72.0821 104.85
      vertex 2.36985 72.0821 0
      vertex 2.36985 72.0821 104.87
    endloop
  endfacet
  facet normal 0 -1 0
    outer loop
      vertex 14.2538 72.0821 114.847
      vertex 13.3846 72.0821 114.961
      vertex 13.3829 72.0821 114.961
    endloop
  endfacet
  facet normal 0 -1 0
    outer loop
      vertex 14.2625 72.0821 114.846
      vertex 14.2538 72.0821 114.847
      vertex 14.2591 72.0821 114.846
    endloop
  endfacet
  facet normal 0 -1 0
    outer loop
      vertex 14.2538 72.0821 114.847
      vertex 14.2625 72.0821 114.846
      vertex 13.3846 72.0821 114.961
    endloop
  endfacet
  facet normal 0 -1 0
    outer loop
      vertex 15.1167 72.0821 114.656
      vertex 14.2625 72.0821 114.846
      vertex 14.2591 72.0821 114.846
    endloop
  endfacet
  facet normal 0 1 0
    outer loop
      vertex 15.127 72.0821 114.654
      vertex 15.1167 72.0821 114.656
      vertex 15.1219 72.0821 114.655
    endloop
  endfacet
  facet normal 0 -1 0
    outer loop
      vertex 15.1167 72.0821 114.656
      vertex 15.127 72.0821 114.654
      vertex 14.2625 72.0821 114.846
    endloop
  endfacet
  facet normal 0 -1 0
    outer loop
      vertex 15.9597 72.0821 114.391
      vertex 15.127 72.0821 114.654
      vertex 15.1219 72.0821 114.655
    endloop
  endfacet
  facet normal 0 -1 0
    outer loop
      vertex 15.9715 72.0821 114.388
      vertex 15.9597 72.0821 114.391
      vertex 15.9647 72.0821 114.389
    endloop
  endfacet
  facet normal 0 -1 0
    outer loop
      vertex 15.9597 72.0821 114.391
      vertex 15.9715 72.0821 114.388
      vertex 15.127 72.0821 114.654
    endloop
  endfacet
  facet normal 0 -1 0
    outer loop
      vertex 15.9696 72.0821 114.387
      vertex 15.9715 72.0821 114.388
      vertex 15.9647 72.0821 114.389
    endloop
  endfacet
  facet normal 0 -1 0
    outer loop
      vertex 16.7812 72.0821 114.051
      vertex 15.9715 72.0821 114.388
      vertex 15.9696 72.0821 114.387
    endloop
  endfacet
  facet normal 0 -1 0
    outer loop
      vertex 16.7812 72.0821 114.051
      vertex 16.7896 72.0821 114.049
      vertex 15.9715 72.0821 114.388
    endloop
  endfacet
  facet normal 0 -1 0
    outer loop
      vertex 17.5604 72.0821 113.645
      vertex 16.7896 72.0821 114.049
      vertex 16.7812 72.0821 114.051
    endloop
  endfacet
  facet normal 0 -1 0
    outer loop
      vertex 17.575 72.0821 113.64
      vertex 17.5604 72.0821 113.645
      vertex 17.5651 72.0821 113.643
    endloop
  endfacet
  facet normal 0 -1 0
    outer loop
      vertex 17.5604 72.0821 113.645
      vertex 17.575 72.0821 113.64
      vertex 16.7896 72.0821 114.049
    endloop
  endfacet
  facet normal 0 -1 0
    outer loop
      vertex 18.3059 72.0821 113.171
      vertex 17.575 72.0821 113.64
      vertex 17.5651 72.0821 113.643
    endloop
  endfacet
  facet normal 0 -1 0
    outer loop
      vertex 18.3218 72.0821 113.164
      vertex 18.3059 72.0821 113.171
      vertex 18.3104 72.0821 113.168
    endloop
  endfacet
  facet normal 0 -1 0
    outer loop
      vertex 18.3059 72.0821 113.171
      vertex 18.3218 72.0821 113.164
      vertex 17.575 72.0821 113.64
    endloop
  endfacet
  facet normal 0 -1 0
    outer loop
      vertex 19.0073 72.0821 112.633
      vertex 18.3218 72.0821 113.164
      vertex 18.3104 72.0821 113.168
    endloop
  endfacet
  facet normal 0 -1 0
    outer loop
      vertex 19.0243 72.0821 112.625
      vertex 19.0073 72.0821 112.633
      vertex 19.0115 72.0821 112.63
    endloop
  endfacet
  facet normal 0 -1 0
    outer loop
      vertex 19.0073 72.0821 112.633
      vertex 19.0243 72.0821 112.625
      vertex 18.3218 72.0821 113.164
    endloop
  endfacet
  facet normal 0 -1 0
    outer loop
      vertex 19.0154 72.0821 112.626
      vertex 19.0243 72.0821 112.625
      vertex 19.0115 72.0821 112.63
    endloop
  endfacet
  facet normal 0 -1 0
    outer loop
      vertex 19.6631 72.0821 112.033
      vertex 19.0243 72.0821 112.625
      vertex 19.0154 72.0821 112.626
    endloop
  endfacet
  facet normal 0 -1 0
    outer loop
      vertex 19.6631 72.0821 112.033
      vertex 19.6771 72.0821 112.027
      vertex 19.0243 72.0821 112.625
    endloop
  endfacet
  facet normal 0 -1 0
    outer loop
      vertex 19.6667 72.0821 112.029
      vertex 19.6771 72.0821 112.027
      vertex 19.6631 72.0821 112.033
    endloop
  endfacet
  facet normal 0 -1 0
    outer loop
      vertex 20.2601 72.0821 111.381
      vertex 19.6771 72.0821 112.027
      vertex 19.6667 72.0821 112.029
    endloop
  endfacet
  facet normal 0 -1 0
    outer loop
      vertex 20.2601 72.0821 111.381
      vertex 20.2753 72.0821 111.374
      vertex 19.6771 72.0821 112.027
    endloop
  endfacet
  facet normal 0 -1 0
    outer loop
      vertex 20.7949 72.0821 110.684
      vertex 20.2753 72.0821 111.374
      vertex 20.2601 72.0821 111.381
    endloop
  endfacet
  facet normal 0 -1 0
    outer loop
      vertex 20.8144 72.0821 110.672
      vertex 20.7949 72.0821 110.684
      vertex 20.7981 72.0821 110.68
    endloop
  endfacet
  facet normal 0 -1 0
    outer loop
      vertex 20.7949 72.0821 110.684
      vertex 20.8144 72.0821 110.672
      vertex 20.2753 72.0821 111.374
    endloop
  endfacet
  facet normal 0 -1 0
    outer loop
      vertex 20.801 72.0821 110.676
      vertex 20.8144 72.0821 110.672
      vertex 20.7981 72.0821 110.68
    endloop
  endfacet
  facet normal 0 -1 0
    outer loop
      vertex 21.273 72.0821 109.935
      vertex 20.8144 72.0821 110.672
      vertex 20.801 72.0821 110.676
    endloop
  endfacet
  facet normal 0 -1 0
    outer loop
      vertex 21.273 72.0821 109.935
      vertex 21.2901 72.0821 109.925
      vertex 20.8144 72.0821 110.672
    endloop
  endfacet
  facet normal 0 -1 0
    outer loop
      vertex 21.6786 72.0821 109.156
      vertex 21.2901 72.0821 109.925
      vertex 21.273 72.0821 109.935
    endloop
  endfacet
  facet normal 0 -1 0
    outer loop
      vertex 21.699 72.0821 109.14
      vertex 21.6786 72.0821 109.156
      vertex 21.681 72.0821 109.151
    endloop
  endfacet
  facet normal 0 -1 0
    outer loop
      vertex 21.6786 72.0821 109.156
      vertex 21.699 72.0821 109.14
      vertex 21.2901 72.0821 109.925
    endloop
  endfacet
  facet normal 0 -1 0
    outer loop
      vertex 21.6831 72.0821 109.146
      vertex 21.699 72.0821 109.14
      vertex 21.681 72.0821 109.151
    endloop
  endfacet
  facet normal 0 -1 0
    outer loop
      vertex 22.0192 72.0821 108.335
      vertex 21.699 72.0821 109.14
      vertex 21.6831 72.0821 109.146
    endloop
  endfacet
  facet normal 0 -1 0
    outer loop
      vertex 22.0192 72.0821 108.335
      vertex 22.0379 72.0821 108.322
      vertex 21.699 72.0821 109.14
    endloop
  endfacet
  facet normal 0 -1 0
    outer loop
      vertex 22.0208 72.0821 108.33
      vertex 22.0379 72.0821 108.322
      vertex 22.0192 72.0821 108.335
    endloop
  endfacet
  facet normal 0 -1 0
    outer loop
      vertex 22.285 72.0821 107.492
      vertex 22.0379 72.0821 108.322
      vertex 22.0208 72.0821 108.33
    endloop
  endfacet
  facet normal 0 -1 0
    outer loop
      vertex 22.285 72.0821 107.492
      vertex 22.3041 72.0821 107.477
      vertex 22.0379 72.0821 108.322
    endloop
  endfacet
  facet normal 0 -1 0
    outer loop
      vertex 22.4751 72.0821 106.634
      vertex 22.3041 72.0821 107.477
      vertex 22.285 72.0821 107.492
    endloop
  endfacet
  facet normal 0 -1 0
    outer loop
      vertex 22.4958 72.0821 106.613
      vertex 22.4751 72.0821 106.634
      vertex 22.4762 72.0821 106.629
    endloop
  endfacet
  facet normal 0 -1 0
    outer loop
      vertex 22.4751 72.0821 106.634
      vertex 22.4958 72.0821 106.613
      vertex 22.3041 72.0821 107.477
    endloop
  endfacet
  facet normal 0 -1 0
    outer loop
      vertex 22.5909 72.0821 105.758
      vertex 22.4958 72.0821 106.613
      vertex 22.4762 72.0821 106.629
    endloop
  endfacet
  facet normal 0 -1 0
    outer loop
      vertex 22.6114 72.0821 105.735
      vertex 22.5909 72.0821 105.758
      vertex 22.5916 72.0821 105.753
    endloop
  endfacet
  facet normal 0 -1 0
    outer loop
      vertex 22.5909 72.0821 105.758
      vertex 22.6114 72.0821 105.735
      vertex 22.4958 72.0821 106.613
    endloop
  endfacet
  facet normal 0 -1 0
    outer loop
      vertex 22.5918 72.0821 105.747
      vertex 22.6114 72.0821 105.735
      vertex 22.5916 72.0821 105.753
    endloop
  endfacet
  facet normal 0 -1 0
    outer loop
      vertex 22.6302 72.0821 104.87
      vertex 22.6114 72.0821 105.735
      vertex 22.5918 72.0821 105.747
    endloop
  endfacet
  facet normal 0 -1 0
    outer loop
      vertex 22.6302 72.0821 104.87
      vertex 22.65 72.0821 104.85
      vertex 22.6114 72.0821 105.735
    endloop
  endfacet
  facet normal 0 -1 0
    outer loop
      vertex 22.6302 72.0821 0
      vertex 22.65 72.0821 104.85
      vertex 22.6302 72.0821 104.87
    endloop
  endfacet
  facet normal 0 -1 -0
    outer loop
      vertex 22.65 72.0821 104.85
      vertex 22.6302 72.0821 0
      vertex 22.65 72.0821 0
    endloop
  endfacet
  facet normal 0 1 0
    outer loop
      vertex 13.3846 70.83 114.961
      vertex 11.6154 70.83 114.961
      vertex 12.5 70.83 115
    endloop
  endfacet
  facet normal 0 1 0
    outer loop
      vertex 14.2625 70.83 114.846
      vertex 11.6154 70.83 114.961
      vertex 13.3846 70.83 114.961
    endloop
  endfacet
  facet normal 0 1 0
    outer loop
      vertex 14.2625 70.83 114.846
      vertex 10.7375 70.83 114.846
      vertex 11.6154 70.83 114.961
    endloop
  endfacet
  facet normal 0 1 0
    outer loop
      vertex 15.127 70.83 114.654
      vertex 10.7375 70.83 114.846
      vertex 14.2625 70.83 114.846
    endloop
  endfacet
  facet normal 0 1 0
    outer loop
      vertex 15.127 70.83 114.654
      vertex 9.873 70.83 114.654
      vertex 10.7375 70.83 114.846
    endloop
  endfacet
  facet normal 0 1 0
    outer loop
      vertex 15.9715 70.83 114.388
      vertex 9.873 70.83 114.654
      vertex 15.127 70.83 114.654
    endloop
  endfacet
  facet normal 0 1 0
    outer loop
      vertex 15.9715 70.83 114.388
      vertex 9.0285 70.83 114.388
      vertex 9.873 70.83 114.654
    endloop
  endfacet
  facet normal 0 1 0
    outer loop
      vertex 16.7896 70.83 114.049
      vertex 9.0285 70.83 114.388
      vertex 15.9715 70.83 114.388
    endloop
  endfacet
  facet normal 0 1 0
    outer loop
      vertex 16.7896 70.83 114.049
      vertex 8.21043 70.83 114.049
      vertex 9.0285 70.83 114.388
    endloop
  endfacet
  facet normal 0 1 0
    outer loop
      vertex 17.575 70.83 113.64
      vertex 8.21043 70.83 114.049
      vertex 16.7896 70.83 114.049
    endloop
  endfacet
  facet normal 0 1 0
    outer loop
      vertex 17.575 70.83 113.64
      vertex 7.425 70.83 113.64
      vertex 8.21043 70.83 114.049
    endloop
  endfacet
  facet normal 0 1 0
    outer loop
      vertex 18.3218 70.83 113.164
      vertex 7.425 70.83 113.64
      vertex 17.575 70.83 113.64
    endloop
  endfacet
  facet normal 0 1 0
    outer loop
      vertex 18.3218 70.83 113.164
      vertex 6.67821 70.83 113.164
      vertex 7.425 70.83 113.64
    endloop
  endfacet
  facet normal 0 1 0
    outer loop
      vertex 19.0243 70.83 112.625
      vertex 6.67821 70.83 113.164
      vertex 18.3218 70.83 113.164
    endloop
  endfacet
  facet normal 0 1 0
    outer loop
      vertex 19.0243 70.83 112.625
      vertex 5.97571 70.83 112.625
      vertex 6.67821 70.83 113.164
    endloop
  endfacet
  facet normal 0 1 0
    outer loop
      vertex 19.6771 70.83 112.027
      vertex 5.97571 70.83 112.625
      vertex 19.0243 70.83 112.625
    endloop
  endfacet
  facet normal 0 1 0
    outer loop
      vertex 19.6771 70.83 112.027
      vertex 5.32288 70.83 112.027
      vertex 5.97571 70.83 112.625
    endloop
  endfacet
  facet normal 0 1 0
    outer loop
      vertex 20.2753 70.83 111.374
      vertex 5.32288 70.83 112.027
      vertex 19.6771 70.83 112.027
    endloop
  endfacet
  facet normal 0 1 0
    outer loop
      vertex 20.2753 70.83 111.374
      vertex 4.72466 70.83 111.374
      vertex 5.32288 70.83 112.027
    endloop
  endfacet
  facet normal 0 1 0
    outer loop
      vertex 20.8144 70.83 110.672
      vertex 4.72466 70.83 111.374
      vertex 20.2753 70.83 111.374
    endloop
  endfacet
  facet normal 0 1 0
    outer loop
      vertex 20.8144 70.83 110.672
      vertex 4.18561 70.83 110.672
      vertex 4.72466 70.83 111.374
    endloop
  endfacet
  facet normal 0 1 0
    outer loop
      vertex 21.2901 70.83 109.925
      vertex 4.18561 70.83 110.672
      vertex 20.8144 70.83 110.672
    endloop
  endfacet
  facet normal 0 1 0
    outer loop
      vertex 21.2901 70.83 109.925
      vertex 3.70985 70.83 109.925
      vertex 4.18561 70.83 110.672
    endloop
  endfacet
  facet normal 0 1 0
    outer loop
      vertex 21.699 70.83 109.14
      vertex 3.70985 70.83 109.925
      vertex 21.2901 70.83 109.925
    endloop
  endfacet
  facet normal 0 1 0
    outer loop
      vertex 21.699 70.83 109.14
      vertex 3.30098 70.83 109.14
      vertex 3.70985 70.83 109.925
    endloop
  endfacet
  facet normal 0 1 0
    outer loop
      vertex 22.0379 70.83 108.322
      vertex 3.30098 70.83 109.14
      vertex 21.699 70.83 109.14
    endloop
  endfacet
  facet normal 0 1 0
    outer loop
      vertex 22.0379 70.83 108.322
      vertex 2.96213 70.83 108.322
      vertex 3.30098 70.83 109.14
    endloop
  endfacet
  facet normal 0 1 0
    outer loop
      vertex 22.3041 70.83 107.477
      vertex 2.96213 70.83 108.322
      vertex 22.0379 70.83 108.322
    endloop
  endfacet
  facet normal 0 1 0
    outer loop
      vertex 22.3041 70.83 107.477
      vertex 2.69586 70.83 107.477
      vertex 2.96213 70.83 108.322
    endloop
  endfacet
  facet normal 0 1 0
    outer loop
      vertex 22.4958 70.83 106.613
      vertex 2.69586 70.83 107.477
      vertex 22.3041 70.83 107.477
    endloop
  endfacet
  facet normal 0 1 0
    outer loop
      vertex 22.4958 70.83 106.613
      vertex 2.50421 70.83 106.613
      vertex 2.69586 70.83 107.477
    endloop
  endfacet
  facet normal 0 1 0
    outer loop
      vertex 22.6114 70.83 105.735
      vertex 2.50421 70.83 106.613
      vertex 22.4958 70.83 106.613
    endloop
  endfacet
  facet normal 0 1 0
    outer loop
      vertex 22.6114 70.83 105.735
      vertex 2.38863 70.83 105.735
      vertex 2.50421 70.83 106.613
    endloop
  endfacet
  facet normal 0 1 0
    outer loop
      vertex 22.65 70.83 104.85
      vertex 2.38863 70.83 105.735
      vertex 22.6114 70.83 105.735
    endloop
  endfacet
  facet normal 0 1 0
    outer loop
      vertex 22.65 70.83 104.85
      vertex 2.35001 70.83 104.85
      vertex 2.38863 70.83 105.735
    endloop
  endfacet
  facet normal 0 1 -0
    outer loop
      vertex 22.65 70.83 0
      vertex 2.35001 70.83 104.85
      vertex 22.65 70.83 104.85
    endloop
  endfacet
  facet normal 0 1 0
    outer loop
      vertex 2.35001 70.83 104.85
      vertex 22.65 70.83 0
      vertex 2.35001 70.83 0
    endloop
  endfacet
  facet normal 0 0 -1
    outer loop
      vertex 11.6154 72.0821 114.961
      vertex 11.6171 72.0821 114.961
      vertex 11.6154 72.0621 114.961
    endloop
  endfacet
  facet normal 0.0440449 0 -0.99903
    outer loop
      vertex 11.6154 70.83 114.961
      vertex 12.5 72.0421 115
      vertex 12.5 70.83 115
    endloop
  endfacet
  facet normal 0.0440449 0 -0.99903
    outer loop
      vertex 12.5 72.0421 115
      vertex 11.6154 70.83 114.961
      vertex 11.6154 72.0421 114.961
    endloop
  endfacet
  facet normal -0.0440449 0 -0.99903
    outer loop
      vertex 12.5 70.83 115
      vertex 13.3846 72.0421 114.961
      vertex 13.3846 70.83 114.961
    endloop
  endfacet
  facet normal -0.0440449 0 -0.99903
    outer loop
      vertex 13.3846 72.0421 114.961
      vertex 12.5 70.83 115
      vertex 12.5 72.0421 115
    endloop
  endfacet
  facet normal -0 -0 -1
    outer loop
      vertex 13.3846 72.0821 114.961
      vertex 13.3846 72.0621 114.961
      vertex 13.3829 72.0821 114.961
    endloop
  endfacet
  facet normal 1 -0 0
    outer loop
      vertex 29.85 74.5821 107.35
      vertex 29.85 75 0
      vertex 29.85 75 107.35
    endloop
  endfacet
  facet normal 1 0 0
    outer loop
      vertex 29.85 75 0
      vertex 29.85 74.5821 107.35
      vertex 29.85 74.5821 0
    endloop
  endfacet
  facet normal -0.99143 0 -0.130641
    outer loop
      vertex 45.1209 74.5821 108.017
      vertex 45.0338 75 108.678
      vertex 45.1209 75 108.017
    endloop
  endfacet
  facet normal -0.99143 -0 -0.130641
    outer loop
      vertex 45.0338 75 108.678
      vertex 45.1209 74.5821 108.017
      vertex 45.0338 74.5821 108.678
    endloop
  endfacet
  facet normal -0.67565 0 -0.737223
    outer loop
      vertex 42.4173 74.5821 113.21
      vertex 42.9094 75 112.759
      vertex 42.9094 74.5821 112.759
    endloop
  endfacet
  facet normal -0.67565 0 -0.737223
    outer loop
      vertex 42.9094 75 112.759
      vertex 42.4173 74.5821 113.21
      vertex 42.4173 75 113.21
    endloop
  endfacet
  facet normal -1 0 0
    outer loop
      vertex 45.15 74.5821 0
      vertex 45.15 75 107.35
      vertex 45.15 75 0
    endloop
  endfacet
  facet normal -1 -0 0
    outer loop
      vertex 45.15 75 107.35
      vertex 45.15 74.5821 0
      vertex 45.15 74.5821 107.35
    endloop
  endfacet
  facet normal 0.793075 0 -0.609124
    outer loop
      vertex 31.6398 74.5821 112.267
      vertex 31.2335 75 111.738
      vertex 31.6398 75 112.267
    endloop
  endfacet
  facet normal 0.793075 0 -0.609124
    outer loop
      vertex 31.2335 75 111.738
      vertex 31.6398 74.5821 112.267
      vertex 31.2335 74.5821 111.738
    endloop
  endfacet
  facet normal -0.99905 0 -0.0435867
    outer loop
      vertex 45.15 74.5821 107.35
      vertex 45.1209 75 108.017
      vertex 45.15 75 107.35
    endloop
  endfacet
  facet normal -0.99905 -0 -0.0435867
    outer loop
      vertex 45.1209 75 108.017
      vertex 45.15 74.5821 107.35
      vertex 45.1209 74.5821 108.017
    endloop
  endfacet
  facet normal 0.99905 0 -0.0435867
    outer loop
      vertex 29.8791 74.5821 108.017
      vertex 29.85 75 107.35
      vertex 29.8791 75 108.017
    endloop
  endfacet
  facet normal 0.99905 0 -0.0435867
    outer loop
      vertex 29.85 75 107.35
      vertex 29.8791 74.5821 108.017
      vertex 29.85 74.5821 107.35
    endloop
  endfacet
  facet normal -0.953644 0 -0.300938
    outer loop
      vertex 44.8893 74.5821 109.33
      vertex 44.6886 75 109.966
      vertex 44.8893 75 109.33
    endloop
  endfacet
  facet normal -0.953644 -0 -0.300938
    outer loop
      vertex 44.6886 75 109.966
      vertex 44.8893 74.5821 109.33
      vertex 44.6886 74.5821 109.966
    endloop
  endfacet
  facet normal -0.609421 0 -0.792847
    outer loop
      vertex 41.8878 74.5821 113.617
      vertex 42.4173 75 113.21
      vertex 42.4173 74.5821 113.21
    endloop
  endfacet
  facet normal -0.609421 0 -0.792847
    outer loop
      vertex 42.4173 75 113.21
      vertex 41.8878 74.5821 113.617
      vertex 41.8878 75 113.617
    endloop
  endfacet
  facet normal 0.0438043 0 -0.99904
    outer loop
      vertex 36.8386 74.5421 114.971
      vertex 37.5 75 115
      vertex 37.5 72.0421 115
    endloop
  endfacet
  facet normal 0 0 -1
    outer loop
      vertex 36.8333 74.5621 114.971
      vertex 36.8386 74.5421 114.971
      vertex 36.8333 74.5421 114.971
    endloop
  endfacet
  facet normal 0 0 -1
    outer loop
      vertex 36.8333 74.5821 114.971
      vertex 36.8386 74.5421 114.971
      vertex 36.8333 74.5621 114.971
    endloop
  endfacet
  facet normal 0.0401293 0.00531713 -0.99918
    outer loop
      vertex 36.8386 74.5421 114.971
      vertex 36.8333 74.5821 114.971
      vertex 37.5 75 115
    endloop
  endfacet
  facet normal 0.0434567 0 -0.999055
    outer loop
      vertex 37.5 75 115
      vertex 36.8333 74.5821 114.971
      vertex 36.8333 75 114.971
    endloop
  endfacet
  facet normal 0.609421 0 -0.792847
    outer loop
      vertex 32.5827 74.5821 113.21
      vertex 33.1122 75 113.617
      vertex 33.1122 74.5821 113.617
    endloop
  endfacet
  facet normal 0.609421 0 -0.792847
    outer loop
      vertex 33.1122 75 113.617
      vertex 32.5827 74.5821 113.21
      vertex 32.5827 75 113.21
    endloop
  endfacet
  facet normal 0.67565 0 -0.737223
    outer loop
      vertex 32.0906 74.5821 112.759
      vertex 32.5827 75 113.21
      vertex 32.5827 74.5821 113.21
    endloop
  endfacet
  facet normal 0.67565 0 -0.737223
    outer loop
      vertex 32.5827 75 113.21
      vertex 32.0906 74.5821 112.759
      vertex 32.0906 75 112.759
    endloop
  endfacet
  facet normal 0.737303 0 -0.675562
    outer loop
      vertex 32.0906 74.5821 112.759
      vertex 31.6398 75 112.267
      vertex 32.0906 75 112.759
    endloop
  endfacet
  facet normal 0.737303 0 -0.675562
    outer loop
      vertex 31.6398 75 112.267
      vertex 32.0906 74.5821 112.759
      vertex 31.6398 74.5821 112.267
    endloop
  endfacet
  facet normal -0.737303 0 -0.675562
    outer loop
      vertex 43.3602 74.5821 112.267
      vertex 42.9094 75 112.759
      vertex 43.3602 75 112.267
    endloop
  endfacet
  facet normal -0.737303 -0 -0.675562
    outer loop
      vertex 42.9094 75 112.759
      vertex 43.3602 74.5821 112.267
      vertex 42.9094 74.5821 112.759
    endloop
  endfacet
  facet normal -0.793075 0 -0.609124
    outer loop
      vertex 43.7665 74.5821 111.738
      vertex 43.3602 75 112.267
      vertex 43.7665 75 111.738
    endloop
  endfacet
  facet normal -0.793075 -0 -0.609124
    outer loop
      vertex 43.3602 75 112.267
      vertex 43.7665 74.5821 111.738
      vertex 43.3602 74.5821 112.267
    endloop
  endfacet
  facet normal -0.97631 0 -0.216376
    outer loop
      vertex 45.0338 74.5821 108.678
      vertex 44.8893 75 109.33
      vertex 45.0338 75 108.678
    endloop
  endfacet
  facet normal -0.97631 -0 -0.216376
    outer loop
      vertex 44.8893 75 109.33
      vertex 45.0338 74.5821 108.678
      vertex 44.8893 74.5821 109.33
    endloop
  endfacet
  facet normal 0.53672 0 -0.84376
    outer loop
      vertex 33.1122 74.5821 113.617
      vertex 33.675 75 113.975
      vertex 33.675 74.5821 113.975
    endloop
  endfacet
  facet normal 0.53672 0 -0.84376
    outer loop
      vertex 33.675 75 113.975
      vertex 33.1122 74.5821 113.617
      vertex 33.1122 75 113.617
    endloop
  endfacet
  facet normal 0.383445 0 -0.923564
    outer loop
      vertex 34.267 74.5821 114.283
      vertex 34.8836 75 114.539
      vertex 34.8836 74.5821 114.539
    endloop
  endfacet
  facet normal 0.383445 0 -0.923564
    outer loop
      vertex 34.8836 75 114.539
      vertex 34.267 74.5821 114.283
      vertex 34.267 75 114.283
    endloop
  endfacet
  facet normal 0.130358 0 -0.991467
    outer loop
      vertex 36.1716 74.5821 114.884
      vertex 36.8333 75 114.971
      vertex 36.8333 74.5821 114.971
    endloop
  endfacet
  facet normal 0.130358 0 -0.991467
    outer loop
      vertex 36.8333 75 114.971
      vertex 36.1716 74.5821 114.884
      vertex 36.1716 75 114.884
    endloop
  endfacet
  facet normal 0.299811 0 -0.953999
    outer loop
      vertex 34.8836 74.5821 114.539
      vertex 35.52 75 114.739
      vertex 35.52 74.5821 114.739
    endloop
  endfacet
  facet normal 0.299811 0 -0.953999
    outer loop
      vertex 35.52 75 114.739
      vertex 34.8836 74.5821 114.539
      vertex 34.8836 75 114.539
    endloop
  endfacet
  facet normal 0.843439 0 -0.537224
    outer loop
      vertex 31.2335 74.5821 111.738
      vertex 30.8749 75 111.175
      vertex 31.2335 75 111.738
    endloop
  endfacet
  facet normal 0.843439 0 -0.537224
    outer loop
      vertex 30.8749 75 111.175
      vertex 31.2335 74.5821 111.738
      vertex 30.8749 74.5821 111.175
    endloop
  endfacet
  facet normal 0.97631 0 -0.216376
    outer loop
      vertex 30.1107 74.5821 109.33
      vertex 29.9662 75 108.678
      vertex 30.1107 75 109.33
    endloop
  endfacet
  facet normal 0.97631 0 -0.216376
    outer loop
      vertex 29.9662 75 108.678
      vertex 30.1107 74.5821 109.33
      vertex 29.9662 74.5821 108.678
    endloop
  endfacet
  facet normal -0.887057 0 -0.461659
    outer loop
      vertex 44.4332 74.5821 110.583
      vertex 44.1251 75 111.175
      vertex 44.4332 75 110.583
    endloop
  endfacet
  facet normal -0.887057 -0 -0.461659
    outer loop
      vertex 44.1251 75 111.175
      vertex 44.4332 74.5821 110.583
      vertex 44.1251 74.5821 111.175
    endloop
  endfacet
  facet normal -0.843439 0 -0.537224
    outer loop
      vertex 44.1251 74.5821 111.175
      vertex 43.7665 75 111.738
      vertex 44.1251 75 111.175
    endloop
  endfacet
  facet normal -0.843439 -0 -0.537224
    outer loop
      vertex 43.7665 75 111.738
      vertex 44.1251 74.5821 111.175
      vertex 43.7665 74.5821 111.738
    endloop
  endfacet
  facet normal -0.923969 0 -0.382466
    outer loop
      vertex 44.6886 74.5821 109.966
      vertex 44.4332 75 110.583
      vertex 44.6886 75 109.966
    endloop
  endfacet
  facet normal -0.923969 -0 -0.382466
    outer loop
      vertex 44.4332 75 110.583
      vertex 44.6886 74.5821 109.966
      vertex 44.4332 74.5821 110.583
    endloop
  endfacet
  facet normal -0.53672 0 -0.84376
    outer loop
      vertex 41.325 74.5821 113.975
      vertex 41.8878 75 113.617
      vertex 41.8878 74.5821 113.617
    endloop
  endfacet
  facet normal -0.53672 0 -0.84376
    outer loop
      vertex 41.8878 75 113.617
      vertex 41.325 74.5821 113.975
      vertex 41.325 75 113.975
    endloop
  endfacet
  facet normal -0.461541 0 -0.887119
    outer loop
      vertex 40.733 74.5821 114.283
      vertex 41.325 75 113.975
      vertex 41.325 74.5821 113.975
    endloop
  endfacet
  facet normal -0.461541 0 -0.887119
    outer loop
      vertex 41.325 75 113.975
      vertex 40.733 74.5821 114.283
      vertex 40.733 75 114.283
    endloop
  endfacet
  facet normal 0 0 -1
    outer loop
      vertex 38.1614 74.5421 114.971
      vertex 38.1667 74.5621 114.971
      vertex 38.1667 74.5421 114.971
    endloop
  endfacet
  facet normal -0 0 -1
    outer loop
      vertex 38.1667 74.5621 114.971
      vertex 38.1614 74.5421 114.971
      vertex 38.1667 74.5821 114.971
    endloop
  endfacet
  facet normal -0.0401293 0.00531713 -0.99918
    outer loop
      vertex 37.5 75 115
      vertex 38.1667 74.5821 114.971
      vertex 38.1614 74.5421 114.971
    endloop
  endfacet
  facet normal -0.0438043 -0 -0.99904
    outer loop
      vertex 37.5 75 115
      vertex 38.1614 74.5421 114.971
      vertex 37.5 72.0421 115
    endloop
  endfacet
  facet normal -0.0434567 0 -0.999055
    outer loop
      vertex 38.1667 74.5821 114.971
      vertex 37.5 75 115
      vertex 38.1667 75 114.971
    endloop
  endfacet
  facet normal -0.130358 0 -0.991467
    outer loop
      vertex 38.1667 74.5821 114.971
      vertex 38.8284 75 114.884
      vertex 38.8284 74.5821 114.884
    endloop
  endfacet
  facet normal -0.130358 0 -0.991467
    outer loop
      vertex 38.8284 75 114.884
      vertex 38.1667 74.5821 114.971
      vertex 38.1667 75 114.971
    endloop
  endfacet
  facet normal 0.461541 0 -0.887119
    outer loop
      vertex 33.675 74.5821 113.975
      vertex 34.267 75 114.283
      vertex 34.267 74.5821 114.283
    endloop
  endfacet
  facet normal 0.461541 0 -0.887119
    outer loop
      vertex 34.267 75 114.283
      vertex 33.675 74.5821 113.975
      vertex 33.675 75 113.975
    endloop
  endfacet
  facet normal 0.217216 0 -0.976124
    outer loop
      vertex 35.52 74.5821 114.739
      vertex 36.1716 75 114.884
      vertex 36.1716 74.5821 114.884
    endloop
  endfacet
  facet normal 0.217216 0 -0.976124
    outer loop
      vertex 36.1716 75 114.884
      vertex 35.52 74.5821 114.739
      vertex 35.52 75 114.739
    endloop
  endfacet
  facet normal 0.923969 0 -0.382466
    outer loop
      vertex 30.5668 74.5821 110.583
      vertex 30.3114 75 109.966
      vertex 30.5668 75 110.583
    endloop
  endfacet
  facet normal 0.923969 0 -0.382466
    outer loop
      vertex 30.3114 75 109.966
      vertex 30.5668 74.5821 110.583
      vertex 30.3114 74.5821 109.966
    endloop
  endfacet
  facet normal 0.99143 0 -0.130641
    outer loop
      vertex 29.9662 74.5821 108.678
      vertex 29.8791 75 108.017
      vertex 29.9662 75 108.678
    endloop
  endfacet
  facet normal 0.99143 0 -0.130641
    outer loop
      vertex 29.8791 75 108.017
      vertex 29.9662 74.5821 108.678
      vertex 29.8791 74.5821 108.017
    endloop
  endfacet
  facet normal 0.953644 0 -0.300938
    outer loop
      vertex 30.3114 74.5821 109.966
      vertex 30.1107 75 109.33
      vertex 30.3114 75 109.966
    endloop
  endfacet
  facet normal 0.953644 0 -0.300938
    outer loop
      vertex 30.1107 75 109.33
      vertex 30.3114 74.5821 109.966
      vertex 30.1107 74.5821 109.33
    endloop
  endfacet
  facet normal -0.299811 0 -0.953999
    outer loop
      vertex 39.48 74.5821 114.739
      vertex 40.1164 75 114.539
      vertex 40.1164 74.5821 114.539
    endloop
  endfacet
  facet normal -0.299811 0 -0.953999
    outer loop
      vertex 40.1164 75 114.539
      vertex 39.48 74.5821 114.739
      vertex 39.48 75 114.739
    endloop
  endfacet
  facet normal -0.217216 0 -0.976124
    outer loop
      vertex 38.8284 74.5821 114.884
      vertex 39.48 75 114.739
      vertex 39.48 74.5821 114.739
    endloop
  endfacet
  facet normal -0.217216 0 -0.976124
    outer loop
      vertex 39.48 75 114.739
      vertex 38.8284 74.5821 114.884
      vertex 38.8284 75 114.884
    endloop
  endfacet
  facet normal -0.383445 0 -0.923564
    outer loop
      vertex 40.1164 74.5821 114.539
      vertex 40.733 75 114.283
      vertex 40.733 74.5821 114.283
    endloop
  endfacet
  facet normal -0.383445 0 -0.923564
    outer loop
      vertex 40.733 75 114.283
      vertex 40.1164 74.5821 114.539
      vertex 40.1164 75 114.539
    endloop
  endfacet
  facet normal 0.887057 0 -0.461659
    outer loop
      vertex 30.8749 74.5821 111.175
      vertex 30.5668 75 110.583
      vertex 30.8749 75 111.175
    endloop
  endfacet
  facet normal 0.887057 0 -0.461659
    outer loop
      vertex 30.5668 75 110.583
      vertex 30.8749 74.5821 111.175
      vertex 30.5668 74.5821 110.583
    endloop
  endfacet
  facet normal 0.771138 -0.613301 -0.170904
    outer loop
      vertex 27.5249 72.0821 106.634
      vertex 29.9662 74.5821 108.678
      vertex 30.1107 74.5821 109.33
    endloop
  endfacet
  facet normal 0.770818 -0.61407 -0.16958
    outer loop
      vertex 29.9662 74.5821 108.678
      vertex 27.5249 72.0821 106.634
      vertex 27.5238 72.0821 106.629
    endloop
  endfacet
  facet normal -0.653626 -0.251184 -0.713918
    outer loop
      vertex 44.6631 72.0821 112.033
      vertex 44.0154 72.0821 112.626
      vertex 42.9094 74.5821 112.759
    endloop
  endfacet
  facet normal -0.709912 -0.70429 -0
    outer loop
      vertex 47.6302 72.0821 104.87
      vertex 45.15 74.5821 0
      vertex 47.6302 72.0821 0
    endloop
  endfacet
  facet normal -0.709912 -0.70429 0
    outer loop
      vertex 45.15 74.5821 0
      vertex 47.6302 72.0821 104.87
      vertex 45.15 74.5821 107.35
    endloop
  endfacet
  facet normal -0.725124 -0.687885 -0.03175
    outer loop
      vertex 47.6302 72.0821 104.87
      vertex 47.5918 72.0821 105.747
      vertex 45.15 74.5821 107.35
    endloop
  endfacet
  facet normal 0.38238 -0.0744893 -0.920998
    outer loop
      vertex 34.0353 72.0821 114.389
      vertex 34.267 74.5821 114.283
      vertex 34.8836 74.5821 114.539
    endloop
  endfacet
  facet normal 0.376859 -0.0740754 -0.923304
    outer loop
      vertex 34.267 74.5821 114.283
      vertex 34.0353 72.0821 114.389
      vertex 34.0304 72.0821 114.387
    endloop
  endfacet
  facet normal -0.991444 0 -0.130536
    outer loop
      vertex 47.6114 70.83 105.735
      vertex 47.4958 72.0821 106.613
      vertex 47.6114 72.0821 105.735
    endloop
  endfacet
  facet normal -0.991444 -0 -0.130536
    outer loop
      vertex 47.4958 72.0821 106.613
      vertex 47.6114 70.83 105.735
      vertex 47.4958 70.83 106.613
    endloop
  endfacet
  facet normal -0.751105 -0.652732 -0.0989113
    outer loop
      vertex 47.5909 72.0821 105.758
      vertex 47.4762 72.0821 106.629
      vertex 45.0338 74.5821 108.678
    endloop
  endfacet
  facet normal 0.709912 -0.70429 0
    outer loop
      vertex 27.3698 72.0821 104.87
      vertex 29.85 74.5821 0
      vertex 29.85 74.5821 107.35
    endloop
  endfacet
  facet normal 0.709912 -0.70429 0
    outer loop
      vertex 29.85 74.5821 0
      vertex 27.3698 72.0821 104.87
      vertex 27.3698 72.0821 0
    endloop
  endfacet
  facet normal 1 -0 0
    outer loop
      vertex 27.35 70.83 104.85
      vertex 27.35 72.0821 0
      vertex 27.35 72.0821 104.85
    endloop
  endfacet
  facet normal 1 0 0
    outer loop
      vertex 27.35 72.0821 0
      vertex 27.35 70.83 104.85
      vertex 27.35 70.83 0
    endloop
  endfacet
  facet normal 0.725124 -0.687885 -0.03175
    outer loop
      vertex 29.85 74.5821 107.35
      vertex 27.4082 72.0821 105.747
      vertex 27.3698 72.0821 104.87
    endloop
  endfacet
  facet normal -0.753398 -0.64905 -0.105476
    outer loop
      vertex 47.5909 72.0821 105.758
      vertex 45.1209 74.5821 108.017
      vertex 47.5916 72.0821 105.753
    endloop
  endfacet
  facet normal -0.751135 -0.652686 -0.0989772
    outer loop
      vertex 45.1209 74.5821 108.017
      vertex 47.5909 72.0821 105.758
      vertex 45.0338 74.5821 108.678
    endloop
  endfacet
  facet normal -1 0 0
    outer loop
      vertex 47.65 70.83 0
      vertex 47.65 72.0821 104.85
      vertex 47.65 72.0821 0
    endloop
  endfacet
  facet normal -1 -0 0
    outer loop
      vertex 47.65 72.0821 104.85
      vertex 47.65 70.83 0
      vertex 47.65 70.83 104.85
    endloop
  endfacet
  facet normal -0.99905 0 -0.0435744
    outer loop
      vertex 47.65 70.83 104.85
      vertex 47.6114 72.0821 105.735
      vertex 47.65 72.0821 104.85
    endloop
  endfacet
  facet normal -0.99905 -0 -0.0435744
    outer loop
      vertex 47.6114 72.0821 105.735
      vertex 47.65 70.83 104.85
      vertex 47.6114 70.83 105.735
    endloop
  endfacet
  facet normal 0.991444 0 -0.130536
    outer loop
      vertex 27.5042 70.83 106.613
      vertex 27.3886 72.0821 105.735
      vertex 27.5042 72.0821 106.613
    endloop
  endfacet
  facet normal 0.991444 0 -0.130536
    outer loop
      vertex 27.3886 72.0821 105.735
      vertex 27.5042 70.83 106.613
      vertex 27.3886 70.83 105.735
    endloop
  endfacet
  facet normal 0.99905 0 -0.0435744
    outer loop
      vertex 27.3886 70.83 105.735
      vertex 27.35 72.0821 104.85
      vertex 27.3886 72.0821 105.735
    endloop
  endfacet
  facet normal 0.99905 0 -0.0435744
    outer loop
      vertex 27.35 72.0821 104.85
      vertex 27.3886 70.83 105.735
      vertex 27.35 70.83 104.85
    endloop
  endfacet
  facet normal 0.751105 -0.652732 -0.0989113
    outer loop
      vertex 29.9662 74.5821 108.678
      vertex 27.5238 72.0821 106.629
      vertex 27.4091 72.0821 105.758
    endloop
  endfacet
  facet normal -0.744956 -0.391586 -0.540093
    outer loop
      vertex 45.7981 72.0821 110.68
      vertex 44.1251 74.5821 111.175
      vertex 45.801 72.0821 110.676
    endloop
  endfacet
  facet normal -0.766821 -0.416449 -0.488423
    outer loop
      vertex 44.1251 74.5821 111.175
      vertex 45.7981 72.0821 110.68
      vertex 43.7665 74.5821 111.738
    endloop
  endfacet
  facet normal -0.739847 -0.36107 -0.567676
    outer loop
      vertex 45.7949 72.0821 110.684
      vertex 45.2601 72.0821 111.381
      vertex 43.3602 74.5821 112.267
    endloop
  endfacet
  facet normal 0.766821 -0.416449 -0.488423
    outer loop
      vertex 29.2019 72.0821 110.68
      vertex 30.8749 74.5821 111.175
      vertex 31.2335 74.5821 111.738
    endloop
  endfacet
  facet normal 0.744956 -0.391586 -0.540093
    outer loop
      vertex 30.8749 74.5821 111.175
      vertex 29.2019 72.0821 110.68
      vertex 29.199 72.0821 110.676
    endloop
  endfacet
  facet normal 0.739705 -0.360642 -0.568132
    outer loop
      vertex 29.2051 72.0821 110.684
      vertex 31.2335 74.5821 111.738
      vertex 31.6398 74.5821 112.267
    endloop
  endfacet
  facet normal 0.732301 -0.347169 -0.585841
    outer loop
      vertex 31.2335 74.5821 111.738
      vertex 29.2051 72.0821 110.684
      vertex 29.2019 72.0821 110.68
    endloop
  endfacet
  facet normal -0.770818 -0.61407 -0.16958
    outer loop
      vertex 47.4751 72.0821 106.634
      vertex 45.0338 74.5821 108.678
      vertex 47.4762 72.0821 106.629
    endloop
  endfacet
  facet normal -0.771138 -0.613301 -0.170904
    outer loop
      vertex 45.0338 74.5821 108.678
      vertex 47.4751 72.0821 106.634
      vertex 44.8893 74.5821 109.33
    endloop
  endfacet
  facet normal -0.722856 -0.690578 -0.0240952
    outer loop
      vertex 47.5916 72.0821 105.753
      vertex 45.15 74.5821 107.35
      vertex 47.5918 72.0821 105.747
    endloop
  endfacet
  facet normal -0.725082 -0.687936 -0.031634
    outer loop
      vertex 45.15 74.5821 107.35
      vertex 47.5916 72.0821 105.753
      vertex 45.1209 74.5821 108.017
    endloop
  endfacet
  facet normal 0.751135 -0.652686 -0.0989772
    outer loop
      vertex 27.4091 72.0821 105.758
      vertex 29.8791 74.5821 108.017
      vertex 29.9662 74.5821 108.678
    endloop
  endfacet
  facet normal 0.753398 -0.64905 -0.105476
    outer loop
      vertex 29.8791 74.5821 108.017
      vertex 27.4091 72.0821 105.758
      vertex 27.4084 72.0821 105.753
    endloop
  endfacet
  facet normal -0.732301 -0.347169 -0.585841
    outer loop
      vertex 45.7949 72.0821 110.684
      vertex 43.7665 74.5821 111.738
      vertex 45.7981 72.0821 110.68
    endloop
  endfacet
  facet normal -0.739705 -0.360642 -0.568132
    outer loop
      vertex 43.7665 74.5821 111.738
      vertex 45.7949 72.0821 110.684
      vertex 43.3602 74.5821 112.267
    endloop
  endfacet
  facet normal -0.675479 0 -0.737379
    outer loop
      vertex 44.0243 70.83 112.625
      vertex 44.6771 72.0821 112.027
      vertex 44.6771 70.83 112.027
    endloop
  endfacet
  facet normal -0.675479 0 -0.737379
    outer loop
      vertex 44.6771 72.0821 112.027
      vertex 44.0243 70.83 112.625
      vertex 44.0243 72.0821 112.625
    endloop
  endfacet
  facet normal -0.766778 -0.416529 -0.48842
    outer loop
      vertex 46.273 72.0821 109.935
      vertex 45.801 72.0821 110.676
      vertex 44.1251 74.5821 111.175
    endloop
  endfacet
  facet normal 0.739847 -0.36107 -0.567676
    outer loop
      vertex 31.6398 74.5821 112.267
      vertex 29.7399 72.0821 111.381
      vertex 29.2051 72.0821 110.684
    endloop
  endfacet
  facet normal 0.78274 -0.4705 -0.407368
    outer loop
      vertex 28.3214 72.0821 109.156
      vertex 30.5668 74.5821 110.583
      vertex 30.8749 74.5821 111.175
    endloop
  endfacet
  facet normal 0.785675 -0.4904 -0.377124
    outer loop
      vertex 30.5668 74.5821 110.583
      vertex 28.3214 72.0821 109.156
      vertex 28.319 72.0821 109.151
    endloop
  endfacet
  facet normal 0.788206 -0.521805 -0.326269
    outer loop
      vertex 28.319 72.0821 109.151
      vertex 30.3114 74.5821 109.966
      vertex 30.5668 74.5821 110.583
    endloop
  endfacet
  facet normal 0.787608 -0.519853 -0.330796
    outer loop
      vertex 30.3114 74.5821 109.966
      vertex 28.319 72.0821 109.151
      vertex 28.3169 72.0821 109.146
    endloop
  endfacet
  facet normal 0.702178 -0.305744 -0.643013
    outer loop
      vertex 31.6398 74.5821 112.267
      vertex 30.3333 72.0821 112.029
      vertex 29.7399 72.0821 111.381
    endloop
  endfacet
  facet normal 0.653626 -0.251184 -0.713918
    outer loop
      vertex 32.0906 74.5821 112.759
      vertex 30.9846 72.0821 112.626
      vertex 30.3369 72.0821 112.033
    endloop
  endfacet
  facet normal 0.129885 0 -0.991529
    outer loop
      vertex 35.7375 70.83 114.846
      vertex 36.6154 72.0421 114.961
      vertex 36.6154 70.83 114.961
    endloop
  endfacet
  facet normal 0.129885 0 -0.991529
    outer loop
      vertex 35.7375 72.0821 114.846
      vertex 36.6154 72.0421 114.961
      vertex 35.7375 70.83 114.846
    endloop
  endfacet
  facet normal 0.129885 0 -0.991529
    outer loop
      vertex 36.6154 72.0421 114.961
      vertex 35.7375 72.0821 114.846
      vertex 36.6154 72.0621 114.961
    endloop
  endfacet
  facet normal 0.129885 0 -0.991529
    outer loop
      vertex 36.6154 72.0621 114.961
      vertex 35.7375 72.0821 114.846
      vertex 36.6154 72.0821 114.961
    endloop
  endfacet
  facet normal -0.934896 -0.0794662 -0.345911
    outer loop
      vertex 38.3846 72.0621 114.961
      vertex 38.1667 74.5821 114.971
      vertex 38.3829 72.0821 114.961
    endloop
  endfacet
  facet normal -0.129788 -0.00725804 -0.991515
    outer loop
      vertex 39.2538 72.0821 114.847
      vertex 38.3829 72.0821 114.961
      vertex 38.1667 74.5821 114.971
    endloop
  endfacet
  facet normal 0.783937 -0.569424 -0.247384
    outer loop
      vertex 27.9808 72.0821 108.335
      vertex 30.1107 74.5821 109.33
      vertex 30.3114 74.5821 109.966
    endloop
  endfacet
  facet normal 0.783875 -0.567996 -0.25084
    outer loop
      vertex 30.1107 74.5821 109.33
      vertex 27.9808 72.0821 108.335
      vertex 27.9792 72.0821 108.33
    endloop
  endfacet
  facet normal 0.725082 -0.687936 -0.031634
    outer loop
      vertex 27.4084 72.0821 105.753
      vertex 29.85 74.5821 107.35
      vertex 29.8791 74.5821 108.017
    endloop
  endfacet
  facet normal 0.722856 -0.690578 -0.0240952
    outer loop
      vertex 29.85 74.5821 107.35
      vertex 27.4084 72.0821 105.753
      vertex 27.4082 72.0821 105.747
    endloop
  endfacet
  facet normal -0.706948 -0.30888 -0.636253
    outer loop
      vertex 44.6631 72.0821 112.033
      vertex 43.3602 74.5821 112.267
      vertex 44.6667 72.0821 112.029
    endloop
  endfacet
  facet normal -0.702017 -0.305657 -0.643231
    outer loop
      vertex 43.3602 74.5821 112.267
      vertex 44.6631 72.0821 112.033
      vertex 42.9094 74.5821 112.759
    endloop
  endfacet
  facet normal -0.793115 0 -0.609072
    outer loop
      vertex 45.8144 70.83 110.672
      vertex 45.2753 72.0821 111.374
      vertex 45.8144 72.0821 110.672
    endloop
  endfacet
  facet normal -0.793115 -0 -0.609072
    outer loop
      vertex 45.2753 72.0821 111.374
      vertex 45.8144 70.83 110.672
      vertex 45.2753 70.83 111.374
    endloop
  endfacet
  facet normal -0.702178 -0.305744 -0.643013
    outer loop
      vertex 45.2601 72.0821 111.381
      vertex 44.6667 72.0821 112.029
      vertex 43.3602 74.5821 112.267
    endloop
  endfacet
  facet normal -0.596646 -0.19993 -0.777201
    outer loop
      vertex 44.0073 72.0821 112.633
      vertex 43.3104 72.0821 113.168
      vertex 41.8878 74.5821 113.617
    endloop
  endfacet
  facet normal -0.976259 0 -0.216607
    outer loop
      vertex 47.4958 70.83 106.613
      vertex 47.3041 72.0821 107.477
      vertex 47.4958 72.0821 106.613
    endloop
  endfacet
  facet normal -0.976259 -0 -0.216607
    outer loop
      vertex 47.3041 72.0821 107.477
      vertex 47.4958 70.83 106.613
      vertex 47.3041 70.83 107.477
    endloop
  endfacet
  facet normal 0.675479 0 -0.737379
    outer loop
      vertex 30.3229 70.83 112.027
      vertex 30.9757 72.0821 112.625
      vertex 30.9757 70.83 112.625
    endloop
  endfacet
  facet normal 0.675479 0 -0.737379
    outer loop
      vertex 30.9757 72.0821 112.625
      vertex 30.3229 70.83 112.027
      vertex 30.3229 72.0821 112.027
    endloop
  endfacet
  facet normal 0.702017 -0.305657 -0.643231
    outer loop
      vertex 30.3369 72.0821 112.033
      vertex 31.6398 74.5821 112.267
      vertex 32.0906 74.5821 112.759
    endloop
  endfacet
  facet normal 0.706948 -0.30888 -0.636253
    outer loop
      vertex 31.6398 74.5821 112.267
      vertex 30.3369 72.0821 112.033
      vertex 30.3333 72.0821 112.029
    endloop
  endfacet
  facet normal 0.92385 0 -0.382754
    outer loop
      vertex 28.301 70.83 109.14
      vertex 27.9621 72.0821 108.322
      vertex 28.301 72.0821 109.14
    endloop
  endfacet
  facet normal 0.92385 0 -0.382754
    outer loop
      vertex 27.9621 72.0821 108.322
      vertex 28.301 70.83 109.14
      vertex 27.9621 70.83 108.322
    endloop
  endfacet
  facet normal 0.381452 -0.0744303 -0.921387
    outer loop
      vertex 34.267 74.5821 114.283
      vertex 34.0304 72.0821 114.387
      vertex 33.2188 72.0821 114.051
    endloop
  endfacet
  facet normal 0.653939 -0.251464 -0.713533
    outer loop
      vertex 30.9885 72.0821 112.63
      vertex 32.0906 74.5821 112.759
      vertex 32.5827 74.5821 113.21
    endloop
  endfacet
  facet normal 0.68955 -0.26929 -0.672312
    outer loop
      vertex 32.0906 74.5821 112.759
      vertex 30.9885 72.0821 112.63
      vertex 30.9846 72.0821 112.626
    endloop
  endfacet
  facet normal 0.300429 0 -0.953804
    outer loop
      vertex 34.0285 70.83 114.388
      vertex 34.873 72.0821 114.654
      vertex 34.873 70.83 114.654
    endloop
  endfacet
  facet normal 0.300429 0 -0.953804
    outer loop
      vertex 34.873 72.0821 114.654
      vertex 34.0285 70.83 114.388
      vertex 34.0285 72.0821 114.388
    endloop
  endfacet
  facet normal 0.0458444 0 -0.998949
    outer loop
      vertex 36.6154 72.0621 114.961
      vertex 36.8333 74.5621 114.971
      vertex 36.6154 72.0421 114.961
    endloop
  endfacet
  facet normal 0.0458444 0 -0.998949
    outer loop
      vertex 36.8333 74.5621 114.971
      vertex 36.6154 72.0621 114.961
      vertex 36.8333 74.5821 114.971
    endloop
  endfacet
  facet normal 0.934896 -0.0794662 -0.345911
    outer loop
      vertex 36.8333 74.5821 114.971
      vertex 36.6154 72.0621 114.961
      vertex 36.6171 72.0821 114.961
    endloop
  endfacet
  facet normal 0.129788 -0.00725804 -0.991515
    outer loop
      vertex 36.8333 74.5821 114.971
      vertex 36.6171 72.0821 114.961
      vertex 35.7462 72.0821 114.847
    endloop
  endfacet
  facet normal -0.188825 -0.0154912 -0.981889
    outer loop
      vertex 40.1167 72.0821 114.656
      vertex 39.48 74.5821 114.739
      vertex 40.1219 72.0821 114.655
    endloop
  endfacet
  facet normal -0.217159 -0.0229072 -0.975867
    outer loop
      vertex 39.48 74.5821 114.739
      vertex 40.1167 72.0821 114.656
      vertex 38.8284 74.5821 114.884
    endloop
  endfacet
  facet normal 0 0.00399997 -0.999992
    outer loop
      vertex 38.3846 72.0421 114.961
      vertex 38.1614 74.5421 114.971
      vertex 38.1667 74.5421 114.971
    endloop
  endfacet
  facet normal -0.0440449 6.37861e-05 -0.99903
    outer loop
      vertex 38.1614 74.5421 114.971
      vertex 38.3846 72.0421 114.961
      vertex 37.5 72.0421 115
    endloop
  endfacet
  facet normal -0.0458444 0 -0.998949
    outer loop
      vertex 38.3846 72.0421 114.961
      vertex 38.1667 74.5421 114.971
      vertex 38.1667 74.5621 114.971
    endloop
  endfacet
  facet normal -0.376859 -0.0740754 -0.923304
    outer loop
      vertex 40.9647 72.0821 114.389
      vertex 40.733 74.5821 114.283
      vertex 40.9696 72.0821 114.387
    endloop
  endfacet
  facet normal -0.38238 -0.0744893 -0.920998
    outer loop
      vertex 40.733 74.5821 114.283
      vertex 40.9647 72.0821 114.389
      vertex 40.1164 74.5821 114.539
    endloop
  endfacet
  facet normal 0.788155 -0.521654 -0.326632
    outer loop
      vertex 30.3114 74.5821 109.966
      vertex 28.3169 72.0821 109.146
      vertex 27.9808 72.0821 108.335
    endloop
  endfacet
  facet normal -0.843489 0 -0.537146
    outer loop
      vertex 46.2901 70.83 109.925
      vertex 45.8144 72.0821 110.672
      vertex 46.2901 72.0821 109.925
    endloop
  endfacet
  facet normal -0.843489 -0 -0.537146
    outer loop
      vertex 45.8144 72.0821 110.672
      vertex 46.2901 70.83 109.925
      vertex 45.8144 70.83 110.672
    endloop
  endfacet
  facet normal -0.73737 0 -0.675489
    outer loop
      vertex 45.2753 70.83 111.374
      vertex 44.6771 72.0821 112.027
      vertex 45.2753 72.0821 111.374
    endloop
  endfacet
  facet normal -0.73737 -0 -0.675489
    outer loop
      vertex 44.6771 72.0821 112.027
      vertex 45.2753 70.83 111.374
      vertex 44.6771 70.83 112.027
    endloop
  endfacet
  facet normal -0.547193 -0.163961 -0.82079
    outer loop
      vertex 43.3059 72.0821 113.171
      vertex 41.8878 74.5821 113.617
      vertex 43.3104 72.0821 113.168
    endloop
  endfacet
  facet normal -0.530473 -0.152131 -0.833939
    outer loop
      vertex 41.8878 74.5821 113.617
      vertex 43.3059 72.0821 113.171
      vertex 41.325 74.5821 113.975
    endloop
  endfacet
  facet normal -0.68955 -0.26929 -0.672312
    outer loop
      vertex 44.0115 72.0821 112.63
      vertex 42.9094 74.5821 112.759
      vertex 44.0154 72.0821 112.626
    endloop
  endfacet
  facet normal -0.653939 -0.251464 -0.713533
    outer loop
      vertex 42.9094 74.5821 112.759
      vertex 44.0115 72.0821 112.63
      vertex 42.4173 74.5821 113.21
    endloop
  endfacet
  facet normal -0.390543 -0.0718444 -0.917777
    outer loop
      vertex 42.5604 72.0821 113.645
      vertex 41.325 74.5821 113.975
      vertex 42.5651 72.0821 113.643
    endloop
  endfacet
  facet normal -0.458725 -0.110299 -0.881706
    outer loop
      vertex 41.325 74.5821 113.975
      vertex 42.5604 72.0821 113.645
      vertex 40.733 74.5821 114.283
    endloop
  endfacet
  facet normal -0.608728 0 -0.793379
    outer loop
      vertex 43.3218 70.83 113.164
      vertex 44.0243 72.0821 112.625
      vertex 44.0243 70.83 112.625
    endloop
  endfacet
  facet normal -0.608728 0 -0.793379
    outer loop
      vertex 44.0243 72.0821 112.625
      vertex 43.3218 70.83 113.164
      vertex 43.3218 72.0821 113.164
    endloop
  endfacet
  facet normal -0.886893 0 -0.461975
    outer loop
      vertex 46.699 70.83 109.14
      vertex 46.2901 72.0821 109.925
      vertex 46.699 72.0821 109.14
    endloop
  endfacet
  facet normal -0.886893 -0 -0.461975
    outer loop
      vertex 46.2901 72.0821 109.925
      vertex 46.699 70.83 109.14
      vertex 46.2901 70.83 109.925
    endloop
  endfacet
  facet normal -0.782736 -0.470353 -0.407545
    outer loop
      vertex 46.6786 72.0821 109.156
      vertex 46.273 72.0821 109.935
      vertex 44.1251 74.5821 111.175
    endloop
  endfacet
  facet normal 0.843489 0 -0.537146
    outer loop
      vertex 29.1856 70.83 110.672
      vertex 28.7099 72.0821 109.925
      vertex 29.1856 72.0821 110.672
    endloop
  endfacet
  facet normal 0.843489 0 -0.537146
    outer loop
      vertex 28.7099 72.0821 109.925
      vertex 29.1856 70.83 110.672
      vertex 28.7099 70.83 109.925
    endloop
  endfacet
  facet normal 0.531042 -0.152734 -0.833466
    outer loop
      vertex 33.675 74.5821 113.975
      vertex 32.4349 72.0821 113.643
      vertex 31.6941 72.0821 113.171
    endloop
  endfacet
  facet normal 0.458725 -0.110299 -0.881706
    outer loop
      vertex 32.4396 72.0821 113.645
      vertex 33.675 74.5821 113.975
      vertex 34.267 74.5821 114.283
    endloop
  endfacet
  facet normal 0.390543 -0.0718444 -0.917777
    outer loop
      vertex 33.675 74.5821 113.975
      vertex 32.4396 72.0821 113.645
      vertex 32.4349 72.0821 113.643
    endloop
  endfacet
  facet normal 0.459241 -0.110758 -0.88138
    outer loop
      vertex 34.267 74.5821 114.283
      vertex 33.2188 72.0821 114.051
      vertex 32.4396 72.0821 113.645
    endloop
  endfacet
  facet normal 0.130354 -0.00750773 -0.991439
    outer loop
      vertex 35.7462 72.0821 114.847
      vertex 36.1716 74.5821 114.884
      vertex 36.8333 74.5821 114.971
    endloop
  endfacet
  facet normal 0.185381 -0.0170032 -0.98252
    outer loop
      vertex 36.1716 74.5821 114.884
      vertex 35.7462 72.0821 114.847
      vertex 35.7409 72.0821 114.846
    endloop
  endfacet
  facet normal 0.217159 -0.0229072 -0.975867
    outer loop
      vertex 34.8833 72.0821 114.656
      vertex 35.52 74.5821 114.739
      vertex 36.1716 74.5821 114.884
    endloop
  endfacet
  facet normal 0.188825 -0.0154912 -0.981889
    outer loop
      vertex 35.52 74.5821 114.739
      vertex 34.8833 72.0821 114.656
      vertex 34.8781 72.0821 114.655
    endloop
  endfacet
  facet normal -0.216249 -0.022419 -0.976081
    outer loop
      vertex 40.1167 72.0821 114.656
      vertex 39.2591 72.0821 114.846
      vertex 38.8284 74.5821 114.884
    endloop
  endfacet
  facet normal -0.216811 0 -0.976214
    outer loop
      vertex 39.2625 70.83 114.846
      vertex 40.127 72.0821 114.654
      vertex 40.127 70.83 114.654
    endloop
  endfacet
  facet normal -0.216811 0 -0.976214
    outer loop
      vertex 40.127 72.0821 114.654
      vertex 39.2625 70.83 114.846
      vertex 39.2625 72.0821 114.846
    endloop
  endfacet
  facet normal -0.300429 0 -0.953804
    outer loop
      vertex 40.127 70.83 114.654
      vertex 40.9715 72.0821 114.388
      vertex 40.9715 70.83 114.388
    endloop
  endfacet
  facet normal -0.300429 0 -0.953804
    outer loop
      vertex 40.9715 72.0821 114.388
      vertex 40.127 70.83 114.654
      vertex 40.127 72.0821 114.654
    endloop
  endfacet
  facet normal 0.783937 -0.569523 -0.247155
    outer loop
      vertex 30.1107 74.5821 109.33
      vertex 27.9792 72.0821 108.33
      vertex 27.715 72.0821 107.492
    endloop
  endfacet
  facet normal 0.77112 -0.613339 -0.170851
    outer loop
      vertex 30.1107 74.5821 109.33
      vertex 27.715 72.0821 107.492
      vertex 27.5249 72.0821 106.634
    endloop
  endfacet
  facet normal -0.571859 -0.178923 -0.800602
    outer loop
      vertex 44.0073 72.0821 112.633
      vertex 42.4173 74.5821 113.21
      vertex 44.0115 72.0821 112.63
    endloop
  endfacet
  facet normal -0.597052 -0.20045 -0.776755
    outer loop
      vertex 42.4173 74.5821 113.21
      vertex 44.0073 72.0821 112.633
      vertex 41.8878 74.5821 113.617
    endloop
  endfacet
  facet normal -0.531042 -0.152734 -0.833466
    outer loop
      vertex 43.3059 72.0821 113.171
      vertex 42.5651 72.0821 113.643
      vertex 41.325 74.5821 113.975
    endloop
  endfacet
  facet normal -0.537489 0 -0.843271
    outer loop
      vertex 42.575 70.83 113.64
      vertex 43.3218 72.0821 113.164
      vertex 43.3218 70.83 113.164
    endloop
  endfacet
  facet normal -0.537489 0 -0.843271
    outer loop
      vertex 43.3218 72.0821 113.164
      vertex 42.575 70.83 113.64
      vertex 42.575 72.0821 113.64
    endloop
  endfacet
  facet normal -0.459241 -0.110758 -0.88138
    outer loop
      vertex 42.5604 72.0821 113.645
      vertex 41.7812 72.0821 114.051
      vertex 40.733 74.5821 114.283
    endloop
  endfacet
  facet normal -0.788155 -0.521654 -0.326632
    outer loop
      vertex 47.0192 72.0821 108.335
      vertex 46.6831 72.0821 109.146
      vertex 44.6886 74.5821 109.966
    endloop
  endfacet
  facet normal -0.77112 -0.613339 -0.170851
    outer loop
      vertex 47.4751 72.0821 106.634
      vertex 47.285 72.0821 107.492
      vertex 44.8893 74.5821 109.33
    endloop
  endfacet
  facet normal -0.953791 0 -0.300472
    outer loop
      vertex 47.3041 70.83 107.477
      vertex 47.0379 72.0821 108.322
      vertex 47.3041 72.0821 107.477
    endloop
  endfacet
  facet normal -0.953791 -0 -0.300472
    outer loop
      vertex 47.0379 72.0821 108.322
      vertex 47.3041 70.83 107.477
      vertex 47.0379 70.83 108.322
    endloop
  endfacet
  facet normal 0.782736 -0.470353 -0.407545
    outer loop
      vertex 30.8749 74.5821 111.175
      vertex 28.727 72.0821 109.935
      vertex 28.3214 72.0821 109.156
    endloop
  endfacet
  facet normal 0.766778 -0.416529 -0.48842
    outer loop
      vertex 30.8749 74.5821 111.175
      vertex 29.199 72.0821 110.676
      vertex 28.727 72.0821 109.935
    endloop
  endfacet
  facet normal 0.461879 0 -0.886943
    outer loop
      vertex 32.425 70.83 113.64
      vertex 33.2104 72.0821 114.049
      vertex 33.2104 70.83 114.049
    endloop
  endfacet
  facet normal 0.461879 0 -0.886943
    outer loop
      vertex 33.2104 72.0821 114.049
      vertex 32.425 70.83 113.64
      vertex 32.425 72.0821 113.64
    endloop
  endfacet
  facet normal 0.597052 -0.20045 -0.776755
    outer loop
      vertex 30.9927 72.0821 112.633
      vertex 32.5827 74.5821 113.21
      vertex 33.1122 74.5821 113.617
    endloop
  endfacet
  facet normal 0.571859 -0.178923 -0.800602
    outer loop
      vertex 32.5827 74.5821 113.21
      vertex 30.9927 72.0821 112.633
      vertex 30.9885 72.0821 112.63
    endloop
  endfacet
  facet normal 0.608728 0 -0.793379
    outer loop
      vertex 30.9757 70.83 112.625
      vertex 31.6782 72.0821 113.164
      vertex 31.6782 70.83 113.164
    endloop
  endfacet
  facet normal 0.608728 0 -0.793379
    outer loop
      vertex 31.6782 72.0821 113.164
      vertex 30.9757 70.83 112.625
      vertex 30.9757 72.0821 112.625
    endloop
  endfacet
  facet normal 0.216811 0 -0.976214
    outer loop
      vertex 34.873 70.83 114.654
      vertex 35.7375 72.0821 114.846
      vertex 35.7375 70.83 114.846
    endloop
  endfacet
  facet normal 0.216811 0 -0.976214
    outer loop
      vertex 35.7375 72.0821 114.846
      vertex 34.873 70.83 114.654
      vertex 34.873 72.0821 114.654
    endloop
  endfacet
  facet normal 0.300237 -0.0450749 -0.952799
    outer loop
      vertex 35.52 74.5821 114.739
      vertex 34.8781 72.0821 114.655
      vertex 34.0403 72.0821 114.391
    endloop
  endfacet
  facet normal 0.216249 -0.022419 -0.976081
    outer loop
      vertex 36.1716 74.5821 114.884
      vertex 35.7409 72.0821 114.846
      vertex 34.8833 72.0821 114.656
    endloop
  endfacet
  facet normal 0.0440449 6.37861e-05 -0.99903
    outer loop
      vertex 36.6154 72.0421 114.961
      vertex 36.8386 74.5421 114.971
      vertex 37.5 72.0421 115
    endloop
  endfacet
  facet normal 0.0458444 0 -0.998949
    outer loop
      vertex 36.8333 74.5421 114.971
      vertex 36.6154 72.0421 114.961
      vertex 36.8333 74.5621 114.971
    endloop
  endfacet
  facet normal 0 0.00399997 -0.999992
    outer loop
      vertex 36.8386 74.5421 114.971
      vertex 36.6154 72.0421 114.961
      vertex 36.8333 74.5421 114.971
    endloop
  endfacet
  facet normal -0.0458444 0 -0.998949
    outer loop
      vertex 38.1667 74.5621 114.971
      vertex 38.3846 72.0621 114.961
      vertex 38.3846 72.0421 114.961
    endloop
  endfacet
  facet normal -0.0458444 0 -0.998949
    outer loop
      vertex 38.3846 72.0621 114.961
      vertex 38.1667 74.5621 114.971
      vertex 38.1667 74.5821 114.971
    endloop
  endfacet
  facet normal -0.129885 -0 -0.991529
    outer loop
      vertex 38.3846 72.0421 114.961
      vertex 39.2625 70.83 114.846
      vertex 38.3846 70.83 114.961
    endloop
  endfacet
  facet normal -0.129885 0 -0.991529
    outer loop
      vertex 39.2625 70.83 114.846
      vertex 38.3846 72.0421 114.961
      vertex 39.2625 72.0821 114.846
    endloop
  endfacet
  facet normal -0.129885 -0 -0.991529
    outer loop
      vertex 38.3846 72.0621 114.961
      vertex 39.2625 72.0821 114.846
      vertex 38.3846 72.0421 114.961
    endloop
  endfacet
  facet normal -0.129885 0 -0.991529
    outer loop
      vertex 39.2625 72.0821 114.846
      vertex 38.3846 72.0621 114.961
      vertex 38.3846 72.0821 114.961
    endloop
  endfacet
  facet normal -0.185381 -0.0170032 -0.98252
    outer loop
      vertex 39.2538 72.0821 114.847
      vertex 38.8284 74.5821 114.884
      vertex 39.2591 72.0821 114.846
    endloop
  endfacet
  facet normal -0.130354 -0.00750773 -0.991439
    outer loop
      vertex 38.8284 74.5821 114.884
      vertex 39.2538 72.0821 114.847
      vertex 38.1667 74.5821 114.971
    endloop
  endfacet
  facet normal -0.300237 -0.0450749 -0.952799
    outer loop
      vertex 40.9597 72.0821 114.391
      vertex 40.1219 72.0821 114.655
      vertex 39.48 74.5821 114.739
    endloop
  endfacet
  facet normal 0.953791 0 -0.300472
    outer loop
      vertex 27.9621 70.83 108.322
      vertex 27.6959 72.0821 107.477
      vertex 27.9621 72.0821 108.322
    endloop
  endfacet
  facet normal 0.953791 0 -0.300472
    outer loop
      vertex 27.6959 72.0821 107.477
      vertex 27.9621 70.83 108.322
      vertex 27.6959 70.83 107.477
    endloop
  endfacet
  facet normal 0.976259 0 -0.216607
    outer loop
      vertex 27.6959 70.83 107.477
      vertex 27.5042 72.0821 106.613
      vertex 27.6959 72.0821 107.477
    endloop
  endfacet
  facet normal 0.976259 0 -0.216607
    outer loop
      vertex 27.5042 72.0821 106.613
      vertex 27.6959 70.83 107.477
      vertex 27.5042 70.83 106.613
    endloop
  endfacet
  facet normal 0.886893 0 -0.461975
    outer loop
      vertex 28.7099 70.83 109.925
      vertex 28.301 72.0821 109.14
      vertex 28.7099 72.0821 109.925
    endloop
  endfacet
  facet normal 0.886893 0 -0.461975
    outer loop
      vertex 28.301 72.0821 109.14
      vertex 28.7099 70.83 109.925
      vertex 28.301 70.83 109.14
    endloop
  endfacet
  facet normal -0.785675 -0.4904 -0.377124
    outer loop
      vertex 46.6786 72.0821 109.156
      vertex 44.4332 74.5821 110.583
      vertex 46.681 72.0821 109.151
    endloop
  endfacet
  facet normal -0.78274 -0.4705 -0.407368
    outer loop
      vertex 44.4332 74.5821 110.583
      vertex 46.6786 72.0821 109.156
      vertex 44.1251 74.5821 111.175
    endloop
  endfacet
  facet normal -0.787608 -0.519853 -0.330796
    outer loop
      vertex 46.681 72.0821 109.151
      vertex 44.6886 74.5821 109.966
      vertex 46.6831 72.0821 109.146
    endloop
  endfacet
  facet normal -0.788206 -0.521805 -0.326269
    outer loop
      vertex 44.6886 74.5821 109.966
      vertex 46.681 72.0821 109.151
      vertex 44.4332 74.5821 110.583
    endloop
  endfacet
  facet normal -0.92385 0 -0.382754
    outer loop
      vertex 47.0379 70.83 108.322
      vertex 46.699 72.0821 109.14
      vertex 47.0379 72.0821 108.322
    endloop
  endfacet
  facet normal -0.92385 -0 -0.382754
    outer loop
      vertex 46.699 72.0821 109.14
      vertex 47.0379 70.83 108.322
      vertex 46.699 70.83 109.14
    endloop
  endfacet
  facet normal -0.783937 -0.569523 -0.247155
    outer loop
      vertex 47.285 72.0821 107.492
      vertex 47.0208 72.0821 108.33
      vertex 44.8893 74.5821 109.33
    endloop
  endfacet
  facet normal -0.783875 -0.567996 -0.25084
    outer loop
      vertex 47.0192 72.0821 108.335
      vertex 44.8893 74.5821 109.33
      vertex 47.0208 72.0821 108.33
    endloop
  endfacet
  facet normal -0.783937 -0.569424 -0.247384
    outer loop
      vertex 44.8893 74.5821 109.33
      vertex 47.0192 72.0821 108.335
      vertex 44.6886 74.5821 109.966
    endloop
  endfacet
  facet normal 0.73737 0 -0.675489
    outer loop
      vertex 30.3229 70.83 112.027
      vertex 29.7247 72.0821 111.374
      vertex 30.3229 72.0821 112.027
    endloop
  endfacet
  facet normal 0.73737 0 -0.675489
    outer loop
      vertex 29.7247 72.0821 111.374
      vertex 30.3229 70.83 112.027
      vertex 29.7247 70.83 111.374
    endloop
  endfacet
  facet normal 0.382811 0 -0.923827
    outer loop
      vertex 33.2104 70.83 114.049
      vertex 34.0285 72.0821 114.388
      vertex 34.0285 70.83 114.388
    endloop
  endfacet
  facet normal 0.382811 0 -0.923827
    outer loop
      vertex 34.0285 72.0821 114.388
      vertex 33.2104 70.83 114.049
      vertex 33.2104 72.0821 114.049
    endloop
  endfacet
  facet normal 0.537489 0 -0.843271
    outer loop
      vertex 31.6782 70.83 113.164
      vertex 32.425 72.0821 113.64
      vertex 32.425 70.83 113.64
    endloop
  endfacet
  facet normal 0.537489 0 -0.843271
    outer loop
      vertex 32.425 72.0821 113.64
      vertex 31.6782 70.83 113.164
      vertex 31.6782 72.0821 113.164
    endloop
  endfacet
  facet normal 0.596646 -0.19993 -0.777201
    outer loop
      vertex 33.1122 74.5821 113.617
      vertex 31.6896 72.0821 113.168
      vertex 30.9927 72.0821 112.633
    endloop
  endfacet
  facet normal 0.530473 -0.152131 -0.833939
    outer loop
      vertex 31.6941 72.0821 113.171
      vertex 33.1122 74.5821 113.617
      vertex 33.675 74.5821 113.975
    endloop
  endfacet
  facet normal 0.547193 -0.163961 -0.82079
    outer loop
      vertex 33.1122 74.5821 113.617
      vertex 31.6941 72.0821 113.171
      vertex 31.6896 72.0821 113.168
    endloop
  endfacet
  facet normal 0.299513 -0.0446111 -0.953049
    outer loop
      vertex 34.0403 72.0821 114.391
      vertex 34.8836 74.5821 114.539
      vertex 35.52 74.5821 114.739
    endloop
  endfacet
  facet normal 0.370476 -0.0701385 -0.92619
    outer loop
      vertex 34.8836 74.5821 114.539
      vertex 34.0403 72.0821 114.391
      vertex 34.0353 72.0821 114.389
    endloop
  endfacet
  facet normal -0.381452 -0.0744303 -0.921387
    outer loop
      vertex 41.7812 72.0821 114.051
      vertex 40.9696 72.0821 114.387
      vertex 40.733 74.5821 114.283
    endloop
  endfacet
  facet normal -0.382811 0 -0.923827
    outer loop
      vertex 40.9715 70.83 114.388
      vertex 41.7896 72.0821 114.049
      vertex 41.7896 70.83 114.049
    endloop
  endfacet
  facet normal -0.382811 0 -0.923827
    outer loop
      vertex 41.7896 72.0821 114.049
      vertex 40.9715 70.83 114.388
      vertex 40.9715 72.0821 114.388
    endloop
  endfacet
  facet normal -0.370476 -0.0701385 -0.92619
    outer loop
      vertex 40.9597 72.0821 114.391
      vertex 40.1164 74.5821 114.539
      vertex 40.9647 72.0821 114.389
    endloop
  endfacet
  facet normal -0.299513 -0.0446111 -0.953049
    outer loop
      vertex 40.1164 74.5821 114.539
      vertex 40.9597 72.0821 114.391
      vertex 39.48 74.5821 114.739
    endloop
  endfacet
  facet normal 0.793115 0 -0.609072
    outer loop
      vertex 29.7247 70.83 111.374
      vertex 29.1856 72.0821 110.672
      vertex 29.7247 72.0821 111.374
    endloop
  endfacet
  facet normal 0.793115 0 -0.609072
    outer loop
      vertex 29.1856 72.0821 110.672
      vertex 29.7247 70.83 111.374
      vertex 29.1856 70.83 110.672
    endloop
  endfacet
  facet normal -0.461879 0 -0.886943
    outer loop
      vertex 41.7896 70.83 114.049
      vertex 42.575 72.0821 113.64
      vertex 42.575 70.83 113.64
    endloop
  endfacet
  facet normal -0.461879 0 -0.886943
    outer loop
      vertex 42.575 72.0821 113.64
      vertex 41.7896 70.83 114.049
      vertex 41.7896 72.0821 114.049
    endloop
  endfacet
  facet normal 0 -1 -0
    outer loop
      vertex 36.6154 72.0821 114.961
      vertex 35.7462 72.0821 114.847
      vertex 36.6171 72.0821 114.961
    endloop
  endfacet
  facet normal 0 -1 0
    outer loop
      vertex 35.7375 72.0821 114.846
      vertex 35.7462 72.0821 114.847
      vertex 36.6154 72.0821 114.961
    endloop
  endfacet
  facet normal 0 -1 0
    outer loop
      vertex 35.7462 72.0821 114.847
      vertex 35.7375 72.0821 114.846
      vertex 35.7409 72.0821 114.846
    endloop
  endfacet
  facet normal 0 -1 -0
    outer loop
      vertex 35.7375 72.0821 114.846
      vertex 34.8833 72.0821 114.656
      vertex 35.7409 72.0821 114.846
    endloop
  endfacet
  facet normal 0 -1 0
    outer loop
      vertex 34.873 72.0821 114.654
      vertex 34.8833 72.0821 114.656
      vertex 35.7375 72.0821 114.846
    endloop
  endfacet
  facet normal 0 1 0
    outer loop
      vertex 34.8833 72.0821 114.656
      vertex 34.873 72.0821 114.654
      vertex 34.8781 72.0821 114.655
    endloop
  endfacet
  facet normal 0 -1 -0
    outer loop
      vertex 34.873 72.0821 114.654
      vertex 34.0403 72.0821 114.391
      vertex 34.8781 72.0821 114.655
    endloop
  endfacet
  facet normal 0 -1 0
    outer loop
      vertex 34.0285 72.0821 114.388
      vertex 34.0403 72.0821 114.391
      vertex 34.873 72.0821 114.654
    endloop
  endfacet
  facet normal 0 -1 0
    outer loop
      vertex 34.0403 72.0821 114.391
      vertex 34.0285 72.0821 114.388
      vertex 34.0353 72.0821 114.389
    endloop
  endfacet
  facet normal 0 -1 0
    outer loop
      vertex 34.0285 72.0821 114.388
      vertex 34.0304 72.0821 114.387
      vertex 34.0353 72.0821 114.389
    endloop
  endfacet
  facet normal 0 -1 -0
    outer loop
      vertex 34.0285 72.0821 114.388
      vertex 33.2188 72.0821 114.051
      vertex 34.0304 72.0821 114.387
    endloop
  endfacet
  facet normal 0 -1 0
    outer loop
      vertex 33.2104 72.0821 114.049
      vertex 33.2188 72.0821 114.051
      vertex 34.0285 72.0821 114.388
    endloop
  endfacet
  facet normal 0 -1 -0
    outer loop
      vertex 33.2104 72.0821 114.049
      vertex 32.4396 72.0821 113.645
      vertex 33.2188 72.0821 114.051
    endloop
  endfacet
  facet normal 0 -1 0
    outer loop
      vertex 32.425 72.0821 113.64
      vertex 32.4396 72.0821 113.645
      vertex 33.2104 72.0821 114.049
    endloop
  endfacet
  facet normal 0 -1 0
    outer loop
      vertex 32.4396 72.0821 113.645
      vertex 32.425 72.0821 113.64
      vertex 32.4349 72.0821 113.643
    endloop
  endfacet
  facet normal 0 -1 -0
    outer loop
      vertex 32.425 72.0821 113.64
      vertex 31.6941 72.0821 113.171
      vertex 32.4349 72.0821 113.643
    endloop
  endfacet
  facet normal 0 -1 0
    outer loop
      vertex 31.6782 72.0821 113.164
      vertex 31.6941 72.0821 113.171
      vertex 32.425 72.0821 113.64
    endloop
  endfacet
  facet normal 0 -1 0
    outer loop
      vertex 31.6941 72.0821 113.171
      vertex 31.6782 72.0821 113.164
      vertex 31.6896 72.0821 113.168
    endloop
  endfacet
  facet normal 0 -1 -0
    outer loop
      vertex 31.6782 72.0821 113.164
      vertex 30.9927 72.0821 112.633
      vertex 31.6896 72.0821 113.168
    endloop
  endfacet
  facet normal 0 -1 0
    outer loop
      vertex 30.9757 72.0821 112.625
      vertex 30.9927 72.0821 112.633
      vertex 31.6782 72.0821 113.164
    endloop
  endfacet
  facet normal 0 -1 0
    outer loop
      vertex 30.9927 72.0821 112.633
      vertex 30.9757 72.0821 112.625
      vertex 30.9885 72.0821 112.63
    endloop
  endfacet
  facet normal 0 -1 0
    outer loop
      vertex 30.9757 72.0821 112.625
      vertex 30.9846 72.0821 112.626
      vertex 30.9885 72.0821 112.63
    endloop
  endfacet
  facet normal 0 -1 -0
    outer loop
      vertex 30.9757 72.0821 112.625
      vertex 30.3369 72.0821 112.033
      vertex 30.9846 72.0821 112.626
    endloop
  endfacet
  facet normal 0 -1 0
    outer loop
      vertex 30.3229 72.0821 112.027
      vertex 30.3369 72.0821 112.033
      vertex 30.9757 72.0821 112.625
    endloop
  endfacet
  facet normal 0 -1 0
    outer loop
      vertex 30.3229 72.0821 112.027
      vertex 30.3333 72.0821 112.029
      vertex 30.3369 72.0821 112.033
    endloop
  endfacet
  facet normal 0 -1 -0
    outer loop
      vertex 30.3229 72.0821 112.027
      vertex 29.7399 72.0821 111.381
      vertex 30.3333 72.0821 112.029
    endloop
  endfacet
  facet normal 0 -1 0
    outer loop
      vertex 29.7247 72.0821 111.374
      vertex 29.7399 72.0821 111.381
      vertex 30.3229 72.0821 112.027
    endloop
  endfacet
  facet normal 0 -1 -0
    outer loop
      vertex 29.7247 72.0821 111.374
      vertex 29.2051 72.0821 110.684
      vertex 29.7399 72.0821 111.381
    endloop
  endfacet
  facet normal 0 -1 0
    outer loop
      vertex 29.1856 72.0821 110.672
      vertex 29.2051 72.0821 110.684
      vertex 29.7247 72.0821 111.374
    endloop
  endfacet
  facet normal 0 -1 0
    outer loop
      vertex 29.2051 72.0821 110.684
      vertex 29.1856 72.0821 110.672
      vertex 29.2019 72.0821 110.68
    endloop
  endfacet
  facet normal 0 -1 0
    outer loop
      vertex 29.1856 72.0821 110.672
      vertex 29.199 72.0821 110.676
      vertex 29.2019 72.0821 110.68
    endloop
  endfacet
  facet normal 0 -1 -0
    outer loop
      vertex 29.1856 72.0821 110.672
      vertex 28.727 72.0821 109.935
      vertex 29.199 72.0821 110.676
    endloop
  endfacet
  facet normal 0 -1 0
    outer loop
      vertex 28.7099 72.0821 109.925
      vertex 28.727 72.0821 109.935
      vertex 29.1856 72.0821 110.672
    endloop
  endfacet
  facet normal 0 -1 -0
    outer loop
      vertex 28.7099 72.0821 109.925
      vertex 28.3214 72.0821 109.156
      vertex 28.727 72.0821 109.935
    endloop
  endfacet
  facet normal 0 -1 0
    outer loop
      vertex 28.301 72.0821 109.14
      vertex 28.3214 72.0821 109.156
      vertex 28.7099 72.0821 109.925
    endloop
  endfacet
  facet normal 0 -1 0
    outer loop
      vertex 28.3214 72.0821 109.156
      vertex 28.301 72.0821 109.14
      vertex 28.319 72.0821 109.151
    endloop
  endfacet
  facet normal 0 -1 0
    outer loop
      vertex 28.301 72.0821 109.14
      vertex 28.3169 72.0821 109.146
      vertex 28.319 72.0821 109.151
    endloop
  endfacet
  facet normal 0 -1 -0
    outer loop
      vertex 28.301 72.0821 109.14
      vertex 27.9808 72.0821 108.335
      vertex 28.3169 72.0821 109.146
    endloop
  endfacet
  facet normal 0 -1 0
    outer loop
      vertex 27.9621 72.0821 108.322
      vertex 27.9808 72.0821 108.335
      vertex 28.301 72.0821 109.14
    endloop
  endfacet
  facet normal 0 -1 0
    outer loop
      vertex 27.9621 72.0821 108.322
      vertex 27.9792 72.0821 108.33
      vertex 27.9808 72.0821 108.335
    endloop
  endfacet
  facet normal 0 -1 -0
    outer loop
      vertex 27.9621 72.0821 108.322
      vertex 27.715 72.0821 107.492
      vertex 27.9792 72.0821 108.33
    endloop
  endfacet
  facet normal 0 -1 0
    outer loop
      vertex 27.6959 72.0821 107.477
      vertex 27.715 72.0821 107.492
      vertex 27.9621 72.0821 108.322
    endloop
  endfacet
  facet normal 0 -1 -0
    outer loop
      vertex 27.6959 72.0821 107.477
      vertex 27.5249 72.0821 106.634
      vertex 27.715 72.0821 107.492
    endloop
  endfacet
  facet normal 0 -1 0
    outer loop
      vertex 27.5042 72.0821 106.613
      vertex 27.5249 72.0821 106.634
      vertex 27.6959 72.0821 107.477
    endloop
  endfacet
  facet normal 0 -1 0
    outer loop
      vertex 27.5249 72.0821 106.634
      vertex 27.5042 72.0821 106.613
      vertex 27.5238 72.0821 106.629
    endloop
  endfacet
  facet normal 0 -1 -0
    outer loop
      vertex 27.5042 72.0821 106.613
      vertex 27.4091 72.0821 105.758
      vertex 27.5238 72.0821 106.629
    endloop
  endfacet
  facet normal 0 -1 0
    outer loop
      vertex 27.3886 72.0821 105.735
      vertex 27.4091 72.0821 105.758
      vertex 27.5042 72.0821 106.613
    endloop
  endfacet
  facet normal 0 -1 0
    outer loop
      vertex 27.4091 72.0821 105.758
      vertex 27.3886 72.0821 105.735
      vertex 27.4084 72.0821 105.753
    endloop
  endfacet
  facet normal 0 -1 0
    outer loop
      vertex 27.3886 72.0821 105.735
      vertex 27.4082 72.0821 105.747
      vertex 27.4084 72.0821 105.753
    endloop
  endfacet
  facet normal 0 -1 -0
    outer loop
      vertex 27.3886 72.0821 105.735
      vertex 27.3698 72.0821 104.87
      vertex 27.4082 72.0821 105.747
    endloop
  endfacet
  facet normal 0 -1 0
    outer loop
      vertex 27.35 72.0821 104.85
      vertex 27.3698 72.0821 104.87
      vertex 27.3886 72.0821 105.735
    endloop
  endfacet
  facet normal 0 -1 0
    outer loop
      vertex 27.3698 72.0821 0
      vertex 27.35 72.0821 104.85
      vertex 27.35 72.0821 0
    endloop
  endfacet
  facet normal 0 -1 0
    outer loop
      vertex 27.35 72.0821 104.85
      vertex 27.3698 72.0821 0
      vertex 27.3698 72.0821 104.87
    endloop
  endfacet
  facet normal 0 -1 0
    outer loop
      vertex 39.2538 72.0821 114.847
      vertex 38.3846 72.0821 114.961
      vertex 38.3829 72.0821 114.961
    endloop
  endfacet
  facet normal 0 -1 0
    outer loop
      vertex 39.2625 72.0821 114.846
      vertex 39.2538 72.0821 114.847
      vertex 39.2591 72.0821 114.846
    endloop
  endfacet
  facet normal 0 -1 0
    outer loop
      vertex 39.2538 72.0821 114.847
      vertex 39.2625 72.0821 114.846
      vertex 38.3846 72.0821 114.961
    endloop
  endfacet
  facet normal 0 -1 0
    outer loop
      vertex 40.1167 72.0821 114.656
      vertex 39.2625 72.0821 114.846
      vertex 39.2591 72.0821 114.846
    endloop
  endfacet
  facet normal 0 1 0
    outer loop
      vertex 40.127 72.0821 114.654
      vertex 40.1167 72.0821 114.656
      vertex 40.1219 72.0821 114.655
    endloop
  endfacet
  facet normal 0 -1 0
    outer loop
      vertex 40.1167 72.0821 114.656
      vertex 40.127 72.0821 114.654
      vertex 39.2625 72.0821 114.846
    endloop
  endfacet
  facet normal 0 -1 0
    outer loop
      vertex 40.9597 72.0821 114.391
      vertex 40.127 72.0821 114.654
      vertex 40.1219 72.0821 114.655
    endloop
  endfacet
  facet normal 0 -1 0
    outer loop
      vertex 40.9715 72.0821 114.388
      vertex 40.9597 72.0821 114.391
      vertex 40.9647 72.0821 114.389
    endloop
  endfacet
  facet normal 0 -1 0
    outer loop
      vertex 40.9597 72.0821 114.391
      vertex 40.9715 72.0821 114.388
      vertex 40.127 72.0821 114.654
    endloop
  endfacet
  facet normal 0 -1 0
    outer loop
      vertex 40.9696 72.0821 114.387
      vertex 40.9715 72.0821 114.388
      vertex 40.9647 72.0821 114.389
    endloop
  endfacet
  facet normal 0 -1 0
    outer loop
      vertex 41.7812 72.0821 114.051
      vertex 40.9715 72.0821 114.388
      vertex 40.9696 72.0821 114.387
    endloop
  endfacet
  facet normal 0 -1 0
    outer loop
      vertex 41.7812 72.0821 114.051
      vertex 41.7896 72.0821 114.049
      vertex 40.9715 72.0821 114.388
    endloop
  endfacet
  facet normal 0 -1 0
    outer loop
      vertex 42.5604 72.0821 113.645
      vertex 41.7896 72.0821 114.049
      vertex 41.7812 72.0821 114.051
    endloop
  endfacet
  facet normal 0 -1 0
    outer loop
      vertex 42.575 72.0821 113.64
      vertex 42.5604 72.0821 113.645
      vertex 42.5651 72.0821 113.643
    endloop
  endfacet
  facet normal 0 -1 0
    outer loop
      vertex 42.5604 72.0821 113.645
      vertex 42.575 72.0821 113.64
      vertex 41.7896 72.0821 114.049
    endloop
  endfacet
  facet normal 0 -1 0
    outer loop
      vertex 43.3059 72.0821 113.171
      vertex 42.575 72.0821 113.64
      vertex 42.5651 72.0821 113.643
    endloop
  endfacet
  facet normal 0 -1 0
    outer loop
      vertex 43.3218 72.0821 113.164
      vertex 43.3059 72.0821 113.171
      vertex 43.3104 72.0821 113.168
    endloop
  endfacet
  facet normal 0 -1 0
    outer loop
      vertex 43.3059 72.0821 113.171
      vertex 43.3218 72.0821 113.164
      vertex 42.575 72.0821 113.64
    endloop
  endfacet
  facet normal 0 -1 0
    outer loop
      vertex 44.0073 72.0821 112.633
      vertex 43.3218 72.0821 113.164
      vertex 43.3104 72.0821 113.168
    endloop
  endfacet
  facet normal 0 -1 0
    outer loop
      vertex 44.0243 72.0821 112.625
      vertex 44.0073 72.0821 112.633
      vertex 44.0115 72.0821 112.63
    endloop
  endfacet
  facet normal 0 -1 0
    outer loop
      vertex 44.0073 72.0821 112.633
      vertex 44.0243 72.0821 112.625
      vertex 43.3218 72.0821 113.164
    endloop
  endfacet
  facet normal 0 -1 0
    outer loop
      vertex 44.0154 72.0821 112.626
      vertex 44.0243 72.0821 112.625
      vertex 44.0115 72.0821 112.63
    endloop
  endfacet
  facet normal 0 -1 0
    outer loop
      vertex 44.6631 72.0821 112.033
      vertex 44.0243 72.0821 112.625
      vertex 44.0154 72.0821 112.626
    endloop
  endfacet
  facet normal 0 -1 0
    outer loop
      vertex 44.6631 72.0821 112.033
      vertex 44.6771 72.0821 112.027
      vertex 44.0243 72.0821 112.625
    endloop
  endfacet
  facet normal 0 -1 0
    outer loop
      vertex 44.6667 72.0821 112.029
      vertex 44.6771 72.0821 112.027
      vertex 44.6631 72.0821 112.033
    endloop
  endfacet
  facet normal 0 -1 0
    outer loop
      vertex 45.2601 72.0821 111.381
      vertex 44.6771 72.0821 112.027
      vertex 44.6667 72.0821 112.029
    endloop
  endfacet
  facet normal 0 -1 0
    outer loop
      vertex 45.2601 72.0821 111.381
      vertex 45.2753 72.0821 111.374
      vertex 44.6771 72.0821 112.027
    endloop
  endfacet
  facet normal 0 -1 0
    outer loop
      vertex 45.7949 72.0821 110.684
      vertex 45.2753 72.0821 111.374
      vertex 45.2601 72.0821 111.381
    endloop
  endfacet
  facet normal 0 -1 0
    outer loop
      vertex 45.8144 72.0821 110.672
      vertex 45.7949 72.0821 110.684
      vertex 45.7981 72.0821 110.68
    endloop
  endfacet
  facet normal 0 -1 0
    outer loop
      vertex 45.7949 72.0821 110.684
      vertex 45.8144 72.0821 110.672
      vertex 45.2753 72.0821 111.374
    endloop
  endfacet
  facet normal 0 -1 0
    outer loop
      vertex 45.801 72.0821 110.676
      vertex 45.8144 72.0821 110.672
      vertex 45.7981 72.0821 110.68
    endloop
  endfacet
  facet normal 0 -1 0
    outer loop
      vertex 46.273 72.0821 109.935
      vertex 45.8144 72.0821 110.672
      vertex 45.801 72.0821 110.676
    endloop
  endfacet
  facet normal 0 -1 0
    outer loop
      vertex 46.273 72.0821 109.935
      vertex 46.2901 72.0821 109.925
      vertex 45.8144 72.0821 110.672
    endloop
  endfacet
  facet normal 0 -1 0
    outer loop
      vertex 46.6786 72.0821 109.156
      vertex 46.2901 72.0821 109.925
      vertex 46.273 72.0821 109.935
    endloop
  endfacet
  facet normal 0 -1 0
    outer loop
      vertex 46.699 72.0821 109.14
      vertex 46.6786 72.0821 109.156
      vertex 46.681 72.0821 109.151
    endloop
  endfacet
  facet normal 0 -1 0
    outer loop
      vertex 46.6786 72.0821 109.156
      vertex 46.699 72.0821 109.14
      vertex 46.2901 72.0821 109.925
    endloop
  endfacet
  facet normal 0 -1 0
    outer loop
      vertex 46.6831 72.0821 109.146
      vertex 46.699 72.0821 109.14
      vertex 46.681 72.0821 109.151
    endloop
  endfacet
  facet normal 0 -1 0
    outer loop
      vertex 47.0192 72.0821 108.335
      vertex 46.699 72.0821 109.14
      vertex 46.6831 72.0821 109.146
    endloop
  endfacet
  facet normal 0 -1 0
    outer loop
      vertex 47.0192 72.0821 108.335
      vertex 47.0379 72.0821 108.322
      vertex 46.699 72.0821 109.14
    endloop
  endfacet
  facet normal 0 -1 0
    outer loop
      vertex 47.0208 72.0821 108.33
      vertex 47.0379 72.0821 108.322
      vertex 47.0192 72.0821 108.335
    endloop
  endfacet
  facet normal 0 -1 0
    outer loop
      vertex 47.285 72.0821 107.492
      vertex 47.0379 72.0821 108.322
      vertex 47.0208 72.0821 108.33
    endloop
  endfacet
  facet normal 0 -1 0
    outer loop
      vertex 47.285 72.0821 107.492
      vertex 47.3041 72.0821 107.477
      vertex 47.0379 72.0821 108.322
    endloop
  endfacet
  facet normal 0 -1 0
    outer loop
      vertex 47.4751 72.0821 106.634
      vertex 47.3041 72.0821 107.477
      vertex 47.285 72.0821 107.492
    endloop
  endfacet
  facet normal 0 -1 0
    outer loop
      vertex 47.4958 72.0821 106.613
      vertex 47.4751 72.0821 106.634
      vertex 47.4762 72.0821 106.629
    endloop
  endfacet
  facet normal 0 -1 0
    outer loop
      vertex 47.4751 72.0821 106.634
      vertex 47.4958 72.0821 106.613
      vertex 47.3041 72.0821 107.477
    endloop
  endfacet
  facet normal 0 -1 0
    outer loop
      vertex 47.5909 72.0821 105.758
      vertex 47.4958 72.0821 106.613
      vertex 47.4762 72.0821 106.629
    endloop
  endfacet
  facet normal 0 -1 0
    outer loop
      vertex 47.6114 72.0821 105.735
      vertex 47.5909 72.0821 105.758
      vertex 47.5916 72.0821 105.753
    endloop
  endfacet
  facet normal 0 -1 0
    outer loop
      vertex 47.5909 72.0821 105.758
      vertex 47.6114 72.0821 105.735
      vertex 47.4958 72.0821 106.613
    endloop
  endfacet
  facet normal 0 -1 0
    outer loop
      vertex 47.5918 72.0821 105.747
      vertex 47.6114 72.0821 105.735
      vertex 47.5916 72.0821 105.753
    endloop
  endfacet
  facet normal 0 -1 0
    outer loop
      vertex 47.6302 72.0821 104.87
      vertex 47.6114 72.0821 105.735
      vertex 47.5918 72.0821 105.747
    endloop
  endfacet
  facet normal 0 -1 0
    outer loop
      vertex 47.6302 72.0821 104.87
      vertex 47.65 72.0821 104.85
      vertex 47.6114 72.0821 105.735
    endloop
  endfacet
  facet normal 0 -1 0
    outer loop
      vertex 47.6302 72.0821 0
      vertex 47.65 72.0821 104.85
      vertex 47.6302 72.0821 104.87
    endloop
  endfacet
  facet normal 0 -1 -0
    outer loop
      vertex 47.65 72.0821 104.85
      vertex 47.6302 72.0821 0
      vertex 47.65 72.0821 0
    endloop
  endfacet
  facet normal 0 1 0
    outer loop
      vertex 38.3846 70.83 114.961
      vertex 36.6154 70.83 114.961
      vertex 37.5 70.83 115
    endloop
  endfacet
  facet normal 0 1 0
    outer loop
      vertex 39.2625 70.83 114.846
      vertex 36.6154 70.83 114.961
      vertex 38.3846 70.83 114.961
    endloop
  endfacet
  facet normal 0 1 0
    outer loop
      vertex 39.2625 70.83 114.846
      vertex 35.7375 70.83 114.846
      vertex 36.6154 70.83 114.961
    endloop
  endfacet
  facet normal 0 1 0
    outer loop
      vertex 40.127 70.83 114.654
      vertex 35.7375 70.83 114.846
      vertex 39.2625 70.83 114.846
    endloop
  endfacet
  facet normal 0 1 0
    outer loop
      vertex 40.127 70.83 114.654
      vertex 34.873 70.83 114.654
      vertex 35.7375 70.83 114.846
    endloop
  endfacet
  facet normal 0 1 0
    outer loop
      vertex 40.9715 70.83 114.388
      vertex 34.873 70.83 114.654
      vertex 40.127 70.83 114.654
    endloop
  endfacet
  facet normal 0 1 0
    outer loop
      vertex 40.9715 70.83 114.388
      vertex 34.0285 70.83 114.388
      vertex 34.873 70.83 114.654
    endloop
  endfacet
  facet normal 0 1 0
    outer loop
      vertex 41.7896 70.83 114.049
      vertex 34.0285 70.83 114.388
      vertex 40.9715 70.83 114.388
    endloop
  endfacet
  facet normal 0 1 0
    outer loop
      vertex 41.7896 70.83 114.049
      vertex 33.2104 70.83 114.049
      vertex 34.0285 70.83 114.388
    endloop
  endfacet
  facet normal 0 1 0
    outer loop
      vertex 42.575 70.83 113.64
      vertex 33.2104 70.83 114.049
      vertex 41.7896 70.83 114.049
    endloop
  endfacet
  facet normal 0 1 0
    outer loop
      vertex 42.575 70.83 113.64
      vertex 32.425 70.83 113.64
      vertex 33.2104 70.83 114.049
    endloop
  endfacet
  facet normal 0 1 0
    outer loop
      vertex 43.3218 70.83 113.164
      vertex 32.425 70.83 113.64
      vertex 42.575 70.83 113.64
    endloop
  endfacet
  facet normal 0 1 0
    outer loop
      vertex 43.3218 70.83 113.164
      vertex 31.6782 70.83 113.164
      vertex 32.425 70.83 113.64
    endloop
  endfacet
  facet normal 0 1 0
    outer loop
      vertex 44.0243 70.83 112.625
      vertex 31.6782 70.83 113.164
      vertex 43.3218 70.83 113.164
    endloop
  endfacet
  facet normal 0 1 0
    outer loop
      vertex 44.0243 70.83 112.625
      vertex 30.9757 70.83 112.625
      vertex 31.6782 70.83 113.164
    endloop
  endfacet
  facet normal 0 1 0
    outer loop
      vertex 44.6771 70.83 112.027
      vertex 30.9757 70.83 112.625
      vertex 44.0243 70.83 112.625
    endloop
  endfacet
  facet normal 0 1 0
    outer loop
      vertex 44.6771 70.83 112.027
      vertex 30.3229 70.83 112.027
      vertex 30.9757 70.83 112.625
    endloop
  endfacet
  facet normal 0 1 0
    outer loop
      vertex 45.2753 70.83 111.374
      vertex 30.3229 70.83 112.027
      vertex 44.6771 70.83 112.027
    endloop
  endfacet
  facet normal 0 1 0
    outer loop
      vertex 45.2753 70.83 111.374
      vertex 29.7247 70.83 111.374
      vertex 30.3229 70.83 112.027
    endloop
  endfacet
  facet normal 0 1 0
    outer loop
      vertex 45.8144 70.83 110.672
      vertex 29.7247 70.83 111.374
      vertex 45.2753 70.83 111.374
    endloop
  endfacet
  facet normal 0 1 0
    outer loop
      vertex 45.8144 70.83 110.672
      vertex 29.1856 70.83 110.672
      vertex 29.7247 70.83 111.374
    endloop
  endfacet
  facet normal 0 1 0
    outer loop
      vertex 46.2901 70.83 109.925
      vertex 29.1856 70.83 110.672
      vertex 45.8144 70.83 110.672
    endloop
  endfacet
  facet normal 0 1 0
    outer loop
      vertex 46.2901 70.83 109.925
      vertex 28.7099 70.83 109.925
      vertex 29.1856 70.83 110.672
    endloop
  endfacet
  facet normal 0 1 0
    outer loop
      vertex 46.699 70.83 109.14
      vertex 28.7099 70.83 109.925
      vertex 46.2901 70.83 109.925
    endloop
  endfacet
  facet normal 0 1 0
    outer loop
      vertex 46.699 70.83 109.14
      vertex 28.301 70.83 109.14
      vertex 28.7099 70.83 109.925
    endloop
  endfacet
  facet normal 0 1 0
    outer loop
      vertex 47.0379 70.83 108.322
      vertex 28.301 70.83 109.14
      vertex 46.699 70.83 109.14
    endloop
  endfacet
  facet normal 0 1 0
    outer loop
      vertex 47.0379 70.83 108.322
      vertex 27.9621 70.83 108.322
      vertex 28.301 70.83 109.14
    endloop
  endfacet
  facet normal 0 1 0
    outer loop
      vertex 47.3041 70.83 107.477
      vertex 27.9621 70.83 108.322
      vertex 47.0379 70.83 108.322
    endloop
  endfacet
  facet normal 0 1 0
    outer loop
      vertex 47.3041 70.83 107.477
      vertex 27.6959 70.83 107.477
      vertex 27.9621 70.83 108.322
    endloop
  endfacet
  facet normal 0 1 0
    outer loop
      vertex 47.4958 70.83 106.613
      vertex 27.6959 70.83 107.477
      vertex 47.3041 70.83 107.477
    endloop
  endfacet
  facet normal 0 1 0
    outer loop
      vertex 47.4958 70.83 106.613
      vertex 27.5042 70.83 106.613
      vertex 27.6959 70.83 107.477
    endloop
  endfacet
  facet normal 0 1 0
    outer loop
      vertex 47.6114 70.83 105.735
      vertex 27.5042 70.83 106.613
      vertex 47.4958 70.83 106.613
    endloop
  endfacet
  facet normal 0 1 0
    outer loop
      vertex 47.6114 70.83 105.735
      vertex 27.3886 70.83 105.735
      vertex 27.5042 70.83 106.613
    endloop
  endfacet
  facet normal 0 1 0
    outer loop
      vertex 47.65 70.83 104.85
      vertex 27.3886 70.83 105.735
      vertex 47.6114 70.83 105.735
    endloop
  endfacet
  facet normal 0 1 0
    outer loop
      vertex 47.65 70.83 104.85
      vertex 27.35 70.83 104.85
      vertex 27.3886 70.83 105.735
    endloop
  endfacet
  facet normal 0 1 -0
    outer loop
      vertex 47.65 70.83 0
      vertex 27.35 70.83 104.85
      vertex 47.65 70.83 104.85
    endloop
  endfacet
  facet normal 0 1 0
    outer loop
      vertex 27.35 70.83 104.85
      vertex 47.65 70.83 0
      vertex 27.35 70.83 0
    endloop
  endfacet
  facet normal 0.0440449 0 -0.99903
    outer loop
      vertex 36.6154 70.83 114.961
      vertex 37.5 72.0421 115
      vertex 37.5 70.83 115
    endloop
  endfacet
  facet normal 0.0440449 0 -0.99903
    outer loop
      vertex 37.5 72.0421 115
      vertex 36.6154 70.83 114.961
      vertex 36.6154 72.0421 114.961
    endloop
  endfacet
  facet normal 0 0 -1
    outer loop
      vertex 36.6154 72.0821 114.961
      vertex 36.6171 72.0821 114.961
      vertex 36.6154 72.0621 114.961
    endloop
  endfacet
  facet normal -0.0440449 0 -0.99903
    outer loop
      vertex 37.5 70.83 115
      vertex 38.3846 72.0421 114.961
      vertex 38.3846 70.83 114.961
    endloop
  endfacet
  facet normal -0.0440449 0 -0.99903
    outer loop
      vertex 38.3846 72.0421 114.961
      vertex 37.5 70.83 115
      vertex 37.5 72.0421 115
    endloop
  endfacet
  facet normal -0 -0 -1
    outer loop
      vertex 38.3846 72.0821 114.961
      vertex 38.3846 72.0621 114.961
      vertex 38.3829 72.0821 114.961
    endloop
  endfacet
  facet normal 1 -0 0
    outer loop
      vertex 54.85 74.5821 107.35
      vertex 54.85 75 0
      vertex 54.85 75 107.35
    endloop
  endfacet
  facet normal 1 0 0
    outer loop
      vertex 54.85 75 0
      vertex 54.85 74.5821 107.35
      vertex 54.85 74.5821 0
    endloop
  endfacet
  facet normal -0.99143 0 -0.130641
    outer loop
      vertex 70.1209 74.5821 108.017
      vertex 70.0338 75 108.678
      vertex 70.1209 75 108.017
    endloop
  endfacet
  facet normal -0.99143 -0 -0.130641
    outer loop
      vertex 70.0338 75 108.678
      vertex 70.1209 74.5821 108.017
      vertex 70.0338 74.5821 108.678
    endloop
  endfacet
  facet normal -0.67565 0 -0.737223
    outer loop
      vertex 67.4173 74.5821 113.21
      vertex 67.9094 75 112.759
      vertex 67.9094 74.5821 112.759
    endloop
  endfacet
  facet normal -0.67565 0 -0.737223
    outer loop
      vertex 67.9094 75 112.759
      vertex 67.4173 74.5821 113.21
      vertex 67.4173 75 113.21
    endloop
  endfacet
  facet normal -1 0 0
    outer loop
      vertex 70.15 74.5821 0
      vertex 70.15 75 107.35
      vertex 70.15 75 0
    endloop
  endfacet
  facet normal -1 -0 0
    outer loop
      vertex 70.15 75 107.35
      vertex 70.15 74.5821 0
      vertex 70.15 74.5821 107.35
    endloop
  endfacet
  facet normal 0.793075 0 -0.609124
    outer loop
      vertex 56.6398 74.5821 112.267
      vertex 56.2335 75 111.738
      vertex 56.6398 75 112.267
    endloop
  endfacet
  facet normal 0.793075 0 -0.609124
    outer loop
      vertex 56.2335 75 111.738
      vertex 56.6398 74.5821 112.267
      vertex 56.2335 74.5821 111.738
    endloop
  endfacet
  facet normal -0.99905 0 -0.0435867
    outer loop
      vertex 70.15 74.5821 107.35
      vertex 70.1209 75 108.017
      vertex 70.15 75 107.35
    endloop
  endfacet
  facet normal -0.99905 -0 -0.0435867
    outer loop
      vertex 70.1209 75 108.017
      vertex 70.15 74.5821 107.35
      vertex 70.1209 74.5821 108.017
    endloop
  endfacet
  facet normal -0.843439 0 -0.537224
    outer loop
      vertex 69.1251 74.5821 111.175
      vertex 68.7665 75 111.738
      vertex 69.1251 75 111.175
    endloop
  endfacet
  facet normal -0.843439 -0 -0.537224
    outer loop
      vertex 68.7665 75 111.738
      vertex 69.1251 74.5821 111.175
      vertex 68.7665 74.5821 111.738
    endloop
  endfacet
  facet normal 0.99905 0 -0.0435867
    outer loop
      vertex 54.8791 74.5821 108.017
      vertex 54.85 75 107.35
      vertex 54.8791 75 108.017
    endloop
  endfacet
  facet normal 0.99905 0 -0.0435867
    outer loop
      vertex 54.85 75 107.35
      vertex 54.8791 74.5821 108.017
      vertex 54.85 74.5821 107.35
    endloop
  endfacet
  facet normal -0.953644 0 -0.300938
    outer loop
      vertex 69.8893 74.5821 109.33
      vertex 69.6886 75 109.966
      vertex 69.8893 75 109.33
    endloop
  endfacet
  facet normal -0.953644 -0 -0.300938
    outer loop
      vertex 69.6886 75 109.966
      vertex 69.8893 74.5821 109.33
      vertex 69.6886 74.5821 109.966
    endloop
  endfacet
  facet normal -0.609421 0 -0.792847
    outer loop
      vertex 66.8878 74.5821 113.617
      vertex 67.4173 75 113.21
      vertex 67.4173 74.5821 113.21
    endloop
  endfacet
  facet normal -0.609421 0 -0.792847
    outer loop
      vertex 67.4173 75 113.21
      vertex 66.8878 74.5821 113.617
      vertex 66.8878 75 113.617
    endloop
  endfacet
  facet normal 0 0 -1
    outer loop
      vertex 63.1614 74.5421 114.971
      vertex 63.1667 74.5621 114.971
      vertex 63.1667 74.5421 114.971
    endloop
  endfacet
  facet normal -0 0 -1
    outer loop
      vertex 63.1667 74.5621 114.971
      vertex 63.1614 74.5421 114.971
      vertex 63.1667 74.5821 114.971
    endloop
  endfacet
  facet normal -0.0401293 0.00531713 -0.99918
    outer loop
      vertex 62.5 75 115
      vertex 63.1667 74.5821 114.971
      vertex 63.1614 74.5421 114.971
    endloop
  endfacet
  facet normal -0.0438043 -0 -0.99904
    outer loop
      vertex 62.5 75 115
      vertex 63.1614 74.5421 114.971
      vertex 62.5 72.0421 115
    endloop
  endfacet
  facet normal -0.0434567 0 -0.999055
    outer loop
      vertex 63.1667 74.5821 114.971
      vertex 62.5 75 115
      vertex 63.1667 75 114.971
    endloop
  endfacet
  facet normal 0.0438043 0 -0.99904
    outer loop
      vertex 61.8386 74.5421 114.971
      vertex 62.5 75 115
      vertex 62.5 72.0421 115
    endloop
  endfacet
  facet normal 0 0 -1
    outer loop
      vertex 61.8333 74.5621 114.971
      vertex 61.8386 74.5421 114.971
      vertex 61.8333 74.5421 114.971
    endloop
  endfacet
  facet normal 0 0 -1
    outer loop
      vertex 61.8333 74.5821 114.971
      vertex 61.8386 74.5421 114.971
      vertex 61.8333 74.5621 114.971
    endloop
  endfacet
  facet normal 0.0401293 0.00531713 -0.99918
    outer loop
      vertex 61.8386 74.5421 114.971
      vertex 61.8333 74.5821 114.971
      vertex 62.5 75 115
    endloop
  endfacet
  facet normal 0.0434567 0 -0.999055
    outer loop
      vertex 62.5 75 115
      vertex 61.8333 74.5821 114.971
      vertex 61.8333 75 114.971
    endloop
  endfacet
  facet normal 0.609421 0 -0.792847
    outer loop
      vertex 57.5827 74.5821 113.21
      vertex 58.1122 75 113.617
      vertex 58.1122 74.5821 113.617
    endloop
  endfacet
  facet normal 0.609421 0 -0.792847
    outer loop
      vertex 58.1122 75 113.617
      vertex 57.5827 74.5821 113.21
      vertex 57.5827 75 113.21
    endloop
  endfacet
  facet normal 0.67565 0 -0.737223
    outer loop
      vertex 57.0906 74.5821 112.759
      vertex 57.5827 75 113.21
      vertex 57.5827 74.5821 113.21
    endloop
  endfacet
  facet normal 0.67565 0 -0.737223
    outer loop
      vertex 57.5827 75 113.21
      vertex 57.0906 74.5821 112.759
      vertex 57.0906 75 112.759
    endloop
  endfacet
  facet normal 0.217216 0 -0.976124
    outer loop
      vertex 60.52 74.5821 114.739
      vertex 61.1716 75 114.884
      vertex 61.1716 74.5821 114.884
    endloop
  endfacet
  facet normal 0.217216 0 -0.976124
    outer loop
      vertex 61.1716 75 114.884
      vertex 60.52 74.5821 114.739
      vertex 60.52 75 114.739
    endloop
  endfacet
  facet normal 0.737303 0 -0.675562
    outer loop
      vertex 57.0906 74.5821 112.759
      vertex 56.6398 75 112.267
      vertex 57.0906 75 112.759
    endloop
  endfacet
  facet normal 0.737303 0 -0.675562
    outer loop
      vertex 56.6398 75 112.267
      vertex 57.0906 74.5821 112.759
      vertex 56.6398 74.5821 112.267
    endloop
  endfacet
  facet normal 0.99143 0 -0.130641
    outer loop
      vertex 54.9662 74.5821 108.678
      vertex 54.8791 75 108.017
      vertex 54.9662 75 108.678
    endloop
  endfacet
  facet normal 0.99143 0 -0.130641
    outer loop
      vertex 54.8791 75 108.017
      vertex 54.9662 74.5821 108.678
      vertex 54.8791 74.5821 108.017
    endloop
  endfacet
  facet normal -0.737303 0 -0.675562
    outer loop
      vertex 68.3602 74.5821 112.267
      vertex 67.9094 75 112.759
      vertex 68.3602 75 112.267
    endloop
  endfacet
  facet normal -0.737303 -0 -0.675562
    outer loop
      vertex 67.9094 75 112.759
      vertex 68.3602 74.5821 112.267
      vertex 67.9094 74.5821 112.759
    endloop
  endfacet
  facet normal -0.793075 0 -0.609124
    outer loop
      vertex 68.7665 74.5821 111.738
      vertex 68.3602 75 112.267
      vertex 68.7665 75 111.738
    endloop
  endfacet
  facet normal -0.793075 -0 -0.609124
    outer loop
      vertex 68.3602 75 112.267
      vertex 68.7665 74.5821 111.738
      vertex 68.3602 74.5821 112.267
    endloop
  endfacet
  facet normal -0.887057 0 -0.461659
    outer loop
      vertex 69.4332 74.5821 110.583
      vertex 69.1251 75 111.175
      vertex 69.4332 75 110.583
    endloop
  endfacet
  facet normal -0.887057 -0 -0.461659
    outer loop
      vertex 69.1251 75 111.175
      vertex 69.4332 74.5821 110.583
      vertex 69.1251 74.5821 111.175
    endloop
  endfacet
  facet normal -0.97631 0 -0.216376
    outer loop
      vertex 70.0338 74.5821 108.678
      vertex 69.8893 75 109.33
      vertex 70.0338 75 108.678
    endloop
  endfacet
  facet normal -0.97631 -0 -0.216376
    outer loop
      vertex 69.8893 75 109.33
      vertex 70.0338 74.5821 108.678
      vertex 69.8893 74.5821 109.33
    endloop
  endfacet
  facet normal -0.53672 0 -0.84376
    outer loop
      vertex 66.325 74.5821 113.975
      vertex 66.8878 75 113.617
      vertex 66.8878 74.5821 113.617
    endloop
  endfacet
  facet normal -0.53672 0 -0.84376
    outer loop
      vertex 66.8878 75 113.617
      vertex 66.325 74.5821 113.975
      vertex 66.325 75 113.975
    endloop
  endfacet
  facet normal -0.217216 0 -0.976124
    outer loop
      vertex 63.8284 74.5821 114.884
      vertex 64.48 75 114.739
      vertex 64.48 74.5821 114.739
    endloop
  endfacet
  facet normal -0.217216 0 -0.976124
    outer loop
      vertex 64.48 75 114.739
      vertex 63.8284 74.5821 114.884
      vertex 63.8284 75 114.884
    endloop
  endfacet
  facet normal 0.53672 0 -0.84376
    outer loop
      vertex 58.1122 74.5821 113.617
      vertex 58.675 75 113.975
      vertex 58.675 74.5821 113.975
    endloop
  endfacet
  facet normal 0.53672 0 -0.84376
    outer loop
      vertex 58.675 75 113.975
      vertex 58.1122 74.5821 113.617
      vertex 58.1122 75 113.617
    endloop
  endfacet
  facet normal 0.383445 0 -0.923564
    outer loop
      vertex 59.267 74.5821 114.283
      vertex 59.8836 75 114.539
      vertex 59.8836 74.5821 114.539
    endloop
  endfacet
  facet normal 0.383445 0 -0.923564
    outer loop
      vertex 59.8836 75 114.539
      vertex 59.267 74.5821 114.283
      vertex 59.267 75 114.283
    endloop
  endfacet
  facet normal 0.130358 0 -0.991467
    outer loop
      vertex 61.1716 74.5821 114.884
      vertex 61.8333 75 114.971
      vertex 61.8333 74.5821 114.971
    endloop
  endfacet
  facet normal 0.130358 0 -0.991467
    outer loop
      vertex 61.8333 75 114.971
      vertex 61.1716 74.5821 114.884
      vertex 61.1716 75 114.884
    endloop
  endfacet
  facet normal 0.299811 0 -0.953999
    outer loop
      vertex 59.8836 74.5821 114.539
      vertex 60.52 75 114.739
      vertex 60.52 74.5821 114.739
    endloop
  endfacet
  facet normal 0.299811 0 -0.953999
    outer loop
      vertex 60.52 75 114.739
      vertex 59.8836 74.5821 114.539
      vertex 59.8836 75 114.539
    endloop
  endfacet
  facet normal -0.461541 0 -0.887119
    outer loop
      vertex 65.733 74.5821 114.283
      vertex 66.325 75 113.975
      vertex 66.325 74.5821 113.975
    endloop
  endfacet
  facet normal -0.461541 0 -0.887119
    outer loop
      vertex 66.325 75 113.975
      vertex 65.733 74.5821 114.283
      vertex 65.733 75 114.283
    endloop
  endfacet
  facet normal 0.461541 0 -0.887119
    outer loop
      vertex 58.675 74.5821 113.975
      vertex 59.267 75 114.283
      vertex 59.267 74.5821 114.283
    endloop
  endfacet
  facet normal 0.461541 0 -0.887119
    outer loop
      vertex 59.267 75 114.283
      vertex 58.675 74.5821 113.975
      vertex 58.675 75 113.975
    endloop
  endfacet
  facet normal 0.923969 0 -0.382466
    outer loop
      vertex 55.5668 74.5821 110.583
      vertex 55.3114 75 109.966
      vertex 55.5668 75 110.583
    endloop
  endfacet
  facet normal 0.923969 0 -0.382466
    outer loop
      vertex 55.3114 75 109.966
      vertex 55.5668 74.5821 110.583
      vertex 55.3114 74.5821 109.966
    endloop
  endfacet
  facet normal 0.843439 0 -0.537224
    outer loop
      vertex 56.2335 74.5821 111.738
      vertex 55.8749 75 111.175
      vertex 56.2335 75 111.738
    endloop
  endfacet
  facet normal 0.843439 0 -0.537224
    outer loop
      vertex 55.8749 75 111.175
      vertex 56.2335 74.5821 111.738
      vertex 55.8749 74.5821 111.175
    endloop
  endfacet
  facet normal 0.953644 0 -0.300938
    outer loop
      vertex 55.3114 74.5821 109.966
      vertex 55.1107 75 109.33
      vertex 55.3114 75 109.966
    endloop
  endfacet
  facet normal 0.953644 0 -0.300938
    outer loop
      vertex 55.1107 75 109.33
      vertex 55.3114 74.5821 109.966
      vertex 55.1107 74.5821 109.33
    endloop
  endfacet
  facet normal 0.97631 0 -0.216376
    outer loop
      vertex 55.1107 74.5821 109.33
      vertex 54.9662 75 108.678
      vertex 55.1107 75 109.33
    endloop
  endfacet
  facet normal 0.97631 0 -0.216376
    outer loop
      vertex 54.9662 75 108.678
      vertex 55.1107 74.5821 109.33
      vertex 54.9662 74.5821 108.678
    endloop
  endfacet
  facet normal -0.923969 0 -0.382466
    outer loop
      vertex 69.6886 74.5821 109.966
      vertex 69.4332 75 110.583
      vertex 69.6886 75 109.966
    endloop
  endfacet
  facet normal -0.923969 -0 -0.382466
    outer loop
      vertex 69.4332 75 110.583
      vertex 69.6886 74.5821 109.966
      vertex 69.4332 74.5821 110.583
    endloop
  endfacet
  facet normal -0.130358 0 -0.991467
    outer loop
      vertex 63.1667 74.5821 114.971
      vertex 63.8284 75 114.884
      vertex 63.8284 74.5821 114.884
    endloop
  endfacet
  facet normal -0.130358 0 -0.991467
    outer loop
      vertex 63.8284 75 114.884
      vertex 63.1667 74.5821 114.971
      vertex 63.1667 75 114.971
    endloop
  endfacet
  facet normal -0.299811 0 -0.953999
    outer loop
      vertex 64.48 74.5821 114.739
      vertex 65.1164 75 114.539
      vertex 65.1164 74.5821 114.539
    endloop
  endfacet
  facet normal -0.299811 0 -0.953999
    outer loop
      vertex 65.1164 75 114.539
      vertex 64.48 74.5821 114.739
      vertex 64.48 75 114.739
    endloop
  endfacet
  facet normal -0.383445 0 -0.923564
    outer loop
      vertex 65.1164 74.5821 114.539
      vertex 65.733 75 114.283
      vertex 65.733 74.5821 114.283
    endloop
  endfacet
  facet normal -0.383445 0 -0.923564
    outer loop
      vertex 65.733 75 114.283
      vertex 65.1164 74.5821 114.539
      vertex 65.1164 75 114.539
    endloop
  endfacet
  facet normal 0.887057 0 -0.461659
    outer loop
      vertex 55.8749 74.5821 111.175
      vertex 55.5668 75 110.583
      vertex 55.8749 75 111.175
    endloop
  endfacet
  facet normal 0.887057 0 -0.461659
    outer loop
      vertex 55.5668 75 110.583
      vertex 55.8749 74.5821 111.175
      vertex 55.5668 74.5821 110.583
    endloop
  endfacet
  facet normal 0.771138 -0.613301 -0.170904
    outer loop
      vertex 52.5249 72.0821 106.634
      vertex 54.9662 74.5821 108.678
      vertex 55.1107 74.5821 109.33
    endloop
  endfacet
  facet normal 0.770818 -0.61407 -0.16958
    outer loop
      vertex 54.9662 74.5821 108.678
      vertex 52.5249 72.0821 106.634
      vertex 52.5238 72.0821 106.629
    endloop
  endfacet
  facet normal -0.653626 -0.251184 -0.713918
    outer loop
      vertex 69.6631 72.0821 112.033
      vertex 69.0154 72.0821 112.626
      vertex 67.9094 74.5821 112.759
    endloop
  endfacet
  facet normal -0.709927 -0.704276 -0
    outer loop
      vertex 72.6301 72.0821 104.87
      vertex 70.15 74.5821 0
      vertex 72.6301 72.0821 0
    endloop
  endfacet
  facet normal -0.709927 -0.704276 0
    outer loop
      vertex 70.15 74.5821 0
      vertex 72.6301 72.0821 104.87
      vertex 70.15 74.5821 107.35
    endloop
  endfacet
  facet normal -0.7251 -0.687915 -0.0316663
    outer loop
      vertex 72.6301 72.0821 104.87
      vertex 72.5918 72.0821 105.747
      vertex 70.15 74.5821 107.35
    endloop
  endfacet
  facet normal 0.38238 -0.0744893 -0.920998
    outer loop
      vertex 59.0353 72.0821 114.389
      vertex 59.267 74.5821 114.283
      vertex 59.8836 74.5821 114.539
    endloop
  endfacet
  facet normal 0.376859 -0.0740754 -0.923304
    outer loop
      vertex 59.267 74.5821 114.283
      vertex 59.0353 72.0821 114.389
      vertex 59.0304 72.0821 114.387
    endloop
  endfacet
  facet normal -0.991444 0 -0.130536
    outer loop
      vertex 72.6114 70.83 105.735
      vertex 72.4958 72.0821 106.613
      vertex 72.6114 72.0821 105.735
    endloop
  endfacet
  facet normal -0.991444 -0 -0.130536
    outer loop
      vertex 72.4958 72.0821 106.613
      vertex 72.6114 70.83 105.735
      vertex 72.4958 70.83 106.613
    endloop
  endfacet
  facet normal -0.751105 -0.652732 -0.0989113
    outer loop
      vertex 72.5909 72.0821 105.758
      vertex 72.4762 72.0821 106.629
      vertex 70.0338 74.5821 108.678
    endloop
  endfacet
  facet normal 0.709912 -0.70429 0
    outer loop
      vertex 52.3698 72.0821 104.87
      vertex 54.85 74.5821 0
      vertex 54.85 74.5821 107.35
    endloop
  endfacet
  facet normal 0.709912 -0.70429 0
    outer loop
      vertex 54.85 74.5821 0
      vertex 52.3698 72.0821 104.87
      vertex 52.3698 72.0821 0
    endloop
  endfacet
  facet normal 1 -0 0
    outer loop
      vertex 52.35 70.83 104.85
      vertex 52.35 72.0821 0
      vertex 52.35 72.0821 104.85
    endloop
  endfacet
  facet normal 1 0 0
    outer loop
      vertex 52.35 72.0821 0
      vertex 52.35 70.83 104.85
      vertex 52.35 70.83 0
    endloop
  endfacet
  facet normal 0.725124 -0.687885 -0.03175
    outer loop
      vertex 54.85 74.5821 107.35
      vertex 52.4082 72.0821 105.747
      vertex 52.3698 72.0821 104.87
    endloop
  endfacet
  facet normal -0.753398 -0.64905 -0.105476
    outer loop
      vertex 72.5909 72.0821 105.758
      vertex 70.1209 74.5821 108.017
      vertex 72.5916 72.0821 105.753
    endloop
  endfacet
  facet normal -0.751135 -0.652686 -0.0989772
    outer loop
      vertex 70.1209 74.5821 108.017
      vertex 72.5909 72.0821 105.758
      vertex 70.0338 74.5821 108.678
    endloop
  endfacet
  facet normal -1 0 0
    outer loop
      vertex 72.65 70.83 0
      vertex 72.65 72.0821 104.85
      vertex 72.65 72.0821 0
    endloop
  endfacet
  facet normal -1 -0 0
    outer loop
      vertex 72.65 72.0821 104.85
      vertex 72.65 70.83 0
      vertex 72.65 70.83 104.85
    endloop
  endfacet
  facet normal -0.99905 0 -0.0435744
    outer loop
      vertex 72.65 70.83 104.85
      vertex 72.6114 72.0821 105.735
      vertex 72.65 72.0821 104.85
    endloop
  endfacet
  facet normal -0.99905 -0 -0.0435744
    outer loop
      vertex 72.6114 72.0821 105.735
      vertex 72.65 70.83 104.85
      vertex 72.6114 70.83 105.735
    endloop
  endfacet
  facet normal 0.991444 0 -0.130536
    outer loop
      vertex 52.5042 70.83 106.613
      vertex 52.3886 72.0821 105.735
      vertex 52.5042 72.0821 106.613
    endloop
  endfacet
  facet normal 0.991444 0 -0.130536
    outer loop
      vertex 52.3886 72.0821 105.735
      vertex 52.5042 70.83 106.613
      vertex 52.3886 70.83 105.735
    endloop
  endfacet
  facet normal 0.99905 0 -0.0435744
    outer loop
      vertex 52.3886 70.83 105.735
      vertex 52.35 72.0821 104.85
      vertex 52.3886 72.0821 105.735
    endloop
  endfacet
  facet normal 0.99905 0 -0.0435744
    outer loop
      vertex 52.35 72.0821 104.85
      vertex 52.3886 70.83 105.735
      vertex 52.35 70.83 104.85
    endloop
  endfacet
  facet normal 0.751105 -0.652732 -0.0989113
    outer loop
      vertex 54.9662 74.5821 108.678
      vertex 52.5238 72.0821 106.629
      vertex 52.4091 72.0821 105.758
    endloop
  endfacet
  facet normal -0.744956 -0.391586 -0.540093
    outer loop
      vertex 70.7981 72.0821 110.68
      vertex 69.1251 74.5821 111.175
      vertex 70.801 72.0821 110.676
    endloop
  endfacet
  facet normal -0.766821 -0.416449 -0.488423
    outer loop
      vertex 69.1251 74.5821 111.175
      vertex 70.7981 72.0821 110.68
      vertex 68.7665 74.5821 111.738
    endloop
  endfacet
  facet normal -0.739847 -0.36107 -0.567676
    outer loop
      vertex 70.7949 72.0821 110.684
      vertex 70.2601 72.0821 111.381
      vertex 68.3602 74.5821 112.267
    endloop
  endfacet
  facet normal 0.766821 -0.416449 -0.488423
    outer loop
      vertex 54.2019 72.0821 110.68
      vertex 55.8749 74.5821 111.175
      vertex 56.2335 74.5821 111.738
    endloop
  endfacet
  facet normal 0.744956 -0.391586 -0.540093
    outer loop
      vertex 55.8749 74.5821 111.175
      vertex 54.2019 72.0821 110.68
      vertex 54.199 72.0821 110.676
    endloop
  endfacet
  facet normal 0.739705 -0.360642 -0.568132
    outer loop
      vertex 54.2051 72.0821 110.684
      vertex 56.2335 74.5821 111.738
      vertex 56.6398 74.5821 112.267
    endloop
  endfacet
  facet normal 0.732301 -0.347169 -0.585841
    outer loop
      vertex 56.2335 74.5821 111.738
      vertex 54.2051 72.0821 110.684
      vertex 54.2019 72.0821 110.68
    endloop
  endfacet
  facet normal -0.770818 -0.61407 -0.16958
    outer loop
      vertex 72.4751 72.0821 106.634
      vertex 70.0338 74.5821 108.678
      vertex 72.4762 72.0821 106.629
    endloop
  endfacet
  facet normal -0.771138 -0.613301 -0.170904
    outer loop
      vertex 70.0338 74.5821 108.678
      vertex 72.4751 72.0821 106.634
      vertex 69.8893 74.5821 109.33
    endloop
  endfacet
  facet normal -0.722856 -0.690578 -0.0240952
    outer loop
      vertex 72.5916 72.0821 105.753
      vertex 70.15 74.5821 107.35
      vertex 72.5918 72.0821 105.747
    endloop
  endfacet
  facet normal -0.725082 -0.687936 -0.031634
    outer loop
      vertex 70.15 74.5821 107.35
      vertex 72.5916 72.0821 105.753
      vertex 70.1209 74.5821 108.017
    endloop
  endfacet
  facet normal 0.751135 -0.652686 -0.0989772
    outer loop
      vertex 52.4091 72.0821 105.758
      vertex 54.8791 74.5821 108.017
      vertex 54.9662 74.5821 108.678
    endloop
  endfacet
  facet normal 0.753398 -0.64905 -0.105476
    outer loop
      vertex 54.8791 74.5821 108.017
      vertex 52.4091 72.0821 105.758
      vertex 52.4084 72.0821 105.753
    endloop
  endfacet
  facet normal -0.732301 -0.347169 -0.585841
    outer loop
      vertex 70.7949 72.0821 110.684
      vertex 68.7665 74.5821 111.738
      vertex 70.7981 72.0821 110.68
    endloop
  endfacet
  facet normal -0.739705 -0.360642 -0.568132
    outer loop
      vertex 68.7665 74.5821 111.738
      vertex 70.7949 72.0821 110.684
      vertex 68.3602 74.5821 112.267
    endloop
  endfacet
  facet normal -0.675479 0 -0.737379
    outer loop
      vertex 69.0243 70.83 112.625
      vertex 69.6771 72.0821 112.027
      vertex 69.6771 70.83 112.027
    endloop
  endfacet
  facet normal -0.675479 0 -0.737379
    outer loop
      vertex 69.6771 72.0821 112.027
      vertex 69.0243 70.83 112.625
      vertex 69.0243 72.0821 112.625
    endloop
  endfacet
  facet normal -0.766778 -0.416529 -0.48842
    outer loop
      vertex 71.273 72.0821 109.935
      vertex 70.801 72.0821 110.676
      vertex 69.1251 74.5821 111.175
    endloop
  endfacet
  facet normal 0.739847 -0.36107 -0.567676
    outer loop
      vertex 56.6398 74.5821 112.267
      vertex 54.7399 72.0821 111.381
      vertex 54.2051 72.0821 110.684
    endloop
  endfacet
  facet normal 0.78274 -0.4705 -0.407368
    outer loop
      vertex 53.3214 72.0821 109.156
      vertex 55.5668 74.5821 110.583
      vertex 55.8749 74.5821 111.175
    endloop
  endfacet
  facet normal 0.785675 -0.4904 -0.377124
    outer loop
      vertex 55.5668 74.5821 110.583
      vertex 53.3214 72.0821 109.156
      vertex 53.319 72.0821 109.151
    endloop
  endfacet
  facet normal 0.788206 -0.521805 -0.326269
    outer loop
      vertex 53.319 72.0821 109.151
      vertex 55.3114 74.5821 109.966
      vertex 55.5668 74.5821 110.583
    endloop
  endfacet
  facet normal 0.787608 -0.519853 -0.330796
    outer loop
      vertex 55.3114 74.5821 109.966
      vertex 53.319 72.0821 109.151
      vertex 53.3169 72.0821 109.146
    endloop
  endfacet
  facet normal 0.702178 -0.305744 -0.643013
    outer loop
      vertex 56.6398 74.5821 112.267
      vertex 55.3333 72.0821 112.029
      vertex 54.7399 72.0821 111.381
    endloop
  endfacet
  facet normal 0.653626 -0.251184 -0.713918
    outer loop
      vertex 57.0906 74.5821 112.759
      vertex 55.9846 72.0821 112.626
      vertex 55.3369 72.0821 112.033
    endloop
  endfacet
  facet normal 0.129885 0 -0.991529
    outer loop
      vertex 60.7375 70.83 114.846
      vertex 61.6154 72.0421 114.961
      vertex 61.6154 70.83 114.961
    endloop
  endfacet
  facet normal 0.129885 0 -0.991529
    outer loop
      vertex 60.7375 72.0821 114.846
      vertex 61.6154 72.0421 114.961
      vertex 60.7375 70.83 114.846
    endloop
  endfacet
  facet normal 0.129885 0 -0.991529
    outer loop
      vertex 61.6154 72.0421 114.961
      vertex 60.7375 72.0821 114.846
      vertex 61.6154 72.0621 114.961
    endloop
  endfacet
  facet normal 0.129885 0 -0.991529
    outer loop
      vertex 61.6154 72.0621 114.961
      vertex 60.7375 72.0821 114.846
      vertex 61.6154 72.0821 114.961
    endloop
  endfacet
  facet normal -0.547193 -0.163961 -0.82079
    outer loop
      vertex 68.3059 72.0821 113.171
      vertex 66.8878 74.5821 113.617
      vertex 68.3104 72.0821 113.168
    endloop
  endfacet
  facet normal -0.530473 -0.152131 -0.833939
    outer loop
      vertex 66.8878 74.5821 113.617
      vertex 68.3059 72.0821 113.171
      vertex 66.325 74.5821 113.975
    endloop
  endfacet
  facet normal -0.934896 -0.0794662 -0.345911
    outer loop
      vertex 63.3846 72.0621 114.961
      vertex 63.1667 74.5821 114.971
      vertex 63.3829 72.0821 114.961
    endloop
  endfacet
  facet normal -0.129788 -0.00725804 -0.991515
    outer loop
      vertex 64.2538 72.0821 114.847
      vertex 63.3829 72.0821 114.961
      vertex 63.1667 74.5821 114.971
    endloop
  endfacet
  facet normal 0.783937 -0.569424 -0.247384
    outer loop
      vertex 52.9808 72.0821 108.335
      vertex 55.1107 74.5821 109.33
      vertex 55.3114 74.5821 109.966
    endloop
  endfacet
  facet normal 0.783875 -0.567996 -0.25084
    outer loop
      vertex 55.1107 74.5821 109.33
      vertex 52.9808 72.0821 108.335
      vertex 52.9792 72.0821 108.33
    endloop
  endfacet
  facet normal 0.976259 0 -0.216607
    outer loop
      vertex 52.6959 70.83 107.477
      vertex 52.5042 72.0821 106.613
      vertex 52.6959 72.0821 107.477
    endloop
  endfacet
  facet normal 0.976259 0 -0.216607
    outer loop
      vertex 52.5042 72.0821 106.613
      vertex 52.6959 70.83 107.477
      vertex 52.5042 70.83 106.613
    endloop
  endfacet
  facet normal 0.725082 -0.687936 -0.031634
    outer loop
      vertex 52.4084 72.0821 105.753
      vertex 54.85 74.5821 107.35
      vertex 54.8791 74.5821 108.017
    endloop
  endfacet
  facet normal 0.722856 -0.690578 -0.0240952
    outer loop
      vertex 54.85 74.5821 107.35
      vertex 52.4084 72.0821 105.753
      vertex 52.4082 72.0821 105.747
    endloop
  endfacet
  facet normal -0.706948 -0.30888 -0.636253
    outer loop
      vertex 69.6631 72.0821 112.033
      vertex 68.3602 74.5821 112.267
      vertex 69.6667 72.0821 112.029
    endloop
  endfacet
  facet normal -0.702017 -0.305657 -0.643231
    outer loop
      vertex 68.3602 74.5821 112.267
      vertex 69.6631 72.0821 112.033
      vertex 67.9094 74.5821 112.759
    endloop
  endfacet
  facet normal -0.702178 -0.305744 -0.643013
    outer loop
      vertex 70.2601 72.0821 111.381
      vertex 69.6667 72.0821 112.029
      vertex 68.3602 74.5821 112.267
    endloop
  endfacet
  facet normal -0.596646 -0.19993 -0.777201
    outer loop
      vertex 69.0073 72.0821 112.633
      vertex 68.3104 72.0821 113.168
      vertex 66.8878 74.5821 113.617
    endloop
  endfacet
  facet normal 0.675479 0 -0.737379
    outer loop
      vertex 55.3229 70.83 112.027
      vertex 55.9757 72.0821 112.625
      vertex 55.9757 70.83 112.625
    endloop
  endfacet
  facet normal 0.675479 0 -0.737379
    outer loop
      vertex 55.9757 72.0821 112.625
      vertex 55.3229 70.83 112.027
      vertex 55.3229 72.0821 112.027
    endloop
  endfacet
  facet normal 0.702017 -0.305657 -0.643231
    outer loop
      vertex 55.3369 72.0821 112.033
      vertex 56.6398 74.5821 112.267
      vertex 57.0906 74.5821 112.759
    endloop
  endfacet
  facet normal 0.706948 -0.30888 -0.636253
    outer loop
      vertex 56.6398 74.5821 112.267
      vertex 55.3369 72.0821 112.033
      vertex 55.3333 72.0821 112.029
    endloop
  endfacet
  facet normal 0.92385 0 -0.382754
    outer loop
      vertex 53.301 70.83 109.14
      vertex 52.9621 72.0821 108.322
      vertex 53.301 72.0821 109.14
    endloop
  endfacet
  facet normal 0.92385 0 -0.382754
    outer loop
      vertex 52.9621 72.0821 108.322
      vertex 53.301 70.83 109.14
      vertex 52.9621 70.83 108.322
    endloop
  endfacet
  facet normal 0.381452 -0.0744303 -0.921387
    outer loop
      vertex 59.267 74.5821 114.283
      vertex 59.0304 72.0821 114.387
      vertex 58.2188 72.0821 114.051
    endloop
  endfacet
  facet normal 0.653939 -0.251464 -0.713533
    outer loop
      vertex 55.9885 72.0821 112.63
      vertex 57.0906 74.5821 112.759
      vertex 57.5827 74.5821 113.21
    endloop
  endfacet
  facet normal 0.68955 -0.26929 -0.672312
    outer loop
      vertex 57.0906 74.5821 112.759
      vertex 55.9885 72.0821 112.63
      vertex 55.9846 72.0821 112.626
    endloop
  endfacet
  facet normal 0.300429 0 -0.953804
    outer loop
      vertex 59.0285 70.83 114.388
      vertex 59.873 72.0821 114.654
      vertex 59.873 70.83 114.654
    endloop
  endfacet
  facet normal 0.300429 0 -0.953804
    outer loop
      vertex 59.873 72.0821 114.654
      vertex 59.0285 70.83 114.388
      vertex 59.0285 72.0821 114.388
    endloop
  endfacet
  facet normal 0.934896 -0.0794662 -0.345911
    outer loop
      vertex 61.8333 74.5821 114.971
      vertex 61.6154 72.0621 114.961
      vertex 61.6171 72.0821 114.961
    endloop
  endfacet
  facet normal 0.129788 -0.00725804 -0.991515
    outer loop
      vertex 61.8333 74.5821 114.971
      vertex 61.6171 72.0821 114.961
      vertex 60.7462 72.0821 114.847
    endloop
  endfacet
  facet normal -0.188825 -0.0154912 -0.981889
    outer loop
      vertex 65.1167 72.0821 114.656
      vertex 64.48 74.5821 114.739
      vertex 65.1219 72.0821 114.655
    endloop
  endfacet
  facet normal -0.217159 -0.0229072 -0.975867
    outer loop
      vertex 64.48 74.5821 114.739
      vertex 65.1167 72.0821 114.656
      vertex 63.8284 74.5821 114.884
    endloop
  endfacet
  facet normal -0.0458444 0 -0.998949
    outer loop
      vertex 63.1667 74.5621 114.971
      vertex 63.3846 72.0621 114.961
      vertex 63.3846 72.0421 114.961
    endloop
  endfacet
  facet normal -0.0458444 0 -0.998949
    outer loop
      vertex 63.3846 72.0621 114.961
      vertex 63.1667 74.5621 114.971
      vertex 63.1667 74.5821 114.971
    endloop
  endfacet
  facet normal -0.370476 -0.0701385 -0.92619
    outer loop
      vertex 65.9597 72.0821 114.391
      vertex 65.1164 74.5821 114.539
      vertex 65.9647 72.0821 114.389
    endloop
  endfacet
  facet normal -0.299513 -0.0446111 -0.953049
    outer loop
      vertex 65.1164 74.5821 114.539
      vertex 65.9597 72.0821 114.391
      vertex 64.48 74.5821 114.739
    endloop
  endfacet
  facet normal 0.788155 -0.521654 -0.326632
    outer loop
      vertex 55.3114 74.5821 109.966
      vertex 53.3169 72.0821 109.146
      vertex 52.9808 72.0821 108.335
    endloop
  endfacet
  facet normal -0.843489 0 -0.537146
    outer loop
      vertex 71.2901 70.83 109.925
      vertex 70.8144 72.0821 110.672
      vertex 71.2901 72.0821 109.925
    endloop
  endfacet
  facet normal -0.843489 -0 -0.537146
    outer loop
      vertex 70.8144 72.0821 110.672
      vertex 71.2901 70.83 109.925
      vertex 70.8144 70.83 110.672
    endloop
  endfacet
  facet normal -0.793115 0 -0.609072
    outer loop
      vertex 70.8144 70.83 110.672
      vertex 70.2753 72.0821 111.374
      vertex 70.8144 72.0821 110.672
    endloop
  endfacet
  facet normal -0.793115 -0 -0.609072
    outer loop
      vertex 70.2753 72.0821 111.374
      vertex 70.8144 70.83 110.672
      vertex 70.2753 70.83 111.374
    endloop
  endfacet
  facet normal -0.73737 0 -0.675489
    outer loop
      vertex 70.2753 70.83 111.374
      vertex 69.6771 72.0821 112.027
      vertex 70.2753 72.0821 111.374
    endloop
  endfacet
  facet normal -0.73737 -0 -0.675489
    outer loop
      vertex 69.6771 72.0821 112.027
      vertex 70.2753 70.83 111.374
      vertex 69.6771 70.83 112.027
    endloop
  endfacet
  facet normal -0.68955 -0.26929 -0.672312
    outer loop
      vertex 69.0115 72.0821 112.63
      vertex 67.9094 74.5821 112.759
      vertex 69.0154 72.0821 112.626
    endloop
  endfacet
  facet normal -0.653939 -0.251464 -0.713533
    outer loop
      vertex 67.9094 74.5821 112.759
      vertex 69.0115 72.0821 112.63
      vertex 67.4173 74.5821 113.21
    endloop
  endfacet
  facet normal -0.390543 -0.0718444 -0.917777
    outer loop
      vertex 67.5604 72.0821 113.645
      vertex 66.325 74.5821 113.975
      vertex 67.5651 72.0821 113.643
    endloop
  endfacet
  facet normal -0.458725 -0.110299 -0.881706
    outer loop
      vertex 66.325 74.5821 113.975
      vertex 67.5604 72.0821 113.645
      vertex 65.733 74.5821 114.283
    endloop
  endfacet
  facet normal -0.608728 0 -0.793379
    outer loop
      vertex 68.3218 70.83 113.164
      vertex 69.0243 72.0821 112.625
      vertex 69.0243 70.83 112.625
    endloop
  endfacet
  facet normal -0.608728 0 -0.793379
    outer loop
      vertex 69.0243 72.0821 112.625
      vertex 68.3218 70.83 113.164
      vertex 68.3218 72.0821 113.164
    endloop
  endfacet
  facet normal -0.782736 -0.470353 -0.407545
    outer loop
      vertex 71.6786 72.0821 109.156
      vertex 71.273 72.0821 109.935
      vertex 69.1251 74.5821 111.175
    endloop
  endfacet
  facet normal -0.976259 0 -0.216607
    outer loop
      vertex 72.4958 70.83 106.613
      vertex 72.3041 72.0821 107.477
      vertex 72.4958 72.0821 106.613
    endloop
  endfacet
  facet normal -0.976259 -0 -0.216607
    outer loop
      vertex 72.3041 72.0821 107.477
      vertex 72.4958 70.83 106.613
      vertex 72.3041 70.83 107.477
    endloop
  endfacet
  facet normal 0.843489 0 -0.537146
    outer loop
      vertex 54.1856 70.83 110.672
      vertex 53.7099 72.0821 109.925
      vertex 54.1856 72.0821 110.672
    endloop
  endfacet
  facet normal 0.843489 0 -0.537146
    outer loop
      vertex 53.7099 72.0821 109.925
      vertex 54.1856 70.83 110.672
      vertex 53.7099 70.83 109.925
    endloop
  endfacet
  facet normal 0.531042 -0.152734 -0.833466
    outer loop
      vertex 58.675 74.5821 113.975
      vertex 57.4349 72.0821 113.643
      vertex 56.6941 72.0821 113.171
    endloop
  endfacet
  facet normal 0.458725 -0.110299 -0.881706
    outer loop
      vertex 57.4396 72.0821 113.645
      vertex 58.675 74.5821 113.975
      vertex 59.267 74.5821 114.283
    endloop
  endfacet
  facet normal 0.390543 -0.0718444 -0.917777
    outer loop
      vertex 58.675 74.5821 113.975
      vertex 57.4396 72.0821 113.645
      vertex 57.4349 72.0821 113.643
    endloop
  endfacet
  facet normal 0.459241 -0.110758 -0.88138
    outer loop
      vertex 59.267 74.5821 114.283
      vertex 58.2188 72.0821 114.051
      vertex 57.4396 72.0821 113.645
    endloop
  endfacet
  facet normal 0.130354 -0.00750773 -0.991439
    outer loop
      vertex 60.7462 72.0821 114.847
      vertex 61.1716 74.5821 114.884
      vertex 61.8333 74.5821 114.971
    endloop
  endfacet
  facet normal 0.185381 -0.0170032 -0.98252
    outer loop
      vertex 61.1716 74.5821 114.884
      vertex 60.7462 72.0821 114.847
      vertex 60.7409 72.0821 114.846
    endloop
  endfacet
  facet normal 0.217159 -0.0229072 -0.975867
    outer loop
      vertex 59.8833 72.0821 114.656
      vertex 60.52 74.5821 114.739
      vertex 61.1716 74.5821 114.884
    endloop
  endfacet
  facet normal 0.188825 -0.0154912 -0.981889
    outer loop
      vertex 60.52 74.5821 114.739
      vertex 59.8833 72.0821 114.656
      vertex 59.8781 72.0821 114.655
    endloop
  endfacet
  facet normal 0.0458444 0 -0.998949
    outer loop
      vertex 61.6154 72.0621 114.961
      vertex 61.8333 74.5621 114.971
      vertex 61.6154 72.0421 114.961
    endloop
  endfacet
  facet normal 0.0458444 0 -0.998949
    outer loop
      vertex 61.8333 74.5621 114.971
      vertex 61.6154 72.0621 114.961
      vertex 61.8333 74.5821 114.971
    endloop
  endfacet
  facet normal -0.216249 -0.022419 -0.976081
    outer loop
      vertex 65.1167 72.0821 114.656
      vertex 64.2591 72.0821 114.846
      vertex 63.8284 74.5821 114.884
    endloop
  endfacet
  facet normal -0.216811 0 -0.976214
    outer loop
      vertex 64.2625 70.83 114.846
      vertex 65.127 72.0821 114.654
      vertex 65.127 70.83 114.654
    endloop
  endfacet
  facet normal -0.216811 0 -0.976214
    outer loop
      vertex 65.127 72.0821 114.654
      vertex 64.2625 70.83 114.846
      vertex 64.2625 72.0821 114.846
    endloop
  endfacet
  facet normal -0.300429 0 -0.953804
    outer loop
      vertex 65.127 70.83 114.654
      vertex 65.9715 72.0821 114.388
      vertex 65.9715 70.83 114.388
    endloop
  endfacet
  facet normal -0.300429 0 -0.953804
    outer loop
      vertex 65.9715 72.0821 114.388
      vertex 65.127 70.83 114.654
      vertex 65.127 72.0821 114.654
    endloop
  endfacet
  facet normal 0.783937 -0.569523 -0.247155
    outer loop
      vertex 55.1107 74.5821 109.33
      vertex 52.9792 72.0821 108.33
      vertex 52.715 72.0821 107.492
    endloop
  endfacet
  facet normal 0.77112 -0.613339 -0.170851
    outer loop
      vertex 55.1107 74.5821 109.33
      vertex 52.715 72.0821 107.492
      vertex 52.5249 72.0821 106.634
    endloop
  endfacet
  facet normal -0.571859 -0.178923 -0.800602
    outer loop
      vertex 69.0073 72.0821 112.633
      vertex 67.4173 74.5821 113.21
      vertex 69.0115 72.0821 112.63
    endloop
  endfacet
  facet normal -0.597052 -0.20045 -0.776755
    outer loop
      vertex 67.4173 74.5821 113.21
      vertex 69.0073 72.0821 112.633
      vertex 66.8878 74.5821 113.617
    endloop
  endfacet
  facet normal -0.531042 -0.152734 -0.833466
    outer loop
      vertex 68.3059 72.0821 113.171
      vertex 67.5651 72.0821 113.643
      vertex 66.325 74.5821 113.975
    endloop
  endfacet
  facet normal -0.537489 0 -0.843271
    outer loop
      vertex 67.575 70.83 113.64
      vertex 68.3218 72.0821 113.164
      vertex 68.3218 70.83 113.164
    endloop
  endfacet
  facet normal -0.537489 0 -0.843271
    outer loop
      vertex 68.3218 72.0821 113.164
      vertex 67.575 70.83 113.64
      vertex 67.575 72.0821 113.64
    endloop
  endfacet
  facet normal -0.459241 -0.110758 -0.88138
    outer loop
      vertex 67.5604 72.0821 113.645
      vertex 66.7812 72.0821 114.051
      vertex 65.733 74.5821 114.283
    endloop
  endfacet
  facet normal -0.788155 -0.521654 -0.326632
    outer loop
      vertex 72.0192 72.0821 108.335
      vertex 71.6831 72.0821 109.146
      vertex 69.6886 74.5821 109.966
    endloop
  endfacet
  facet normal -0.77112 -0.613339 -0.170851
    outer loop
      vertex 72.4751 72.0821 106.634
      vertex 72.285 72.0821 107.492
      vertex 69.8893 74.5821 109.33
    endloop
  endfacet
  facet normal -0.953791 0 -0.300472
    outer loop
      vertex 72.3041 70.83 107.477
      vertex 72.0379 72.0821 108.322
      vertex 72.3041 72.0821 107.477
    endloop
  endfacet
  facet normal -0.953791 -0 -0.300472
    outer loop
      vertex 72.0379 72.0821 108.322
      vertex 72.3041 70.83 107.477
      vertex 72.0379 70.83 108.322
    endloop
  endfacet
  facet normal 0.782736 -0.470353 -0.407545
    outer loop
      vertex 55.8749 74.5821 111.175
      vertex 53.727 72.0821 109.935
      vertex 53.3214 72.0821 109.156
    endloop
  endfacet
  facet normal 0.766778 -0.416529 -0.48842
    outer loop
      vertex 55.8749 74.5821 111.175
      vertex 54.199 72.0821 110.676
      vertex 53.727 72.0821 109.935
    endloop
  endfacet
  facet normal 0.461879 0 -0.886943
    outer loop
      vertex 57.425 70.83 113.64
      vertex 58.2104 72.0821 114.049
      vertex 58.2104 70.83 114.049
    endloop
  endfacet
  facet normal 0.461879 0 -0.886943
    outer loop
      vertex 58.2104 72.0821 114.049
      vertex 57.425 70.83 113.64
      vertex 57.425 72.0821 113.64
    endloop
  endfacet
  facet normal 0.382811 0 -0.923827
    outer loop
      vertex 58.2104 70.83 114.049
      vertex 59.0285 72.0821 114.388
      vertex 59.0285 70.83 114.388
    endloop
  endfacet
  facet normal 0.382811 0 -0.923827
    outer loop
      vertex 59.0285 72.0821 114.388
      vertex 58.2104 70.83 114.049
      vertex 58.2104 72.0821 114.049
    endloop
  endfacet
  facet normal 0.597052 -0.20045 -0.776755
    outer loop
      vertex 55.9927 72.0821 112.633
      vertex 57.5827 74.5821 113.21
      vertex 58.1122 74.5821 113.617
    endloop
  endfacet
  facet normal 0.571859 -0.178923 -0.800602
    outer loop
      vertex 57.5827 74.5821 113.21
      vertex 55.9927 72.0821 112.633
      vertex 55.9885 72.0821 112.63
    endloop
  endfacet
  facet normal 0.608728 0 -0.793379
    outer loop
      vertex 55.9757 70.83 112.625
      vertex 56.6782 72.0821 113.164
      vertex 56.6782 70.83 113.164
    endloop
  endfacet
  facet normal 0.608728 0 -0.793379
    outer loop
      vertex 56.6782 72.0821 113.164
      vertex 55.9757 70.83 112.625
      vertex 55.9757 72.0821 112.625
    endloop
  endfacet
  facet normal 0.216811 0 -0.976214
    outer loop
      vertex 59.873 70.83 114.654
      vertex 60.7375 72.0821 114.846
      vertex 60.7375 70.83 114.846
    endloop
  endfacet
  facet normal 0.216811 0 -0.976214
    outer loop
      vertex 60.7375 72.0821 114.846
      vertex 59.873 70.83 114.654
      vertex 59.873 72.0821 114.654
    endloop
  endfacet
  facet normal 0.300237 -0.0450749 -0.952799
    outer loop
      vertex 60.52 74.5821 114.739
      vertex 59.8781 72.0821 114.655
      vertex 59.0403 72.0821 114.391
    endloop
  endfacet
  facet normal 0.216249 -0.022419 -0.976081
    outer loop
      vertex 61.1716 74.5821 114.884
      vertex 60.7409 72.0821 114.846
      vertex 59.8833 72.0821 114.656
    endloop
  endfacet
  facet normal 0.0440449 6.37861e-05 -0.99903
    outer loop
      vertex 61.6154 72.0421 114.961
      vertex 61.8386 74.5421 114.971
      vertex 62.5 72.0421 115
    endloop
  endfacet
  facet normal 0.0458444 0 -0.998949
    outer loop
      vertex 61.8333 74.5421 114.971
      vertex 61.6154 72.0421 114.961
      vertex 61.8333 74.5621 114.971
    endloop
  endfacet
  facet normal 0 0.00399997 -0.999992
    outer loop
      vertex 61.8386 74.5421 114.971
      vertex 61.6154 72.0421 114.961
      vertex 61.8333 74.5421 114.971
    endloop
  endfacet
  facet normal 0 0.00399997 -0.999992
    outer loop
      vertex 63.3846 72.0421 114.961
      vertex 63.1614 74.5421 114.971
      vertex 63.1667 74.5421 114.971
    endloop
  endfacet
  facet normal -0.0440449 6.37861e-05 -0.99903
    outer loop
      vertex 63.1614 74.5421 114.971
      vertex 63.3846 72.0421 114.961
      vertex 62.5 72.0421 115
    endloop
  endfacet
  facet normal -0.0458444 0 -0.998949
    outer loop
      vertex 63.3846 72.0421 114.961
      vertex 63.1667 74.5421 114.971
      vertex 63.1667 74.5621 114.971
    endloop
  endfacet
  facet normal -0.129885 -0 -0.991529
    outer loop
      vertex 63.3846 72.0421 114.961
      vertex 64.2625 70.83 114.846
      vertex 63.3846 70.83 114.961
    endloop
  endfacet
  facet normal -0.129885 0 -0.991529
    outer loop
      vertex 64.2625 70.83 114.846
      vertex 63.3846 72.0421 114.961
      vertex 64.2625 72.0821 114.846
    endloop
  endfacet
  facet normal -0.129885 -0 -0.991529
    outer loop
      vertex 63.3846 72.0621 114.961
      vertex 64.2625 72.0821 114.846
      vertex 63.3846 72.0421 114.961
    endloop
  endfacet
  facet normal -0.129885 0 -0.991529
    outer loop
      vertex 64.2625 72.0821 114.846
      vertex 63.3846 72.0621 114.961
      vertex 63.3846 72.0821 114.961
    endloop
  endfacet
  facet normal -0.185381 -0.0170032 -0.98252
    outer loop
      vertex 64.2538 72.0821 114.847
      vertex 63.8284 74.5821 114.884
      vertex 64.2591 72.0821 114.846
    endloop
  endfacet
  facet normal -0.130354 -0.00750773 -0.991439
    outer loop
      vertex 63.8284 74.5821 114.884
      vertex 64.2538 72.0821 114.847
      vertex 63.1667 74.5821 114.971
    endloop
  endfacet
  facet normal -0.300237 -0.0450749 -0.952799
    outer loop
      vertex 65.9597 72.0821 114.391
      vertex 65.1219 72.0821 114.655
      vertex 64.48 74.5821 114.739
    endloop
  endfacet
  facet normal 0.953791 0 -0.300472
    outer loop
      vertex 52.9621 70.83 108.322
      vertex 52.6959 72.0821 107.477
      vertex 52.9621 72.0821 108.322
    endloop
  endfacet
  facet normal 0.953791 0 -0.300472
    outer loop
      vertex 52.6959 72.0821 107.477
      vertex 52.9621 70.83 108.322
      vertex 52.6959 70.83 107.477
    endloop
  endfacet
  facet normal 0.886893 0 -0.461975
    outer loop
      vertex 53.7099 70.83 109.925
      vertex 53.301 72.0821 109.14
      vertex 53.7099 72.0821 109.925
    endloop
  endfacet
  facet normal 0.886893 0 -0.461975
    outer loop
      vertex 53.301 72.0821 109.14
      vertex 53.7099 70.83 109.925
      vertex 53.301 70.83 109.14
    endloop
  endfacet
  facet normal -0.785675 -0.4904 -0.377124
    outer loop
      vertex 71.6786 72.0821 109.156
      vertex 69.4332 74.5821 110.583
      vertex 71.681 72.0821 109.151
    endloop
  endfacet
  facet normal -0.78274 -0.4705 -0.407368
    outer loop
      vertex 69.4332 74.5821 110.583
      vertex 71.6786 72.0821 109.156
      vertex 69.1251 74.5821 111.175
    endloop
  endfacet
  facet normal -0.787608 -0.519853 -0.330796
    outer loop
      vertex 71.681 72.0821 109.151
      vertex 69.6886 74.5821 109.966
      vertex 71.6831 72.0821 109.146
    endloop
  endfacet
  facet normal -0.788206 -0.521805 -0.326269
    outer loop
      vertex 69.6886 74.5821 109.966
      vertex 71.681 72.0821 109.151
      vertex 69.4332 74.5821 110.583
    endloop
  endfacet
  facet normal -0.92385 0 -0.382754
    outer loop
      vertex 72.0379 70.83 108.322
      vertex 71.699 72.0821 109.14
      vertex 72.0379 72.0821 108.322
    endloop
  endfacet
  facet normal -0.92385 -0 -0.382754
    outer loop
      vertex 71.699 72.0821 109.14
      vertex 72.0379 70.83 108.322
      vertex 71.699 70.83 109.14
    endloop
  endfacet
  facet normal -0.886893 0 -0.461975
    outer loop
      vertex 71.699 70.83 109.14
      vertex 71.2901 72.0821 109.925
      vertex 71.699 72.0821 109.14
    endloop
  endfacet
  facet normal -0.886893 -0 -0.461975
    outer loop
      vertex 71.2901 72.0821 109.925
      vertex 71.699 70.83 109.14
      vertex 71.2901 70.83 109.925
    endloop
  endfacet
  facet normal -0.783937 -0.569523 -0.247155
    outer loop
      vertex 72.285 72.0821 107.492
      vertex 72.0208 72.0821 108.33
      vertex 69.8893 74.5821 109.33
    endloop
  endfacet
  facet normal -0.783875 -0.567996 -0.25084
    outer loop
      vertex 72.0192 72.0821 108.335
      vertex 69.8893 74.5821 109.33
      vertex 72.0208 72.0821 108.33
    endloop
  endfacet
  facet normal -0.783937 -0.569424 -0.247384
    outer loop
      vertex 69.8893 74.5821 109.33
      vertex 72.0192 72.0821 108.335
      vertex 69.6886 74.5821 109.966
    endloop
  endfacet
  facet normal 0.73737 0 -0.675489
    outer loop
      vertex 55.3229 70.83 112.027
      vertex 54.7247 72.0821 111.374
      vertex 55.3229 72.0821 112.027
    endloop
  endfacet
  facet normal 0.73737 0 -0.675489
    outer loop
      vertex 54.7247 72.0821 111.374
      vertex 55.3229 70.83 112.027
      vertex 54.7247 70.83 111.374
    endloop
  endfacet
  facet normal 0.537489 0 -0.843271
    outer loop
      vertex 56.6782 70.83 113.164
      vertex 57.425 72.0821 113.64
      vertex 57.425 70.83 113.64
    endloop
  endfacet
  facet normal 0.537489 0 -0.843271
    outer loop
      vertex 57.425 72.0821 113.64
      vertex 56.6782 70.83 113.164
      vertex 56.6782 72.0821 113.164
    endloop
  endfacet
  facet normal 0.596646 -0.19993 -0.777201
    outer loop
      vertex 58.1122 74.5821 113.617
      vertex 56.6896 72.0821 113.168
      vertex 55.9927 72.0821 112.633
    endloop
  endfacet
  facet normal 0.530473 -0.152131 -0.833939
    outer loop
      vertex 56.6941 72.0821 113.171
      vertex 58.1122 74.5821 113.617
      vertex 58.675 74.5821 113.975
    endloop
  endfacet
  facet normal 0.547193 -0.163961 -0.82079
    outer loop
      vertex 58.1122 74.5821 113.617
      vertex 56.6941 72.0821 113.171
      vertex 56.6896 72.0821 113.168
    endloop
  endfacet
  facet normal 0.299513 -0.0446111 -0.953049
    outer loop
      vertex 59.0403 72.0821 114.391
      vertex 59.8836 74.5821 114.539
      vertex 60.52 74.5821 114.739
    endloop
  endfacet
  facet normal 0.370476 -0.0701385 -0.92619
    outer loop
      vertex 59.8836 74.5821 114.539
      vertex 59.0403 72.0821 114.391
      vertex 59.0353 72.0821 114.389
    endloop
  endfacet
  facet normal -0.381452 -0.0744303 -0.921387
    outer loop
      vertex 66.7812 72.0821 114.051
      vertex 65.9696 72.0821 114.387
      vertex 65.733 74.5821 114.283
    endloop
  endfacet
  facet normal -0.382811 0 -0.923827
    outer loop
      vertex 65.9715 70.83 114.388
      vertex 66.7896 72.0821 114.049
      vertex 66.7896 70.83 114.049
    endloop
  endfacet
  facet normal -0.382811 0 -0.923827
    outer loop
      vertex 66.7896 72.0821 114.049
      vertex 65.9715 70.83 114.388
      vertex 65.9715 72.0821 114.388
    endloop
  endfacet
  facet normal -0.376859 -0.0740754 -0.923304
    outer loop
      vertex 65.9647 72.0821 114.389
      vertex 65.733 74.5821 114.283
      vertex 65.9696 72.0821 114.387
    endloop
  endfacet
  facet normal -0.38238 -0.0744893 -0.920998
    outer loop
      vertex 65.733 74.5821 114.283
      vertex 65.9647 72.0821 114.389
      vertex 65.1164 74.5821 114.539
    endloop
  endfacet
  facet normal 0.793115 0 -0.609072
    outer loop
      vertex 54.7247 70.83 111.374
      vertex 54.1856 72.0821 110.672
      vertex 54.7247 72.0821 111.374
    endloop
  endfacet
  facet normal 0.793115 0 -0.609072
    outer loop
      vertex 54.1856 72.0821 110.672
      vertex 54.7247 70.83 111.374
      vertex 54.1856 70.83 110.672
    endloop
  endfacet
  facet normal -0.461879 0 -0.886943
    outer loop
      vertex 66.7896 70.83 114.049
      vertex 67.575 72.0821 113.64
      vertex 67.575 70.83 113.64
    endloop
  endfacet
  facet normal -0.461879 0 -0.886943
    outer loop
      vertex 67.575 72.0821 113.64
      vertex 66.7896 70.83 114.049
      vertex 66.7896 72.0821 114.049
    endloop
  endfacet
  facet normal 0 -1 0
    outer loop
      vertex 64.2538 72.0821 114.847
      vertex 63.3846 72.0821 114.961
      vertex 63.3829 72.0821 114.961
    endloop
  endfacet
  facet normal 0 -1 0
    outer loop
      vertex 64.2625 72.0821 114.846
      vertex 64.2538 72.0821 114.847
      vertex 64.2591 72.0821 114.846
    endloop
  endfacet
  facet normal 0 -1 0
    outer loop
      vertex 64.2538 72.0821 114.847
      vertex 64.2625 72.0821 114.846
      vertex 63.3846 72.0821 114.961
    endloop
  endfacet
  facet normal 0 -1 0
    outer loop
      vertex 65.1167 72.0821 114.656
      vertex 64.2625 72.0821 114.846
      vertex 64.2591 72.0821 114.846
    endloop
  endfacet
  facet normal 0 1 0
    outer loop
      vertex 65.127 72.0821 114.654
      vertex 65.1167 72.0821 114.656
      vertex 65.1219 72.0821 114.655
    endloop
  endfacet
  facet normal 0 -1 0
    outer loop
      vertex 65.1167 72.0821 114.656
      vertex 65.127 72.0821 114.654
      vertex 64.2625 72.0821 114.846
    endloop
  endfacet
  facet normal 0 -1 0
    outer loop
      vertex 65.9597 72.0821 114.391
      vertex 65.127 72.0821 114.654
      vertex 65.1219 72.0821 114.655
    endloop
  endfacet
  facet normal 0 -1 0
    outer loop
      vertex 65.9715 72.0821 114.388
      vertex 65.9597 72.0821 114.391
      vertex 65.9647 72.0821 114.389
    endloop
  endfacet
  facet normal 0 -1 0
    outer loop
      vertex 65.9597 72.0821 114.391
      vertex 65.9715 72.0821 114.388
      vertex 65.127 72.0821 114.654
    endloop
  endfacet
  facet normal 0 -1 0
    outer loop
      vertex 65.9696 72.0821 114.387
      vertex 65.9715 72.0821 114.388
      vertex 65.9647 72.0821 114.389
    endloop
  endfacet
  facet normal 0 -1 0
    outer loop
      vertex 66.7812 72.0821 114.051
      vertex 65.9715 72.0821 114.388
      vertex 65.9696 72.0821 114.387
    endloop
  endfacet
  facet normal 0 -1 0
    outer loop
      vertex 66.7812 72.0821 114.051
      vertex 66.7896 72.0821 114.049
      vertex 65.9715 72.0821 114.388
    endloop
  endfacet
  facet normal 0 -1 0
    outer loop
      vertex 67.5604 72.0821 113.645
      vertex 66.7896 72.0821 114.049
      vertex 66.7812 72.0821 114.051
    endloop
  endfacet
  facet normal 0 -1 0
    outer loop
      vertex 67.575 72.0821 113.64
      vertex 67.5604 72.0821 113.645
      vertex 67.5651 72.0821 113.643
    endloop
  endfacet
  facet normal 0 -1 0
    outer loop
      vertex 67.5604 72.0821 113.645
      vertex 67.575 72.0821 113.64
      vertex 66.7896 72.0821 114.049
    endloop
  endfacet
  facet normal 0 -1 0
    outer loop
      vertex 68.3059 72.0821 113.171
      vertex 67.575 72.0821 113.64
      vertex 67.5651 72.0821 113.643
    endloop
  endfacet
  facet normal 0 -1 0
    outer loop
      vertex 68.3218 72.0821 113.164
      vertex 68.3059 72.0821 113.171
      vertex 68.3104 72.0821 113.168
    endloop
  endfacet
  facet normal 0 -1 0
    outer loop
      vertex 68.3059 72.0821 113.171
      vertex 68.3218 72.0821 113.164
      vertex 67.575 72.0821 113.64
    endloop
  endfacet
  facet normal 0 -1 0
    outer loop
      vertex 69.0073 72.0821 112.633
      vertex 68.3218 72.0821 113.164
      vertex 68.3104 72.0821 113.168
    endloop
  endfacet
  facet normal 0 -1 0
    outer loop
      vertex 69.0243 72.0821 112.625
      vertex 69.0073 72.0821 112.633
      vertex 69.0115 72.0821 112.63
    endloop
  endfacet
  facet normal 0 -1 0
    outer loop
      vertex 69.0073 72.0821 112.633
      vertex 69.0243 72.0821 112.625
      vertex 68.3218 72.0821 113.164
    endloop
  endfacet
  facet normal 0 -1 0
    outer loop
      vertex 69.0154 72.0821 112.626
      vertex 69.0243 72.0821 112.625
      vertex 69.0115 72.0821 112.63
    endloop
  endfacet
  facet normal 0 -1 0
    outer loop
      vertex 69.6631 72.0821 112.033
      vertex 69.0243 72.0821 112.625
      vertex 69.0154 72.0821 112.626
    endloop
  endfacet
  facet normal 0 -1 0
    outer loop
      vertex 69.6631 72.0821 112.033
      vertex 69.6771 72.0821 112.027
      vertex 69.0243 72.0821 112.625
    endloop
  endfacet
  facet normal 0 -1 0
    outer loop
      vertex 69.6667 72.0821 112.029
      vertex 69.6771 72.0821 112.027
      vertex 69.6631 72.0821 112.033
    endloop
  endfacet
  facet normal 0 -1 0
    outer loop
      vertex 70.2601 72.0821 111.381
      vertex 69.6771 72.0821 112.027
      vertex 69.6667 72.0821 112.029
    endloop
  endfacet
  facet normal 0 -1 0
    outer loop
      vertex 70.2601 72.0821 111.381
      vertex 70.2753 72.0821 111.374
      vertex 69.6771 72.0821 112.027
    endloop
  endfacet
  facet normal 0 -1 0
    outer loop
      vertex 70.7949 72.0821 110.684
      vertex 70.2753 72.0821 111.374
      vertex 70.2601 72.0821 111.381
    endloop
  endfacet
  facet normal 0 -1 0
    outer loop
      vertex 70.8144 72.0821 110.672
      vertex 70.7949 72.0821 110.684
      vertex 70.7981 72.0821 110.68
    endloop
  endfacet
  facet normal 0 -1 0
    outer loop
      vertex 70.7949 72.0821 110.684
      vertex 70.8144 72.0821 110.672
      vertex 70.2753 72.0821 111.374
    endloop
  endfacet
  facet normal 0 -1 0
    outer loop
      vertex 70.801 72.0821 110.676
      vertex 70.8144 72.0821 110.672
      vertex 70.7981 72.0821 110.68
    endloop
  endfacet
  facet normal 0 -1 0
    outer loop
      vertex 71.273 72.0821 109.935
      vertex 70.8144 72.0821 110.672
      vertex 70.801 72.0821 110.676
    endloop
  endfacet
  facet normal 0 -1 0
    outer loop
      vertex 71.273 72.0821 109.935
      vertex 71.2901 72.0821 109.925
      vertex 70.8144 72.0821 110.672
    endloop
  endfacet
  facet normal 0 -1 0
    outer loop
      vertex 71.6786 72.0821 109.156
      vertex 71.2901 72.0821 109.925
      vertex 71.273 72.0821 109.935
    endloop
  endfacet
  facet normal 0 -1 0
    outer loop
      vertex 71.699 72.0821 109.14
      vertex 71.6786 72.0821 109.156
      vertex 71.681 72.0821 109.151
    endloop
  endfacet
  facet normal 0 -1 0
    outer loop
      vertex 71.6786 72.0821 109.156
      vertex 71.699 72.0821 109.14
      vertex 71.2901 72.0821 109.925
    endloop
  endfacet
  facet normal 0 -1 0
    outer loop
      vertex 71.6831 72.0821 109.146
      vertex 71.699 72.0821 109.14
      vertex 71.681 72.0821 109.151
    endloop
  endfacet
  facet normal 0 -1 0
    outer loop
      vertex 72.0192 72.0821 108.335
      vertex 71.699 72.0821 109.14
      vertex 71.6831 72.0821 109.146
    endloop
  endfacet
  facet normal 0 -1 0
    outer loop
      vertex 72.0192 72.0821 108.335
      vertex 72.0379 72.0821 108.322
      vertex 71.699 72.0821 109.14
    endloop
  endfacet
  facet normal 0 -1 0
    outer loop
      vertex 72.0208 72.0821 108.33
      vertex 72.0379 72.0821 108.322
      vertex 72.0192 72.0821 108.335
    endloop
  endfacet
  facet normal 0 -1 0
    outer loop
      vertex 72.285 72.0821 107.492
      vertex 72.0379 72.0821 108.322
      vertex 72.0208 72.0821 108.33
    endloop
  endfacet
  facet normal 0 -1 0
    outer loop
      vertex 72.285 72.0821 107.492
      vertex 72.3041 72.0821 107.477
      vertex 72.0379 72.0821 108.322
    endloop
  endfacet
  facet normal 0 -1 0
    outer loop
      vertex 72.4751 72.0821 106.634
      vertex 72.3041 72.0821 107.477
      vertex 72.285 72.0821 107.492
    endloop
  endfacet
  facet normal 0 -1 0
    outer loop
      vertex 72.4958 72.0821 106.613
      vertex 72.4751 72.0821 106.634
      vertex 72.4762 72.0821 106.629
    endloop
  endfacet
  facet normal 0 -1 0
    outer loop
      vertex 72.4751 72.0821 106.634
      vertex 72.4958 72.0821 106.613
      vertex 72.3041 72.0821 107.477
    endloop
  endfacet
  facet normal 0 -1 0
    outer loop
      vertex 72.5909 72.0821 105.758
      vertex 72.4958 72.0821 106.613
      vertex 72.4762 72.0821 106.629
    endloop
  endfacet
  facet normal 0 -1 0
    outer loop
      vertex 72.6114 72.0821 105.735
      vertex 72.5909 72.0821 105.758
      vertex 72.5916 72.0821 105.753
    endloop
  endfacet
  facet normal 0 -1 0
    outer loop
      vertex 72.5909 72.0821 105.758
      vertex 72.6114 72.0821 105.735
      vertex 72.4958 72.0821 106.613
    endloop
  endfacet
  facet normal 0 -1 0
    outer loop
      vertex 72.5918 72.0821 105.747
      vertex 72.6114 72.0821 105.735
      vertex 72.5916 72.0821 105.753
    endloop
  endfacet
  facet normal 0 -1 0
    outer loop
      vertex 72.6301 72.0821 104.87
      vertex 72.6114 72.0821 105.735
      vertex 72.5918 72.0821 105.747
    endloop
  endfacet
  facet normal 0 -1 0
    outer loop
      vertex 72.6301 72.0821 104.87
      vertex 72.65 72.0821 104.85
      vertex 72.6114 72.0821 105.735
    endloop
  endfacet
  facet normal 0 -1 0
    outer loop
      vertex 72.6301 72.0821 0
      vertex 72.65 72.0821 104.85
      vertex 72.6301 72.0821 104.87
    endloop
  endfacet
  facet normal 0 -1 -0
    outer loop
      vertex 72.65 72.0821 104.85
      vertex 72.6301 72.0821 0
      vertex 72.65 72.0821 0
    endloop
  endfacet
  facet normal 0 -1 -0
    outer loop
      vertex 61.6154 72.0821 114.961
      vertex 60.7462 72.0821 114.847
      vertex 61.6171 72.0821 114.961
    endloop
  endfacet
  facet normal 0 -1 0
    outer loop
      vertex 60.7375 72.0821 114.846
      vertex 60.7462 72.0821 114.847
      vertex 61.6154 72.0821 114.961
    endloop
  endfacet
  facet normal 0 -1 0
    outer loop
      vertex 60.7462 72.0821 114.847
      vertex 60.7375 72.0821 114.846
      vertex 60.7409 72.0821 114.846
    endloop
  endfacet
  facet normal 0 -1 -0
    outer loop
      vertex 60.7375 72.0821 114.846
      vertex 59.8833 72.0821 114.656
      vertex 60.7409 72.0821 114.846
    endloop
  endfacet
  facet normal 0 -1 0
    outer loop
      vertex 59.873 72.0821 114.654
      vertex 59.8833 72.0821 114.656
      vertex 60.7375 72.0821 114.846
    endloop
  endfacet
  facet normal 0 1 0
    outer loop
      vertex 59.8833 72.0821 114.656
      vertex 59.873 72.0821 114.654
      vertex 59.8781 72.0821 114.655
    endloop
  endfacet
  facet normal 0 -1 -0
    outer loop
      vertex 59.873 72.0821 114.654
      vertex 59.0403 72.0821 114.391
      vertex 59.8781 72.0821 114.655
    endloop
  endfacet
  facet normal 0 -1 0
    outer loop
      vertex 59.0285 72.0821 114.388
      vertex 59.0403 72.0821 114.391
      vertex 59.873 72.0821 114.654
    endloop
  endfacet
  facet normal 0 -1 0
    outer loop
      vertex 59.0403 72.0821 114.391
      vertex 59.0285 72.0821 114.388
      vertex 59.0353 72.0821 114.389
    endloop
  endfacet
  facet normal 0 -1 0
    outer loop
      vertex 59.0285 72.0821 114.388
      vertex 59.0304 72.0821 114.387
      vertex 59.0353 72.0821 114.389
    endloop
  endfacet
  facet normal 0 -1 -0
    outer loop
      vertex 59.0285 72.0821 114.388
      vertex 58.2188 72.0821 114.051
      vertex 59.0304 72.0821 114.387
    endloop
  endfacet
  facet normal 0 -1 0
    outer loop
      vertex 58.2104 72.0821 114.049
      vertex 58.2188 72.0821 114.051
      vertex 59.0285 72.0821 114.388
    endloop
  endfacet
  facet normal 0 -1 -0
    outer loop
      vertex 58.2104 72.0821 114.049
      vertex 57.4396 72.0821 113.645
      vertex 58.2188 72.0821 114.051
    endloop
  endfacet
  facet normal 0 -1 0
    outer loop
      vertex 57.425 72.0821 113.64
      vertex 57.4396 72.0821 113.645
      vertex 58.2104 72.0821 114.049
    endloop
  endfacet
  facet normal 0 -1 0
    outer loop
      vertex 57.4396 72.0821 113.645
      vertex 57.425 72.0821 113.64
      vertex 57.4349 72.0821 113.643
    endloop
  endfacet
  facet normal 0 -1 -0
    outer loop
      vertex 57.425 72.0821 113.64
      vertex 56.6941 72.0821 113.171
      vertex 57.4349 72.0821 113.643
    endloop
  endfacet
  facet normal 0 -1 0
    outer loop
      vertex 56.6782 72.0821 113.164
      vertex 56.6941 72.0821 113.171
      vertex 57.425 72.0821 113.64
    endloop
  endfacet
  facet normal 0 -1 0
    outer loop
      vertex 56.6941 72.0821 113.171
      vertex 56.6782 72.0821 113.164
      vertex 56.6896 72.0821 113.168
    endloop
  endfacet
  facet normal 0 -1 -0
    outer loop
      vertex 56.6782 72.0821 113.164
      vertex 55.9927 72.0821 112.633
      vertex 56.6896 72.0821 113.168
    endloop
  endfacet
  facet normal 0 -1 0
    outer loop
      vertex 55.9757 72.0821 112.625
      vertex 55.9927 72.0821 112.633
      vertex 56.6782 72.0821 113.164
    endloop
  endfacet
  facet normal 0 -1 0
    outer loop
      vertex 55.9927 72.0821 112.633
      vertex 55.9757 72.0821 112.625
      vertex 55.9885 72.0821 112.63
    endloop
  endfacet
  facet normal 0 -1 0
    outer loop
      vertex 55.9757 72.0821 112.625
      vertex 55.9846 72.0821 112.626
      vertex 55.9885 72.0821 112.63
    endloop
  endfacet
  facet normal 0 -1 -0
    outer loop
      vertex 55.9757 72.0821 112.625
      vertex 55.3369 72.0821 112.033
      vertex 55.9846 72.0821 112.626
    endloop
  endfacet
  facet normal 0 -1 0
    outer loop
      vertex 55.3229 72.0821 112.027
      vertex 55.3369 72.0821 112.033
      vertex 55.9757 72.0821 112.625
    endloop
  endfacet
  facet normal 0 -1 0
    outer loop
      vertex 55.3229 72.0821 112.027
      vertex 55.3333 72.0821 112.029
      vertex 55.3369 72.0821 112.033
    endloop
  endfacet
  facet normal 0 -1 -0
    outer loop
      vertex 55.3229 72.0821 112.027
      vertex 54.7399 72.0821 111.381
      vertex 55.3333 72.0821 112.029
    endloop
  endfacet
  facet normal 0 -1 0
    outer loop
      vertex 54.7247 72.0821 111.374
      vertex 54.7399 72.0821 111.381
      vertex 55.3229 72.0821 112.027
    endloop
  endfacet
  facet normal 0 -1 -0
    outer loop
      vertex 54.7247 72.0821 111.374
      vertex 54.2051 72.0821 110.684
      vertex 54.7399 72.0821 111.381
    endloop
  endfacet
  facet normal 0 -1 0
    outer loop
      vertex 54.1856 72.0821 110.672
      vertex 54.2051 72.0821 110.684
      vertex 54.7247 72.0821 111.374
    endloop
  endfacet
  facet normal 0 -1 0
    outer loop
      vertex 54.2051 72.0821 110.684
      vertex 54.1856 72.0821 110.672
      vertex 54.2019 72.0821 110.68
    endloop
  endfacet
  facet normal 0 -1 0
    outer loop
      vertex 54.1856 72.0821 110.672
      vertex 54.199 72.0821 110.676
      vertex 54.2019 72.0821 110.68
    endloop
  endfacet
  facet normal 0 -1 -0
    outer loop
      vertex 54.1856 72.0821 110.672
      vertex 53.727 72.0821 109.935
      vertex 54.199 72.0821 110.676
    endloop
  endfacet
  facet normal 0 -1 0
    outer loop
      vertex 53.7099 72.0821 109.925
      vertex 53.727 72.0821 109.935
      vertex 54.1856 72.0821 110.672
    endloop
  endfacet
  facet normal 0 -1 -0
    outer loop
      vertex 53.7099 72.0821 109.925
      vertex 53.3214 72.0821 109.156
      vertex 53.727 72.0821 109.935
    endloop
  endfacet
  facet normal 0 -1 0
    outer loop
      vertex 53.301 72.0821 109.14
      vertex 53.3214 72.0821 109.156
      vertex 53.7099 72.0821 109.925
    endloop
  endfacet
  facet normal 0 -1 0
    outer loop
      vertex 53.3214 72.0821 109.156
      vertex 53.301 72.0821 109.14
      vertex 53.319 72.0821 109.151
    endloop
  endfacet
  facet normal 0 -1 0
    outer loop
      vertex 53.301 72.0821 109.14
      vertex 53.3169 72.0821 109.146
      vertex 53.319 72.0821 109.151
    endloop
  endfacet
  facet normal 0 -1 -0
    outer loop
      vertex 53.301 72.0821 109.14
      vertex 52.9808 72.0821 108.335
      vertex 53.3169 72.0821 109.146
    endloop
  endfacet
  facet normal 0 -1 0
    outer loop
      vertex 52.9621 72.0821 108.322
      vertex 52.9808 72.0821 108.335
      vertex 53.301 72.0821 109.14
    endloop
  endfacet
  facet normal 0 -1 0
    outer loop
      vertex 52.9621 72.0821 108.322
      vertex 52.9792 72.0821 108.33
      vertex 52.9808 72.0821 108.335
    endloop
  endfacet
  facet normal 0 -1 -0
    outer loop
      vertex 52.9621 72.0821 108.322
      vertex 52.715 72.0821 107.492
      vertex 52.9792 72.0821 108.33
    endloop
  endfacet
  facet normal 0 -1 0
    outer loop
      vertex 52.6959 72.0821 107.477
      vertex 52.715 72.0821 107.492
      vertex 52.9621 72.0821 108.322
    endloop
  endfacet
  facet normal 0 -1 -0
    outer loop
      vertex 52.6959 72.0821 107.477
      vertex 52.5249 72.0821 106.634
      vertex 52.715 72.0821 107.492
    endloop
  endfacet
  facet normal 0 -1 0
    outer loop
      vertex 52.5042 72.0821 106.613
      vertex 52.5249 72.0821 106.634
      vertex 52.6959 72.0821 107.477
    endloop
  endfacet
  facet normal 0 -1 0
    outer loop
      vertex 52.5249 72.0821 106.634
      vertex 52.5042 72.0821 106.613
      vertex 52.5238 72.0821 106.629
    endloop
  endfacet
  facet normal 0 -1 -0
    outer loop
      vertex 52.5042 72.0821 106.613
      vertex 52.4091 72.0821 105.758
      vertex 52.5238 72.0821 106.629
    endloop
  endfacet
  facet normal 0 -1 0
    outer loop
      vertex 52.3886 72.0821 105.735
      vertex 52.4091 72.0821 105.758
      vertex 52.5042 72.0821 106.613
    endloop
  endfacet
  facet normal 0 -1 0
    outer loop
      vertex 52.4091 72.0821 105.758
      vertex 52.3886 72.0821 105.735
      vertex 52.4084 72.0821 105.753
    endloop
  endfacet
  facet normal 0 -1 0
    outer loop
      vertex 52.3886 72.0821 105.735
      vertex 52.4082 72.0821 105.747
      vertex 52.4084 72.0821 105.753
    endloop
  endfacet
  facet normal 0 -1 -0
    outer loop
      vertex 52.3886 72.0821 105.735
      vertex 52.3698 72.0821 104.87
      vertex 52.4082 72.0821 105.747
    endloop
  endfacet
  facet normal 0 -1 0
    outer loop
      vertex 52.35 72.0821 104.85
      vertex 52.3698 72.0821 104.87
      vertex 52.3886 72.0821 105.735
    endloop
  endfacet
  facet normal 0 -1 0
    outer loop
      vertex 52.3698 72.0821 0
      vertex 52.35 72.0821 104.85
      vertex 52.35 72.0821 0
    endloop
  endfacet
  facet normal 0 -1 0
    outer loop
      vertex 52.35 72.0821 104.85
      vertex 52.3698 72.0821 0
      vertex 52.3698 72.0821 104.87
    endloop
  endfacet
  facet normal 0 1 0
    outer loop
      vertex 63.3846 70.83 114.961
      vertex 61.6154 70.83 114.961
      vertex 62.5 70.83 115
    endloop
  endfacet
  facet normal 0 1 0
    outer loop
      vertex 64.2625 70.83 114.846
      vertex 61.6154 70.83 114.961
      vertex 63.3846 70.83 114.961
    endloop
  endfacet
  facet normal 0 1 0
    outer loop
      vertex 64.2625 70.83 114.846
      vertex 60.7375 70.83 114.846
      vertex 61.6154 70.83 114.961
    endloop
  endfacet
  facet normal 0 1 0
    outer loop
      vertex 65.127 70.83 114.654
      vertex 60.7375 70.83 114.846
      vertex 64.2625 70.83 114.846
    endloop
  endfacet
  facet normal 0 1 0
    outer loop
      vertex 65.127 70.83 114.654
      vertex 59.873 70.83 114.654
      vertex 60.7375 70.83 114.846
    endloop
  endfacet
  facet normal 0 1 0
    outer loop
      vertex 65.9715 70.83 114.388
      vertex 59.873 70.83 114.654
      vertex 65.127 70.83 114.654
    endloop
  endfacet
  facet normal 0 1 0
    outer loop
      vertex 65.9715 70.83 114.388
      vertex 59.0285 70.83 114.388
      vertex 59.873 70.83 114.654
    endloop
  endfacet
  facet normal 0 1 0
    outer loop
      vertex 66.7896 70.83 114.049
      vertex 59.0285 70.83 114.388
      vertex 65.9715 70.83 114.388
    endloop
  endfacet
  facet normal 0 1 0
    outer loop
      vertex 66.7896 70.83 114.049
      vertex 58.2104 70.83 114.049
      vertex 59.0285 70.83 114.388
    endloop
  endfacet
  facet normal 0 1 0
    outer loop
      vertex 67.575 70.83 113.64
      vertex 58.2104 70.83 114.049
      vertex 66.7896 70.83 114.049
    endloop
  endfacet
  facet normal 0 1 0
    outer loop
      vertex 67.575 70.83 113.64
      vertex 57.425 70.83 113.64
      vertex 58.2104 70.83 114.049
    endloop
  endfacet
  facet normal 0 1 0
    outer loop
      vertex 68.3218 70.83 113.164
      vertex 57.425 70.83 113.64
      vertex 67.575 70.83 113.64
    endloop
  endfacet
  facet normal 0 1 0
    outer loop
      vertex 68.3218 70.83 113.164
      vertex 56.6782 70.83 113.164
      vertex 57.425 70.83 113.64
    endloop
  endfacet
  facet normal 0 1 0
    outer loop
      vertex 69.0243 70.83 112.625
      vertex 56.6782 70.83 113.164
      vertex 68.3218 70.83 113.164
    endloop
  endfacet
  facet normal 0 1 0
    outer loop
      vertex 69.0243 70.83 112.625
      vertex 55.9757 70.83 112.625
      vertex 56.6782 70.83 113.164
    endloop
  endfacet
  facet normal 0 1 0
    outer loop
      vertex 69.6771 70.83 112.027
      vertex 55.9757 70.83 112.625
      vertex 69.0243 70.83 112.625
    endloop
  endfacet
  facet normal 0 1 0
    outer loop
      vertex 69.6771 70.83 112.027
      vertex 55.3229 70.83 112.027
      vertex 55.9757 70.83 112.625
    endloop
  endfacet
  facet normal 0 1 0
    outer loop
      vertex 70.2753 70.83 111.374
      vertex 55.3229 70.83 112.027
      vertex 69.6771 70.83 112.027
    endloop
  endfacet
  facet normal 0 1 0
    outer loop
      vertex 70.2753 70.83 111.374
      vertex 54.7247 70.83 111.374
      vertex 55.3229 70.83 112.027
    endloop
  endfacet
  facet normal 0 1 0
    outer loop
      vertex 70.8144 70.83 110.672
      vertex 54.7247 70.83 111.374
      vertex 70.2753 70.83 111.374
    endloop
  endfacet
  facet normal 0 1 0
    outer loop
      vertex 70.8144 70.83 110.672
      vertex 54.1856 70.83 110.672
      vertex 54.7247 70.83 111.374
    endloop
  endfacet
  facet normal 0 1 0
    outer loop
      vertex 71.2901 70.83 109.925
      vertex 54.1856 70.83 110.672
      vertex 70.8144 70.83 110.672
    endloop
  endfacet
  facet normal 0 1 0
    outer loop
      vertex 71.2901 70.83 109.925
      vertex 53.7099 70.83 109.925
      vertex 54.1856 70.83 110.672
    endloop
  endfacet
  facet normal 0 1 0
    outer loop
      vertex 71.699 70.83 109.14
      vertex 53.7099 70.83 109.925
      vertex 71.2901 70.83 109.925
    endloop
  endfacet
  facet normal 0 1 0
    outer loop
      vertex 71.699 70.83 109.14
      vertex 53.301 70.83 109.14
      vertex 53.7099 70.83 109.925
    endloop
  endfacet
  facet normal 0 1 0
    outer loop
      vertex 72.0379 70.83 108.322
      vertex 53.301 70.83 109.14
      vertex 71.699 70.83 109.14
    endloop
  endfacet
  facet normal 0 1 0
    outer loop
      vertex 72.0379 70.83 108.322
      vertex 52.9621 70.83 108.322
      vertex 53.301 70.83 109.14
    endloop
  endfacet
  facet normal 0 1 0
    outer loop
      vertex 72.3041 70.83 107.477
      vertex 52.9621 70.83 108.322
      vertex 72.0379 70.83 108.322
    endloop
  endfacet
  facet normal 0 1 0
    outer loop
      vertex 72.3041 70.83 107.477
      vertex 52.6959 70.83 107.477
      vertex 52.9621 70.83 108.322
    endloop
  endfacet
  facet normal 0 1 0
    outer loop
      vertex 72.4958 70.83 106.613
      vertex 52.6959 70.83 107.477
      vertex 72.3041 70.83 107.477
    endloop
  endfacet
  facet normal 0 1 0
    outer loop
      vertex 72.4958 70.83 106.613
      vertex 52.5042 70.83 106.613
      vertex 52.6959 70.83 107.477
    endloop
  endfacet
  facet normal 0 1 0
    outer loop
      vertex 72.6114 70.83 105.735
      vertex 52.5042 70.83 106.613
      vertex 72.4958 70.83 106.613
    endloop
  endfacet
  facet normal 0 1 0
    outer loop
      vertex 72.6114 70.83 105.735
      vertex 52.3886 70.83 105.735
      vertex 52.5042 70.83 106.613
    endloop
  endfacet
  facet normal 0 1 0
    outer loop
      vertex 72.65 70.83 104.85
      vertex 52.3886 70.83 105.735
      vertex 72.6114 70.83 105.735
    endloop
  endfacet
  facet normal 0 1 0
    outer loop
      vertex 72.65 70.83 104.85
      vertex 52.35 70.83 104.85
      vertex 52.3886 70.83 105.735
    endloop
  endfacet
  facet normal 0 1 -0
    outer loop
      vertex 72.65 70.83 0
      vertex 52.35 70.83 104.85
      vertex 72.65 70.83 104.85
    endloop
  endfacet
  facet normal 0 1 0
    outer loop
      vertex 52.35 70.83 104.85
      vertex 72.65 70.83 0
      vertex 52.35 70.83 0
    endloop
  endfacet
  facet normal 0 0 -1
    outer loop
      vertex 61.6154 72.0821 114.961
      vertex 61.6171 72.0821 114.961
      vertex 61.6154 72.0621 114.961
    endloop
  endfacet
  facet normal 0.0440449 0 -0.99903
    outer loop
      vertex 61.6154 70.83 114.961
      vertex 62.5 72.0421 115
      vertex 62.5 70.83 115
    endloop
  endfacet
  facet normal 0.0440449 0 -0.99903
    outer loop
      vertex 62.5 72.0421 115
      vertex 61.6154 70.83 114.961
      vertex 61.6154 72.0421 114.961
    endloop
  endfacet
  facet normal -0 -0 -1
    outer loop
      vertex 63.3846 72.0821 114.961
      vertex 63.3846 72.0621 114.961
      vertex 63.3829 72.0821 114.961
    endloop
  endfacet
  facet normal -0.0440449 0 -0.99903
    outer loop
      vertex 62.5 70.83 115
      vertex 63.3846 72.0421 114.961
      vertex 63.3846 70.83 114.961
    endloop
  endfacet
  facet normal -0.0440449 0 -0.99903
    outer loop
      vertex 63.3846 72.0421 114.961
      vertex 62.5 70.83 115
      vertex 62.5 72.0421 115
    endloop
  endfacet
  facet normal 0.991457 0.130437 0
    outer loop
      vertex 2.01518 2.82634 121.1
      vertex 2.0038 2.91284 2
      vertex 2.0038 2.91284 121.1
    endloop
  endfacet
  facet normal 0.991457 0.130437 0
    outer loop
      vertex 2.0038 2.91284 2
      vertex 2.01518 2.82634 121.1
      vertex 2.01518 2.82634 2
    endloop
  endfacet
  facet normal 0.976271 0.216554 0
    outer loop
      vertex 2.03407 2.74118 121.1
      vertex 2.01518 2.82634 2
      vertex 2.01518 2.82634 121.1
    endloop
  endfacet
  facet normal 0.976271 0.216554 0
    outer loop
      vertex 2.01518 2.82634 2
      vertex 2.03407 2.74118 121.1
      vertex 2.03407 2.74118 2
    endloop
  endfacet
  facet normal 0.999051 0.0435566 0
    outer loop
      vertex 2.0038 2.91284 121.1
      vertex 2 3 2
      vertex 2 3 121.1
    endloop
  endfacet
  facet normal 0.999051 0.0435566 0
    outer loop
      vertex 2 3 2
      vertex 2.0038 2.91284 121.1
      vertex 2.0038 2.91284 2
    endloop
  endfacet
  facet normal 0 1 0
    outer loop
      vertex 72 2 121.1
      vertex 37.5 2 25
      vertex 3 2 121.1
    endloop
  endfacet
  facet normal 0 1 0
    outer loop
      vertex 72 2 121.1
      vertex 39.2431 2 24.9239
      vertex 37.5 2 25
    endloop
  endfacet
  facet normal 0 1 0
    outer loop
      vertex 72 2 121.1
      vertex 40.973 2 24.6962
      vertex 39.2431 2 24.9239
    endloop
  endfacet
  facet normal 0 1 0
    outer loop
      vertex 72 2 121.1
      vertex 42.6764 2 24.3185
      vertex 40.973 2 24.6962
    endloop
  endfacet
  facet normal 0 1 0
    outer loop
      vertex 72 2 121.1
      vertex 44.3404 2 23.7939
      vertex 42.6764 2 24.3185
    endloop
  endfacet
  facet normal 0 1 0
    outer loop
      vertex 72 2 121.1
      vertex 45.9524 2 23.1262
      vertex 44.3404 2 23.7939
    endloop
  endfacet
  facet normal 0 1 0
    outer loop
      vertex 72 2 121.1
      vertex 47.5 2 22.3205
      vertex 45.9524 2 23.1262
    endloop
  endfacet
  facet normal 0 1 0
    outer loop
      vertex 72 2 121.1
      vertex 48.9715 2 21.383
      vertex 47.5 2 22.3205
    endloop
  endfacet
  facet normal 0 1 0
    outer loop
      vertex 72 2 121.1
      vertex 50.3558 2 20.3209
      vertex 48.9715 2 21.383
    endloop
  endfacet
  facet normal 0 1 0
    outer loop
      vertex 72 2 121.1
      vertex 51.6421 2 19.1421
      vertex 50.3558 2 20.3209
    endloop
  endfacet
  facet normal 0 1 0
    outer loop
      vertex 72 2 121.1
      vertex 52.8209 2 17.8558
      vertex 51.6421 2 19.1421
    endloop
  endfacet
  facet normal 0 1 -0
    outer loop
      vertex 72 2 2
      vertex 52.8209 2 17.8558
      vertex 72 2 121.1
    endloop
  endfacet
  facet normal 0 1 0
    outer loop
      vertex 52.8209 2 17.8558
      vertex 72 2 2
      vertex 53.883 2 16.4715
    endloop
  endfacet
  facet normal 0 1 0
    outer loop
      vertex 53.883 2 16.4715
      vertex 72 2 2
      vertex 54.8205 2 15
    endloop
  endfacet
  facet normal 0 1 0
    outer loop
      vertex 54.8205 2 15
      vertex 72 2 2
      vertex 55.6262 2 13.4524
    endloop
  endfacet
  facet normal 0 1 0
    outer loop
      vertex 55.6262 2 13.4524
      vertex 72 2 2
      vertex 56.2939 2 11.8404
    endloop
  endfacet
  facet normal 0 1 0
    outer loop
      vertex 56.2939 2 11.8404
      vertex 72 2 2
      vertex 56.8185 2 10.1764
    endloop
  endfacet
  facet normal 0 1 0
    outer loop
      vertex 56.8185 2 10.1764
      vertex 72 2 2
      vertex 57.1962 2 8.47296
    endloop
  endfacet
  facet normal 0 1 0
    outer loop
      vertex 57.1962 2 8.47296
      vertex 72 2 2
      vertex 57.4239 2 6.74311
    endloop
  endfacet
  facet normal 0 1 0
    outer loop
      vertex 57.4239 2 6.74311
      vertex 72 2 2
      vertex 57.5 2 5.02
    endloop
  endfacet
  facet normal 0 1 0
    outer loop
      vertex 57.5 2 5.02
      vertex 72 2 2
      vertex 57.5 2 2
    endloop
  endfacet
  facet normal 0 1 -0
    outer loop
      vertex 35.7569 2 24.9239
      vertex 3 2 121.1
      vertex 37.5 2 25
    endloop
  endfacet
  facet normal 0 1 -0
    outer loop
      vertex 34.027 2 24.6962
      vertex 3 2 121.1
      vertex 35.7569 2 24.9239
    endloop
  endfacet
  facet normal 0 1 -0
    outer loop
      vertex 32.3236 2 24.3185
      vertex 3 2 121.1
      vertex 34.027 2 24.6962
    endloop
  endfacet
  facet normal 0 1 -0
    outer loop
      vertex 30.6596 2 23.7939
      vertex 3 2 121.1
      vertex 32.3236 2 24.3185
    endloop
  endfacet
  facet normal 0 1 -0
    outer loop
      vertex 29.0476 2 23.1262
      vertex 3 2 121.1
      vertex 30.6596 2 23.7939
    endloop
  endfacet
  facet normal 0 1 -0
    outer loop
      vertex 27.5 2 22.3205
      vertex 3 2 121.1
      vertex 29.0476 2 23.1262
    endloop
  endfacet
  facet normal 0 1 -0
    outer loop
      vertex 26.0285 2 21.383
      vertex 3 2 121.1
      vertex 27.5 2 22.3205
    endloop
  endfacet
  facet normal 0 1 -0
    outer loop
      vertex 24.6442 2 20.3209
      vertex 3 2 121.1
      vertex 26.0285 2 21.383
    endloop
  endfacet
  facet normal 0 1 -0
    outer loop
      vertex 23.3579 2 19.1421
      vertex 3 2 121.1
      vertex 24.6442 2 20.3209
    endloop
  endfacet
  facet normal 0 1 -0
    outer loop
      vertex 22.1791 2 17.8558
      vertex 3 2 121.1
      vertex 23.3579 2 19.1421
    endloop
  endfacet
  facet normal 0 1 0
    outer loop
      vertex 3 2 2
      vertex 22.1791 2 17.8558
      vertex 21.117 2 16.4715
    endloop
  endfacet
  facet normal 0 1 0
    outer loop
      vertex 3 2 2
      vertex 21.117 2 16.4715
      vertex 20.1795 2 15
    endloop
  endfacet
  facet normal 0 1 0
    outer loop
      vertex 3 2 2
      vertex 20.1795 2 15
      vertex 19.3738 2 13.4524
    endloop
  endfacet
  facet normal 0 1 0
    outer loop
      vertex 3 2 2
      vertex 19.3738 2 13.4524
      vertex 18.7061 2 11.8404
    endloop
  endfacet
  facet normal 0 1 0
    outer loop
      vertex 3 2 2
      vertex 18.7061 2 11.8404
      vertex 18.1815 2 10.1764
    endloop
  endfacet
  facet normal 0 1 0
    outer loop
      vertex 3 2 2
      vertex 18.1815 2 10.1764
      vertex 17.8038 2 8.47296
    endloop
  endfacet
  facet normal 0 1 0
    outer loop
      vertex 3 2 2
      vertex 17.8038 2 8.47296
      vertex 17.5761 2 6.74311
    endloop
  endfacet
  facet normal 0 1 0
    outer loop
      vertex 17.5 2 5.02
      vertex 17.5761 2 6.74311
      vertex 17.5009 2 5.02
    endloop
  endfacet
  facet normal 0 1 0
    outer loop
      vertex 3 2 2
      vertex 17.5761 2 6.74311
      vertex 17.5 2 5.02
    endloop
  endfacet
  facet normal 0 1 0
    outer loop
      vertex 3 2 2
      vertex 17.5 2 5.02
      vertex 17.5 2 2
    endloop
  endfacet
  facet normal 0 1 0
    outer loop
      vertex 22.1791 2 17.8558
      vertex 3 2 2
      vertex 3 2 121.1
    endloop
  endfacet
  facet normal 0 1 0
    outer loop
      vertex 57.4239 2 6.74311
      vertex 57.5 2 5.02
      vertex 57.4991 2 5.02
    endloop
  endfacet
  facet normal 0 -1 0
    outer loop
      vertex 2 68.85 2
      vertex 73 68.85 121.1
      vertex 2 68.85 121.1
    endloop
  endfacet
  facet normal 0 -1 -0
    outer loop
      vertex 73 68.85 121.1
      vertex 2 68.85 2
      vertex 73 68.85 2
    endloop
  endfacet
  facet normal -0 0 1
    outer loop
      vertex 43.9279 9.66044 2
      vertex 73 3 2
      vertex 73 68.85 2
    endloop
  endfacet
  facet normal -0 -0 1
    outer loop
      vertex 44.5711 9.07107 2
      vertex 73 3 2
      vertex 43.9279 9.66044 2
    endloop
  endfacet
  facet normal 0 -0 1
    outer loop
      vertex 57.5 2.02 2
      vertex 73 3 2
      vertex 44.5711 9.07107 2
    endloop
  endfacet
  facet normal 0 -0 1
    outer loop
      vertex 72 2 2
      vertex 73 3 2
      vertex 57.5 2.02 2
    endloop
  endfacet
  facet normal 0 0 1
    outer loop
      vertex 73 3 2
      vertex 72 2 2
      vertex 72.9962 2.91284 2
    endloop
  endfacet
  facet normal 0 0 1
    outer loop
      vertex 72.9962 2.91284 2
      vertex 72 2 2
      vertex 72.9848 2.82634 2
    endloop
  endfacet
  facet normal 0 0 1
    outer loop
      vertex 72.9848 2.82634 2
      vertex 72 2 2
      vertex 72.9659 2.74118 2
    endloop
  endfacet
  facet normal 0 0 1
    outer loop
      vertex 72.9659 2.74118 2
      vertex 72 2 2
      vertex 72.9397 2.65797 2
    endloop
  endfacet
  facet normal 0 0 1
    outer loop
      vertex 72.9397 2.65797 2
      vertex 72 2 2
      vertex 72.9063 2.57738 2
    endloop
  endfacet
  facet normal 0 0 1
    outer loop
      vertex 72.9063 2.57738 2
      vertex 72 2 2
      vertex 72.866 2.5 2
    endloop
  endfacet
  facet normal 0 0 1
    outer loop
      vertex 72.866 2.5 2
      vertex 72 2 2
      vertex 72.8191 2.42642 2
    endloop
  endfacet
  facet normal 0 0 1
    outer loop
      vertex 72.8191 2.42642 2
      vertex 72 2 2
      vertex 72.766 2.35721 2
    endloop
  endfacet
  facet normal 0 0 1
    outer loop
      vertex 72.766 2.35721 2
      vertex 72 2 2
      vertex 72.7071 2.29289 2
    endloop
  endfacet
  facet normal 0 0 1
    outer loop
      vertex 72.7071 2.29289 2
      vertex 72 2 2
      vertex 72.6428 2.23395 2
    endloop
  endfacet
  facet normal 0 0 1
    outer loop
      vertex 72.4226 2.09369 2
      vertex 72 2 2
      vertex 72.342 2.0603 2
    endloop
  endfacet
  facet normal 0 0 1
    outer loop
      vertex 72.342 2.0603 2
      vertex 72 2 2
      vertex 72.2588 2.03407 2
    endloop
  endfacet
  facet normal 0 0 1
    outer loop
      vertex 72.2588 2.03407 2
      vertex 72 2 2
      vertex 72.1736 2.01518 2
    endloop
  endfacet
  facet normal 0 0 1
    outer loop
      vertex 72.1736 2.01518 2
      vertex 72 2 2
      vertex 72.0871 2.0038 2
    endloop
  endfacet
  facet normal 0 0 1
    outer loop
      vertex 72.5 2.13397 2
      vertex 72 2 2
      vertex 72.4226 2.09369 2
    endloop
  endfacet
  facet normal 0 0 1
    outer loop
      vertex 72.5736 2.18085 2
      vertex 72 2 2
      vertex 72.5 2.13397 2
    endloop
  endfacet
  facet normal 0 0 1
    outer loop
      vertex 57.5 2.02 2
      vertex 47.4619 2.87156 2
      vertex 47.4991 2.02 2
    endloop
  endfacet
  facet normal 0 0 1
    outer loop
      vertex 57.5 2.02 2
      vertex 47.3481 3.73648 2
      vertex 47.4619 2.87156 2
    endloop
  endfacet
  facet normal 0 0 1
    outer loop
      vertex 57.5 2.02 2
      vertex 47.1593 4.58819 2
      vertex 47.3481 3.73648 2
    endloop
  endfacet
  facet normal 0 0 1
    outer loop
      vertex 57.5 2.02 2
      vertex 46.8969 5.4202 2
      vertex 47.1593 4.58819 2
    endloop
  endfacet
  facet normal 0 0 1
    outer loop
      vertex 57.5 2.02 2
      vertex 46.5631 6.22618 2
      vertex 46.8969 5.4202 2
    endloop
  endfacet
  facet normal 0 0 1
    outer loop
      vertex 57.5 2.02 2
      vertex 46.1603 7 2
      vertex 46.5631 6.22618 2
    endloop
  endfacet
  facet normal 0 0 1
    outer loop
      vertex 57.5 2.02 2
      vertex 45.6915 7.73576 2
      vertex 46.1603 7 2
    endloop
  endfacet
  facet normal 0 0 1
    outer loop
      vertex 57.5 2.02 2
      vertex 45.1604 8.42788 2
      vertex 45.6915 7.73576 2
    endloop
  endfacet
  facet normal 0 0 1
    outer loop
      vertex 57.5 2.02 2
      vertex 44.5711 9.07107 2
      vertex 45.1604 8.42788 2
    endloop
  endfacet
  facet normal 0 0 1
    outer loop
      vertex 72.6428 2.23395 2
      vertex 72 2 2
      vertex 72.5736 2.18085 2
    endloop
  endfacet
  facet normal 0 0 1
    outer loop
      vertex 73 68.85 2
      vertex 43.2358 10.1915 2
      vertex 43.9279 9.66044 2
    endloop
  endfacet
  facet normal 0 0 1
    outer loop
      vertex 73 68.85 2
      vertex 42.5 10.6603 2
      vertex 43.2358 10.1915 2
    endloop
  endfacet
  facet normal 0 0 1
    outer loop
      vertex 73 68.85 2
      vertex 41.7262 11.0631 2
      vertex 42.5 10.6603 2
    endloop
  endfacet
  facet normal 0 0 1
    outer loop
      vertex 73 68.85 2
      vertex 40.9202 11.3969 2
      vertex 41.7262 11.0631 2
    endloop
  endfacet
  facet normal 0 0 1
    outer loop
      vertex 73 68.85 2
      vertex 40.0882 11.6593 2
      vertex 40.9202 11.3969 2
    endloop
  endfacet
  facet normal 0 0 1
    outer loop
      vertex 73 68.85 2
      vertex 39.2365 11.8481 2
      vertex 40.0882 11.6593 2
    endloop
  endfacet
  facet normal 0 0 1
    outer loop
      vertex 73 68.85 2
      vertex 38.3716 11.9619 2
      vertex 39.2365 11.8481 2
    endloop
  endfacet
  facet normal 0 0 1
    outer loop
      vertex 73 68.85 2
      vertex 37.5 12 2
      vertex 38.3716 11.9619 2
    endloop
  endfacet
  facet normal -0 0 1
    outer loop
      vertex 2 68.85 2
      vertex 37.5 12 2
      vertex 73 68.85 2
    endloop
  endfacet
  facet normal 0 0 1
    outer loop
      vertex 37.5 12 2
      vertex 2 68.85 2
      vertex 36.6284 11.9619 2
    endloop
  endfacet
  facet normal 0 0 1
    outer loop
      vertex 36.6284 11.9619 2
      vertex 2 68.85 2
      vertex 35.7635 11.8481 2
    endloop
  endfacet
  facet normal 0 0 1
    outer loop
      vertex 35.7635 11.8481 2
      vertex 2 68.85 2
      vertex 34.9118 11.6593 2
    endloop
  endfacet
  facet normal 0 0 1
    outer loop
      vertex 34.9118 11.6593 2
      vertex 2 68.85 2
      vertex 34.0798 11.3969 2
    endloop
  endfacet
  facet normal 0 0 1
    outer loop
      vertex 34.0798 11.3969 2
      vertex 2 68.85 2
      vertex 33.2738 11.0631 2
    endloop
  endfacet
  facet normal 0 0 1
    outer loop
      vertex 33.2738 11.0631 2
      vertex 2 68.85 2
      vertex 32.5 10.6603 2
    endloop
  endfacet
  facet normal 0 0 1
    outer loop
      vertex 32.5 10.6603 2
      vertex 2 68.85 2
      vertex 31.7642 10.1915 2
    endloop
  endfacet
  facet normal 0 0 1
    outer loop
      vertex 31.7642 10.1915 2
      vertex 2 68.85 2
      vertex 31.0721 9.66044 2
    endloop
  endfacet
  facet normal 0 0 1
    outer loop
      vertex 2 3 2
      vertex 31.0721 9.66044 2
      vertex 2 68.85 2
    endloop
  endfacet
  facet normal 0 0 1
    outer loop
      vertex 31.0721 9.66044 2
      vertex 2 3 2
      vertex 30.4289 9.07107 2
    endloop
  endfacet
  facet normal 0 0 1
    outer loop
      vertex 27.5381 2.87156 2
      vertex 17.5 2.02 2
      vertex 27.5009 2.02 2
    endloop
  endfacet
  facet normal 0 0 1
    outer loop
      vertex 27.6519 3.73648 2
      vertex 17.5 2.02 2
      vertex 27.5381 2.87156 2
    endloop
  endfacet
  facet normal 0 0 1
    outer loop
      vertex 27.8407 4.58819 2
      vertex 17.5 2.02 2
      vertex 27.6519 3.73648 2
    endloop
  endfacet
  facet normal 0 0 1
    outer loop
      vertex 28.1031 5.4202 2
      vertex 17.5 2.02 2
      vertex 27.8407 4.58819 2
    endloop
  endfacet
  facet normal 0 0 1
    outer loop
      vertex 28.4369 6.22618 2
      vertex 17.5 2.02 2
      vertex 28.1031 5.4202 2
    endloop
  endfacet
  facet normal 0 0 1
    outer loop
      vertex 28.8397 7 2
      vertex 17.5 2.02 2
      vertex 28.4369 6.22618 2
    endloop
  endfacet
  facet normal 0 0 1
    outer loop
      vertex 29.3085 7.73576 2
      vertex 17.5 2.02 2
      vertex 28.8397 7 2
    endloop
  endfacet
  facet normal 0 -0 1
    outer loop
      vertex 17.5 2.02 2
      vertex 30.4289 9.07107 2
      vertex 2 3 2
    endloop
  endfacet
  facet normal 0 0 1
    outer loop
      vertex 17.5 2.02 2
      vertex 3 2 2
      vertex 17.5 2 2
    endloop
  endfacet
  facet normal 0 0 1
    outer loop
      vertex 30.4289 9.07107 2
      vertex 17.5 2.02 2
      vertex 29.8396 8.42788 2
    endloop
  endfacet
  facet normal 0 0 1
    outer loop
      vertex 29.8396 8.42788 2
      vertex 17.5 2.02 2
      vertex 29.3085 7.73576 2
    endloop
  endfacet
  facet normal 0 0 1
    outer loop
      vertex 3 2 2
      vertex 2 3 2
      vertex 2.91284 2.0038 2
    endloop
  endfacet
  facet normal 0 0 1
    outer loop
      vertex 2.91284 2.0038 2
      vertex 2 3 2
      vertex 2.82634 2.01518 2
    endloop
  endfacet
  facet normal 0 0 1
    outer loop
      vertex 2.82634 2.01518 2
      vertex 2 3 2
      vertex 2.74118 2.03407 2
    endloop
  endfacet
  facet normal 0 0 1
    outer loop
      vertex 2.74118 2.03407 2
      vertex 2 3 2
      vertex 2.65797 2.0603 2
    endloop
  endfacet
  facet normal 0 0 1
    outer loop
      vertex 2.65797 2.0603 2
      vertex 2 3 2
      vertex 2.57738 2.09369 2
    endloop
  endfacet
  facet normal 0 0 1
    outer loop
      vertex 2.57738 2.09369 2
      vertex 2 3 2
      vertex 2.5 2.13397 2
    endloop
  endfacet
  facet normal 0 0 1
    outer loop
      vertex 2.5 2.13397 2
      vertex 2 3 2
      vertex 2.42642 2.18085 2
    endloop
  endfacet
  facet normal 0 0 1
    outer loop
      vertex 2.42642 2.18085 2
      vertex 2 3 2
      vertex 2.35721 2.23395 2
    endloop
  endfacet
  facet normal 0 0 1
    outer loop
      vertex 2.35721 2.23395 2
      vertex 2 3 2
      vertex 2.29289 2.29289 2
    endloop
  endfacet
  facet normal 0 0 1
    outer loop
      vertex 2.29289 2.29289 2
      vertex 2 3 2
      vertex 2.23395 2.35721 2
    endloop
  endfacet
  facet normal 0 0 1
    outer loop
      vertex 2.23395 2.35721 2
      vertex 2 3 2
      vertex 2.18085 2.42642 2
    endloop
  endfacet
  facet normal 0 0 1
    outer loop
      vertex 2.18085 2.42642 2
      vertex 2 3 2
      vertex 2.13397 2.5 2
    endloop
  endfacet
  facet normal 0 0 1
    outer loop
      vertex 2.13397 2.5 2
      vertex 2 3 2
      vertex 2.09369 2.57738 2
    endloop
  endfacet
  facet normal 0 0 1
    outer loop
      vertex 2.09369 2.57738 2
      vertex 2 3 2
      vertex 2.0603 2.65797 2
    endloop
  endfacet
  facet normal 0 0 1
    outer loop
      vertex 2.0603 2.65797 2
      vertex 2 3 2
      vertex 2.03407 2.74118 2
    endloop
  endfacet
  facet normal 0 0 1
    outer loop
      vertex 2.03407 2.74118 2
      vertex 2 3 2
      vertex 2.01518 2.82634 2
    endloop
  endfacet
  facet normal 0 0 1
    outer loop
      vertex 17.5 2.02 2
      vertex 2 3 2
      vertex 3 2 2
    endloop
  endfacet
  facet normal 0 0 1
    outer loop
      vertex 2.01518 2.82634 2
      vertex 2 3 2
      vertex 2.0038 2.91284 2
    endloop
  endfacet
  facet normal 0 0 1
    outer loop
      vertex 72 2 2
      vertex 57.5 2.02 2
      vertex 57.5 2 2
    endloop
  endfacet
  facet normal -0.999051 0.0435566 0
    outer loop
      vertex 72.9962 2.91284 2
      vertex 73 3 121.1
      vertex 73 3 2
    endloop
  endfacet
  facet normal -0.999051 0.0435566 0
    outer loop
      vertex 73 3 121.1
      vertex 72.9962 2.91284 2
      vertex 72.9962 2.91284 121.1
    endloop
  endfacet
  facet normal -0.737497 0.675351 0
    outer loop
      vertex 72.7071 2.29289 2
      vertex 72.766 2.35721 121.1
      vertex 72.766 2.35721 2
    endloop
  endfacet
  facet normal -0.737497 0.675351 0
    outer loop
      vertex 72.766 2.35721 121.1
      vertex 72.7071 2.29289 2
      vertex 72.7071 2.29289 121.1
    endloop
  endfacet
  facet normal 0.953737 0.300643 0
    outer loop
      vertex 2.0603 2.65797 121.1
      vertex 2.03407 2.74118 2
      vertex 2.03407 2.74118 121.1
    endloop
  endfacet
  facet normal 0.953737 0.300643 0
    outer loop
      vertex 2.03407 2.74118 2
      vertex 2.0603 2.65797 121.1
      vertex 2.0603 2.65797 2
    endloop
  endfacet
  facet normal -0.953835 0.30033 0
    outer loop
      vertex 72.9397 2.65797 2
      vertex 72.9659 2.74118 121.1
      vertex 72.9659 2.74118 2
    endloop
  endfacet
  facet normal -0.953835 0.30033 0
    outer loop
      vertex 72.9659 2.74118 121.1
      vertex 72.9397 2.65797 2
      vertex 72.9397 2.65797 121.1
    endloop
  endfacet
  facet normal -0.991427 0.130662 0
    outer loop
      vertex 72.9848 2.82634 2
      vertex 72.9962 2.91284 121.1
      vertex 72.9962 2.91284 2
    endloop
  endfacet
  facet normal -0.991427 0.130662 0
    outer loop
      vertex 72.9962 2.91284 121.1
      vertex 72.9848 2.82634 2
      vertex 72.9848 2.82634 121.1
    endloop
  endfacet
  facet normal -0.923804 0.382865 0
    outer loop
      vertex 72.9063 2.57738 2
      vertex 72.9397 2.65797 121.1
      vertex 72.9397 2.65797 2
    endloop
  endfacet
  facet normal -0.923804 0.382865 0
    outer loop
      vertex 72.9397 2.65797 121.1
      vertex 72.9063 2.57738 2
      vertex 72.9063 2.57738 121.1
    endloop
  endfacet
  facet normal 0.0435566 0.999051 -0
    outer loop
      vertex 3 2 2
      vertex 2.91284 2.0038 121.1
      vertex 3 2 121.1
    endloop
  endfacet
  facet normal 0.0435566 0.999051 0
    outer loop
      vertex 2.91284 2.0038 121.1
      vertex 3 2 2
      vertex 2.91284 2.0038 2
    endloop
  endfacet
  facet normal 0.130437 0.991457 -0
    outer loop
      vertex 2.91284 2.0038 2
      vertex 2.82634 2.01518 121.1
      vertex 2.91284 2.0038 121.1
    endloop
  endfacet
  facet normal 0.130437 0.991457 0
    outer loop
      vertex 2.82634 2.01518 121.1
      vertex 2.91284 2.0038 2
      vertex 2.82634 2.01518 2
    endloop
  endfacet
  facet normal 0.6756 0.737268 -0
    outer loop
      vertex 2.35721 2.23395 2
      vertex 2.29289 2.29289 121.1
      vertex 2.35721 2.23395 121.1
    endloop
  endfacet
  facet normal 0.6756 0.737268 0
    outer loop
      vertex 2.29289 2.29289 121.1
      vertex 2.35721 2.23395 2
      vertex 2.29289 2.29289 2
    endloop
  endfacet
  facet normal -0.216457 0.976292 0
    outer loop
      vertex 72.2588 2.03407 2
      vertex 72.1736 2.01518 121.1
      vertex 72.2588 2.03407 121.1
    endloop
  endfacet
  facet normal -0.216457 0.976292 0
    outer loop
      vertex 72.1736 2.01518 121.1
      vertex 72.2588 2.03407 2
      vertex 72.1736 2.01518 2
    endloop
  endfacet
  facet normal -0.0435866 0.99905 0
    outer loop
      vertex 72.0871 2.0038 2
      vertex 72 2 121.1
      vertex 72.0871 2.0038 121.1
    endloop
  endfacet
  facet normal -0.0435866 0.99905 0
    outer loop
      vertex 72 2 121.1
      vertex 72.0871 2.0038 2
      vertex 72 2 2
    endloop
  endfacet
  facet normal -0.382726 0.923862 0
    outer loop
      vertex 72.4226 2.09369 2
      vertex 72.342 2.0603 121.1
      vertex 72.4226 2.09369 121.1
    endloop
  endfacet
  facet normal -0.382726 0.923862 0
    outer loop
      vertex 72.342 2.0603 121.1
      vertex 72.4226 2.09369 2
      vertex 72.342 2.0603 2
    endloop
  endfacet
  facet normal -0.675714 0.737164 0
    outer loop
      vertex 72.7071 2.29289 2
      vertex 72.6428 2.23395 121.1
      vertex 72.7071 2.29289 121.1
    endloop
  endfacet
  facet normal -0.675714 0.737164 0
    outer loop
      vertex 72.6428 2.23395 121.1
      vertex 72.7071 2.29289 2
      vertex 72.6428 2.23395 2
    endloop
  endfacet
  facet normal -0.976246 0.216663 0
    outer loop
      vertex 72.9659 2.74118 2
      vertex 72.9848 2.82634 121.1
      vertex 72.9848 2.82634 2
    endloop
  endfacet
  facet normal -0.976246 0.216663 0
    outer loop
      vertex 72.9848 2.82634 121.1
      vertex 72.9659 2.74118 2
      vertex 72.9659 2.74118 121.1
    endloop
  endfacet
  facet normal -0.79339 0.608713 0
    outer loop
      vertex 72.766 2.35721 2
      vertex 72.8191 2.42642 121.1
      vertex 72.8191 2.42642 2
    endloop
  endfacet
  facet normal -0.79339 0.608713 0
    outer loop
      vertex 72.8191 2.42642 121.1
      vertex 72.766 2.35721 2
      vertex 72.766 2.35721 121.1
    endloop
  endfacet
  facet normal 0.216554 0.976271 -0
    outer loop
      vertex 2.82634 2.01518 2
      vertex 2.74118 2.03407 121.1
      vertex 2.82634 2.01518 121.1
    endloop
  endfacet
  facet normal 0.216554 0.976271 0
    outer loop
      vertex 2.74118 2.03407 121.1
      vertex 2.82634 2.01518 2
      vertex 2.74118 2.03407 2
    endloop
  endfacet
  facet normal 0.300643 0.953737 -0
    outer loop
      vertex 2.74118 2.03407 2
      vertex 2.65797 2.0603 121.1
      vertex 2.74118 2.03407 121.1
    endloop
  endfacet
  facet normal 0.300643 0.953737 0
    outer loop
      vertex 2.65797 2.0603 121.1
      vertex 2.74118 2.03407 2
      vertex 2.65797 2.0603 2
    endloop
  endfacet
  facet normal 0.461735 0.887018 -0
    outer loop
      vertex 2.57738 2.09369 2
      vertex 2.5 2.13397 121.1
      vertex 2.57738 2.09369 121.1
    endloop
  endfacet
  facet normal 0.461735 0.887018 0
    outer loop
      vertex 2.5 2.13397 121.1
      vertex 2.57738 2.09369 2
      vertex 2.5 2.13397 2
    endloop
  endfacet
  facet normal 0.79339 0.608713 0
    outer loop
      vertex 2.23395 2.35721 121.1
      vertex 2.18085 2.42642 2
      vertex 2.18085 2.42642 121.1
    endloop
  endfacet
  facet normal 0.79339 0.608713 0
    outer loop
      vertex 2.18085 2.42642 2
      vertex 2.23395 2.35721 121.1
      vertex 2.23395 2.35721 2
    endloop
  endfacet
  facet normal -0.300676 0.953726 0
    outer loop
      vertex 72.342 2.0603 2
      vertex 72.2588 2.03407 121.1
      vertex 72.342 2.0603 121.1
    endloop
  endfacet
  facet normal -0.300676 0.953726 0
    outer loop
      vertex 72.2588 2.03407 121.1
      vertex 72.342 2.0603 2
      vertex 72.2588 2.03407 2
    endloop
  endfacet
  facet normal -0.130437 0.991457 0
    outer loop
      vertex 72.1736 2.01518 2
      vertex 72.0871 2.0038 121.1
      vertex 72.1736 2.01518 121.1
    endloop
  endfacet
  facet normal -0.130437 0.991457 0
    outer loop
      vertex 72.0871 2.0038 121.1
      vertex 72.1736 2.01518 2
      vertex 72.0871 2.0038 2
    endloop
  endfacet
  facet normal -0.461641 0.887067 0
    outer loop
      vertex 72.5 2.13397 2
      vertex 72.4226 2.09369 121.1
      vertex 72.5 2.13397 121.1
    endloop
  endfacet
  facet normal -0.461641 0.887067 0
    outer loop
      vertex 72.4226 2.09369 121.1
      vertex 72.5 2.13397 2
      vertex 72.4226 2.09369 2
    endloop
  endfacet
  facet normal -0.537231 0.843435 0
    outer loop
      vertex 72.5736 2.18085 2
      vertex 72.5 2.13397 121.1
      vertex 72.5736 2.18085 121.1
    endloop
  endfacet
  facet normal -0.537231 0.843435 0
    outer loop
      vertex 72.5 2.13397 121.1
      vertex 72.5736 2.18085 2
      vertex 72.5 2.13397 2
    endloop
  endfacet
  facet normal -0.886924 0.461916 0
    outer loop
      vertex 72.866 2.5 2
      vertex 72.9063 2.57738 121.1
      vertex 72.9063 2.57738 2
    endloop
  endfacet
  facet normal -0.886924 0.461916 0
    outer loop
      vertex 72.9063 2.57738 121.1
      vertex 72.866 2.5 2
      vertex 72.866 2.5 121.1
    endloop
  endfacet
  facet normal -0.843265 0.537498 0
    outer loop
      vertex 72.8191 2.42642 2
      vertex 72.866 2.5 121.1
      vertex 72.866 2.5 2
    endloop
  endfacet
  facet normal -0.843265 0.537498 0
    outer loop
      vertex 72.866 2.5 121.1
      vertex 72.8191 2.42642 2
      vertex 72.8191 2.42642 121.1
    endloop
  endfacet
  facet normal 0.382767 0.923845 -0
    outer loop
      vertex 2.65797 2.0603 2
      vertex 2.57738 2.09369 121.1
      vertex 2.65797 2.0603 121.1
    endloop
  endfacet
  facet normal 0.382767 0.923845 0
    outer loop
      vertex 2.57738 2.09369 121.1
      vertex 2.65797 2.0603 2
      vertex 2.57738 2.09369 2
    endloop
  endfacet
  facet normal 0.537335 0.843369 -0
    outer loop
      vertex 2.5 2.13397 2
      vertex 2.42642 2.18085 121.1
      vertex 2.5 2.13397 121.1
    endloop
  endfacet
  facet normal 0.537335 0.843369 0
    outer loop
      vertex 2.42642 2.18085 121.1
      vertex 2.5 2.13397 2
      vertex 2.42642 2.18085 2
    endloop
  endfacet
  facet normal 0.608713 0.79339 -0
    outer loop
      vertex 2.42642 2.18085 2
      vertex 2.35721 2.23395 121.1
      vertex 2.42642 2.18085 121.1
    endloop
  endfacet
  facet normal 0.608713 0.79339 0
    outer loop
      vertex 2.35721 2.23395 121.1
      vertex 2.42642 2.18085 2
      vertex 2.35721 2.23395 2
    endloop
  endfacet
  facet normal 0.843369 0.537335 0
    outer loop
      vertex 2.18085 2.42642 121.1
      vertex 2.13397 2.5 2
      vertex 2.13397 2.5 121.1
    endloop
  endfacet
  facet normal 0.843369 0.537335 0
    outer loop
      vertex 2.13397 2.5 2
      vertex 2.18085 2.42642 121.1
      vertex 2.18085 2.42642 2
    endloop
  endfacet
  facet normal -0.608768 0.793348 0
    outer loop
      vertex 72.6428 2.23395 2
      vertex 72.5736 2.18085 121.1
      vertex 72.6428 2.23395 121.1
    endloop
  endfacet
  facet normal -0.608768 0.793348 0
    outer loop
      vertex 72.5736 2.18085 121.1
      vertex 72.6428 2.23395 2
      vertex 72.5736 2.18085 2
    endloop
  endfacet
  facet normal 0.737268 0.6756 0
    outer loop
      vertex 2.29289 2.29289 121.1
      vertex 2.23395 2.35721 2
      vertex 2.23395 2.35721 121.1
    endloop
  endfacet
  facet normal 0.737268 0.6756 0
    outer loop
      vertex 2.23395 2.35721 2
      vertex 2.29289 2.29289 121.1
      vertex 2.29289 2.29289 2
    endloop
  endfacet
  facet normal 0.887018 0.461735 0
    outer loop
      vertex 2.13397 2.5 121.1
      vertex 2.09369 2.57738 2
      vertex 2.09369 2.57738 121.1
    endloop
  endfacet
  facet normal 0.887018 0.461735 0
    outer loop
      vertex 2.09369 2.57738 2
      vertex 2.13397 2.5 121.1
      vertex 2.13397 2.5 2
    endloop
  endfacet
  facet normal 0.923845 0.382767 0
    outer loop
      vertex 2.09369 2.57738 121.1
      vertex 2.0603 2.65797 2
      vertex 2.0603 2.65797 121.1
    endloop
  endfacet
  facet normal 0.923845 0.382767 0
    outer loop
      vertex 2.0603 2.65797 2
      vertex 2.09369 2.57738 121.1
      vertex 2.09369 2.57738 2
    endloop
  endfacet
  facet normal -0.843356 -0.537356 0
    outer loop
      vertex 46.1603 7 0
      vertex 45.6915 7.73576 2
      vertex 45.6915 7.73576 0
    endloop
  endfacet
  facet normal -0.843356 -0.537356 0
    outer loop
      vertex 45.6915 7.73576 2
      vertex 46.1603 7 0
      vertex 46.1603 7 2
    endloop
  endfacet
  facet normal -0.382629 -0.923902 0
    outer loop
      vertex 40.9202 11.3969 0
      vertex 41.7262 11.0631 2
      vertex 40.9202 11.3969 2
    endloop
  endfacet
  facet normal -0.382629 -0.923902 -0
    outer loop
      vertex 41.7262 11.0631 2
      vertex 40.9202 11.3969 0
      vertex 41.7262 11.0631 0
    endloop
  endfacet
  facet normal 0.461735 -0.887018 0
    outer loop
      vertex 32.5 10.6603 0
      vertex 33.2738 11.0631 2
      vertex 32.5 10.6603 2
    endloop
  endfacet
  facet normal 0.461735 -0.887018 0
    outer loop
      vertex 33.2738 11.0631 2
      vertex 32.5 10.6603 0
      vertex 33.2738 11.0631 0
    endloop
  endfacet
  facet normal 0.923899 -0.382637 0
    outer loop
      vertex 28.1031 5.4202 2
      vertex 28.4369 6.22618 0
      vertex 28.4369 6.22618 2
    endloop
  endfacet
  facet normal 0.923899 -0.382637 0
    outer loop
      vertex 28.4369 6.22618 0
      vertex 28.1031 5.4202 2
      vertex 28.1031 5.4202 0
    endloop
  endfacet
  facet normal -0.537335 -0.843369 0
    outer loop
      vertex 42.5 10.6603 0
      vertex 43.2358 10.1915 2
      vertex 42.5 10.6603 2
    endloop
  endfacet
  facet normal -0.537335 -0.843369 -0
    outer loop
      vertex 43.2358 10.1915 2
      vertex 42.5 10.6603 0
      vertex 43.2358 10.1915 0
    endloop
  endfacet
  facet normal 0.793344 -0.608774 0
    outer loop
      vertex 29.3085 7.73576 2
      vertex 29.8396 8.42788 0
      vertex 29.8396 8.42788 2
    endloop
  endfacet
  facet normal 0.793344 -0.608774 0
    outer loop
      vertex 29.8396 8.42788 0
      vertex 29.3085 7.73576 2
      vertex 29.3085 7.73576 0
    endloop
  endfacet
  facet normal 0.30078 -0.953693 0
    outer loop
      vertex 34.0798 11.3969 0
      vertex 34.9118 11.6593 2
      vertex 34.0798 11.3969 2
    endloop
  endfacet
  facet normal 0.30078 -0.953693 0
    outer loop
      vertex 34.9118 11.6593 2
      vertex 34.0798 11.3969 0
      vertex 34.9118 11.6593 0
    endloop
  endfacet
  facet normal -0.793344 -0.608774 0
    outer loop
      vertex 45.6915 7.73576 0
      vertex 45.1604 8.42788 2
      vertex 45.1604 8.42788 0
    endloop
  endfacet
  facet normal -0.793344 -0.608774 0
    outer loop
      vertex 45.1604 8.42788 2
      vertex 45.6915 7.73576 0
      vertex 45.6915 7.73576 2
    endloop
  endfacet
  facet normal -0.675581 -0.737285 0
    outer loop
      vertex 43.9279 9.66044 0
      vertex 44.5711 9.07107 2
      vertex 43.9279 9.66044 2
    endloop
  endfacet
  facet normal -0.675581 -0.737285 -0
    outer loop
      vertex 44.5711 9.07107 2
      vertex 43.9279 9.66044 0
      vertex 44.5711 9.07107 0
    endloop
  endfacet
  facet normal 0.043671 -0.999046 0
    outer loop
      vertex 36.6284 11.9619 0
      vertex 37.5 12 2
      vertex 36.6284 11.9619 2
    endloop
  endfacet
  facet normal 0.043671 -0.999046 0
    outer loop
      vertex 37.5 12 2
      vertex 36.6284 11.9619 0
      vertex 37.5 12 0
    endloop
  endfacet
  facet normal -0.30078 -0.953693 0
    outer loop
      vertex 40.0882 11.6593 0
      vertex 40.9202 11.3969 2
      vertex 40.0882 11.6593 2
    endloop
  endfacet
  facet normal -0.30078 -0.953693 -0
    outer loop
      vertex 40.9202 11.3969 2
      vertex 40.0882 11.6593 0
      vertex 40.9202 11.3969 0
    endloop
  endfacet
  facet normal -0.130452 -0.991455 0
    outer loop
      vertex 38.3716 11.9619 0
      vertex 39.2365 11.8481 2
      vertex 38.3716 11.9619 2
    endloop
  endfacet
  facet normal -0.130452 -0.991455 -0
    outer loop
      vertex 39.2365 11.8481 2
      vertex 38.3716 11.9619 0
      vertex 39.2365 11.8481 0
    endloop
  endfacet
  facet normal -0.461735 -0.887018 0
    outer loop
      vertex 41.7262 11.0631 0
      vertex 42.5 10.6603 2
      vertex 41.7262 11.0631 2
    endloop
  endfacet
  facet normal -0.461735 -0.887018 -0
    outer loop
      vertex 42.5 10.6603 2
      vertex 41.7262 11.0631 0
      vertex 42.5 10.6603 0
    endloop
  endfacet
  facet normal -0.608756 -0.793357 0
    outer loop
      vertex 43.2358 10.1915 0
      vertex 43.9279 9.66044 2
      vertex 43.2358 10.1915 2
    endloop
  endfacet
  facet normal -0.608756 -0.793357 -0
    outer loop
      vertex 43.9279 9.66044 2
      vertex 43.2358 10.1915 0
      vertex 43.9279 9.66044 0
    endloop
  endfacet
  facet normal 0.953695 -0.300777 0
    outer loop
      vertex 27.8407 4.58819 2
      vertex 28.1031 5.4202 0
      vertex 28.1031 5.4202 2
    endloop
  endfacet
  facet normal 0.953695 -0.300777 0
    outer loop
      vertex 28.1031 5.4202 0
      vertex 27.8407 4.58819 2
      vertex 27.8407 4.58819 0
    endloop
  endfacet
  facet normal 0.991455 -0.130449 0
    outer loop
      vertex 27.5381 2.87156 2
      vertex 27.6519 3.73648 0
      vertex 27.6519 3.73648 2
    endloop
  endfacet
  facet normal 0.991455 -0.130449 0
    outer loop
      vertex 27.6519 3.73648 0
      vertex 27.5381 2.87156 2
      vertex 27.5381 2.87156 0
    endloop
  endfacet
  facet normal 0.887023 -0.461726 0
    outer loop
      vertex 28.4369 6.22618 2
      vertex 28.8397 7 0
      vertex 28.8397 7 2
    endloop
  endfacet
  facet normal 0.887023 -0.461726 0
    outer loop
      vertex 28.8397 7 0
      vertex 28.4369 6.22618 2
      vertex 28.4369 6.22618 0
    endloop
  endfacet
  facet normal 0.843356 -0.537356 0
    outer loop
      vertex 28.8397 7 2
      vertex 29.3085 7.73576 0
      vertex 29.3085 7.73576 2
    endloop
  endfacet
  facet normal 0.843356 -0.537356 0
    outer loop
      vertex 29.3085 7.73576 0
      vertex 28.8397 7 2
      vertex 28.8397 7 0
    endloop
  endfacet
  facet normal 0.382629 -0.923902 0
    outer loop
      vertex 33.2738 11.0631 0
      vertex 34.0798 11.3969 2
      vertex 33.2738 11.0631 2
    endloop
  endfacet
  facet normal 0.382629 -0.923902 0
    outer loop
      vertex 34.0798 11.3969 2
      vertex 33.2738 11.0631 0
      vertex 34.0798 11.3969 0
    endloop
  endfacet
  facet normal 0.216421 -0.9763 0
    outer loop
      vertex 34.9118 11.6593 0
      vertex 35.7635 11.8481 2
      vertex 34.9118 11.6593 2
    endloop
  endfacet
  facet normal 0.216421 -0.9763 0
    outer loop
      vertex 35.7635 11.8481 2
      vertex 34.9118 11.6593 0
      vertex 35.7635 11.8481 0
    endloop
  endfacet
  facet normal 0.608756 -0.793357 0
    outer loop
      vertex 31.0721 9.66044 0
      vertex 31.7642 10.1915 2
      vertex 31.0721 9.66044 2
    endloop
  endfacet
  facet normal 0.608756 -0.793357 0
    outer loop
      vertex 31.7642 10.1915 2
      vertex 31.0721 9.66044 0
      vertex 31.7642 10.1915 0
    endloop
  endfacet
  facet normal 0.675581 -0.737285 0
    outer loop
      vertex 30.4289 9.07107 0
      vertex 31.0721 9.66044 2
      vertex 30.4289 9.07107 2
    endloop
  endfacet
  facet normal 0.675581 -0.737285 0
    outer loop
      vertex 31.0721 9.66044 2
      vertex 30.4289 9.07107 0
      vertex 31.0721 9.66044 0
    endloop
  endfacet
  facet normal 0.537335 -0.843369 0
    outer loop
      vertex 31.7642 10.1915 0
      vertex 32.5 10.6603 2
      vertex 31.7642 10.1915 2
    endloop
  endfacet
  facet normal 0.537335 -0.843369 0
    outer loop
      vertex 32.5 10.6603 2
      vertex 31.7642 10.1915 0
      vertex 32.5 10.6603 0
    endloop
  endfacet
  facet normal 0.73732 -0.675543 0
    outer loop
      vertex 29.8396 8.42788 2
      vertex 30.4289 9.07107 0
      vertex 30.4289 9.07107 2
    endloop
  endfacet
  facet normal 0.73732 -0.675543 0
    outer loop
      vertex 30.4289 9.07107 0
      vertex 29.8396 8.42788 2
      vertex 29.8396 8.42788 0
    endloop
  endfacet
  facet normal -0.999047 -0.0436429 0
    outer loop
      vertex 47.4991 2.02 0
      vertex 47.4619 2.87156 2
      vertex 47.4619 2.87156 0
    endloop
  endfacet
  facet normal -0.999047 -0.0436429 0
    outer loop
      vertex 47.4619 2.87156 2
      vertex 47.4991 2.02 0
      vertex 47.4991 2.02 2
    endloop
  endfacet
  facet normal -0.887023 -0.461726 0
    outer loop
      vertex 46.5631 6.22618 0
      vertex 46.1603 7 2
      vertex 46.1603 7 0
    endloop
  endfacet
  facet normal -0.887023 -0.461726 0
    outer loop
      vertex 46.1603 7 2
      vertex 46.5631 6.22618 0
      vertex 46.5631 6.22618 2
    endloop
  endfacet
  facet normal -0.923899 -0.382637 0
    outer loop
      vertex 46.8969 5.4202 0
      vertex 46.5631 6.22618 2
      vertex 46.5631 6.22618 0
    endloop
  endfacet
  facet normal -0.923899 -0.382637 0
    outer loop
      vertex 46.5631 6.22618 2
      vertex 46.8969 5.4202 0
      vertex 46.8969 5.4202 2
    endloop
  endfacet
  facet normal -0.976301 -0.216418 0
    outer loop
      vertex 47.3481 3.73648 0
      vertex 47.1593 4.58819 2
      vertex 47.1593 4.58819 0
    endloop
  endfacet
  facet normal -0.976301 -0.216418 0
    outer loop
      vertex 47.1593 4.58819 2
      vertex 47.3481 3.73648 0
      vertex 47.3481 3.73648 2
    endloop
  endfacet
  facet normal -0.73732 -0.675543 0
    outer loop
      vertex 45.1604 8.42788 0
      vertex 44.5711 9.07107 2
      vertex 44.5711 9.07107 0
    endloop
  endfacet
  facet normal -0.73732 -0.675543 0
    outer loop
      vertex 44.5711 9.07107 2
      vertex 45.1604 8.42788 0
      vertex 45.1604 8.42788 2
    endloop
  endfacet
  facet normal -0.043671 -0.999046 0
    outer loop
      vertex 37.5 12 0
      vertex 38.3716 11.9619 2
      vertex 37.5 12 2
    endloop
  endfacet
  facet normal -0.043671 -0.999046 -0
    outer loop
      vertex 38.3716 11.9619 2
      vertex 37.5 12 0
      vertex 38.3716 11.9619 0
    endloop
  endfacet
  facet normal -0.216421 -0.9763 0
    outer loop
      vertex 39.2365 11.8481 0
      vertex 40.0882 11.6593 2
      vertex 39.2365 11.8481 2
    endloop
  endfacet
  facet normal -0.216421 -0.9763 -0
    outer loop
      vertex 40.0882 11.6593 2
      vertex 39.2365 11.8481 0
      vertex 40.0882 11.6593 0
    endloop
  endfacet
  facet normal 0.999047 -0.0436429 0
    outer loop
      vertex 27.5009 2.02 2
      vertex 27.5381 2.87156 0
      vertex 27.5381 2.87156 2
    endloop
  endfacet
  facet normal 0.999047 -0.0436429 0
    outer loop
      vertex 27.5381 2.87156 0
      vertex 27.5009 2.02 2
      vertex 27.5009 2.02 0
    endloop
  endfacet
  facet normal 0.976301 -0.216418 0
    outer loop
      vertex 27.6519 3.73648 2
      vertex 27.8407 4.58819 0
      vertex 27.8407 4.58819 2
    endloop
  endfacet
  facet normal 0.976301 -0.216418 0
    outer loop
      vertex 27.8407 4.58819 0
      vertex 27.6519 3.73648 2
      vertex 27.6519 3.73648 0
    endloop
  endfacet
  facet normal 0.130452 -0.991455 0
    outer loop
      vertex 35.7635 11.8481 0
      vertex 36.6284 11.9619 2
      vertex 35.7635 11.8481 2
    endloop
  endfacet
  facet normal 0.130452 -0.991455 0
    outer loop
      vertex 36.6284 11.9619 2
      vertex 35.7635 11.8481 0
      vertex 36.6284 11.9619 0
    endloop
  endfacet
  facet normal -0.953695 -0.300777 0
    outer loop
      vertex 47.1593 4.58819 0
      vertex 46.8969 5.4202 2
      vertex 46.8969 5.4202 0
    endloop
  endfacet
  facet normal -0.953695 -0.300777 0
    outer loop
      vertex 46.8969 5.4202 2
      vertex 47.1593 4.58819 0
      vertex 47.1593 4.58819 2
    endloop
  endfacet
  facet normal -0.991455 -0.130449 0
    outer loop
      vertex 47.4619 2.87156 0
      vertex 47.3481 3.73648 2
      vertex 47.3481 3.73648 0
    endloop
  endfacet
  facet normal -0.991455 -0.130449 0
    outer loop
      vertex 47.3481 3.73648 2
      vertex 47.4619 2.87156 0
      vertex 47.4619 2.87156 2
    endloop
  endfacet
endsolid OpenSCAD_Model
