solid OpenSCAD_Model
  facet normal 0 0 -1
    outer loop
      vertex 107.98 58.6583 22.02
      vertex 108.001 60.6583 22.02
      vertex 108.001 58.6583 22.02
    endloop
  endfacet
  facet normal -0 0 -1
    outer loop
      vertex 108.001 60.6583 22.02
      vertex 107.98 58.6583 22.02
      vertex 107.98 60.6583 22.02
    endloop
  endfacet
  facet normal 0 0 -1
    outer loop
      vertex 147.999 58.6583 22.02
      vertex 148.02 60.6583 22.02
      vertex 148.02 58.6583 22.02
    endloop
  endfacet
  facet normal -0 0 -1
    outer loop
      vertex 148.02 60.6583 22.02
      vertex 147.999 58.6583 22.02
      vertex 147.999 60.6583 22.02
    endloop
  endfacet
  facet normal 1 -0 0
    outer loop
      vertex 108 58.6583 18
      vertex 108 60.6583 10
      vertex 108 60.6583 18
    endloop
  endfacet
  facet normal 1 0 0
    outer loop
      vertex 108 60.6583 10
      vertex 108 58.6583 18
      vertex 108 58.6583 10
    endloop
  endfacet
  facet normal 0 1 0
    outer loop
      vertex 108 60.6583 18
      vertex 108 60.6583 10
      vertex 107.98 60.6583 18
    endloop
  endfacet
  facet normal 0 1 -0
    outer loop
      vertex 107.98 60.6583 18
      vertex 88 60.6583 22.02
      vertex 107.98 60.6583 22.02
    endloop
  endfacet
  facet normal 0 1 0
    outer loop
      vertex 88 60.6583 10
      vertex 107.98 60.6583 18
      vertex 108 60.6583 10
    endloop
  endfacet
  facet normal 0 1 0
    outer loop
      vertex 107.98 60.6583 18
      vertex 88 60.6583 10
      vertex 88 60.6583 22.02
    endloop
  endfacet
  facet normal 0 -1 0
    outer loop
      vertex 88 58.6583 18
      vertex 90 58.6583 20
      vertex 89.4824 58.6583 19.9319
    endloop
  endfacet
  facet normal 0 -1 0
    outer loop
      vertex 88 58.6583 18
      vertex 89.4824 58.6583 19.9319
      vertex 89 58.6583 19.7321
    endloop
  endfacet
  facet normal 0 -1 0
    outer loop
      vertex 88 58.6583 18
      vertex 89 58.6583 19.7321
      vertex 88.5858 58.6583 19.4142
    endloop
  endfacet
  facet normal 0 -1 0
    outer loop
      vertex 88 58.6583 18
      vertex 88.5858 58.6583 19.4142
      vertex 88.268 58.6583 19
    endloop
  endfacet
  facet normal 0 -1 0
    outer loop
      vertex 88 58.6583 18
      vertex 88.268 58.6583 19
      vertex 88.0681 58.6583 18.5176
    endloop
  endfacet
  facet normal 0 -1 0
    outer loop
      vertex 90 58.6583 20
      vertex 88 58.6583 18
      vertex 88 58.6583 10
    endloop
  endfacet
  facet normal 0 -1 0
    outer loop
      vertex 90 58.6583 20
      vertex 107.98 58.6583 18
      vertex 107.98 58.6583 20
    endloop
  endfacet
  facet normal 0 -1 -0
    outer loop
      vertex 90 58.6583 20
      vertex 88 58.6583 10
      vertex 108 58.6583 10
    endloop
  endfacet
  facet normal 0 -1 0
    outer loop
      vertex 90 58.6583 20
      vertex 108 58.6583 10
      vertex 107.98 58.6583 18
    endloop
  endfacet
  facet normal 0 -1 0
    outer loop
      vertex 107.98 58.6583 18
      vertex 108 58.6583 10
      vertex 108 58.6583 18
    endloop
  endfacet
  facet normal -1 0 0
    outer loop
      vertex 148 58.6583 10
      vertex 148 60.6583 18
      vertex 148 60.6583 10
    endloop
  endfacet
  facet normal -1 -0 0
    outer loop
      vertex 148 60.6583 18
      vertex 148 58.6583 10
      vertex 148 58.6583 18
    endloop
  endfacet
  facet normal 0 -1 0
    outer loop
      vertex 148 58.6583 10
      vertex 148.02 58.6583 18
      vertex 148 58.6583 18
    endloop
  endfacet
  facet normal 0 -1 -0
    outer loop
      vertex 148.02 58.6583 18
      vertex 148 58.6583 10
      vertex 168 58.6583 18
    endloop
  endfacet
  facet normal 0 -1 -0
    outer loop
      vertex 168 58.6583 18
      vertex 148 58.6583 10
      vertex 168 58.6583 10
    endloop
  endfacet
  facet normal 0 -1 0
    outer loop
      vertex 148.02 58.6583 18
      vertex 166 58.6583 20
      vertex 148.02 58.6583 20
    endloop
  endfacet
  facet normal 0 -1 0
    outer loop
      vertex 168 58.6583 18
      vertex 166 58.6583 20
      vertex 148.02 58.6583 18
    endloop
  endfacet
  facet normal 0 -1 0
    outer loop
      vertex 166 58.6583 20
      vertex 168 58.6583 18
      vertex 166.518 58.6583 19.9319
    endloop
  endfacet
  facet normal 0 -1 0
    outer loop
      vertex 166.518 58.6583 19.9319
      vertex 168 58.6583 18
      vertex 167 58.6583 19.7321
    endloop
  endfacet
  facet normal 0 -1 0
    outer loop
      vertex 167 58.6583 19.7321
      vertex 168 58.6583 18
      vertex 167.414 58.6583 19.4142
    endloop
  endfacet
  facet normal 0 -1 0
    outer loop
      vertex 167.414 58.6583 19.4142
      vertex 168 58.6583 18
      vertex 167.732 58.6583 19
    endloop
  endfacet
  facet normal 0 -1 0
    outer loop
      vertex 167.732 58.6583 19
      vertex 168 58.6583 18
      vertex 167.932 58.6583 18.5176
    endloop
  endfacet
  facet normal 0 1 0
    outer loop
      vertex 168 60.6583 22.02
      vertex 148.02 60.6583 18
      vertex 148.02 60.6583 22.02
    endloop
  endfacet
  facet normal 0 1 -0
    outer loop
      vertex 168 60.6583 10
      vertex 148.02 60.6583 18
      vertex 168 60.6583 22.02
    endloop
  endfacet
  facet normal 0 1 0
    outer loop
      vertex 148 60.6583 10
      vertex 148.02 60.6583 18
      vertex 168 60.6583 10
    endloop
  endfacet
  facet normal 0 1 0
    outer loop
      vertex 148.02 60.6583 18
      vertex 148 60.6583 10
      vertex 148 60.6583 18
    endloop
  endfacet
  facet normal -0.996948 -0.0780671 0
    outer loop
      vertex 136 60.6583 0
      vertex 135.902 61.9098 10
      vertex 135.902 61.9098 0
    endloop
  endfacet
  facet normal -0.996948 -0.0780671 0
    outer loop
      vertex 135.902 61.9098 10
      vertex 136 60.6583 0
      vertex 136 60.6583 10
    endloop
  endfacet
  facet normal -0.972196 -0.234168 0
    outer loop
      vertex 135.902 61.9098 0
      vertex 135.608 63.1304 10
      vertex 135.608 63.1304 0
    endloop
  endfacet
  facet normal -0.972196 -0.234168 0
    outer loop
      vertex 135.608 63.1304 10
      vertex 135.902 61.9098 0
      vertex 135.902 61.9098 10
    endloop
  endfacet
  facet normal -0.923994 -0.382408 0
    outer loop
      vertex 135.608 63.1304 0
      vertex 135.128 64.2902 10
      vertex 135.128 64.2902 0
    endloop
  endfacet
  facet normal -0.923994 -0.382408 0
    outer loop
      vertex 135.128 64.2902 10
      vertex 135.608 63.1304 0
      vertex 135.608 63.1304 10
    endloop
  endfacet
  facet normal -0.85262 -0.522532 0
    outer loop
      vertex 135.128 64.2902 0
      vertex 134.472 65.3606 10
      vertex 134.472 65.3606 0
    endloop
  endfacet
  facet normal -0.85262 -0.522532 0
    outer loop
      vertex 134.472 65.3606 10
      vertex 135.128 64.2902 0
      vertex 135.128 64.2902 10
    endloop
  endfacet
  facet normal -0.760493 -0.649347 0
    outer loop
      vertex 134.472 65.3606 0
      vertex 133.657 66.3151 10
      vertex 133.657 66.3151 0
    endloop
  endfacet
  facet normal -0.760493 -0.649347 0
    outer loop
      vertex 133.657 66.3151 10
      vertex 134.472 65.3606 0
      vertex 134.472 65.3606 10
    endloop
  endfacet
  facet normal -0.649288 -0.760542 0
    outer loop
      vertex 132.702 67.1304 0
      vertex 133.657 66.3151 10
      vertex 132.702 67.1304 10
    endloop
  endfacet
  facet normal -0.649288 -0.760542 -0
    outer loop
      vertex 133.657 66.3151 10
      vertex 132.702 67.1304 0
      vertex 133.657 66.3151 0
    endloop
  endfacet
  facet normal -0.522616 -0.852568 0
    outer loop
      vertex 131.632 67.7863 0
      vertex 132.702 67.1304 10
      vertex 131.632 67.7863 10
    endloop
  endfacet
  facet normal -0.522616 -0.852568 -0
    outer loop
      vertex 132.702 67.1304 10
      vertex 131.632 67.7863 0
      vertex 132.702 67.1304 0
    endloop
  endfacet
  facet normal -0.382624 -0.923904 0
    outer loop
      vertex 130.472 68.2667 0
      vertex 131.632 67.7863 10
      vertex 130.472 68.2667 10
    endloop
  endfacet
  facet normal -0.382624 -0.923904 -0
    outer loop
      vertex 131.632 67.7863 10
      vertex 130.472 68.2667 0
      vertex 131.632 67.7863 0
    endloop
  endfacet
  facet normal -0.233418 -0.972376 0
    outer loop
      vertex 129.251 68.5598 0
      vertex 130.472 68.2667 10
      vertex 129.251 68.5598 10
    endloop
  endfacet
  facet normal -0.233418 -0.972376 -0
    outer loop
      vertex 130.472 68.2667 10
      vertex 129.251 68.5598 0
      vertex 130.472 68.2667 0
    endloop
  endfacet
  facet normal -0.0784941 -0.996915 0
    outer loop
      vertex 128 68.6583 0
      vertex 129.251 68.5598 10
      vertex 128 68.6583 10
    endloop
  endfacet
  facet normal -0.0784941 -0.996915 -0
    outer loop
      vertex 129.251 68.5598 10
      vertex 128 68.6583 0
      vertex 129.251 68.5598 0
    endloop
  endfacet
  facet normal 0.996948 -0.0780671 0
    outer loop
      vertex 120 60.6583 10
      vertex 120.098 61.9098 0
      vertex 120.098 61.9098 10
    endloop
  endfacet
  facet normal 0.996948 -0.0780671 0
    outer loop
      vertex 120.098 61.9098 0
      vertex 120 60.6583 10
      vertex 120 60.6583 0
    endloop
  endfacet
  facet normal 0.972196 -0.234168 0
    outer loop
      vertex 120.098 61.9098 10
      vertex 120.392 63.1304 0
      vertex 120.392 63.1304 10
    endloop
  endfacet
  facet normal 0.972196 -0.234168 0
    outer loop
      vertex 120.392 63.1304 0
      vertex 120.098 61.9098 10
      vertex 120.098 61.9098 0
    endloop
  endfacet
  facet normal 0.923994 -0.382408 0
    outer loop
      vertex 120.392 63.1304 10
      vertex 120.872 64.2902 0
      vertex 120.872 64.2902 10
    endloop
  endfacet
  facet normal 0.923994 -0.382408 0
    outer loop
      vertex 120.872 64.2902 0
      vertex 120.392 63.1304 10
      vertex 120.392 63.1304 0
    endloop
  endfacet
  facet normal 0.85262 -0.522532 0
    outer loop
      vertex 120.872 64.2902 10
      vertex 121.528 65.3606 0
      vertex 121.528 65.3606 10
    endloop
  endfacet
  facet normal 0.85262 -0.522532 0
    outer loop
      vertex 121.528 65.3606 0
      vertex 120.872 64.2902 10
      vertex 120.872 64.2902 0
    endloop
  endfacet
  facet normal 0.760493 -0.649347 0
    outer loop
      vertex 121.528 65.3606 10
      vertex 122.343 66.3151 0
      vertex 122.343 66.3151 10
    endloop
  endfacet
  facet normal 0.760493 -0.649347 0
    outer loop
      vertex 122.343 66.3151 0
      vertex 121.528 65.3606 10
      vertex 121.528 65.3606 0
    endloop
  endfacet
  facet normal 0.649288 -0.760542 0
    outer loop
      vertex 122.343 66.3151 0
      vertex 123.298 67.1304 10
      vertex 122.343 66.3151 10
    endloop
  endfacet
  facet normal 0.649288 -0.760542 0
    outer loop
      vertex 123.298 67.1304 10
      vertex 122.343 66.3151 0
      vertex 123.298 67.1304 0
    endloop
  endfacet
  facet normal 0.522616 -0.852568 0
    outer loop
      vertex 123.298 67.1304 0
      vertex 124.368 67.7863 10
      vertex 123.298 67.1304 10
    endloop
  endfacet
  facet normal 0.522616 -0.852568 0
    outer loop
      vertex 124.368 67.7863 10
      vertex 123.298 67.1304 0
      vertex 124.368 67.7863 0
    endloop
  endfacet
  facet normal 0.382624 -0.923904 0
    outer loop
      vertex 124.368 67.7863 0
      vertex 125.528 68.2667 10
      vertex 124.368 67.7863 10
    endloop
  endfacet
  facet normal 0.382624 -0.923904 0
    outer loop
      vertex 125.528 68.2667 10
      vertex 124.368 67.7863 0
      vertex 125.528 68.2667 0
    endloop
  endfacet
  facet normal 0.233418 -0.972376 0
    outer loop
      vertex 125.528 68.2667 0
      vertex 126.749 68.5598 10
      vertex 125.528 68.2667 10
    endloop
  endfacet
  facet normal 0.233418 -0.972376 0
    outer loop
      vertex 126.749 68.5598 10
      vertex 125.528 68.2667 0
      vertex 126.749 68.5598 0
    endloop
  endfacet
  facet normal 0.0784941 -0.996915 0
    outer loop
      vertex 126.749 68.5598 0
      vertex 128 68.6583 10
      vertex 126.749 68.5598 10
    endloop
  endfacet
  facet normal 0.0784941 -0.996915 0
    outer loop
      vertex 128 68.6583 10
      vertex 126.749 68.5598 0
      vertex 128 68.6583 0
    endloop
  endfacet
  facet normal -1 0 0
    outer loop
      vertex 136 58.6583 0
      vertex 136 60.6583 10
      vertex 136 60.6583 0
    endloop
  endfacet
  facet normal -1 -0 0
    outer loop
      vertex 136 60.6583 10
      vertex 136 58.6583 0
      vertex 136 58.6583 10
    endloop
  endfacet
  facet normal 1 -0 0
    outer loop
      vertex 120 58.6583 10
      vertex 120 60.6583 0
      vertex 120 60.6583 10
    endloop
  endfacet
  facet normal 1 0 0
    outer loop
      vertex 120 60.6583 0
      vertex 120 58.6583 10
      vertex 120 58.6583 0
    endloop
  endfacet
  facet normal 0 0 1
    outer loop
      vertex 168 116.508 10
      vertex 148 60.6583 10
      vertex 168 60.6583 10
    endloop
  endfacet
  facet normal 0 0 1
    outer loop
      vertex 148 60.6583 10
      vertex 136 60.6583 10
      vertex 148 58.6583 10
    endloop
  endfacet
  facet normal -0 0 1
    outer loop
      vertex 132.702 67.1304 10
      vertex 148 60.6583 10
      vertex 168 116.508 10
    endloop
  endfacet
  facet normal 0 0 1
    outer loop
      vertex 148 60.6583 10
      vertex 135.902 61.9098 10
      vertex 136 60.6583 10
    endloop
  endfacet
  facet normal 0 0 1
    outer loop
      vertex 148 60.6583 10
      vertex 135.608 63.1304 10
      vertex 135.902 61.9098 10
    endloop
  endfacet
  facet normal 0 0 1
    outer loop
      vertex 148 60.6583 10
      vertex 135.128 64.2902 10
      vertex 135.608 63.1304 10
    endloop
  endfacet
  facet normal 0 0 1
    outer loop
      vertex 148 60.6583 10
      vertex 134.472 65.3606 10
      vertex 135.128 64.2902 10
    endloop
  endfacet
  facet normal 0 0 1
    outer loop
      vertex 148 60.6583 10
      vertex 133.657 66.3151 10
      vertex 134.472 65.3606 10
    endloop
  endfacet
  facet normal 0 0 1
    outer loop
      vertex 148 60.6583 10
      vertex 132.702 67.1304 10
      vertex 133.657 66.3151 10
    endloop
  endfacet
  facet normal 0 0 1
    outer loop
      vertex 168 116.508 10
      vertex 131.632 67.7863 10
      vertex 132.702 67.1304 10
    endloop
  endfacet
  facet normal 0 0 1
    outer loop
      vertex 168 116.508 10
      vertex 130.472 68.2667 10
      vertex 131.632 67.7863 10
    endloop
  endfacet
  facet normal 0 0 1
    outer loop
      vertex 168 116.508 10
      vertex 129.251 68.5598 10
      vertex 130.472 68.2667 10
    endloop
  endfacet
  facet normal 0 0 1
    outer loop
      vertex 168 116.508 10
      vertex 128 68.6583 10
      vertex 129.251 68.5598 10
    endloop
  endfacet
  facet normal -0 0 1
    outer loop
      vertex 88 116.508 10
      vertex 128 68.6583 10
      vertex 168 116.508 10
    endloop
  endfacet
  facet normal 0 0 1
    outer loop
      vertex 128 68.6583 10
      vertex 88 116.508 10
      vertex 126.749 68.5598 10
    endloop
  endfacet
  facet normal 0 0 1
    outer loop
      vertex 126.749 68.5598 10
      vertex 88 116.508 10
      vertex 125.528 68.2667 10
    endloop
  endfacet
  facet normal 0 0 1
    outer loop
      vertex 125.528 68.2667 10
      vertex 88 116.508 10
      vertex 124.368 67.7863 10
    endloop
  endfacet
  facet normal 0 0 1
    outer loop
      vertex 124.368 67.7863 10
      vertex 88 116.508 10
      vertex 123.298 67.1304 10
    endloop
  endfacet
  facet normal 0 0 1
    outer loop
      vertex 120 60.6583 10
      vertex 108 60.6583 10
      vertex 120 58.6583 10
    endloop
  endfacet
  facet normal 0 0 1
    outer loop
      vertex 120.098 61.9098 10
      vertex 108 60.6583 10
      vertex 120 60.6583 10
    endloop
  endfacet
  facet normal 0 0 1
    outer loop
      vertex 120.392 63.1304 10
      vertex 108 60.6583 10
      vertex 120.098 61.9098 10
    endloop
  endfacet
  facet normal 0 0 1
    outer loop
      vertex 120.872 64.2902 10
      vertex 108 60.6583 10
      vertex 120.392 63.1304 10
    endloop
  endfacet
  facet normal 0 0 1
    outer loop
      vertex 121.528 65.3606 10
      vertex 108 60.6583 10
      vertex 120.872 64.2902 10
    endloop
  endfacet
  facet normal 0 0 1
    outer loop
      vertex 122.343 66.3151 10
      vertex 108 60.6583 10
      vertex 121.528 65.3606 10
    endloop
  endfacet
  facet normal 0 -0 1
    outer loop
      vertex 108 60.6583 10
      vertex 123.298 67.1304 10
      vertex 88 116.508 10
    endloop
  endfacet
  facet normal 0 0 1
    outer loop
      vertex 123.298 67.1304 10
      vertex 108 60.6583 10
      vertex 122.343 66.3151 10
    endloop
  endfacet
  facet normal 0 0 1
    outer loop
      vertex 108 60.6583 10
      vertex 88 116.508 10
      vertex 88 60.6583 10
    endloop
  endfacet
  facet normal 0 0 -0
    outer loop
      vertex 148 58.6583 10
      vertex 136 58.6583 10
      vertex 168 58.6583 10
    endloop
  endfacet
  facet normal 0 0 1
    outer loop
      vertex 136 58.6583 10
      vertex 148 58.6583 10
      vertex 136 60.6583 10
    endloop
  endfacet
  facet normal 0 0 1
    outer loop
      vertex 108 58.6583 10
      vertex 120 58.6583 10
      vertex 108 60.6583 10
    endloop
  endfacet
  facet normal 0 0 -0
    outer loop
      vertex 108 58.6583 10
      vertex 88 58.6583 10
      vertex 120 58.6583 10
    endloop
  endfacet
  facet normal -1 0 0
    outer loop
      vertex 168 60.6583 22.02
      vertex 168 116.508 10
      vertex 168 60.6583 10
    endloop
  endfacet
  facet normal -1 0 0
    outer loop
      vertex 168 116.508 10
      vertex 168 60.6583 22.02
      vertex 168 116.508 220
    endloop
  endfacet
  facet normal -1 0 0
    outer loop
      vertex 168 60.6583 22.02
      vertex 168 60.6583 220
      vertex 168 116.508 220
    endloop
  endfacet
  facet normal 0 -1 0
    outer loop
      vertex 136 58.6583 10
      vertex 136 58.6583 0
      vertex 168 58.6583 10
    endloop
  endfacet
  facet normal 0 -1 0
    outer loop
      vertex 86 58.6583 220
      vertex 127.339 58.6583 109.973
      vertex 170 58.6583 220
    endloop
  endfacet
  facet normal 0 -1 0
    outer loop
      vertex 86 58.6583 220
      vertex 126.036 58.6583 109.755
      vertex 127.339 58.6583 109.973
    endloop
  endfacet
  facet normal 0 -1 0
    outer loop
      vertex 86 58.6583 220
      vertex 124.786 58.6583 109.326
      vertex 126.036 58.6583 109.755
    endloop
  endfacet
  facet normal 0 -1 0
    outer loop
      vertex 86 58.6583 220
      vertex 123.624 58.6583 108.697
      vertex 124.786 58.6583 109.326
    endloop
  endfacet
  facet normal 0 -1 0
    outer loop
      vertex 86 58.6583 220
      vertex 122.582 58.6583 107.886
      vertex 123.624 58.6583 108.697
    endloop
  endfacet
  facet normal 0 -1 0
    outer loop
      vertex 86 58.6583 220
      vertex 121.687 58.6583 106.914
      vertex 122.582 58.6583 107.886
    endloop
  endfacet
  facet normal 0 -1 0
    outer loop
      vertex 86 58.6583 220
      vertex 120.964 58.6583 105.808
      vertex 121.687 58.6583 106.914
    endloop
  endfacet
  facet normal 0 -1 0
    outer loop
      vertex 86 58.6583 220
      vertex 120.433 58.6583 104.598
      vertex 120.964 58.6583 105.808
    endloop
  endfacet
  facet normal 0 -1 0
    outer loop
      vertex 86 58.6583 220
      vertex 120.109 58.6583 103.317
      vertex 120.433 58.6583 104.598
    endloop
  endfacet
  facet normal 0 -1 0
    outer loop
      vertex 86 58.6583 220
      vertex 120 58.6583 102
      vertex 120.109 58.6583 103.317
    endloop
  endfacet
  facet normal 0 -1 0
    outer loop
      vertex 88.268 58.6583 19
      vertex 120 58.6583 102
      vertex 86 58.6583 220
    endloop
  endfacet
  facet normal 0 -1 -0
    outer loop
      vertex 120 58.6583 102
      vertex 119.548 58.6583 40.1262
      vertex 120 58.6583 40.3135
    endloop
  endfacet
  facet normal 0 -1 0
    outer loop
      vertex 120 58.6583 102
      vertex 118 58.6583 39.3205
      vertex 119.548 58.6583 40.1262
    endloop
  endfacet
  facet normal 0 -1 0
    outer loop
      vertex 120 58.6583 102
      vertex 116.528 58.6583 38.383
      vertex 118 58.6583 39.3205
    endloop
  endfacet
  facet normal 0 -1 0
    outer loop
      vertex 120 58.6583 102
      vertex 115.144 58.6583 37.3209
      vertex 116.528 58.6583 38.383
    endloop
  endfacet
  facet normal -0 -1 0
    outer loop
      vertex 89.4824 58.6583 19.9319
      vertex 120 58.6583 102
      vertex 89 58.6583 19.7321
    endloop
  endfacet
  facet normal 0 -1 0
    outer loop
      vertex 120 58.6583 102
      vertex 113.858 58.6583 36.1421
      vertex 115.144 58.6583 37.3209
    endloop
  endfacet
  facet normal 0 -1 0
    outer loop
      vertex 120 58.6583 102
      vertex 89.4824 58.6583 19.9319
      vertex 113.858 58.6583 36.1421
    endloop
  endfacet
  facet normal 0 -1 0
    outer loop
      vertex 113.858 58.6583 36.1421
      vertex 89.4824 58.6583 19.9319
      vertex 112.679 58.6583 34.8558
    endloop
  endfacet
  facet normal -0 -1 0
    outer loop
      vertex 90 58.6583 20
      vertex 111.617 58.6583 33.4715
      vertex 89.4824 58.6583 19.9319
    endloop
  endfacet
  facet normal 0 -1 0
    outer loop
      vertex 111.617 58.6583 33.4715
      vertex 90 58.6583 20
      vertex 110.679 58.6583 32
    endloop
  endfacet
  facet normal 0 -1 0
    outer loop
      vertex 110.679 58.6583 32
      vertex 90 58.6583 20
      vertex 109.874 58.6583 30.4524
    endloop
  endfacet
  facet normal 0 -1 0
    outer loop
      vertex 109.874 58.6583 30.4524
      vertex 90 58.6583 20
      vertex 109.206 58.6583 28.8404
    endloop
  endfacet
  facet normal 0 -1 0
    outer loop
      vertex 109.206 58.6583 28.8404
      vertex 90 58.6583 20
      vertex 108.681 58.6583 27.1764
    endloop
  endfacet
  facet normal 0 -1 0
    outer loop
      vertex 108.304 58.6583 25.473
      vertex 90 58.6583 20
      vertex 108.076 58.6583 23.7431
    endloop
  endfacet
  facet normal 0 -1 0
    outer loop
      vertex 108.076 58.6583 23.7431
      vertex 90 58.6583 20
      vertex 107.98 58.6583 22.02
    endloop
  endfacet
  facet normal 0 -1 0
    outer loop
      vertex 108.681 58.6583 27.1764
      vertex 90 58.6583 20
      vertex 108.304 58.6583 25.473
    endloop
  endfacet
  facet normal 0 -1 0
    outer loop
      vertex 112.679 58.6583 34.8558
      vertex 89.4824 58.6583 19.9319
      vertex 111.617 58.6583 33.4715
    endloop
  endfacet
  facet normal 0 -1 0
    outer loop
      vertex 120 58.6583 102
      vertex 88.5858 58.6583 19.4142
      vertex 89 58.6583 19.7321
    endloop
  endfacet
  facet normal 0 -1 0
    outer loop
      vertex 120 58.6583 102
      vertex 88.268 58.6583 19
      vertex 88.5858 58.6583 19.4142
    endloop
  endfacet
  facet normal 0 -1 0
    outer loop
      vertex 86 58.6583 220
      vertex 88.0681 58.6583 18.5176
      vertex 88.268 58.6583 19
    endloop
  endfacet
  facet normal 0 -1 0
    outer loop
      vertex 86 58.6583 220
      vertex 88 58.6583 18
      vertex 88.0681 58.6583 18.5176
    endloop
  endfacet
  facet normal 0 -1 0
    outer loop
      vertex 86 58.6583 0
      vertex 88 58.6583 18
      vertex 86 58.6583 220
    endloop
  endfacet
  facet normal 0 -1 -0
    outer loop
      vertex 88 58.6583 18
      vertex 86 58.6583 0
      vertex 88 58.6583 10
    endloop
  endfacet
  facet normal 0 -1 0
    outer loop
      vertex 120 58.6583 0
      vertex 88 58.6583 10
      vertex 86 58.6583 0
    endloop
  endfacet
  facet normal 0 -1 0
    outer loop
      vertex 88 58.6583 10
      vertex 120 58.6583 0
      vertex 120 58.6583 10
    endloop
  endfacet
  facet normal 0 -1 0
    outer loop
      vertex 128.661 58.6583 109.973
      vertex 170 58.6583 220
      vertex 127.339 58.6583 109.973
    endloop
  endfacet
  facet normal 0 -1 0
    outer loop
      vertex 129.964 58.6583 109.755
      vertex 170 58.6583 220
      vertex 128.661 58.6583 109.973
    endloop
  endfacet
  facet normal 0 -1 0
    outer loop
      vertex 131.214 58.6583 109.326
      vertex 170 58.6583 220
      vertex 129.964 58.6583 109.755
    endloop
  endfacet
  facet normal 0 -1 0
    outer loop
      vertex 132.376 58.6583 108.697
      vertex 170 58.6583 220
      vertex 131.214 58.6583 109.326
    endloop
  endfacet
  facet normal 0 -1 0
    outer loop
      vertex 133.418 58.6583 107.886
      vertex 170 58.6583 220
      vertex 132.376 58.6583 108.697
    endloop
  endfacet
  facet normal 0 -1 0
    outer loop
      vertex 134.313 58.6583 106.914
      vertex 170 58.6583 220
      vertex 133.418 58.6583 107.886
    endloop
  endfacet
  facet normal 0 -1 0
    outer loop
      vertex 135.036 58.6583 105.808
      vertex 170 58.6583 220
      vertex 134.313 58.6583 106.914
    endloop
  endfacet
  facet normal 0 -1 0
    outer loop
      vertex 135.567 58.6583 104.598
      vertex 170 58.6583 220
      vertex 135.036 58.6583 105.808
    endloop
  endfacet
  facet normal 0 -1 0
    outer loop
      vertex 135.891 58.6583 103.317
      vertex 170 58.6583 220
      vertex 135.567 58.6583 104.598
    endloop
  endfacet
  facet normal 0 -1 0
    outer loop
      vertex 136 58.6583 102
      vertex 170 58.6583 220
      vertex 135.891 58.6583 103.317
    endloop
  endfacet
  facet normal 0 -1 0
    outer loop
      vertex 136.452 58.6583 40.1262
      vertex 136 58.6583 102
      vertex 136 58.6583 40.3135
    endloop
  endfacet
  facet normal 0 -1 0
    outer loop
      vertex 138 58.6583 39.3205
      vertex 136 58.6583 102
      vertex 136.452 58.6583 40.1262
    endloop
  endfacet
  facet normal 0 -1 0
    outer loop
      vertex 139.472 58.6583 38.383
      vertex 136 58.6583 102
      vertex 138 58.6583 39.3205
    endloop
  endfacet
  facet normal 0 -1 0
    outer loop
      vertex 140.856 58.6583 37.3209
      vertex 136 58.6583 102
      vertex 139.472 58.6583 38.383
    endloop
  endfacet
  facet normal 0 -1 0
    outer loop
      vertex 142.142 58.6583 36.1421
      vertex 136 58.6583 102
      vertex 140.856 58.6583 37.3209
    endloop
  endfacet
  facet normal 0 -1 0
    outer loop
      vertex 166.518 58.6583 19.9319
      vertex 136 58.6583 102
      vertex 142.142 58.6583 36.1421
    endloop
  endfacet
  facet normal 0 -1 0
    outer loop
      vertex 166.518 58.6583 19.9319
      vertex 142.142 58.6583 36.1421
      vertex 143.321 58.6583 34.8558
    endloop
  endfacet
  facet normal 0 -1 0
    outer loop
      vertex 166.518 58.6583 19.9319
      vertex 143.321 58.6583 34.8558
      vertex 144.383 58.6583 33.4715
    endloop
  endfacet
  facet normal 0 -1 0
    outer loop
      vertex 166 58.6583 20
      vertex 144.383 58.6583 33.4715
      vertex 145.321 58.6583 32
    endloop
  endfacet
  facet normal 0 -1 0
    outer loop
      vertex 166 58.6583 20
      vertex 145.321 58.6583 32
      vertex 146.126 58.6583 30.4524
    endloop
  endfacet
  facet normal 0 -1 0
    outer loop
      vertex 166 58.6583 20
      vertex 146.126 58.6583 30.4524
      vertex 146.794 58.6583 28.8404
    endloop
  endfacet
  facet normal 0 -1 0
    outer loop
      vertex 166 58.6583 20
      vertex 146.794 58.6583 28.8404
      vertex 147.319 58.6583 27.1764
    endloop
  endfacet
  facet normal 0 -1 0
    outer loop
      vertex 166 58.6583 20
      vertex 147.319 58.6583 27.1764
      vertex 147.696 58.6583 25.473
    endloop
  endfacet
  facet normal 0 -1 0
    outer loop
      vertex 166 58.6583 20
      vertex 147.696 58.6583 25.473
      vertex 147.924 58.6583 23.7431
    endloop
  endfacet
  facet normal 0 -1 0
    outer loop
      vertex 148.02 58.6583 22.02
      vertex 147.924 58.6583 23.7431
      vertex 147.999 58.6583 22.02
    endloop
  endfacet
  facet normal 0 -1 0
    outer loop
      vertex 166 58.6583 20
      vertex 147.924 58.6583 23.7431
      vertex 148.02 58.6583 22.02
    endloop
  endfacet
  facet normal 0 -1 0
    outer loop
      vertex 166 58.6583 20
      vertex 148.02 58.6583 22.02
      vertex 148.02 58.6583 20
    endloop
  endfacet
  facet normal 0 -1 0
    outer loop
      vertex 144.383 58.6583 33.4715
      vertex 166 58.6583 20
      vertex 166.518 58.6583 19.9319
    endloop
  endfacet
  facet normal 0 -1 0
    outer loop
      vertex 136 58.6583 102
      vertex 166.518 58.6583 19.9319
      vertex 167 58.6583 19.7321
    endloop
  endfacet
  facet normal 0 -1 0
    outer loop
      vertex 167.414 58.6583 19.4142
      vertex 136 58.6583 102
      vertex 167 58.6583 19.7321
    endloop
  endfacet
  facet normal 0 -1 0
    outer loop
      vertex 167.732 58.6583 19
      vertex 136 58.6583 102
      vertex 167.414 58.6583 19.4142
    endloop
  endfacet
  facet normal 0 -1 0
    outer loop
      vertex 136 58.6583 102
      vertex 167.732 58.6583 19
      vertex 170 58.6583 220
    endloop
  endfacet
  facet normal 0 -1 0
    outer loop
      vertex 167.932 58.6583 18.5176
      vertex 170 58.6583 220
      vertex 167.732 58.6583 19
    endloop
  endfacet
  facet normal 0 -1 0
    outer loop
      vertex 168 58.6583 18
      vertex 170 58.6583 220
      vertex 167.932 58.6583 18.5176
    endloop
  endfacet
  facet normal 0 -1 0
    outer loop
      vertex 170 58.6583 0
      vertex 168 58.6583 18
      vertex 168 58.6583 10
    endloop
  endfacet
  facet normal 0 -1 0
    outer loop
      vertex 168 58.6583 18
      vertex 170 58.6583 0
      vertex 170 58.6583 220
    endloop
  endfacet
  facet normal 0 -1 0
    outer loop
      vertex 170 58.6583 0
      vertex 168 58.6583 10
      vertex 136 58.6583 0
    endloop
  endfacet
  facet normal 0 -1 0
    outer loop
      vertex 108.076 58.6583 23.7431
      vertex 107.98 58.6583 22.02
      vertex 108.001 58.6583 22.02
    endloop
  endfacet
  facet normal 0 -1 -0
    outer loop
      vertex 107.98 58.6583 22.02
      vertex 90 58.6583 20
      vertex 107.98 58.6583 20
    endloop
  endfacet
  facet normal 0 1 0
    outer loop
      vertex 168 60.6583 220
      vertex 138.02 60.6583 110.02
      vertex 88 60.6583 220
    endloop
  endfacet
  facet normal 0 1 -0
    outer loop
      vertex 168 60.6583 22.02
      vertex 138.02 60.6583 110.02
      vertex 168 60.6583 220
    endloop
  endfacet
  facet normal 0 1 0
    outer loop
      vertex 138.02 60.6583 110.02
      vertex 139.472 60.6583 38.383
      vertex 138.02 60.6583 39.3078
    endloop
  endfacet
  facet normal 0 1 0
    outer loop
      vertex 138.02 60.6583 110.02
      vertex 140.856 60.6583 37.3209
      vertex 139.472 60.6583 38.383
    endloop
  endfacet
  facet normal -0 1 -0
    outer loop
      vertex 142.142 60.6583 36.1421
      vertex 138.02 60.6583 110.02
      vertex 168 60.6583 22.02
    endloop
  endfacet
  facet normal 0 1 0
    outer loop
      vertex 138.02 60.6583 110.02
      vertex 142.142 60.6583 36.1421
      vertex 140.856 60.6583 37.3209
    endloop
  endfacet
  facet normal 0 1 0
    outer loop
      vertex 142.142 60.6583 36.1421
      vertex 168 60.6583 22.02
      vertex 143.321 60.6583 34.8558
    endloop
  endfacet
  facet normal 0 1 0
    outer loop
      vertex 143.321 60.6583 34.8558
      vertex 168 60.6583 22.02
      vertex 144.383 60.6583 33.4715
    endloop
  endfacet
  facet normal 0 1 0
    outer loop
      vertex 144.383 60.6583 33.4715
      vertex 168 60.6583 22.02
      vertex 145.321 60.6583 32
    endloop
  endfacet
  facet normal 0 1 0
    outer loop
      vertex 145.321 60.6583 32
      vertex 168 60.6583 22.02
      vertex 146.126 60.6583 30.4524
    endloop
  endfacet
  facet normal 0 1 0
    outer loop
      vertex 146.126 60.6583 30.4524
      vertex 168 60.6583 22.02
      vertex 146.794 60.6583 28.8404
    endloop
  endfacet
  facet normal 0 1 0
    outer loop
      vertex 146.794 60.6583 28.8404
      vertex 168 60.6583 22.02
      vertex 147.319 60.6583 27.1764
    endloop
  endfacet
  facet normal 0 1 0
    outer loop
      vertex 147.319 60.6583 27.1764
      vertex 168 60.6583 22.02
      vertex 147.696 60.6583 25.473
    endloop
  endfacet
  facet normal 0 1 0
    outer loop
      vertex 147.696 60.6583 25.473
      vertex 168 60.6583 22.02
      vertex 147.924 60.6583 23.7431
    endloop
  endfacet
  facet normal 0 1 -0
    outer loop
      vertex 148.02 60.6583 22.02
      vertex 147.924 60.6583 23.7431
      vertex 168 60.6583 22.02
    endloop
  endfacet
  facet normal 0 1 0
    outer loop
      vertex 147.924 60.6583 23.7431
      vertex 148.02 60.6583 22.02
      vertex 147.999 60.6583 22.02
    endloop
  endfacet
  facet normal 0 1 -0
    outer loop
      vertex 117.98 60.6583 110.02
      vertex 88 60.6583 220
      vertex 138.02 60.6583 110.02
    endloop
  endfacet
  facet normal 0 1 0
    outer loop
      vertex 116.528 60.6583 38.383
      vertex 117.98 60.6583 110.02
      vertex 117.98 60.6583 39.3078
    endloop
  endfacet
  facet normal 0 1 0
    outer loop
      vertex 115.144 60.6583 37.3209
      vertex 117.98 60.6583 110.02
      vertex 116.528 60.6583 38.383
    endloop
  endfacet
  facet normal 0 1 0
    outer loop
      vertex 113.858 60.6583 36.1421
      vertex 117.98 60.6583 110.02
      vertex 115.144 60.6583 37.3209
    endloop
  endfacet
  facet normal 0 1 0
    outer loop
      vertex 117.98 60.6583 110.02
      vertex 113.858 60.6583 36.1421
      vertex 88 60.6583 22.02
    endloop
  endfacet
  facet normal 0 1 0
    outer loop
      vertex 88 60.6583 22.02
      vertex 113.858 60.6583 36.1421
      vertex 112.679 60.6583 34.8558
    endloop
  endfacet
  facet normal 0 1 0
    outer loop
      vertex 88 60.6583 22.02
      vertex 112.679 60.6583 34.8558
      vertex 111.617 60.6583 33.4715
    endloop
  endfacet
  facet normal 0 1 0
    outer loop
      vertex 88 60.6583 22.02
      vertex 111.617 60.6583 33.4715
      vertex 110.679 60.6583 32
    endloop
  endfacet
  facet normal 0 1 0
    outer loop
      vertex 88 60.6583 22.02
      vertex 110.679 60.6583 32
      vertex 109.874 60.6583 30.4524
    endloop
  endfacet
  facet normal 0 1 0
    outer loop
      vertex 88 60.6583 22.02
      vertex 109.874 60.6583 30.4524
      vertex 109.206 60.6583 28.8404
    endloop
  endfacet
  facet normal 0 1 0
    outer loop
      vertex 88 60.6583 22.02
      vertex 109.206 60.6583 28.8404
      vertex 108.681 60.6583 27.1764
    endloop
  endfacet
  facet normal 0 1 0
    outer loop
      vertex 88 60.6583 22.02
      vertex 108.681 60.6583 27.1764
      vertex 108.304 60.6583 25.473
    endloop
  endfacet
  facet normal 0 1 0
    outer loop
      vertex 88 60.6583 22.02
      vertex 108.304 60.6583 25.473
      vertex 108.076 60.6583 23.7431
    endloop
  endfacet
  facet normal 0 1 0
    outer loop
      vertex 107.98 60.6583 22.02
      vertex 108.076 60.6583 23.7431
      vertex 108.001 60.6583 22.02
    endloop
  endfacet
  facet normal 0 1 0
    outer loop
      vertex 88 60.6583 22.02
      vertex 108.076 60.6583 23.7431
      vertex 107.98 60.6583 22.02
    endloop
  endfacet
  facet normal 0 1 0
    outer loop
      vertex 117.98 60.6583 110.02
      vertex 88 60.6583 22.02
      vertex 88 60.6583 220
    endloop
  endfacet
  facet normal 1 0 0
    outer loop
      vertex 88 116.508 220
      vertex 88 60.6583 22.02
      vertex 88 116.508 10
    endloop
  endfacet
  facet normal 1 -0 0
    outer loop
      vertex 88 60.6583 220
      vertex 88 60.6583 22.02
      vertex 88 116.508 220
    endloop
  endfacet
  facet normal 1 0 0
    outer loop
      vertex 88 116.508 10
      vertex 88 60.6583 22.02
      vertex 88 60.6583 10
    endloop
  endfacet
  facet normal 0 0 1
    outer loop
      vertex 170 122.658 220
      vertex 168 116.508 220
      vertex 170 58.6583 220
    endloop
  endfacet
  facet normal 0 0 1
    outer loop
      vertex 170 122.658 220
      vertex 88 116.508 220
      vertex 168 116.508 220
    endloop
  endfacet
  facet normal 0 0 1
    outer loop
      vertex 86 58.6583 220
      vertex 88 116.508 220
      vertex 86 122.658 220
    endloop
  endfacet
  facet normal -0 0 1
    outer loop
      vertex 86 122.658 220
      vertex 88 116.508 220
      vertex 170 122.658 220
    endloop
  endfacet
  facet normal -0 0 1
    outer loop
      vertex 168 60.6583 220
      vertex 170 58.6583 220
      vertex 168 116.508 220
    endloop
  endfacet
  facet normal -0 0 1
    outer loop
      vertex 88 60.6583 220
      vertex 170 58.6583 220
      vertex 168 60.6583 220
    endloop
  endfacet
  facet normal 0 0 1
    outer loop
      vertex 88 60.6583 220
      vertex 86 58.6583 220
      vertex 170 58.6583 220
    endloop
  endfacet
  facet normal 0 0 1
    outer loop
      vertex 88 116.508 220
      vertex 86 58.6583 220
      vertex 88 60.6583 220
    endloop
  endfacet
  facet normal 0 0 -1
    outer loop
      vertex 86 58.6583 0
      vertex 120 60.6583 0
      vertex 120 58.6583 0
    endloop
  endfacet
  facet normal 0 0 -1
    outer loop
      vertex 117.85 118.488 0
      vertex 113.15 118.488 0
      vertex 117.85 119.74 0
    endloop
  endfacet
  facet normal 0 0 -1
    outer loop
      vertex 120 60.6583 0
      vertex 113.15 118.488 0
      vertex 117.85 118.488 0
    endloop
  endfacet
  facet normal 0 0 -1
    outer loop
      vertex 120 60.6583 0
      vertex 92.85 118.488 0
      vertex 113.15 118.488 0
    endloop
  endfacet
  facet normal 0 0 -1
    outer loop
      vertex 86 122.658 0
      vertex 92.85 118.488 0
      vertex 86 58.6583 0
    endloop
  endfacet
  facet normal -0 0 -1
    outer loop
      vertex 120 60.6583 0
      vertex 86 58.6583 0
      vertex 92.85 118.488 0
    endloop
  endfacet
  facet normal 0 0 -1
    outer loop
      vertex 170 58.6583 0
      vertex 163.15 118.488 0
      vertex 170 122.658 0
    endloop
  endfacet
  facet normal 0 0 -1
    outer loop
      vertex 133.657 66.3151 0
      vertex 163.15 118.488 0
      vertex 170 58.6583 0
    endloop
  endfacet
  facet normal 0 0 -1
    outer loop
      vertex 142.85 118.488 0
      vertex 138.15 118.488 0
      vertex 142.85 119.74 0
    endloop
  endfacet
  facet normal -0 0 -1
    outer loop
      vertex 163.15 118.488 0
      vertex 133.657 66.3151 0
      vertex 142.85 118.488 0
    endloop
  endfacet
  facet normal 0 0 -1
    outer loop
      vertex 136 60.6583 0
      vertex 170 58.6583 0
      vertex 136 58.6583 0
    endloop
  endfacet
  facet normal 0 0 -1
    outer loop
      vertex 135.902 61.9098 0
      vertex 170 58.6583 0
      vertex 136 60.6583 0
    endloop
  endfacet
  facet normal 0 0 -1
    outer loop
      vertex 135.608 63.1304 0
      vertex 170 58.6583 0
      vertex 135.902 61.9098 0
    endloop
  endfacet
  facet normal 0 0 -1
    outer loop
      vertex 135.128 64.2902 0
      vertex 170 58.6583 0
      vertex 135.608 63.1304 0
    endloop
  endfacet
  facet normal 0 0 -1
    outer loop
      vertex 134.472 65.3606 0
      vertex 170 58.6583 0
      vertex 135.128 64.2902 0
    endloop
  endfacet
  facet normal 0 0 -1
    outer loop
      vertex 133.657 66.3151 0
      vertex 170 58.6583 0
      vertex 134.472 65.3606 0
    endloop
  endfacet
  facet normal 0 0 -1
    outer loop
      vertex 132.702 67.1304 0
      vertex 142.85 118.488 0
      vertex 133.657 66.3151 0
    endloop
  endfacet
  facet normal 0 0 -1
    outer loop
      vertex 131.632 67.7863 0
      vertex 142.85 118.488 0
      vertex 132.702 67.1304 0
    endloop
  endfacet
  facet normal 0 0 -1
    outer loop
      vertex 130.472 68.2667 0
      vertex 142.85 118.488 0
      vertex 131.632 67.7863 0
    endloop
  endfacet
  facet normal -0 0 -1
    outer loop
      vertex 142.85 118.488 0
      vertex 130.472 68.2667 0
      vertex 138.15 118.488 0
    endloop
  endfacet
  facet normal 0 0 -1
    outer loop
      vertex 129.251 68.5598 0
      vertex 138.15 118.488 0
      vertex 130.472 68.2667 0
    endloop
  endfacet
  facet normal 0 0 -1
    outer loop
      vertex 128 68.6583 0
      vertex 138.15 118.488 0
      vertex 129.251 68.5598 0
    endloop
  endfacet
  facet normal 0 0 -1
    outer loop
      vertex 117.85 118.488 0
      vertex 128 68.6583 0
      vertex 126.749 68.5598 0
    endloop
  endfacet
  facet normal 0 0 -1
    outer loop
      vertex 117.85 118.488 0
      vertex 126.749 68.5598 0
      vertex 125.528 68.2667 0
    endloop
  endfacet
  facet normal 0 0 -1
    outer loop
      vertex 117.85 118.488 0
      vertex 125.528 68.2667 0
      vertex 124.368 67.7863 0
    endloop
  endfacet
  facet normal 0 0 -1
    outer loop
      vertex 117.85 118.488 0
      vertex 124.368 67.7863 0
      vertex 123.298 67.1304 0
    endloop
  endfacet
  facet normal 0 0 -1
    outer loop
      vertex 117.85 118.488 0
      vertex 123.298 67.1304 0
      vertex 122.343 66.3151 0
    endloop
  endfacet
  facet normal 0 0 -1
    outer loop
      vertex 117.85 118.488 0
      vertex 122.343 66.3151 0
      vertex 121.528 65.3606 0
    endloop
  endfacet
  facet normal 0 0 -1
    outer loop
      vertex 117.85 118.488 0
      vertex 121.528 65.3606 0
      vertex 120.872 64.2902 0
    endloop
  endfacet
  facet normal 0 0 -1
    outer loop
      vertex 117.85 118.488 0
      vertex 120.872 64.2902 0
      vertex 120.392 63.1304 0
    endloop
  endfacet
  facet normal 0 0 -1
    outer loop
      vertex 128 68.6583 0
      vertex 117.85 118.488 0
      vertex 138.15 118.488 0
    endloop
  endfacet
  facet normal 0 0 -1
    outer loop
      vertex 120.098 61.9098 0
      vertex 117.85 118.488 0
      vertex 120.392 63.1304 0
    endloop
  endfacet
  facet normal 0 0 -1
    outer loop
      vertex 117.85 118.488 0
      vertex 120.098 61.9098 0
      vertex 120 60.6583 0
    endloop
  endfacet
  facet normal 0 0 -1
    outer loop
      vertex 163.15 119.74 0
      vertex 170 122.658 0
      vertex 163.15 118.488 0
    endloop
  endfacet
  facet normal 0 0 -1
    outer loop
      vertex 160.65 122.24 0
      vertex 163.15 119.74 0
      vertex 163.13 119.74 0
    endloop
  endfacet
  facet normal 0 0 -1
    outer loop
      vertex 163.15 119.74 0
      vertex 160.65 122.24 0
      vertex 160.65 122.658 0
    endloop
  endfacet
  facet normal 0 0 -1
    outer loop
      vertex 163.15 119.74 0
      vertex 160.65 122.658 0
      vertex 170 122.658 0
    endloop
  endfacet
  facet normal 0 0 -1
    outer loop
      vertex 142.85 119.74 0
      vertex 145.35 122.24 0
      vertex 142.87 119.74 0
    endloop
  endfacet
  facet normal -0 0 -1
    outer loop
      vertex 145.35 122.24 0
      vertex 142.85 119.74 0
      vertex 145.35 122.658 0
    endloop
  endfacet
  facet normal 0 0 -1
    outer loop
      vertex 138.15 119.74 0
      vertex 142.85 119.74 0
      vertex 138.15 118.488 0
    endloop
  endfacet
  facet normal 0 0 -1
    outer loop
      vertex 142.85 119.74 0
      vertex 138.15 119.74 0
      vertex 145.35 122.658 0
    endloop
  endfacet
  facet normal 0 0 -1
    outer loop
      vertex 135.65 122.24 0
      vertex 138.15 119.74 0
      vertex 138.13 119.74 0
    endloop
  endfacet
  facet normal 0 0 -1
    outer loop
      vertex 138.15 119.74 0
      vertex 135.65 122.24 0
      vertex 135.65 122.658 0
    endloop
  endfacet
  facet normal 0 0 -1
    outer loop
      vertex 138.15 119.74 0
      vertex 135.65 122.658 0
      vertex 145.35 122.658 0
    endloop
  endfacet
  facet normal 0 0 -1
    outer loop
      vertex 117.85 119.74 0
      vertex 120.35 122.24 0
      vertex 117.87 119.74 0
    endloop
  endfacet
  facet normal -0 0 -1
    outer loop
      vertex 120.35 122.24 0
      vertex 117.85 119.74 0
      vertex 120.35 122.658 0
    endloop
  endfacet
  facet normal 0 0 -1
    outer loop
      vertex 113.15 119.74 0
      vertex 117.85 119.74 0
      vertex 113.15 118.488 0
    endloop
  endfacet
  facet normal 0 0 -1
    outer loop
      vertex 117.85 119.74 0
      vertex 113.15 119.74 0
      vertex 120.35 122.658 0
    endloop
  endfacet
  facet normal 0 0 -1
    outer loop
      vertex 110.65 122.24 0
      vertex 113.15 119.74 0
      vertex 113.13 119.74 0
    endloop
  endfacet
  facet normal 0 0 -1
    outer loop
      vertex 113.15 119.74 0
      vertex 110.65 122.24 0
      vertex 110.65 122.658 0
    endloop
  endfacet
  facet normal 0 0 -1
    outer loop
      vertex 113.15 119.74 0
      vertex 110.65 122.658 0
      vertex 120.35 122.658 0
    endloop
  endfacet
  facet normal 0 0 -1
    outer loop
      vertex 92.85 119.74 0
      vertex 95.35 122.24 0
      vertex 92.8699 119.74 0
    endloop
  endfacet
  facet normal -0 0 -1
    outer loop
      vertex 95.35 122.24 0
      vertex 92.85 119.74 0
      vertex 95.35 122.658 0
    endloop
  endfacet
  facet normal 0 0 -1
    outer loop
      vertex 92.85 119.74 0
      vertex 86 122.658 0
      vertex 95.35 122.658 0
    endloop
  endfacet
  facet normal 0 0 -1
    outer loop
      vertex 92.85 118.488 0
      vertex 86 122.658 0
      vertex 92.85 119.74 0
    endloop
  endfacet
  facet normal 0 1 -0
    outer loop
      vertex 126.672 122.658 209.884
      vertex 86 122.658 220
      vertex 127.333 122.658 209.971
    endloop
  endfacet
  facet normal 0 1 0
    outer loop
      vertex 86 122.658 220
      vertex 103.667 122.658 209.971
      vertex 103 122.658 210
    endloop
  endfacet
  facet normal 0 1 -0
    outer loop
      vertex 126.02 122.658 209.739
      vertex 86 122.658 220
      vertex 126.672 122.658 209.884
    endloop
  endfacet
  facet normal 0 1 0
    outer loop
      vertex 86 122.658 220
      vertex 104.328 122.658 209.884
      vertex 103.667 122.658 209.971
    endloop
  endfacet
  facet normal 0 1 -0
    outer loop
      vertex 104.98 122.658 209.739
      vertex 86 122.658 220
      vertex 126.02 122.658 209.739
    endloop
  endfacet
  facet normal 0 1 0
    outer loop
      vertex 86 122.658 220
      vertex 104.98 122.658 209.739
      vertex 104.328 122.658 209.884
    endloop
  endfacet
  facet normal 0 1 -0
    outer loop
      vertex 125.384 122.658 209.539
      vertex 104.98 122.658 209.739
      vertex 126.02 122.658 209.739
    endloop
  endfacet
  facet normal 0 1 0
    outer loop
      vertex 125.384 122.658 209.539
      vertex 105.616 122.658 209.539
      vertex 104.98 122.658 209.739
    endloop
  endfacet
  facet normal 0 1 -0
    outer loop
      vertex 124.767 122.658 209.283
      vertex 105.616 122.658 209.539
      vertex 125.384 122.658 209.539
    endloop
  endfacet
  facet normal 0 1 0
    outer loop
      vertex 124.767 122.658 209.283
      vertex 106.233 122.658 209.283
      vertex 105.616 122.658 209.539
    endloop
  endfacet
  facet normal 0 1 -0
    outer loop
      vertex 124.175 122.658 208.975
      vertex 106.233 122.658 209.283
      vertex 124.767 122.658 209.283
    endloop
  endfacet
  facet normal 0 1 0
    outer loop
      vertex 124.175 122.658 208.975
      vertex 106.825 122.658 208.975
      vertex 106.233 122.658 209.283
    endloop
  endfacet
  facet normal 0 1 -0
    outer loop
      vertex 123.612 122.658 208.617
      vertex 106.825 122.658 208.975
      vertex 124.175 122.658 208.975
    endloop
  endfacet
  facet normal 0 1 0
    outer loop
      vertex 123.612 122.658 208.617
      vertex 107.388 122.658 208.617
      vertex 106.825 122.658 208.975
    endloop
  endfacet
  facet normal 0 1 -0
    outer loop
      vertex 123.083 122.658 208.21
      vertex 107.388 122.658 208.617
      vertex 123.612 122.658 208.617
    endloop
  endfacet
  facet normal 0 1 0
    outer loop
      vertex 123.083 122.658 208.21
      vertex 107.917 122.658 208.21
      vertex 107.388 122.658 208.617
    endloop
  endfacet
  facet normal 0 1 -0
    outer loop
      vertex 122.591 122.658 207.759
      vertex 107.917 122.658 208.21
      vertex 123.083 122.658 208.21
    endloop
  endfacet
  facet normal 0 1 0
    outer loop
      vertex 122.591 122.658 207.759
      vertex 108.409 122.658 207.759
      vertex 107.917 122.658 208.21
    endloop
  endfacet
  facet normal 0 1 -0
    outer loop
      vertex 122.14 122.658 207.267
      vertex 108.409 122.658 207.759
      vertex 122.591 122.658 207.759
    endloop
  endfacet
  facet normal 0 1 0
    outer loop
      vertex 122.14 122.658 207.267
      vertex 108.86 122.658 207.267
      vertex 108.409 122.658 207.759
    endloop
  endfacet
  facet normal 0 1 -0
    outer loop
      vertex 121.733 122.658 206.738
      vertex 108.86 122.658 207.267
      vertex 122.14 122.658 207.267
    endloop
  endfacet
  facet normal 0 1 0
    outer loop
      vertex 121.733 122.658 206.738
      vertex 109.267 122.658 206.738
      vertex 108.86 122.658 207.267
    endloop
  endfacet
  facet normal 0 1 -0
    outer loop
      vertex 121.375 122.658 206.175
      vertex 109.267 122.658 206.738
      vertex 121.733 122.658 206.738
    endloop
  endfacet
  facet normal 0 1 0
    outer loop
      vertex 121.375 122.658 206.175
      vertex 109.625 122.658 206.175
      vertex 109.267 122.658 206.738
    endloop
  endfacet
  facet normal 0 1 -0
    outer loop
      vertex 121.067 122.658 205.583
      vertex 109.625 122.658 206.175
      vertex 121.375 122.658 206.175
    endloop
  endfacet
  facet normal 0 1 0
    outer loop
      vertex 121.067 122.658 205.583
      vertex 109.933 122.658 205.583
      vertex 109.625 122.658 206.175
    endloop
  endfacet
  facet normal 0 1 -0
    outer loop
      vertex 120.811 122.658 204.966
      vertex 109.933 122.658 205.583
      vertex 121.067 122.658 205.583
    endloop
  endfacet
  facet normal 0 1 0
    outer loop
      vertex 120.811 122.658 204.966
      vertex 110.189 122.658 204.966
      vertex 109.933 122.658 205.583
    endloop
  endfacet
  facet normal 0 1 -0
    outer loop
      vertex 120.611 122.658 204.33
      vertex 110.189 122.658 204.966
      vertex 120.811 122.658 204.966
    endloop
  endfacet
  facet normal 0 1 0
    outer loop
      vertex 120.611 122.658 204.33
      vertex 110.389 122.658 204.33
      vertex 110.189 122.658 204.966
    endloop
  endfacet
  facet normal 0 1 -0
    outer loop
      vertex 120.466 122.658 203.678
      vertex 110.389 122.658 204.33
      vertex 120.611 122.658 204.33
    endloop
  endfacet
  facet normal 0 1 0
    outer loop
      vertex 120.466 122.658 203.678
      vertex 110.534 122.658 203.678
      vertex 110.389 122.658 204.33
    endloop
  endfacet
  facet normal 0 1 -0
    outer loop
      vertex 120.379 122.658 203.017
      vertex 110.534 122.658 203.678
      vertex 120.466 122.658 203.678
    endloop
  endfacet
  facet normal 0 1 0
    outer loop
      vertex 120.379 122.658 203.017
      vertex 110.621 122.658 203.017
      vertex 110.534 122.658 203.678
    endloop
  endfacet
  facet normal 0 1 -0
    outer loop
      vertex 120.35 122.658 202.35
      vertex 110.621 122.658 203.017
      vertex 120.379 122.658 203.017
    endloop
  endfacet
  facet normal 0 1 0
    outer loop
      vertex 120.35 122.658 202.35
      vertex 110.65 122.658 202.35
      vertex 110.621 122.658 203.017
    endloop
  endfacet
  facet normal 0 1 -0
    outer loop
      vertex 120.35 122.658 0
      vertex 110.65 122.658 202.35
      vertex 120.35 122.658 202.35
    endloop
  endfacet
  facet normal 0 1 0
    outer loop
      vertex 110.65 122.658 202.35
      vertex 120.35 122.658 0
      vertex 110.65 122.658 0
    endloop
  endfacet
  facet normal 0 1 0
    outer loop
      vertex 151.672 122.658 209.884
      vertex 170 122.658 220
      vertex 152.333 122.658 209.971
    endloop
  endfacet
  facet normal 0 1 0
    outer loop
      vertex 170 122.658 220
      vertex 128.667 122.658 209.971
      vertex 128 122.658 210
    endloop
  endfacet
  facet normal 0 1 0
    outer loop
      vertex 151.02 122.658 209.739
      vertex 170 122.658 220
      vertex 151.672 122.658 209.884
    endloop
  endfacet
  facet normal 0 1 0
    outer loop
      vertex 170 122.658 220
      vertex 129.328 122.658 209.884
      vertex 128.667 122.658 209.971
    endloop
  endfacet
  facet normal 0 1 0
    outer loop
      vertex 129.98 122.658 209.739
      vertex 170 122.658 220
      vertex 151.02 122.658 209.739
    endloop
  endfacet
  facet normal 0 1 0
    outer loop
      vertex 170 122.658 220
      vertex 129.98 122.658 209.739
      vertex 129.328 122.658 209.884
    endloop
  endfacet
  facet normal 0 1 -0
    outer loop
      vertex 150.384 122.658 209.539
      vertex 129.98 122.658 209.739
      vertex 151.02 122.658 209.739
    endloop
  endfacet
  facet normal 0 1 0
    outer loop
      vertex 150.384 122.658 209.539
      vertex 130.616 122.658 209.539
      vertex 129.98 122.658 209.739
    endloop
  endfacet
  facet normal 0 1 -0
    outer loop
      vertex 149.767 122.658 209.283
      vertex 130.616 122.658 209.539
      vertex 150.384 122.658 209.539
    endloop
  endfacet
  facet normal 0 1 0
    outer loop
      vertex 149.767 122.658 209.283
      vertex 131.233 122.658 209.283
      vertex 130.616 122.658 209.539
    endloop
  endfacet
  facet normal 0 1 -0
    outer loop
      vertex 149.175 122.658 208.975
      vertex 131.233 122.658 209.283
      vertex 149.767 122.658 209.283
    endloop
  endfacet
  facet normal 0 1 0
    outer loop
      vertex 149.175 122.658 208.975
      vertex 131.825 122.658 208.975
      vertex 131.233 122.658 209.283
    endloop
  endfacet
  facet normal 0 1 -0
    outer loop
      vertex 148.612 122.658 208.617
      vertex 131.825 122.658 208.975
      vertex 149.175 122.658 208.975
    endloop
  endfacet
  facet normal 0 1 0
    outer loop
      vertex 148.612 122.658 208.617
      vertex 132.388 122.658 208.617
      vertex 131.825 122.658 208.975
    endloop
  endfacet
  facet normal 0 1 -0
    outer loop
      vertex 148.083 122.658 208.21
      vertex 132.388 122.658 208.617
      vertex 148.612 122.658 208.617
    endloop
  endfacet
  facet normal 0 1 0
    outer loop
      vertex 148.083 122.658 208.21
      vertex 132.917 122.658 208.21
      vertex 132.388 122.658 208.617
    endloop
  endfacet
  facet normal 0 1 -0
    outer loop
      vertex 147.591 122.658 207.759
      vertex 132.917 122.658 208.21
      vertex 148.083 122.658 208.21
    endloop
  endfacet
  facet normal 0 1 0
    outer loop
      vertex 147.591 122.658 207.759
      vertex 133.409 122.658 207.759
      vertex 132.917 122.658 208.21
    endloop
  endfacet
  facet normal 0 1 -0
    outer loop
      vertex 147.14 122.658 207.267
      vertex 133.409 122.658 207.759
      vertex 147.591 122.658 207.759
    endloop
  endfacet
  facet normal 0 1 0
    outer loop
      vertex 147.14 122.658 207.267
      vertex 133.86 122.658 207.267
      vertex 133.409 122.658 207.759
    endloop
  endfacet
  facet normal 0 1 -0
    outer loop
      vertex 146.733 122.658 206.738
      vertex 133.86 122.658 207.267
      vertex 147.14 122.658 207.267
    endloop
  endfacet
  facet normal 0 1 0
    outer loop
      vertex 146.733 122.658 206.738
      vertex 134.267 122.658 206.738
      vertex 133.86 122.658 207.267
    endloop
  endfacet
  facet normal 0 1 -0
    outer loop
      vertex 146.375 122.658 206.175
      vertex 134.267 122.658 206.738
      vertex 146.733 122.658 206.738
    endloop
  endfacet
  facet normal 0 1 0
    outer loop
      vertex 146.375 122.658 206.175
      vertex 134.625 122.658 206.175
      vertex 134.267 122.658 206.738
    endloop
  endfacet
  facet normal 0 1 -0
    outer loop
      vertex 146.067 122.658 205.583
      vertex 134.625 122.658 206.175
      vertex 146.375 122.658 206.175
    endloop
  endfacet
  facet normal 0 1 0
    outer loop
      vertex 146.067 122.658 205.583
      vertex 134.933 122.658 205.583
      vertex 134.625 122.658 206.175
    endloop
  endfacet
  facet normal 0 1 -0
    outer loop
      vertex 145.811 122.658 204.966
      vertex 134.933 122.658 205.583
      vertex 146.067 122.658 205.583
    endloop
  endfacet
  facet normal 0 1 0
    outer loop
      vertex 145.811 122.658 204.966
      vertex 135.189 122.658 204.966
      vertex 134.933 122.658 205.583
    endloop
  endfacet
  facet normal 0 1 -0
    outer loop
      vertex 145.611 122.658 204.33
      vertex 135.189 122.658 204.966
      vertex 145.811 122.658 204.966
    endloop
  endfacet
  facet normal 0 1 0
    outer loop
      vertex 145.611 122.658 204.33
      vertex 135.389 122.658 204.33
      vertex 135.189 122.658 204.966
    endloop
  endfacet
  facet normal 0 1 -0
    outer loop
      vertex 145.466 122.658 203.678
      vertex 135.389 122.658 204.33
      vertex 145.611 122.658 204.33
    endloop
  endfacet
  facet normal 0 1 0
    outer loop
      vertex 145.466 122.658 203.678
      vertex 135.534 122.658 203.678
      vertex 135.389 122.658 204.33
    endloop
  endfacet
  facet normal 0 1 -0
    outer loop
      vertex 145.379 122.658 203.017
      vertex 135.534 122.658 203.678
      vertex 145.466 122.658 203.678
    endloop
  endfacet
  facet normal 0 1 0
    outer loop
      vertex 145.379 122.658 203.017
      vertex 135.621 122.658 203.017
      vertex 135.534 122.658 203.678
    endloop
  endfacet
  facet normal 0 1 -0
    outer loop
      vertex 145.35 122.658 202.35
      vertex 135.621 122.658 203.017
      vertex 145.379 122.658 203.017
    endloop
  endfacet
  facet normal 0 1 0
    outer loop
      vertex 145.35 122.658 202.35
      vertex 135.65 122.658 202.35
      vertex 135.621 122.658 203.017
    endloop
  endfacet
  facet normal 0 1 -0
    outer loop
      vertex 145.35 122.658 0
      vertex 135.65 122.658 202.35
      vertex 145.35 122.658 202.35
    endloop
  endfacet
  facet normal 0 1 0
    outer loop
      vertex 135.65 122.658 202.35
      vertex 145.35 122.658 0
      vertex 135.65 122.658 0
    endloop
  endfacet
  facet normal 0 1 0
    outer loop
      vertex 152.333 122.658 209.971
      vertex 170 122.658 220
      vertex 153 122.658 210
    endloop
  endfacet
  facet normal 0 1 0
    outer loop
      vertex 170 122.658 220
      vertex 153.667 122.658 209.971
      vertex 153 122.658 210
    endloop
  endfacet
  facet normal 0 1 0
    outer loop
      vertex 170 122.658 220
      vertex 154.328 122.658 209.884
      vertex 153.667 122.658 209.971
    endloop
  endfacet
  facet normal 0 1 0
    outer loop
      vertex 170 122.658 220
      vertex 154.98 122.658 209.739
      vertex 154.328 122.658 209.884
    endloop
  endfacet
  facet normal 0 1 0
    outer loop
      vertex 170 122.658 220
      vertex 155.616 122.658 209.539
      vertex 154.98 122.658 209.739
    endloop
  endfacet
  facet normal 0 1 0
    outer loop
      vertex 170 122.658 220
      vertex 156.233 122.658 209.283
      vertex 155.616 122.658 209.539
    endloop
  endfacet
  facet normal 0 1 0
    outer loop
      vertex 170 122.658 220
      vertex 156.825 122.658 208.975
      vertex 156.233 122.658 209.283
    endloop
  endfacet
  facet normal 0 1 0
    outer loop
      vertex 170 122.658 220
      vertex 157.388 122.658 208.617
      vertex 156.825 122.658 208.975
    endloop
  endfacet
  facet normal 0 1 0
    outer loop
      vertex 170 122.658 220
      vertex 157.917 122.658 208.21
      vertex 157.388 122.658 208.617
    endloop
  endfacet
  facet normal 0 1 0
    outer loop
      vertex 170 122.658 220
      vertex 158.409 122.658 207.759
      vertex 157.917 122.658 208.21
    endloop
  endfacet
  facet normal 0 1 0
    outer loop
      vertex 170 122.658 220
      vertex 158.86 122.658 207.267
      vertex 158.409 122.658 207.759
    endloop
  endfacet
  facet normal 0 1 0
    outer loop
      vertex 170 122.658 220
      vertex 159.267 122.658 206.738
      vertex 158.86 122.658 207.267
    endloop
  endfacet
  facet normal 0 1 0
    outer loop
      vertex 170 122.658 220
      vertex 159.625 122.658 206.175
      vertex 159.267 122.658 206.738
    endloop
  endfacet
  facet normal 0 1 0
    outer loop
      vertex 170 122.658 220
      vertex 159.933 122.658 205.583
      vertex 159.625 122.658 206.175
    endloop
  endfacet
  facet normal 0 1 0
    outer loop
      vertex 170 122.658 220
      vertex 160.189 122.658 204.966
      vertex 159.933 122.658 205.583
    endloop
  endfacet
  facet normal 0 1 0
    outer loop
      vertex 170 122.658 220
      vertex 160.389 122.658 204.33
      vertex 160.189 122.658 204.966
    endloop
  endfacet
  facet normal 0 1 0
    outer loop
      vertex 170 122.658 220
      vertex 160.534 122.658 203.678
      vertex 160.389 122.658 204.33
    endloop
  endfacet
  facet normal 0 1 0
    outer loop
      vertex 170 122.658 220
      vertex 160.621 122.658 203.017
      vertex 160.534 122.658 203.678
    endloop
  endfacet
  facet normal 0 1 0
    outer loop
      vertex 170 122.658 220
      vertex 160.65 122.658 202.35
      vertex 160.621 122.658 203.017
    endloop
  endfacet
  facet normal 0 1 -0
    outer loop
      vertex 170 122.658 0
      vertex 160.65 122.658 202.35
      vertex 170 122.658 220
    endloop
  endfacet
  facet normal 0 1 0
    outer loop
      vertex 160.65 122.658 202.35
      vertex 170 122.658 0
      vertex 160.65 122.658 0
    endloop
  endfacet
  facet normal 0 1 0
    outer loop
      vertex 170 122.658 220
      vertex 128 122.658 210
      vertex 86 122.658 220
    endloop
  endfacet
  facet normal 0 1 -0
    outer loop
      vertex 127.333 122.658 209.971
      vertex 86 122.658 220
      vertex 128 122.658 210
    endloop
  endfacet
  facet normal 0 1 -0
    outer loop
      vertex 102.333 122.658 209.971
      vertex 86 122.658 220
      vertex 103 122.658 210
    endloop
  endfacet
  facet normal 0 1 -0
    outer loop
      vertex 101.672 122.658 209.884
      vertex 86 122.658 220
      vertex 102.333 122.658 209.971
    endloop
  endfacet
  facet normal 0 1 -0
    outer loop
      vertex 101.02 122.658 209.739
      vertex 86 122.658 220
      vertex 101.672 122.658 209.884
    endloop
  endfacet
  facet normal 0 1 -0
    outer loop
      vertex 100.384 122.658 209.539
      vertex 86 122.658 220
      vertex 101.02 122.658 209.739
    endloop
  endfacet
  facet normal 0 1 -0
    outer loop
      vertex 99.767 122.658 209.283
      vertex 86 122.658 220
      vertex 100.384 122.658 209.539
    endloop
  endfacet
  facet normal 0 1 -0
    outer loop
      vertex 99.175 122.658 208.975
      vertex 86 122.658 220
      vertex 99.767 122.658 209.283
    endloop
  endfacet
  facet normal 0 1 -0
    outer loop
      vertex 98.6122 122.658 208.617
      vertex 86 122.658 220
      vertex 99.175 122.658 208.975
    endloop
  endfacet
  facet normal 0 1 -0
    outer loop
      vertex 98.0827 122.658 208.21
      vertex 86 122.658 220
      vertex 98.6122 122.658 208.617
    endloop
  endfacet
  facet normal 0 1 -0
    outer loop
      vertex 97.5906 122.658 207.759
      vertex 86 122.658 220
      vertex 98.0827 122.658 208.21
    endloop
  endfacet
  facet normal 0 1 -0
    outer loop
      vertex 97.1398 122.658 207.267
      vertex 86 122.658 220
      vertex 97.5906 122.658 207.759
    endloop
  endfacet
  facet normal 0 1 -0
    outer loop
      vertex 96.7335 122.658 206.738
      vertex 86 122.658 220
      vertex 97.1398 122.658 207.267
    endloop
  endfacet
  facet normal 0 1 -0
    outer loop
      vertex 96.3749 122.658 206.175
      vertex 86 122.658 220
      vertex 96.7335 122.658 206.738
    endloop
  endfacet
  facet normal 0 1 -0
    outer loop
      vertex 96.0668 122.658 205.583
      vertex 86 122.658 220
      vertex 96.3749 122.658 206.175
    endloop
  endfacet
  facet normal 0 1 -0
    outer loop
      vertex 95.8114 122.658 204.966
      vertex 86 122.658 220
      vertex 96.0668 122.658 205.583
    endloop
  endfacet
  facet normal 0 1 -0
    outer loop
      vertex 95.6107 122.658 204.33
      vertex 86 122.658 220
      vertex 95.8114 122.658 204.966
    endloop
  endfacet
  facet normal 0 1 -0
    outer loop
      vertex 95.4662 122.658 203.678
      vertex 86 122.658 220
      vertex 95.6107 122.658 204.33
    endloop
  endfacet
  facet normal 0 1 -0
    outer loop
      vertex 95.3791 122.658 203.017
      vertex 86 122.658 220
      vertex 95.4662 122.658 203.678
    endloop
  endfacet
  facet normal 0 1 -0
    outer loop
      vertex 95.35 122.658 202.35
      vertex 86 122.658 220
      vertex 95.3791 122.658 203.017
    endloop
  endfacet
  facet normal 0 1 0
    outer loop
      vertex 86 122.658 0
      vertex 95.35 122.658 202.35
      vertex 95.35 122.658 0
    endloop
  endfacet
  facet normal 0 1 0
    outer loop
      vertex 95.35 122.658 202.35
      vertex 86 122.658 0
      vertex 86 122.658 220
    endloop
  endfacet
  facet normal 1 -0 0
    outer loop
      vertex 170 58.6583 220
      vertex 170 122.658 0
      vertex 170 122.658 220
    endloop
  endfacet
  facet normal 1 0 0
    outer loop
      vertex 170 122.658 0
      vertex 170 58.6583 220
      vertex 170 58.6583 0
    endloop
  endfacet
  facet normal -1 0 0
    outer loop
      vertex 86 58.6583 0
      vertex 86 122.658 220
      vertex 86 122.658 0
    endloop
  endfacet
  facet normal -1 -0 0
    outer loop
      vertex 86 122.658 220
      vertex 86 58.6583 0
      vertex 86 58.6583 220
    endloop
  endfacet
  facet normal 0 -1 0
    outer loop
      vertex 126.036 58.6583 109.755
      vertex 128.661 58.6583 109.973
      vertex 127.339 58.6583 109.973
    endloop
  endfacet
  facet normal 0 -1 0
    outer loop
      vertex 126.036 58.6583 109.755
      vertex 129.964 58.6583 109.755
      vertex 128.661 58.6583 109.973
    endloop
  endfacet
  facet normal 0 -1 0
    outer loop
      vertex 124.786 58.6583 109.326
      vertex 129.964 58.6583 109.755
      vertex 126.036 58.6583 109.755
    endloop
  endfacet
  facet normal 0 -1 0
    outer loop
      vertex 124.786 58.6583 109.326
      vertex 131.214 58.6583 109.326
      vertex 129.964 58.6583 109.755
    endloop
  endfacet
  facet normal 0 -1 0
    outer loop
      vertex 123.624 58.6583 108.697
      vertex 131.214 58.6583 109.326
      vertex 124.786 58.6583 109.326
    endloop
  endfacet
  facet normal 0 -1 0
    outer loop
      vertex 123.624 58.6583 108.697
      vertex 132.376 58.6583 108.697
      vertex 131.214 58.6583 109.326
    endloop
  endfacet
  facet normal 0 -1 0
    outer loop
      vertex 122.582 58.6583 107.886
      vertex 132.376 58.6583 108.697
      vertex 123.624 58.6583 108.697
    endloop
  endfacet
  facet normal 0 -1 0
    outer loop
      vertex 122.582 58.6583 107.886
      vertex 133.418 58.6583 107.886
      vertex 132.376 58.6583 108.697
    endloop
  endfacet
  facet normal 0 -1 0
    outer loop
      vertex 121.687 58.6583 106.914
      vertex 133.418 58.6583 107.886
      vertex 122.582 58.6583 107.886
    endloop
  endfacet
  facet normal 0 -1 0
    outer loop
      vertex 121.687 58.6583 106.914
      vertex 134.313 58.6583 106.914
      vertex 133.418 58.6583 107.886
    endloop
  endfacet
  facet normal 0 -1 0
    outer loop
      vertex 120.964 58.6583 105.808
      vertex 134.313 58.6583 106.914
      vertex 121.687 58.6583 106.914
    endloop
  endfacet
  facet normal 0 -1 0
    outer loop
      vertex 120.964 58.6583 105.808
      vertex 135.036 58.6583 105.808
      vertex 134.313 58.6583 106.914
    endloop
  endfacet
  facet normal 0 -1 0
    outer loop
      vertex 120.433 58.6583 104.598
      vertex 135.036 58.6583 105.808
      vertex 120.964 58.6583 105.808
    endloop
  endfacet
  facet normal 0 -1 0
    outer loop
      vertex 120.433 58.6583 104.598
      vertex 135.567 58.6583 104.598
      vertex 135.036 58.6583 105.808
    endloop
  endfacet
  facet normal 0 -1 0
    outer loop
      vertex 120.109 58.6583 103.317
      vertex 135.567 58.6583 104.598
      vertex 120.433 58.6583 104.598
    endloop
  endfacet
  facet normal 0 -1 0
    outer loop
      vertex 120.109 58.6583 103.317
      vertex 135.891 58.6583 103.317
      vertex 135.567 58.6583 104.598
    endloop
  endfacet
  facet normal 0 -1 0
    outer loop
      vertex 120 58.6583 102
      vertex 135.891 58.6583 103.317
      vertex 120.109 58.6583 103.317
    endloop
  endfacet
  facet normal 0 -1 0
    outer loop
      vertex 120 58.6583 102
      vertex 136 58.6583 102
      vertex 135.891 58.6583 103.317
    endloop
  endfacet
  facet normal 0 -1 0
    outer loop
      vertex 120 58.6583 102
      vertex 128 58.6583 42
      vertex 136 58.6583 102
    endloop
  endfacet
  facet normal 0 -1 0
    outer loop
      vertex 120 58.6583 102
      vertex 126.257 58.6583 41.9239
      vertex 128 58.6583 42
    endloop
  endfacet
  facet normal 0 -1 0
    outer loop
      vertex 120 58.6583 102
      vertex 124.527 58.6583 41.6962
      vertex 126.257 58.6583 41.9239
    endloop
  endfacet
  facet normal 0 -1 0
    outer loop
      vertex 120 58.6583 102
      vertex 122.824 58.6583 41.3185
      vertex 124.527 58.6583 41.6962
    endloop
  endfacet
  facet normal 0 -1 0
    outer loop
      vertex 120 58.6583 102
      vertex 121.16 58.6583 40.7939
      vertex 122.824 58.6583 41.3185
    endloop
  endfacet
  facet normal -0 -1 0
    outer loop
      vertex 121.16 58.6583 40.7939
      vertex 120 58.6583 102
      vertex 120 58.6583 40.3135
    endloop
  endfacet
  facet normal 0 -1 0
    outer loop
      vertex 129.743 58.6583 41.9239
      vertex 136 58.6583 102
      vertex 128 58.6583 42
    endloop
  endfacet
  facet normal 0 -1 0
    outer loop
      vertex 131.473 58.6583 41.6962
      vertex 136 58.6583 102
      vertex 129.743 58.6583 41.9239
    endloop
  endfacet
  facet normal 0 -1 0
    outer loop
      vertex 133.176 58.6583 41.3185
      vertex 136 58.6583 102
      vertex 131.473 58.6583 41.6962
    endloop
  endfacet
  facet normal 0 -1 0
    outer loop
      vertex 134.84 58.6583 40.7939
      vertex 136 58.6583 102
      vertex 133.176 58.6583 41.3185
    endloop
  endfacet
  facet normal 0 -1 -0
    outer loop
      vertex 136 58.6583 102
      vertex 134.84 58.6583 40.7939
      vertex 136 58.6583 40.3135
    endloop
  endfacet
  facet normal 0 1 0
    outer loop
      vertex 138.02 60.6583 110.02
      vertex 128 60.6583 42
      vertex 117.98 60.6583 110.02
    endloop
  endfacet
  facet normal 0 1 0
    outer loop
      vertex 138.02 60.6583 110.02
      vertex 129.743 60.6583 41.9239
      vertex 128 60.6583 42
    endloop
  endfacet
  facet normal 0 1 0
    outer loop
      vertex 138.02 60.6583 110.02
      vertex 131.473 60.6583 41.6962
      vertex 129.743 60.6583 41.9239
    endloop
  endfacet
  facet normal 0 1 0
    outer loop
      vertex 138.02 60.6583 110.02
      vertex 133.176 60.6583 41.3185
      vertex 131.473 60.6583 41.6962
    endloop
  endfacet
  facet normal 0 1 0
    outer loop
      vertex 138.02 60.6583 110.02
      vertex 134.84 60.6583 40.7939
      vertex 133.176 60.6583 41.3185
    endloop
  endfacet
  facet normal 0 1 0
    outer loop
      vertex 138.02 60.6583 110.02
      vertex 136.452 60.6583 40.1262
      vertex 134.84 60.6583 40.7939
    endloop
  endfacet
  facet normal 0 1 0
    outer loop
      vertex 138.02 60.6583 110.02
      vertex 138 60.6583 39.3205
      vertex 136.452 60.6583 40.1262
    endloop
  endfacet
  facet normal -0 1 0
    outer loop
      vertex 138 60.6583 39.3205
      vertex 138.02 60.6583 110.02
      vertex 138.02 60.6583 39.3078
    endloop
  endfacet
  facet normal 0 1 -0
    outer loop
      vertex 126.257 60.6583 41.9239
      vertex 117.98 60.6583 110.02
      vertex 128 60.6583 42
    endloop
  endfacet
  facet normal 0 1 -0
    outer loop
      vertex 124.527 60.6583 41.6962
      vertex 117.98 60.6583 110.02
      vertex 126.257 60.6583 41.9239
    endloop
  endfacet
  facet normal 0 1 -0
    outer loop
      vertex 122.824 60.6583 41.3185
      vertex 117.98 60.6583 110.02
      vertex 124.527 60.6583 41.6962
    endloop
  endfacet
  facet normal 0 1 -0
    outer loop
      vertex 121.16 60.6583 40.7939
      vertex 117.98 60.6583 110.02
      vertex 122.824 60.6583 41.3185
    endloop
  endfacet
  facet normal 0 1 -0
    outer loop
      vertex 119.548 60.6583 40.1262
      vertex 117.98 60.6583 110.02
      vertex 121.16 60.6583 40.7939
    endloop
  endfacet
  facet normal 0 1 -0
    outer loop
      vertex 118 60.6583 39.3205
      vertex 117.98 60.6583 110.02
      vertex 119.548 60.6583 40.1262
    endloop
  endfacet
  facet normal 0 1 0
    outer loop
      vertex 117.98 60.6583 110.02
      vertex 118 60.6583 39.3205
      vertex 117.98 60.6583 39.3078
    endloop
  endfacet
  facet normal 0 -1 0
    outer loop
      vertex 88 116.508 10
      vertex 168 116.508 220
      vertex 88 116.508 220
    endloop
  endfacet
  facet normal 0 -1 -0
    outer loop
      vertex 168 116.508 220
      vertex 88 116.508 10
      vertex 168 116.508 10
    endloop
  endfacet
  facet normal -0.999054 0 -0.043485
    outer loop
      vertex 147.999 58.6583 22.02
      vertex 147.924 60.6583 23.7431
      vertex 147.999 60.6583 22.02
    endloop
  endfacet
  facet normal -0.999054 -0 -0.043485
    outer loop
      vertex 147.924 60.6583 23.7431
      vertex 147.999 58.6583 22.02
      vertex 147.924 58.6583 23.7431
    endloop
  endfacet
  facet normal 0.0436188 0 -0.999048
    outer loop
      vertex 126.257 58.6583 41.9239
      vertex 128 60.6583 42
      vertex 128 58.6583 42
    endloop
  endfacet
  facet normal 0.0436188 0 -0.999048
    outer loop
      vertex 128 60.6583 42
      vertex 126.257 58.6583 41.9239
      vertex 126.257 60.6583 41.9239
    endloop
  endfacet
  facet normal -0.675714 0 -0.737164
    outer loop
      vertex 140.856 58.6583 37.3209
      vertex 142.142 60.6583 36.1421
      vertex 142.142 58.6583 36.1421
    endloop
  endfacet
  facet normal -0.675714 0 -0.737164
    outer loop
      vertex 142.142 60.6583 36.1421
      vertex 140.856 58.6583 37.3209
      vertex 140.856 60.6583 37.3209
    endloop
  endfacet
  facet normal 0.737185 0 -0.675691
    outer loop
      vertex 113.858 58.6583 36.1421
      vertex 112.679 60.6583 34.8558
      vertex 113.858 60.6583 36.1421
    endloop
  endfacet
  facet normal 0.737185 0 -0.675691
    outer loop
      vertex 112.679 60.6583 34.8558
      vertex 113.858 58.6583 36.1421
      vertex 112.679 58.6583 34.8558
    endloop
  endfacet
  facet normal 0.461686 0 -0.887043
    outer loop
      vertex 118 58.6583 39.3205
      vertex 119.548 60.6583 40.1262
      vertex 119.548 58.6583 40.1262
    endloop
  endfacet
  facet normal 0.461686 0 -0.887043
    outer loop
      vertex 119.548 60.6583 40.1262
      vertex 118 58.6583 39.3205
      vertex 118 60.6583 39.3205
    endloop
  endfacet
  facet normal -0.382815 0 -0.923825
    outer loop
      vertex 136.452 58.6583 40.1262
      vertex 136 58.6583 40.3135
      vertex 136.452 60.6583 40.1262
    endloop
  endfacet
  facet normal -0.382624 -0 -0.923904
    outer loop
      vertex 134.84 60.6583 40.7939
      vertex 136 58.6583 40.3135
      vertex 134.84 58.6583 40.7939
    endloop
  endfacet
  facet normal -0.382677 -3.64509e-05 -0.923882
    outer loop
      vertex 136 58.6583 40.3135
      vertex 134.84 60.6583 40.7939
      vertex 136.452 60.6583 40.1262
    endloop
  endfacet
  facet normal 0.843248 0 -0.537524
    outer loop
      vertex 111.617 58.6583 33.4715
      vertex 110.679 60.6583 32
      vertex 111.617 60.6583 33.4715
    endloop
  endfacet
  facet normal 0.843248 0 -0.537524
    outer loop
      vertex 110.679 60.6583 32
      vertex 111.617 58.6583 33.4715
      vertex 110.679 58.6583 32
    endloop
  endfacet
  facet normal -0.953661 0 -0.300885
    outer loop
      vertex 147.319 58.6583 27.1764
      vertex 146.794 60.6583 28.8404
      vertex 147.319 60.6583 27.1764
    endloop
  endfacet
  facet normal -0.953661 -0 -0.300885
    outer loop
      vertex 146.794 60.6583 28.8404
      vertex 147.319 58.6583 27.1764
      vertex 146.794 58.6583 28.8404
    endloop
  endfacet
  facet normal -0.887159 0 -0.461465
    outer loop
      vertex 146.126 58.6583 30.4524
      vertex 145.321 60.6583 32
      vertex 146.126 60.6583 30.4524
    endloop
  endfacet
  facet normal -0.887159 -0 -0.461465
    outer loop
      vertex 145.321 60.6583 32
      vertex 146.126 58.6583 30.4524
      vertex 145.321 58.6583 32
    endloop
  endfacet
  facet normal -0.923821 0 -0.382824
    outer loop
      vertex 146.794 58.6583 28.8404
      vertex 146.126 60.6583 30.4524
      vertex 146.794 60.6583 28.8404
    endloop
  endfacet
  facet normal -0.923821 -0 -0.382824
    outer loop
      vertex 146.126 60.6583 30.4524
      vertex 146.794 58.6583 28.8404
      vertex 146.126 58.6583 30.4524
    endloop
  endfacet
  facet normal -0.216524 0 -0.976277
    outer loop
      vertex 131.473 58.6583 41.6962
      vertex 133.176 60.6583 41.3185
      vertex 133.176 58.6583 41.3185
    endloop
  endfacet
  facet normal -0.216524 0 -0.976277
    outer loop
      vertex 133.176 60.6583 41.3185
      vertex 131.473 58.6583 41.6962
      vertex 131.473 60.6583 41.6962
    endloop
  endfacet
  facet normal -0.130493 0 -0.991449
    outer loop
      vertex 129.743 58.6583 41.9239
      vertex 131.473 60.6583 41.6962
      vertex 131.473 58.6583 41.6962
    endloop
  endfacet
  facet normal -0.130493 0 -0.991449
    outer loop
      vertex 131.473 60.6583 41.6962
      vertex 129.743 58.6583 41.9239
      vertex 129.743 60.6583 41.9239
    endloop
  endfacet
  facet normal 0.976373 0 -0.216093
    outer loop
      vertex 108.681 58.6583 27.1764
      vertex 108.304 60.6583 25.473
      vertex 108.681 60.6583 27.1764
    endloop
  endfacet
  facet normal 0.976373 0 -0.216093
    outer loop
      vertex 108.304 60.6583 25.473
      vertex 108.681 58.6583 27.1764
      vertex 108.304 58.6583 25.473
    endloop
  endfacet
  facet normal 0.923821 0 -0.382824
    outer loop
      vertex 109.874 58.6583 30.4524
      vertex 109.206 60.6583 28.8404
      vertex 109.874 60.6583 30.4524
    endloop
  endfacet
  facet normal 0.923821 0 -0.382824
    outer loop
      vertex 109.206 60.6583 28.8404
      vertex 109.874 58.6583 30.4524
      vertex 109.206 58.6583 28.8404
    endloop
  endfacet
  facet normal 0.887159 0 -0.461465
    outer loop
      vertex 110.679 58.6583 32
      vertex 109.874 60.6583 30.4524
      vertex 110.679 60.6583 32
    endloop
  endfacet
  facet normal 0.887159 0 -0.461465
    outer loop
      vertex 109.874 60.6583 30.4524
      vertex 110.679 58.6583 32
      vertex 109.874 58.6583 30.4524
    endloop
  endfacet
  facet normal 0.991426 0 -0.130669
    outer loop
      vertex 108.304 58.6583 25.473
      vertex 108.076 60.6583 23.7431
      vertex 108.304 60.6583 25.473
    endloop
  endfacet
  facet normal 0.991426 0 -0.130669
    outer loop
      vertex 108.076 60.6583 23.7431
      vertex 108.304 58.6583 25.473
      vertex 108.076 58.6583 23.7431
    endloop
  endfacet
  facet normal 0.608805 0 -0.79332
    outer loop
      vertex 115.144 58.6583 37.3209
      vertex 116.528 60.6583 38.383
      vertex 116.528 58.6583 38.383
    endloop
  endfacet
  facet normal 0.608805 0 -0.79332
    outer loop
      vertex 116.528 60.6583 38.383
      vertex 115.144 58.6583 37.3209
      vertex 115.144 60.6583 37.3209
    endloop
  endfacet
  facet normal -0.737185 0 -0.675691
    outer loop
      vertex 143.321 58.6583 34.8558
      vertex 142.142 60.6583 36.1421
      vertex 143.321 60.6583 34.8558
    endloop
  endfacet
  facet normal -0.737185 -0 -0.675691
    outer loop
      vertex 142.142 60.6583 36.1421
      vertex 143.321 58.6583 34.8558
      vertex 142.142 58.6583 36.1421
    endloop
  endfacet
  facet normal -0.843248 0 -0.537524
    outer loop
      vertex 145.321 58.6583 32
      vertex 144.383 60.6583 33.4715
      vertex 145.321 60.6583 32
    endloop
  endfacet
  facet normal -0.843248 -0 -0.537524
    outer loop
      vertex 144.383 60.6583 33.4715
      vertex 145.321 58.6583 32
      vertex 144.383 58.6583 33.4715
    endloop
  endfacet
  facet normal -0.793412 0 -0.608685
    outer loop
      vertex 144.383 58.6583 33.4715
      vertex 143.321 60.6583 34.8558
      vertex 144.383 60.6583 33.4715
    endloop
  endfacet
  facet normal -0.793412 -0 -0.608685
    outer loop
      vertex 143.321 60.6583 34.8558
      vertex 144.383 58.6583 33.4715
      vertex 143.321 58.6583 34.8558
    endloop
  endfacet
  facet normal -0.0436188 0 -0.999048
    outer loop
      vertex 128 58.6583 42
      vertex 129.743 60.6583 41.9239
      vertex 129.743 58.6583 41.9239
    endloop
  endfacet
  facet normal -0.0436188 0 -0.999048
    outer loop
      vertex 129.743 60.6583 41.9239
      vertex 128 58.6583 42
      vertex 128 60.6583 42
    endloop
  endfacet
  facet normal -0.461686 0 -0.887043
    outer loop
      vertex 136.452 58.6583 40.1262
      vertex 138 60.6583 39.3205
      vertex 138 58.6583 39.3205
    endloop
  endfacet
  facet normal -0.461686 0 -0.887043
    outer loop
      vertex 138 60.6583 39.3205
      vertex 136.452 58.6583 40.1262
      vertex 136.452 60.6583 40.1262
    endloop
  endfacet
  facet normal -0.608805 0 -0.79332
    outer loop
      vertex 139.472 58.6583 38.383
      vertex 140.856 60.6583 37.3209
      vertex 140.856 58.6583 37.3209
    endloop
  endfacet
  facet normal -0.608805 0 -0.79332
    outer loop
      vertex 140.856 60.6583 37.3209
      vertex 139.472 58.6583 38.383
      vertex 139.472 60.6583 38.383
    endloop
  endfacet
  facet normal -0.537206 0 -0.843451
    outer loop
      vertex 139.472 58.6583 38.383
      vertex 138.02 60.6583 39.3078
      vertex 139.472 60.6583 38.383
    endloop
  endfacet
  facet normal -0.537191 1.59295e-05 -0.843461
    outer loop
      vertex 138 58.6583 39.3205
      vertex 138.02 60.6583 39.3078
      vertex 139.472 58.6583 38.383
    endloop
  endfacet
  facet normal -0.536056 -0 -0.844182
    outer loop
      vertex 138 60.6583 39.3205
      vertex 138.02 60.6583 39.3078
      vertex 138 58.6583 39.3205
    endloop
  endfacet
  facet normal 0.793412 0 -0.608685
    outer loop
      vertex 112.679 58.6583 34.8558
      vertex 111.617 60.6583 33.4715
      vertex 112.679 60.6583 34.8558
    endloop
  endfacet
  facet normal 0.793412 0 -0.608685
    outer loop
      vertex 111.617 60.6583 33.4715
      vertex 112.679 58.6583 34.8558
      vertex 111.617 58.6583 33.4715
    endloop
  endfacet
  facet normal 0.999054 0 -0.043485
    outer loop
      vertex 108.076 58.6583 23.7431
      vertex 108.001 60.6583 22.02
      vertex 108.076 60.6583 23.7431
    endloop
  endfacet
  facet normal 0.999054 0 -0.043485
    outer loop
      vertex 108.001 60.6583 22.02
      vertex 108.076 58.6583 23.7431
      vertex 108.001 58.6583 22.02
    endloop
  endfacet
  facet normal 0.675714 0 -0.737164
    outer loop
      vertex 113.858 58.6583 36.1421
      vertex 115.144 60.6583 37.3209
      vertex 115.144 58.6583 37.3209
    endloop
  endfacet
  facet normal 0.675714 0 -0.737164
    outer loop
      vertex 115.144 60.6583 37.3209
      vertex 113.858 58.6583 36.1421
      vertex 113.858 60.6583 36.1421
    endloop
  endfacet
  facet normal 0.536056 0 -0.844182
    outer loop
      vertex 118 58.6583 39.3205
      vertex 117.98 60.6583 39.3078
      vertex 118 60.6583 39.3205
    endloop
  endfacet
  facet normal 0.537191 1.59295e-05 -0.843461
    outer loop
      vertex 116.528 58.6583 38.383
      vertex 117.98 60.6583 39.3078
      vertex 118 58.6583 39.3205
    endloop
  endfacet
  facet normal 0.537206 0 -0.843451
    outer loop
      vertex 117.98 60.6583 39.3078
      vertex 116.528 58.6583 38.383
      vertex 116.528 60.6583 38.383
    endloop
  endfacet
  facet normal 0.382624 0 -0.923904
    outer loop
      vertex 120 58.6583 40.3135
      vertex 121.16 60.6583 40.7939
      vertex 121.16 58.6583 40.7939
    endloop
  endfacet
  facet normal 0.382815 0 -0.923825
    outer loop
      vertex 119.548 60.6583 40.1262
      vertex 120 58.6583 40.3135
      vertex 119.548 58.6583 40.1262
    endloop
  endfacet
  facet normal 0.382677 -3.64509e-05 -0.923882
    outer loop
      vertex 120 58.6583 40.3135
      vertex 119.548 60.6583 40.1262
      vertex 121.16 60.6583 40.7939
    endloop
  endfacet
  facet normal 0.130493 0 -0.991449
    outer loop
      vertex 124.527 58.6583 41.6962
      vertex 126.257 60.6583 41.9239
      vertex 126.257 58.6583 41.9239
    endloop
  endfacet
  facet normal 0.130493 0 -0.991449
    outer loop
      vertex 126.257 60.6583 41.9239
      vertex 124.527 58.6583 41.6962
      vertex 124.527 60.6583 41.6962
    endloop
  endfacet
  facet normal 0.300676 0 -0.953726
    outer loop
      vertex 121.16 58.6583 40.7939
      vertex 122.824 60.6583 41.3185
      vertex 122.824 58.6583 41.3185
    endloop
  endfacet
  facet normal 0.300676 0 -0.953726
    outer loop
      vertex 122.824 60.6583 41.3185
      vertex 121.16 58.6583 40.7939
      vertex 121.16 60.6583 40.7939
    endloop
  endfacet
  facet normal 0.216524 0 -0.976277
    outer loop
      vertex 122.824 58.6583 41.3185
      vertex 124.527 60.6583 41.6962
      vertex 124.527 58.6583 41.6962
    endloop
  endfacet
  facet normal 0.216524 0 -0.976277
    outer loop
      vertex 124.527 60.6583 41.6962
      vertex 122.824 58.6583 41.3185
      vertex 122.824 60.6583 41.3185
    endloop
  endfacet
  facet normal -0.991426 0 -0.130669
    outer loop
      vertex 147.924 58.6583 23.7431
      vertex 147.696 60.6583 25.473
      vertex 147.924 60.6583 23.7431
    endloop
  endfacet
  facet normal -0.991426 -0 -0.130669
    outer loop
      vertex 147.696 60.6583 25.473
      vertex 147.924 58.6583 23.7431
      vertex 147.696 58.6583 25.473
    endloop
  endfacet
  facet normal -0.976373 0 -0.216093
    outer loop
      vertex 147.696 58.6583 25.473
      vertex 147.319 60.6583 27.1764
      vertex 147.696 60.6583 25.473
    endloop
  endfacet
  facet normal -0.976373 -0 -0.216093
    outer loop
      vertex 147.319 60.6583 27.1764
      vertex 147.696 58.6583 25.473
      vertex 147.319 58.6583 27.1764
    endloop
  endfacet
  facet normal -0.300676 0 -0.953726
    outer loop
      vertex 133.176 58.6583 41.3185
      vertex 134.84 60.6583 40.7939
      vertex 134.84 58.6583 40.7939
    endloop
  endfacet
  facet normal -0.300676 0 -0.953726
    outer loop
      vertex 134.84 60.6583 40.7939
      vertex 133.176 58.6583 41.3185
      vertex 133.176 60.6583 41.3185
    endloop
  endfacet
  facet normal 0.953661 0 -0.300885
    outer loop
      vertex 109.206 58.6583 28.8404
      vertex 108.681 60.6583 27.1764
      vertex 109.206 60.6583 28.8404
    endloop
  endfacet
  facet normal 0.953661 0 -0.300885
    outer loop
      vertex 108.681 60.6583 27.1764
      vertex 109.206 58.6583 28.8404
      vertex 108.681 58.6583 27.1764
    endloop
  endfacet
  facet normal 1 -0 0
    outer loop
      vertex 107.98 58.6583 22.02
      vertex 107.98 58.6583 20
      vertex 107.98 60.6583 22.02
    endloop
  endfacet
  facet normal 1 -0 0
    outer loop
      vertex 107.98 58.6583 20
      vertex 107.98 60.6583 18
      vertex 107.98 60.6583 22.02
    endloop
  endfacet
  facet normal 1 0 0
    outer loop
      vertex 107.98 60.6583 18
      vertex 107.98 58.6583 20
      vertex 107.98 58.6583 18
    endloop
  endfacet
  facet normal -1 0 0
    outer loop
      vertex 148.02 58.6583 20
      vertex 148.02 60.6583 18
      vertex 148.02 58.6583 18
    endloop
  endfacet
  facet normal -1 0 0
    outer loop
      vertex 148.02 60.6583 18
      vertex 148.02 58.6583 20
      vertex 148.02 60.6583 22.02
    endloop
  endfacet
  facet normal -1 0 0
    outer loop
      vertex 148.02 58.6583 20
      vertex 148.02 58.6583 22.02
      vertex 148.02 60.6583 22.02
    endloop
  endfacet
  facet normal -0 0 1
    outer loop
      vertex 107.98 60.6583 18
      vertex 108 58.6583 18
      vertex 108 60.6583 18
    endloop
  endfacet
  facet normal 0 0 1
    outer loop
      vertex 108 58.6583 18
      vertex 107.98 60.6583 18
      vertex 107.98 58.6583 18
    endloop
  endfacet
  facet normal -0 0 1
    outer loop
      vertex 148 60.6583 18
      vertex 148.02 58.6583 18
      vertex 148.02 60.6583 18
    endloop
  endfacet
  facet normal 0 0 1
    outer loop
      vertex 148.02 58.6583 18
      vertex 148 60.6583 18
      vertex 148 58.6583 18
    endloop
  endfacet
  facet normal 1 -0 0
    outer loop
      vertex 95.35 122.24 202.35
      vertex 95.35 122.658 0
      vertex 95.35 122.658 202.35
    endloop
  endfacet
  facet normal 1 0 0
    outer loop
      vertex 95.35 122.658 0
      vertex 95.35 122.24 202.35
      vertex 95.35 122.24 0
    endloop
  endfacet
  facet normal -0.999056 0 -0.0434372
    outer loop
      vertex 110.65 122.24 202.35
      vertex 110.621 122.658 203.017
      vertex 110.65 122.658 202.35
    endloop
  endfacet
  facet normal -0.999056 -0 -0.0434372
    outer loop
      vertex 110.621 122.658 203.017
      vertex 110.65 122.24 202.35
      vertex 110.621 122.24 203.017
    endloop
  endfacet
  facet normal 0 0 -1
    outer loop
      vertex 103.661 122.2 209.971
      vertex 103.667 122.22 209.971
      vertex 103.667 122.2 209.971
    endloop
  endfacet
  facet normal -0 0 -1
    outer loop
      vertex 103.667 122.22 209.971
      vertex 103.661 122.2 209.971
      vertex 103.667 122.24 209.971
    endloop
  endfacet
  facet normal -0.0397103 0.00595655 -0.999193
    outer loop
      vertex 103 122.658 210
      vertex 103.667 122.24 209.971
      vertex 103.661 122.2 209.971
    endloop
  endfacet
  facet normal -0.0438308 -0 -0.999039
    outer loop
      vertex 103 122.658 210
      vertex 103.661 122.2 209.971
      vertex 103 119.7 210
    endloop
  endfacet
  facet normal -0.0434372 0 -0.999056
    outer loop
      vertex 103.667 122.24 209.971
      vertex 103 122.658 210
      vertex 103.667 122.658 209.971
    endloop
  endfacet
  facet normal -1 0 0
    outer loop
      vertex 110.65 122.24 0
      vertex 110.65 122.658 202.35
      vertex 110.65 122.658 0
    endloop
  endfacet
  facet normal -1 -0 0
    outer loop
      vertex 110.65 122.658 202.35
      vertex 110.65 122.24 0
      vertex 110.65 122.24 202.35
    endloop
  endfacet
  facet normal -0.991449 0 -0.130493
    outer loop
      vertex 110.621 122.24 203.017
      vertex 110.534 122.658 203.678
      vertex 110.621 122.658 203.017
    endloop
  endfacet
  facet normal -0.991449 -0 -0.130493
    outer loop
      vertex 110.534 122.658 203.678
      vertex 110.621 122.24 203.017
      vertex 110.534 122.24 203.678
    endloop
  endfacet
  facet normal 0.793075 0 -0.609124
    outer loop
      vertex 97.1398 122.24 207.267
      vertex 96.7335 122.658 206.738
      vertex 97.1398 122.658 207.267
    endloop
  endfacet
  facet normal 0.793075 0 -0.609124
    outer loop
      vertex 96.7335 122.658 206.738
      vertex 97.1398 122.24 207.267
      vertex 96.7335 122.24 206.738
    endloop
  endfacet
  facet normal -0.976152 0 -0.217089
    outer loop
      vertex 110.534 122.24 203.678
      vertex 110.389 122.658 204.33
      vertex 110.534 122.658 203.678
    endloop
  endfacet
  facet normal -0.976152 -0 -0.217089
    outer loop
      vertex 110.389 122.658 204.33
      vertex 110.534 122.24 203.678
      vertex 110.389 122.24 204.33
    endloop
  endfacet
  facet normal -0.130493 0 -0.991449
    outer loop
      vertex 103.667 122.24 209.971
      vertex 104.328 122.658 209.884
      vertex 104.328 122.24 209.884
    endloop
  endfacet
  facet normal -0.130493 0 -0.991449
    outer loop
      vertex 104.328 122.658 209.884
      vertex 103.667 122.24 209.971
      vertex 103.667 122.658 209.971
    endloop
  endfacet
  facet normal -0.299983 0 -0.953945
    outer loop
      vertex 104.98 122.24 209.739
      vertex 105.616 122.658 209.539
      vertex 105.616 122.24 209.539
    endloop
  endfacet
  facet normal -0.299983 0 -0.953945
    outer loop
      vertex 105.616 122.658 209.539
      vertex 104.98 122.24 209.739
      vertex 104.98 122.658 209.739
    endloop
  endfacet
  facet normal 0.97631 0 -0.216376
    outer loop
      vertex 95.6107 122.24 204.33
      vertex 95.4662 122.658 203.678
      vertex 95.6107 122.658 204.33
    endloop
  endfacet
  facet normal 0.97631 0 -0.216376
    outer loop
      vertex 95.4662 122.658 203.678
      vertex 95.6107 122.24 204.33
      vertex 95.4662 122.24 203.678
    endloop
  endfacet
  facet normal -0.953945 0 -0.299983
    outer loop
      vertex 110.389 122.24 204.33
      vertex 110.189 122.658 204.966
      vertex 110.389 122.658 204.33
    endloop
  endfacet
  facet normal -0.953945 -0 -0.299983
    outer loop
      vertex 110.189 122.658 204.966
      vertex 110.389 122.24 204.33
      vertex 110.189 122.24 204.966
    endloop
  endfacet
  facet normal -0.923652 0 -0.383233
    outer loop
      vertex 110.189 122.24 204.966
      vertex 109.933 122.658 205.583
      vertex 110.189 122.658 204.966
    endloop
  endfacet
  facet normal -0.923652 -0 -0.383233
    outer loop
      vertex 109.933 122.658 205.583
      vertex 110.189 122.24 204.966
      vertex 109.933 122.24 205.583
    endloop
  endfacet
  facet normal 0.130493 0 -0.991449
    outer loop
      vertex 101.672 122.24 209.884
      vertex 102.333 122.658 209.971
      vertex 102.333 122.24 209.971
    endloop
  endfacet
  facet normal 0.130493 0 -0.991449
    outer loop
      vertex 102.333 122.658 209.971
      vertex 101.672 122.24 209.884
      vertex 101.672 122.658 209.884
    endloop
  endfacet
  facet normal 0.923969 0 -0.382466
    outer loop
      vertex 96.0668 122.24 205.583
      vertex 95.8114 122.658 204.966
      vertex 96.0668 122.658 205.583
    endloop
  endfacet
  facet normal 0.923969 0 -0.382466
    outer loop
      vertex 95.8114 122.658 204.966
      vertex 96.0668 122.24 205.583
      vertex 95.8114 122.24 204.966
    endloop
  endfacet
  facet normal -0.609783 0 -0.792568
    outer loop
      vertex 107.388 122.24 208.617
      vertex 107.917 122.658 208.21
      vertex 107.917 122.24 208.21
    endloop
  endfacet
  facet normal -0.609783 0 -0.792568
    outer loop
      vertex 107.917 122.658 208.21
      vertex 107.388 122.24 208.617
      vertex 107.388 122.658 208.617
    endloop
  endfacet
  facet normal -0.675725 0 -0.737154
    outer loop
      vertex 107.917 122.24 208.21
      vertex 108.409 122.658 207.759
      vertex 108.409 122.24 207.759
    endloop
  endfacet
  facet normal -0.675725 0 -0.737154
    outer loop
      vertex 108.409 122.658 207.759
      vertex 107.917 122.24 208.21
      vertex 107.917 122.658 208.21
    endloop
  endfacet
  facet normal -0.887119 0 -0.461541
    outer loop
      vertex 109.933 122.24 205.583
      vertex 109.625 122.658 206.175
      vertex 109.933 122.658 205.583
    endloop
  endfacet
  facet normal -0.887119 -0 -0.461541
    outer loop
      vertex 109.625 122.658 206.175
      vertex 109.933 122.24 205.583
      vertex 109.625 122.24 206.175
    endloop
  endfacet
  facet normal 0.53672 0 -0.84376
    outer loop
      vertex 98.6122 122.24 208.617
      vertex 99.175 122.658 208.975
      vertex 99.175 122.24 208.975
    endloop
  endfacet
  facet normal 0.53672 0 -0.84376
    outer loop
      vertex 99.175 122.658 208.975
      vertex 98.6122 122.24 208.617
      vertex 98.6122 122.658 208.617
    endloop
  endfacet
  facet normal 0.217089 0 -0.976152
    outer loop
      vertex 101.02 122.24 209.739
      vertex 101.672 122.658 209.884
      vertex 101.672 122.24 209.884
    endloop
  endfacet
  facet normal 0.217089 0 -0.976152
    outer loop
      vertex 101.672 122.658 209.884
      vertex 101.02 122.24 209.739
      vertex 101.02 122.658 209.739
    endloop
  endfacet
  facet normal 0.383233 0 -0.923652
    outer loop
      vertex 99.767 122.24 209.283
      vertex 100.384 122.658 209.539
      vertex 100.384 122.24 209.539
    endloop
  endfacet
  facet normal 0.383233 0 -0.923652
    outer loop
      vertex 100.384 122.658 209.539
      vertex 99.767 122.24 209.283
      vertex 99.767 122.658 209.283
    endloop
  endfacet
  facet normal 0.299983 0 -0.953945
    outer loop
      vertex 100.384 122.24 209.539
      vertex 101.02 122.658 209.739
      vertex 101.02 122.24 209.739
    endloop
  endfacet
  facet normal 0.299983 0 -0.953945
    outer loop
      vertex 101.02 122.658 209.739
      vertex 100.384 122.24 209.539
      vertex 100.384 122.658 209.539
    endloop
  endfacet
  facet normal 0.0438308 0 -0.999039
    outer loop
      vertex 102.339 122.2 209.971
      vertex 103 122.658 210
      vertex 103 119.7 210
    endloop
  endfacet
  facet normal 0 0 -1
    outer loop
      vertex 102.333 122.22 209.971
      vertex 102.339 122.2 209.971
      vertex 102.333 122.2 209.971
    endloop
  endfacet
  facet normal 0 0 -1
    outer loop
      vertex 102.333 122.24 209.971
      vertex 102.339 122.2 209.971
      vertex 102.333 122.22 209.971
    endloop
  endfacet
  facet normal 0.0397103 0.00595655 -0.999193
    outer loop
      vertex 102.339 122.2 209.971
      vertex 102.333 122.24 209.971
      vertex 103 122.658 210
    endloop
  endfacet
  facet normal 0.0434372 0 -0.999056
    outer loop
      vertex 103 122.658 210
      vertex 102.333 122.24 209.971
      vertex 102.333 122.658 209.971
    endloop
  endfacet
  facet normal 0.67565 0 -0.737223
    outer loop
      vertex 97.5906 122.24 207.759
      vertex 98.0827 122.658 208.21
      vertex 98.0827 122.24 208.21
    endloop
  endfacet
  facet normal 0.67565 0 -0.737223
    outer loop
      vertex 98.0827 122.658 208.21
      vertex 97.5906 122.24 207.759
      vertex 97.5906 122.658 207.759
    endloop
  endfacet
  facet normal 0.609421 0 -0.792847
    outer loop
      vertex 98.0827 122.24 208.21
      vertex 98.6122 122.658 208.617
      vertex 98.6122 122.24 208.617
    endloop
  endfacet
  facet normal 0.609421 0 -0.792847
    outer loop
      vertex 98.6122 122.658 208.617
      vertex 98.0827 122.24 208.21
      vertex 98.0827 122.658 208.21
    endloop
  endfacet
  facet normal 0.737303 0 -0.675562
    outer loop
      vertex 97.5906 122.24 207.759
      vertex 97.1398 122.658 207.267
      vertex 97.5906 122.658 207.759
    endloop
  endfacet
  facet normal 0.737303 0 -0.675562
    outer loop
      vertex 97.1398 122.658 207.267
      vertex 97.5906 122.24 207.759
      vertex 97.1398 122.24 207.267
    endloop
  endfacet
  facet normal -0.536585 0 -0.843847
    outer loop
      vertex 106.825 122.24 208.975
      vertex 107.388 122.658 208.617
      vertex 107.388 122.24 208.617
    endloop
  endfacet
  facet normal -0.536585 0 -0.843847
    outer loop
      vertex 107.388 122.658 208.617
      vertex 106.825 122.24 208.975
      vertex 106.825 122.658 208.975
    endloop
  endfacet
  facet normal -0.737154 0 -0.675725
    outer loop
      vertex 108.86 122.24 207.267
      vertex 108.409 122.658 207.759
      vertex 108.86 122.658 207.267
    endloop
  endfacet
  facet normal -0.737154 -0 -0.675725
    outer loop
      vertex 108.409 122.658 207.759
      vertex 108.86 122.24 207.267
      vertex 108.409 122.24 207.759
    endloop
  endfacet
  facet normal -0.843847 0 -0.536585
    outer loop
      vertex 109.625 122.24 206.175
      vertex 109.267 122.658 206.738
      vertex 109.625 122.658 206.175
    endloop
  endfacet
  facet normal -0.843847 -0 -0.536585
    outer loop
      vertex 109.267 122.658 206.738
      vertex 109.625 122.24 206.175
      vertex 109.267 122.24 206.738
    endloop
  endfacet
  facet normal -0.792568 0 -0.609783
    outer loop
      vertex 109.267 122.24 206.738
      vertex 108.86 122.658 207.267
      vertex 109.267 122.658 206.738
    endloop
  endfacet
  facet normal -0.792568 -0 -0.609783
    outer loop
      vertex 108.86 122.658 207.267
      vertex 109.267 122.24 206.738
      vertex 108.86 122.24 207.267
    endloop
  endfacet
  facet normal 0.843439 0 -0.537224
    outer loop
      vertex 96.7335 122.24 206.738
      vertex 96.3749 122.658 206.175
      vertex 96.7335 122.658 206.738
    endloop
  endfacet
  facet normal 0.843439 0 -0.537224
    outer loop
      vertex 96.3749 122.658 206.175
      vertex 96.7335 122.24 206.738
      vertex 96.3749 122.24 206.175
    endloop
  endfacet
  facet normal 0.953644 0 -0.300938
    outer loop
      vertex 95.8114 122.24 204.966
      vertex 95.6107 122.658 204.33
      vertex 95.8114 122.658 204.966
    endloop
  endfacet
  facet normal 0.953644 0 -0.300938
    outer loop
      vertex 95.6107 122.658 204.33
      vertex 95.8114 122.24 204.966
      vertex 95.6107 122.24 204.33
    endloop
  endfacet
  facet normal 0.99143 0 -0.130641
    outer loop
      vertex 95.4662 122.24 203.678
      vertex 95.3791 122.658 203.017
      vertex 95.4662 122.658 203.678
    endloop
  endfacet
  facet normal 0.99143 0 -0.130641
    outer loop
      vertex 95.3791 122.658 203.017
      vertex 95.4662 122.24 203.678
      vertex 95.3791 122.24 203.017
    endloop
  endfacet
  facet normal 0.99905 0 -0.0435867
    outer loop
      vertex 95.3791 122.24 203.017
      vertex 95.35 122.658 202.35
      vertex 95.3791 122.658 203.017
    endloop
  endfacet
  facet normal 0.99905 0 -0.0435867
    outer loop
      vertex 95.35 122.658 202.35
      vertex 95.3791 122.24 203.017
      vertex 95.35 122.24 202.35
    endloop
  endfacet
  facet normal -0.217089 0 -0.976152
    outer loop
      vertex 104.328 122.24 209.884
      vertex 104.98 122.658 209.739
      vertex 104.98 122.24 209.739
    endloop
  endfacet
  facet normal -0.217089 0 -0.976152
    outer loop
      vertex 104.98 122.658 209.739
      vertex 104.328 122.24 209.884
      vertex 104.328 122.658 209.884
    endloop
  endfacet
  facet normal -0.461541 0 -0.887119
    outer loop
      vertex 106.233 122.24 209.283
      vertex 106.825 122.658 208.975
      vertex 106.825 122.24 208.975
    endloop
  endfacet
  facet normal -0.461541 0 -0.887119
    outer loop
      vertex 106.825 122.658 208.975
      vertex 106.233 122.24 209.283
      vertex 106.233 122.658 209.283
    endloop
  endfacet
  facet normal -0.383233 0 -0.923652
    outer loop
      vertex 105.616 122.24 209.539
      vertex 106.233 122.658 209.283
      vertex 106.233 122.24 209.283
    endloop
  endfacet
  facet normal -0.383233 0 -0.923652
    outer loop
      vertex 106.233 122.658 209.283
      vertex 105.616 122.24 209.539
      vertex 105.616 122.658 209.539
    endloop
  endfacet
  facet normal 0.461541 0 -0.887119
    outer loop
      vertex 99.175 122.24 208.975
      vertex 99.767 122.658 209.283
      vertex 99.767 122.24 209.283
    endloop
  endfacet
  facet normal 0.461541 0 -0.887119
    outer loop
      vertex 99.767 122.658 209.283
      vertex 99.175 122.24 208.975
      vertex 99.175 122.658 208.975
    endloop
  endfacet
  facet normal 0.887057 0 -0.461659
    outer loop
      vertex 96.3749 122.24 206.175
      vertex 96.0668 122.658 205.583
      vertex 96.3749 122.658 206.175
    endloop
  endfacet
  facet normal 0.887057 0 -0.461659
    outer loop
      vertex 96.0668 122.658 205.583
      vertex 96.3749 122.24 206.175
      vertex 96.0668 122.24 205.583
    endloop
  endfacet
  facet normal -0.709941 -0.704261 -0
    outer loop
      vertex 113.13 119.74 199.87
      vertex 110.65 122.24 0
      vertex 113.13 119.74 0
    endloop
  endfacet
  facet normal -0.709941 -0.704261 0
    outer loop
      vertex 110.65 122.24 0
      vertex 113.13 119.74 199.87
      vertex 110.65 122.24 202.35
    endloop
  endfacet
  facet normal 0.709927 -0.704276 0
    outer loop
      vertex 92.8699 119.74 199.87
      vertex 95.35 122.24 0
      vertex 95.35 122.24 202.35
    endloop
  endfacet
  facet normal 0.709927 -0.704276 0
    outer loop
      vertex 95.35 122.24 0
      vertex 92.8699 119.74 199.87
      vertex 92.8699 119.74 0
    endloop
  endfacet
  facet normal 0.78274 -0.4705 -0.407368
    outer loop
      vertex 93.8214 119.74 204.156
      vertex 96.0668 122.24 205.583
      vertex 96.3749 122.24 206.175
    endloop
  endfacet
  facet normal 0.785675 -0.4904 -0.377124
    outer loop
      vertex 96.0668 122.24 205.583
      vertex 93.8214 119.74 204.156
      vertex 93.819 119.74 204.151
    endloop
  endfacet
  facet normal -0.751248 -0.652524 -0.0991889
    outer loop
      vertex 113.091 119.74 200.758
      vertex 112.976 119.74 201.629
      vertex 110.534 122.24 203.678
    endloop
  endfacet
  facet normal -1 0 0
    outer loop
      vertex 113.15 118.488 0
      vertex 113.15 119.74 199.85
      vertex 113.15 119.74 0
    endloop
  endfacet
  facet normal -1 -0 0
    outer loop
      vertex 113.15 119.74 199.85
      vertex 113.15 118.488 0
      vertex 113.15 118.488 199.85
    endloop
  endfacet
  facet normal -0.702335 -0.305994 -0.642723
    outer loop
      vertex 110.76 119.74 206.381
      vertex 110.167 119.74 207.029
      vertex 108.86 122.24 207.267
    endloop
  endfacet
  facet normal 1 -0 0
    outer loop
      vertex 92.85 118.488 199.85
      vertex 92.85 119.74 0
      vertex 92.85 119.74 199.85
    endloop
  endfacet
  facet normal 1 0 0
    outer loop
      vertex 92.85 119.74 0
      vertex 92.85 118.488 199.85
      vertex 92.85 118.488 0
    endloop
  endfacet
  facet normal 0.675479 0 -0.737379
    outer loop
      vertex 95.8229 118.488 207.027
      vertex 96.4757 119.74 207.625
      vertex 96.4757 118.488 207.625
    endloop
  endfacet
  facet normal 0.675479 0 -0.737379
    outer loop
      vertex 96.4757 119.74 207.625
      vertex 95.8229 118.488 207.027
      vertex 95.8229 119.74 207.027
    endloop
  endfacet
  facet normal 0.783937 -0.569523 -0.247155
    outer loop
      vertex 95.6107 122.24 204.33
      vertex 93.4792 119.74 203.33
      vertex 93.215 119.74 202.492
    endloop
  endfacet
  facet normal -0.676844 -0.289419 -0.676844
    outer loop
      vertex 110.163 119.74 207.033
      vertex 108.86 122.24 207.267
      vertex 110.167 119.74 207.029
    endloop
  endfacet
  facet normal -0.701888 -0.305602 -0.643397
    outer loop
      vertex 108.86 122.24 207.267
      vertex 110.163 119.74 207.033
      vertex 108.409 122.24 207.759
    endloop
  endfacet
  facet normal -0.382451 0 -0.923976
    outer loop
      vertex 106.471 118.488 209.388
      vertex 107.29 119.74 209.049
      vertex 107.29 118.488 209.049
    endloop
  endfacet
  facet normal -0.382451 0 -0.923976
    outer loop
      vertex 107.29 119.74 209.049
      vertex 106.471 118.488 209.388
      vertex 106.471 119.74 209.388
    endloop
  endfacet
  facet normal 0.99905 0 -0.0435744
    outer loop
      vertex 92.8886 118.488 200.735
      vertex 92.85 119.74 199.85
      vertex 92.8886 119.74 200.735
    endloop
  endfacet
  facet normal 0.99905 0 -0.0435744
    outer loop
      vertex 92.85 119.74 199.85
      vertex 92.8886 118.488 200.735
      vertex 92.85 118.488 199.85
    endloop
  endfacet
  facet normal 0.7251 -0.687915 -0.0316663
    outer loop
      vertex 95.35 122.24 202.35
      vertex 92.9082 119.74 200.747
      vertex 92.8699 119.74 199.87
    endloop
  endfacet
  facet normal 0.886893 0 -0.461975
    outer loop
      vertex 94.2099 118.488 204.925
      vertex 93.801 119.74 204.14
      vertex 94.2099 119.74 204.925
    endloop
  endfacet
  facet normal 0.886893 0 -0.461975
    outer loop
      vertex 93.801 119.74 204.14
      vertex 94.2099 118.488 204.925
      vertex 93.801 118.488 204.14
    endloop
  endfacet
  facet normal 0.597052 -0.20045 -0.776755
    outer loop
      vertex 96.4927 119.74 207.633
      vertex 98.0827 122.24 208.21
      vertex 98.6122 122.24 208.617
    endloop
  endfacet
  facet normal 0.571859 -0.178923 -0.800602
    outer loop
      vertex 98.0827 122.24 208.21
      vertex 96.4927 119.74 207.633
      vertex 96.4885 119.74 207.63
    endloop
  endfacet
  facet normal 0.300429 0 -0.953804
    outer loop
      vertex 99.5285 118.488 209.388
      vertex 100.373 119.74 209.654
      vertex 100.373 118.488 209.654
    endloop
  endfacet
  facet normal 0.300429 0 -0.953804
    outer loop
      vertex 100.373 119.74 209.654
      vertex 99.5285 118.488 209.388
      vertex 99.5285 119.74 209.388
    endloop
  endfacet
  facet normal -0.761496 -0.306502 -0.571122
    outer loop
      vertex 109.512 119.74 207.63
      vertex 108.409 122.24 207.759
      vertex 109.515 119.74 207.626
    endloop
  endfacet
  facet normal -0.653967 -0.251718 -0.713418
    outer loop
      vertex 108.409 122.24 207.759
      vertex 109.512 119.74 207.63
      vertex 107.917 122.24 208.21
    endloop
  endfacet
  facet normal -0.216153 -0.022428 -0.976102
    outer loop
      vertex 105.617 119.74 209.656
      vertex 104.759 119.74 209.846
      vertex 104.328 122.24 209.884
    endloop
  endfacet
  facet normal 0.739847 -0.36107 -0.567676
    outer loop
      vertex 97.1398 122.24 207.267
      vertex 95.2399 119.74 206.381
      vertex 94.7051 119.74 205.684
    endloop
  endfacet
  facet normal 0.991444 0 -0.130536
    outer loop
      vertex 93.0042 118.488 201.613
      vertex 92.8886 119.74 200.735
      vertex 93.0042 119.74 201.613
    endloop
  endfacet
  facet normal 0.991444 0 -0.130536
    outer loop
      vertex 92.8886 119.74 200.735
      vertex 93.0042 118.488 201.613
      vertex 92.8886 118.488 200.735
    endloop
  endfacet
  facet normal 0.739705 -0.360642 -0.568132
    outer loop
      vertex 94.7051 119.74 205.684
      vertex 96.7335 122.24 206.738
      vertex 97.1398 122.24 207.267
    endloop
  endfacet
  facet normal 0.732301 -0.347169 -0.585841
    outer loop
      vertex 96.7335 122.24 206.738
      vertex 94.7051 119.74 205.684
      vertex 94.7019 119.74 205.68
    endloop
  endfacet
  facet normal -0.92381 0 -0.38285
    outer loop
      vertex 112.538 118.488 203.322
      vertex 112.199 119.74 204.14
      vertex 112.538 119.74 203.322
    endloop
  endfacet
  facet normal -0.92381 -0 -0.38285
    outer loop
      vertex 112.199 119.74 204.14
      vertex 112.538 118.488 203.322
      vertex 112.199 118.488 204.14
    endloop
  endfacet
  facet normal -0.782669 -0.470145 -0.407912
    outer loop
      vertex 112.179 119.74 204.156
      vertex 111.773 119.74 204.935
      vertex 109.625 122.24 206.175
    endloop
  endfacet
  facet normal -0.991531 0 -0.12987
    outer loop
      vertex 113.111 118.488 200.735
      vertex 112.996 119.74 201.613
      vertex 113.111 119.74 200.735
    endloop
  endfacet
  facet normal -0.991531 -0 -0.12987
    outer loop
      vertex 112.996 119.74 201.613
      vertex 113.111 118.488 200.735
      vertex 112.996 118.488 201.613
    endloop
  endfacet
  facet normal -0.588619 -0.193852 -0.784825
    outer loop
      vertex 108.806 119.74 208.171
      vertex 107.388 122.24 208.617
      vertex 108.81 119.74 208.168
    endloop
  endfacet
  facet normal -0.530348 -0.152021 -0.834039
    outer loop
      vertex 107.388 122.24 208.617
      vertex 108.806 119.74 208.171
      vertex 106.825 122.24 208.975
    endloop
  endfacet
  facet normal -0.609001 0 -0.79317
    outer loop
      vertex 108.822 118.488 208.164
      vertex 109.524 119.74 207.625
      vertex 109.524 118.488 207.625
    endloop
  endfacet
  facet normal -0.609001 0 -0.79317
    outer loop
      vertex 109.524 119.74 207.625
      vertex 108.822 118.488 208.164
      vertex 108.822 119.74 208.164
    endloop
  endfacet
  facet normal -0.196086 -0.0174125 -0.980432
    outer loop
      vertex 105.617 119.74 209.656
      vertex 104.98 122.24 209.739
      vertex 105.622 119.74 209.655
    endloop
  endfacet
  facet normal -0.217032 -0.0229 -0.975896
    outer loop
      vertex 104.98 122.24 209.739
      vertex 105.617 119.74 209.656
      vertex 104.328 122.24 209.884
    endloop
  endfacet
  facet normal -0.370473 -0.0702417 -0.926183
    outer loop
      vertex 106.46 119.74 209.391
      vertex 105.616 122.24 209.539
      vertex 106.465 119.74 209.389
    endloop
  endfacet
  facet normal -0.299682 -0.0447557 -0.952989
    outer loop
      vertex 105.616 122.24 209.539
      vertex 106.46 119.74 209.391
      vertex 104.98 122.24 209.739
    endloop
  endfacet
  facet normal 0 0.00399997 -0.999992
    outer loop
      vertex 103.885 119.7 209.961
      vertex 103.661 122.2 209.971
      vertex 103.667 122.2 209.971
    endloop
  endfacet
  facet normal -0.0440251 5.14755e-05 -0.99903
    outer loop
      vertex 103.661 122.2 209.971
      vertex 103.885 119.7 209.961
      vertex 103 119.7 210
    endloop
  endfacet
  facet normal -0.0458234 0 -0.99895
    outer loop
      vertex 103.885 119.7 209.961
      vertex 103.667 122.2 209.971
      vertex 103.667 122.22 209.971
    endloop
  endfacet
  facet normal 0.788155 -0.521654 -0.326632
    outer loop
      vertex 95.8114 122.24 204.966
      vertex 93.8169 119.74 204.146
      vertex 93.4808 119.74 203.335
    endloop
  endfacet
  facet normal 0.73737 0 -0.675489
    outer loop
      vertex 95.8229 118.488 207.027
      vertex 95.2247 119.74 206.374
      vertex 95.8229 119.74 207.027
    endloop
  endfacet
  facet normal 0.73737 0 -0.675489
    outer loop
      vertex 95.2247 119.74 206.374
      vertex 95.8229 118.488 207.027
      vertex 95.2247 118.488 206.374
    endloop
  endfacet
  facet normal 0.725082 -0.687936 -0.031634
    outer loop
      vertex 92.9084 119.74 200.753
      vertex 95.35 122.24 202.35
      vertex 95.3791 122.24 203.017
    endloop
  endfacet
  facet normal 0.722856 -0.690578 -0.0240952
    outer loop
      vertex 95.35 122.24 202.35
      vertex 92.9084 119.74 200.753
      vertex 92.9082 119.74 200.747
    endloop
  endfacet
  facet normal 0.953791 0 -0.300472
    outer loop
      vertex 93.4621 118.488 203.322
      vertex 93.1959 119.74 202.477
      vertex 93.4621 119.74 203.322
    endloop
  endfacet
  facet normal 0.953791 0 -0.300472
    outer loop
      vertex 93.1959 119.74 202.477
      vertex 93.4621 118.488 203.322
      vertex 93.1959 118.488 202.477
    endloop
  endfacet
  facet normal 0.77112 -0.613339 -0.170851
    outer loop
      vertex 95.6107 122.24 204.33
      vertex 93.215 119.74 202.492
      vertex 93.0249 119.74 201.634
    endloop
  endfacet
  facet normal 0.783937 -0.569424 -0.247384
    outer loop
      vertex 93.4808 119.74 203.335
      vertex 95.6107 122.24 204.33
      vertex 95.8114 122.24 204.966
    endloop
  endfacet
  facet normal 0.783875 -0.567996 -0.25084
    outer loop
      vertex 95.6107 122.24 204.33
      vertex 93.4808 119.74 203.335
      vertex 93.4792 119.74 203.33
    endloop
  endfacet
  facet normal 0.788206 -0.521805 -0.326269
    outer loop
      vertex 93.819 119.74 204.151
      vertex 95.8114 122.24 204.966
      vertex 96.0668 122.24 205.583
    endloop
  endfacet
  facet normal 0.787608 -0.519853 -0.330796
    outer loop
      vertex 95.8114 122.24 204.966
      vertex 93.819 119.74 204.151
      vertex 93.8169 119.74 204.146
    endloop
  endfacet
  facet normal 0.766821 -0.416449 -0.488423
    outer loop
      vertex 94.7019 119.74 205.68
      vertex 96.3749 122.24 206.175
      vertex 96.7335 122.24 206.738
    endloop
  endfacet
  facet normal 0.744956 -0.391586 -0.540093
    outer loop
      vertex 96.3749 122.24 206.175
      vertex 94.7019 119.74 205.68
      vertex 94.699 119.74 205.676
    endloop
  endfacet
  facet normal 0.653626 -0.251184 -0.713918
    outer loop
      vertex 97.5906 122.24 207.759
      vertex 96.4846 119.74 207.626
      vertex 95.8369 119.74 207.033
    endloop
  endfacet
  facet normal 0.653939 -0.251464 -0.713533
    outer loop
      vertex 96.4885 119.74 207.63
      vertex 97.5906 122.24 207.759
      vertex 98.0827 122.24 208.21
    endloop
  endfacet
  facet normal 0.68955 -0.26929 -0.672312
    outer loop
      vertex 97.5906 122.24 207.759
      vertex 96.4885 119.74 207.63
      vertex 96.4846 119.74 207.626
    endloop
  endfacet
  facet normal 0.461879 0 -0.886943
    outer loop
      vertex 97.925 118.488 208.64
      vertex 98.7104 119.74 209.049
      vertex 98.7104 118.488 209.049
    endloop
  endfacet
  facet normal 0.461879 0 -0.886943
    outer loop
      vertex 98.7104 119.74 209.049
      vertex 97.925 118.488 208.64
      vertex 97.925 119.74 208.64
    endloop
  endfacet
  facet normal 0.30027 -0.0450956 -0.952788
    outer loop
      vertex 101.02 122.24 209.739
      vertex 100.378 119.74 209.655
      vertex 99.5403 119.74 209.391
    endloop
  endfacet
  facet normal -0.78387 -0.569706 -0.246947
    outer loop
      vertex 112.785 119.74 202.492
      vertex 112.521 119.74 203.33
      vertex 110.389 122.24 204.33
    endloop
  endfacet
  facet normal -0.766769 -0.416554 -0.488414
    outer loop
      vertex 111.773 119.74 204.935
      vertex 111.301 119.74 205.676
      vertex 109.625 122.24 206.175
    endloop
  endfacet
  facet normal -0.675367 0 -0.737482
    outer loop
      vertex 109.524 118.488 207.625
      vertex 110.177 119.74 207.027
      vertex 110.177 118.488 207.027
    endloop
  endfacet
  facet normal -0.675367 0 -0.737482
    outer loop
      vertex 110.177 119.74 207.027
      vertex 109.524 118.488 207.625
      vertex 109.524 119.74 207.625
    endloop
  endfacet
  facet normal -0.653475 -0.251108 -0.714084
    outer loop
      vertex 110.163 119.74 207.033
      vertex 109.515 119.74 207.626
      vertex 108.409 122.24 207.759
    endloop
  endfacet
  facet normal -0.530947 -0.152655 -0.833542
    outer loop
      vertex 108.806 119.74 208.171
      vertex 108.065 119.74 208.643
      vertex 106.825 122.24 208.975
    endloop
  endfacet
  facet normal -0.537387 0 -0.843336
    outer loop
      vertex 108.075 118.488 208.64
      vertex 108.822 119.74 208.164
      vertex 108.822 118.488 208.164
    endloop
  endfacet
  facet normal -0.537387 0 -0.843336
    outer loop
      vertex 108.822 119.74 208.164
      vertex 108.075 118.488 208.64
      vertex 108.075 119.74 208.64
    endloop
  endfacet
  facet normal -0.459333 -0.110765 -0.881331
    outer loop
      vertex 108.06 119.74 208.645
      vertex 107.281 119.74 209.051
      vertex 106.233 122.24 209.283
    endloop
  endfacet
  facet normal -0.370704 -0.0607954 -0.926759
    outer loop
      vertex 108.06 119.74 208.645
      vertex 106.825 122.24 208.975
      vertex 108.065 119.74 208.643
    endloop
  endfacet
  facet normal -0.458729 -0.110226 -0.881713
    outer loop
      vertex 106.825 122.24 208.975
      vertex 108.06 119.74 208.645
      vertex 106.233 122.24 209.283
    endloop
  endfacet
  facet normal -0.196081 -0.0189022 -0.980405
    outer loop
      vertex 104.754 119.74 209.847
      vertex 104.328 122.24 209.884
      vertex 104.759 119.74 209.846
    endloop
  endfacet
  facet normal -0.13049 -0.0075624 -0.991421
    outer loop
      vertex 104.328 122.24 209.884
      vertex 104.754 119.74 209.847
      vertex 103.667 122.24 209.971
    endloop
  endfacet
  facet normal -0.21693 0 -0.976187
    outer loop
      vertex 104.763 118.488 209.846
      vertex 105.627 119.74 209.654
      vertex 105.627 118.488 209.654
    endloop
  endfacet
  facet normal -0.21693 0 -0.976187
    outer loop
      vertex 105.627 119.74 209.654
      vertex 104.763 118.488 209.846
      vertex 104.763 119.74 209.846
    endloop
  endfacet
  facet normal -0.30059 0 -0.953753
    outer loop
      vertex 105.627 118.488 209.654
      vertex 106.471 119.74 209.388
      vertex 106.471 118.488 209.388
    endloop
  endfacet
  facet normal -0.30059 0 -0.953753
    outer loop
      vertex 106.471 119.74 209.388
      vertex 105.627 118.488 209.654
      vertex 105.627 119.74 209.654
    endloop
  endfacet
  facet normal -0.12987 -0 -0.991531
    outer loop
      vertex 103.885 119.7 209.961
      vertex 104.763 118.488 209.846
      vertex 103.885 118.488 209.961
    endloop
  endfacet
  facet normal -0.12987 0 -0.991531
    outer loop
      vertex 104.763 118.488 209.846
      vertex 103.885 119.7 209.961
      vertex 104.763 119.74 209.846
    endloop
  endfacet
  facet normal -0.12987 -0 -0.991531
    outer loop
      vertex 103.885 119.72 209.961
      vertex 104.763 119.74 209.846
      vertex 103.885 119.7 209.961
    endloop
  endfacet
  facet normal -0.12987 0 -0.991531
    outer loop
      vertex 104.763 119.74 209.846
      vertex 103.885 119.72 209.961
      vertex 103.885 119.74 209.961
    endloop
  endfacet
  facet normal 0.702178 -0.305744 -0.643013
    outer loop
      vertex 97.1398 122.24 207.267
      vertex 95.8333 119.74 207.029
      vertex 95.2399 119.74 206.381
    endloop
  endfacet
  facet normal 0.793115 0 -0.609072
    outer loop
      vertex 95.2247 118.488 206.374
      vertex 94.6856 119.74 205.672
      vertex 95.2247 119.74 206.374
    endloop
  endfacet
  facet normal 0.793115 0 -0.609072
    outer loop
      vertex 94.6856 119.74 205.672
      vertex 95.2247 118.488 206.374
      vertex 94.6856 118.488 205.672
    endloop
  endfacet
  facet normal 0.751135 -0.652686 -0.0989772
    outer loop
      vertex 92.9091 119.74 200.758
      vertex 95.3791 122.24 203.017
      vertex 95.4662 122.24 203.678
    endloop
  endfacet
  facet normal 0.753398 -0.64905 -0.105476
    outer loop
      vertex 95.3791 122.24 203.017
      vertex 92.9091 119.74 200.758
      vertex 92.9084 119.74 200.753
    endloop
  endfacet
  facet normal 0.771138 -0.613301 -0.170904
    outer loop
      vertex 93.0249 119.74 201.634
      vertex 95.4662 122.24 203.678
      vertex 95.6107 122.24 204.33
    endloop
  endfacet
  facet normal 0.770818 -0.61407 -0.16958
    outer loop
      vertex 95.4662 122.24 203.678
      vertex 93.0249 119.74 201.634
      vertex 93.0238 119.74 201.629
    endloop
  endfacet
  facet normal 0.751105 -0.652732 -0.0989113
    outer loop
      vertex 95.4662 122.24 203.678
      vertex 93.0238 119.74 201.629
      vertex 92.9091 119.74 200.758
    endloop
  endfacet
  facet normal 0.92385 0 -0.382754
    outer loop
      vertex 93.801 118.488 204.14
      vertex 93.4621 119.74 203.322
      vertex 93.801 119.74 204.14
    endloop
  endfacet
  facet normal 0.92385 0 -0.382754
    outer loop
      vertex 93.4621 119.74 203.322
      vertex 93.801 118.488 204.14
      vertex 93.4621 118.488 203.322
    endloop
  endfacet
  facet normal 0.766778 -0.416529 -0.48842
    outer loop
      vertex 96.3749 122.24 206.175
      vertex 94.699 119.74 205.676
      vertex 94.227 119.74 204.935
    endloop
  endfacet
  facet normal 0.782736 -0.470353 -0.407545
    outer loop
      vertex 96.3749 122.24 206.175
      vertex 94.227 119.74 204.935
      vertex 93.8214 119.74 204.156
    endloop
  endfacet
  facet normal 0.382811 0 -0.923827
    outer loop
      vertex 98.7104 118.488 209.049
      vertex 99.5285 119.74 209.388
      vertex 99.5285 118.488 209.388
    endloop
  endfacet
  facet normal 0.382811 0 -0.923827
    outer loop
      vertex 99.5285 119.74 209.388
      vertex 98.7104 118.488 209.049
      vertex 98.7104 119.74 209.049
    endloop
  endfacet
  facet normal 0.530473 -0.152131 -0.833939
    outer loop
      vertex 97.1941 119.74 208.171
      vertex 98.6122 122.24 208.617
      vertex 99.175 122.24 208.975
    endloop
  endfacet
  facet normal 0.547193 -0.163961 -0.82079
    outer loop
      vertex 98.6122 122.24 208.617
      vertex 97.1941 119.74 208.171
      vertex 97.1896 119.74 208.168
    endloop
  endfacet
  facet normal 0.12987 0 -0.991531
    outer loop
      vertex 101.237 118.488 209.846
      vertex 102.115 119.7 209.961
      vertex 102.115 118.488 209.961
    endloop
  endfacet
  facet normal 0.12987 0 -0.991531
    outer loop
      vertex 101.237 119.74 209.846
      vertex 102.115 119.7 209.961
      vertex 101.237 118.488 209.846
    endloop
  endfacet
  facet normal 0.12987 0 -0.991531
    outer loop
      vertex 102.115 119.7 209.961
      vertex 101.237 119.74 209.846
      vertex 102.115 119.72 209.961
    endloop
  endfacet
  facet normal 0.12987 0 -0.991531
    outer loop
      vertex 102.115 119.72 209.961
      vertex 101.237 119.74 209.846
      vertex 102.115 119.74 209.961
    endloop
  endfacet
  facet normal 0.129774 -0.00724639 -0.991517
    outer loop
      vertex 102.333 122.24 209.971
      vertex 102.117 119.74 209.961
      vertex 101.246 119.74 209.847
    endloop
  endfacet
  facet normal 0.282054 -0.0282054 0.958984
    outer loop
      vertex 102.115 119.72 209.961
      vertex 102.117 119.74 209.961
      vertex 102.333 122.24 209.971
    endloop
  endfacet
  facet normal 0.21693 0 -0.976187
    outer loop
      vertex 100.373 118.488 209.654
      vertex 101.237 119.74 209.846
      vertex 101.237 118.488 209.846
    endloop
  endfacet
  facet normal 0.21693 0 -0.976187
    outer loop
      vertex 101.237 119.74 209.846
      vertex 100.373 118.488 209.654
      vertex 100.373 119.74 209.654
    endloop
  endfacet
  facet normal -0.953855 0 -0.300267
    outer loop
      vertex 112.804 118.488 202.477
      vertex 112.538 119.74 203.322
      vertex 112.804 119.74 202.477
    endloop
  endfacet
  facet normal -0.953855 -0 -0.300267
    outer loop
      vertex 112.538 119.74 203.322
      vertex 112.804 118.488 202.477
      vertex 112.538 118.488 203.322
    endloop
  endfacet
  facet normal -0.715356 -0.69876 -0
    outer loop
      vertex 113.092 119.74 200.753
      vertex 110.65 122.24 202.35
      vertex 113.092 119.74 200.747
    endloop
  endfacet
  facet normal -0.724992 -0.688036 -0.0315214
    outer loop
      vertex 110.65 122.24 202.35
      vertex 113.092 119.74 200.753
      vertex 110.621 122.24 203.017
    endloop
  endfacet
  facet normal -0.76679 -0.623309 -0.153358
    outer loop
      vertex 112.975 119.74 201.634
      vertex 110.534 122.24 203.678
      vertex 112.976 119.74 201.629
    endloop
  endfacet
  facet normal -0.771332 -0.612879 -0.171539
    outer loop
      vertex 110.534 122.24 203.678
      vertex 112.975 119.74 201.634
      vertex 110.389 122.24 204.33
    endloop
  endfacet
  facet normal -0.843336 0 -0.537387
    outer loop
      vertex 111.79 118.488 204.925
      vertex 111.314 119.74 205.672
      vertex 111.79 119.74 204.925
    endloop
  endfacet
  facet normal -0.843336 -0 -0.537387
    outer loop
      vertex 111.314 119.74 205.672
      vertex 111.79 118.488 204.925
      vertex 111.314 118.488 205.672
    endloop
  endfacet
  facet normal -0.789561 -0.526164 -0.315824
    outer loop
      vertex 112.181 119.74 204.151
      vertex 110.189 122.24 204.966
      vertex 112.183 119.74 204.146
    endloop
  endfacet
  facet normal -0.788163 -0.521401 -0.327017
    outer loop
      vertex 110.189 122.24 204.966
      vertex 112.181 119.74 204.151
      vertex 109.933 122.24 205.583
    endloop
  endfacet
  facet normal -0.886847 0 -0.462064
    outer loop
      vertex 112.199 118.488 204.14
      vertex 111.79 119.74 204.925
      vertex 112.199 119.74 204.14
    endloop
  endfacet
  facet normal -0.886847 -0 -0.462064
    outer loop
      vertex 111.79 119.74 204.925
      vertex 112.199 118.488 204.14
      vertex 111.79 118.488 204.925
    endloop
  endfacet
  facet normal -0.737482 0 -0.675367
    outer loop
      vertex 110.775 118.488 206.374
      vertex 110.177 119.74 207.027
      vertex 110.775 119.74 206.374
    endloop
  endfacet
  facet normal -0.737482 -0 -0.675367
    outer loop
      vertex 110.177 119.74 207.027
      vertex 110.775 118.488 206.374
      vertex 110.177 118.488 207.027
    endloop
  endfacet
  facet normal -0.596614 -0.199756 -0.777271
    outer loop
      vertex 109.507 119.74 207.633
      vertex 108.81 119.74 208.168
      vertex 107.388 122.24 208.617
    endloop
  endfacet
  facet normal -0.510248 -0.128242 -0.850413
    outer loop
      vertex 109.507 119.74 207.633
      vertex 107.917 122.24 208.21
      vertex 109.512 119.74 207.63
    endloop
  endfacet
  facet normal -0.597372 -0.200727 -0.776437
    outer loop
      vertex 107.917 122.24 208.21
      vertex 109.507 119.74 207.633
      vertex 107.388 122.24 208.617
    endloop
  endfacet
  facet normal -0.38169 -0.0745096 -0.921282
    outer loop
      vertex 107.281 119.74 209.051
      vertex 106.47 119.74 209.387
      vertex 106.233 122.24 209.283
    endloop
  endfacet
  facet normal -0.462064 0 -0.886847
    outer loop
      vertex 107.29 118.488 209.049
      vertex 108.075 119.74 208.64
      vertex 108.075 118.488 208.64
    endloop
  endfacet
  facet normal -0.462064 0 -0.886847
    outer loop
      vertex 108.075 119.74 208.64
      vertex 107.29 118.488 209.049
      vertex 107.29 119.74 209.049
    endloop
  endfacet
  facet normal -0.129774 -0.00724639 -0.991517
    outer loop
      vertex 104.754 119.74 209.847
      vertex 103.883 119.74 209.961
      vertex 103.667 122.24 209.971
    endloop
  endfacet
  facet normal -0.282054 -0.0282054 0.958984
    outer loop
      vertex 103.667 122.24 209.971
      vertex 103.883 119.74 209.961
      vertex 103.885 119.72 209.961
    endloop
  endfacet
  facet normal 0.702017 -0.305657 -0.643231
    outer loop
      vertex 95.8369 119.74 207.033
      vertex 97.1398 122.24 207.267
      vertex 97.5906 122.24 207.759
    endloop
  endfacet
  facet normal 0.706948 -0.30888 -0.636253
    outer loop
      vertex 97.1398 122.24 207.267
      vertex 95.8369 119.74 207.033
      vertex 95.8333 119.74 207.029
    endloop
  endfacet
  facet normal 0.976259 0 -0.216607
    outer loop
      vertex 93.1959 118.488 202.477
      vertex 93.0042 119.74 201.613
      vertex 93.1959 119.74 202.477
    endloop
  endfacet
  facet normal 0.976259 0 -0.216607
    outer loop
      vertex 93.0042 119.74 201.613
      vertex 93.1959 118.488 202.477
      vertex 93.0042 118.488 201.613
    endloop
  endfacet
  facet normal 0.843489 0 -0.537146
    outer loop
      vertex 94.6856 118.488 205.672
      vertex 94.2099 119.74 204.925
      vertex 94.6856 119.74 205.672
    endloop
  endfacet
  facet normal 0.843489 0 -0.537146
    outer loop
      vertex 94.2099 119.74 204.925
      vertex 94.6856 118.488 205.672
      vertex 94.2099 118.488 204.925
    endloop
  endfacet
  facet normal 0.459241 -0.110758 -0.88138
    outer loop
      vertex 99.767 122.24 209.283
      vertex 98.7188 119.74 209.051
      vertex 97.9396 119.74 208.645
    endloop
  endfacet
  facet normal 0.596646 -0.19993 -0.777201
    outer loop
      vertex 98.6122 122.24 208.617
      vertex 97.1896 119.74 208.168
      vertex 96.4927 119.74 207.633
    endloop
  endfacet
  facet normal 0.608728 0 -0.793379
    outer loop
      vertex 96.4757 118.488 207.625
      vertex 97.1782 119.74 208.164
      vertex 97.1782 118.488 208.164
    endloop
  endfacet
  facet normal 0.608728 0 -0.793379
    outer loop
      vertex 97.1782 119.74 208.164
      vertex 96.4757 118.488 207.625
      vertex 96.4757 119.74 207.625
    endloop
  endfacet
  facet normal 0.458725 -0.110299 -0.881706
    outer loop
      vertex 97.9396 119.74 208.645
      vertex 99.175 122.24 208.975
      vertex 99.767 122.24 209.283
    endloop
  endfacet
  facet normal 0.390543 -0.0718444 -0.917777
    outer loop
      vertex 99.175 122.24 208.975
      vertex 97.9396 119.74 208.645
      vertex 97.9349 119.74 208.643
    endloop
  endfacet
  facet normal 0.0458234 0 -0.99895
    outer loop
      vertex 102.115 119.72 209.961
      vertex 102.333 122.22 209.971
      vertex 102.115 119.7 209.961
    endloop
  endfacet
  facet normal 0.0458234 0 -0.99895
    outer loop
      vertex 102.333 122.22 209.971
      vertex 102.115 119.72 209.961
      vertex 102.333 122.24 209.971
    endloop
  endfacet
  facet normal 0.0440251 5.14755e-05 -0.99903
    outer loop
      vertex 102.115 119.7 209.961
      vertex 102.339 122.2 209.971
      vertex 103 119.7 210
    endloop
  endfacet
  facet normal 0.0458234 0 -0.99895
    outer loop
      vertex 102.333 122.2 209.971
      vertex 102.115 119.7 209.961
      vertex 102.333 122.22 209.971
    endloop
  endfacet
  facet normal 0 0.00399997 -0.999992
    outer loop
      vertex 102.339 122.2 209.971
      vertex 102.115 119.7 209.961
      vertex 102.333 122.2 209.971
    endloop
  endfacet
  facet normal 0.299682 -0.0447198 -0.95299
    outer loop
      vertex 99.5403 119.74 209.391
      vertex 100.384 122.24 209.539
      vertex 101.02 122.24 209.739
    endloop
  endfacet
  facet normal 0.370474 -0.0701975 -0.926186
    outer loop
      vertex 100.384 122.24 209.539
      vertex 99.5403 119.74 209.391
      vertex 99.5353 119.74 209.389
    endloop
  endfacet
  facet normal 0.13049 -0.0075624 -0.991421
    outer loop
      vertex 101.246 119.74 209.847
      vertex 101.672 122.24 209.884
      vertex 102.333 122.24 209.971
    endloop
  endfacet
  facet normal 0.196081 -0.0189022 -0.980405
    outer loop
      vertex 101.672 122.24 209.884
      vertex 101.246 119.74 209.847
      vertex 101.241 119.74 209.846
    endloop
  endfacet
  facet normal -0.780876 -0.540991 -0.31235
    outer loop
      vertex 112.519 119.74 203.335
      vertex 110.389 122.24 204.33
      vertex 112.521 119.74 203.33
    endloop
  endfacet
  facet normal -0.783937 -0.569799 -0.246521
    outer loop
      vertex 110.389 122.24 204.33
      vertex 112.519 119.74 203.335
      vertex 110.189 122.24 204.966
    endloop
  endfacet
  facet normal -0.788231 -0.521579 -0.326567
    outer loop
      vertex 112.519 119.74 203.335
      vertex 112.183 119.74 204.146
      vertex 110.189 122.24 204.966
    endloop
  endfacet
  facet normal -0.976187 0 -0.21693
    outer loop
      vertex 112.996 118.488 201.613
      vertex 112.804 119.74 202.477
      vertex 112.996 119.74 201.613
    endloop
  endfacet
  facet normal -0.976187 -0 -0.21693
    outer loop
      vertex 112.804 119.74 202.477
      vertex 112.996 118.488 201.613
      vertex 112.804 118.488 202.477
    endloop
  endfacet
  facet normal -0.771056 -0.613447 -0.170747
    outer loop
      vertex 112.975 119.74 201.634
      vertex 112.785 119.74 202.492
      vertex 110.389 122.24 204.33
    endloop
  endfacet
  facet normal -0.99903 0 -0.0440251
    outer loop
      vertex 113.15 118.488 199.85
      vertex 113.111 119.74 200.735
      vertex 113.15 119.74 199.85
    endloop
  endfacet
  facet normal -0.99903 -0 -0.0440251
    outer loop
      vertex 113.111 119.74 200.735
      vertex 113.15 118.488 199.85
      vertex 113.111 118.488 200.735
    endloop
  endfacet
  facet normal -0.724997 -0.688035 -0.0314138
    outer loop
      vertex 113.13 119.74 199.87
      vertex 113.092 119.74 200.747
      vertex 110.65 122.24 202.35
    endloop
  endfacet
  facet normal -0.768844 -0.620672 -0.153769
    outer loop
      vertex 113.091 119.74 200.758
      vertex 110.621 122.24 203.017
      vertex 113.092 119.74 200.753
    endloop
  endfacet
  facet normal -0.751094 -0.652752 -0.098858
    outer loop
      vertex 110.621 122.24 203.017
      vertex 113.091 119.74 200.758
      vertex 110.534 122.24 203.678
    endloop
  endfacet
  facet normal -0.73849 -0.384531 -0.553867
    outer loop
      vertex 111.298 119.74 205.68
      vertex 109.625 122.24 206.175
      vertex 111.301 119.74 205.676
    endloop
  endfacet
  facet normal -0.767075 -0.416749 -0.487767
    outer loop
      vertex 109.625 122.24 206.175
      vertex 111.298 119.74 205.68
      vertex 109.267 122.24 206.738
    endloop
  endfacet
  facet normal -0.788354 -0.52826 -0.315341
    outer loop
      vertex 112.179 119.74 204.156
      vertex 109.933 122.24 205.583
      vertex 112.181 119.74 204.151
    endloop
  endfacet
  facet normal -0.782685 -0.47073 -0.407208
    outer loop
      vertex 109.933 122.24 205.583
      vertex 112.179 119.74 204.156
      vertex 109.625 122.24 206.175
    endloop
  endfacet
  facet normal -0.79317 0 -0.609001
    outer loop
      vertex 111.314 118.488 205.672
      vertex 110.775 119.74 206.374
      vertex 111.314 119.74 205.672
    endloop
  endfacet
  facet normal -0.79317 -0 -0.609001
    outer loop
      vertex 110.775 119.74 206.374
      vertex 111.314 118.488 205.672
      vertex 110.775 118.488 206.374
    endloop
  endfacet
  facet normal -0.300172 -0.0450695 -0.95282
    outer loop
      vertex 106.46 119.74 209.391
      vertex 105.622 119.74 209.655
      vertex 104.98 122.24 209.739
    endloop
  endfacet
  facet normal -0.0458234 0 -0.99895
    outer loop
      vertex 103.667 122.22 209.971
      vertex 103.885 119.72 209.961
      vertex 103.885 119.7 209.961
    endloop
  endfacet
  facet normal -0.0458234 0 -0.99895
    outer loop
      vertex 103.885 119.72 209.961
      vertex 103.667 122.22 209.971
      vertex 103.667 122.24 209.971
    endloop
  endfacet
  facet normal 0.537489 0 -0.843271
    outer loop
      vertex 97.1782 118.488 208.164
      vertex 97.925 119.74 208.64
      vertex 97.925 118.488 208.64
    endloop
  endfacet
  facet normal 0.537489 0 -0.843271
    outer loop
      vertex 97.925 119.74 208.64
      vertex 97.1782 118.488 208.164
      vertex 97.1782 119.74 208.164
    endloop
  endfacet
  facet normal 0.531042 -0.152734 -0.833466
    outer loop
      vertex 99.175 122.24 208.975
      vertex 97.9349 119.74 208.643
      vertex 97.1941 119.74 208.171
    endloop
  endfacet
  facet normal 0.381452 -0.0744303 -0.921387
    outer loop
      vertex 99.767 122.24 209.283
      vertex 99.5304 119.74 209.387
      vertex 98.7188 119.74 209.051
    endloop
  endfacet
  facet normal 0.382169 -0.0744735 -0.921087
    outer loop
      vertex 99.5353 119.74 209.389
      vertex 99.767 122.24 209.283
      vertex 100.384 122.24 209.539
    endloop
  endfacet
  facet normal 0.376859 -0.0740754 -0.923304
    outer loop
      vertex 99.767 122.24 209.283
      vertex 99.5353 119.74 209.389
      vertex 99.5304 119.74 209.387
    endloop
  endfacet
  facet normal 0.216153 -0.022428 -0.976102
    outer loop
      vertex 101.672 122.24 209.884
      vertex 101.241 119.74 209.846
      vertex 100.383 119.74 209.656
    endloop
  endfacet
  facet normal 0.217032 -0.0229 -0.975896
    outer loop
      vertex 100.383 119.74 209.656
      vertex 101.02 122.24 209.739
      vertex 101.672 122.24 209.884
    endloop
  endfacet
  facet normal 0.196086 -0.0174125 -0.980432
    outer loop
      vertex 101.02 122.24 209.739
      vertex 100.383 119.74 209.656
      vertex 100.378 119.74 209.655
    endloop
  endfacet
  facet normal -0.743803 -0.368182 -0.557852
    outer loop
      vertex 111.295 119.74 205.684
      vertex 109.267 122.24 206.738
      vertex 111.298 119.74 205.68
    endloop
  endfacet
  facet normal -0.739435 -0.35998 -0.568903
    outer loop
      vertex 109.267 122.24 206.738
      vertex 111.295 119.74 205.684
      vertex 108.86 122.24 207.267
    endloop
  endfacet
  facet normal -0.73977 -0.360986 -0.567829
    outer loop
      vertex 111.295 119.74 205.684
      vertex 110.76 119.74 206.381
      vertex 108.86 122.24 207.267
    endloop
  endfacet
  facet normal -0.370383 -0.073632 -0.925956
    outer loop
      vertex 106.465 119.74 209.389
      vertex 106.233 122.24 209.283
      vertex 106.47 119.74 209.387
    endloop
  endfacet
  facet normal -0.382168 -0.0745191 -0.921084
    outer loop
      vertex 106.233 122.24 209.283
      vertex 106.465 119.74 209.389
      vertex 105.616 122.24 209.539
    endloop
  endfacet
  facet normal 0 -1 -0
    outer loop
      vertex 102.115 119.74 209.961
      vertex 101.246 119.74 209.847
      vertex 102.117 119.74 209.961
    endloop
  endfacet
  facet normal 0 -1 0
    outer loop
      vertex 101.237 119.74 209.846
      vertex 101.246 119.74 209.847
      vertex 102.115 119.74 209.961
    endloop
  endfacet
  facet normal 0 -1 0
    outer loop
      vertex 101.246 119.74 209.847
      vertex 101.237 119.74 209.846
      vertex 101.241 119.74 209.846
    endloop
  endfacet
  facet normal 0 -1 -0
    outer loop
      vertex 101.237 119.74 209.846
      vertex 100.383 119.74 209.656
      vertex 101.241 119.74 209.846
    endloop
  endfacet
  facet normal 0 -1 0
    outer loop
      vertex 100.373 119.74 209.654
      vertex 100.383 119.74 209.656
      vertex 101.237 119.74 209.846
    endloop
  endfacet
  facet normal 0 0 0
    outer loop
      vertex 100.383 119.74 209.656
      vertex 100.373 119.74 209.654
      vertex 100.378 119.74 209.655
    endloop
  endfacet
  facet normal 0 -1 -0
    outer loop
      vertex 100.373 119.74 209.654
      vertex 99.5403 119.74 209.391
      vertex 100.378 119.74 209.655
    endloop
  endfacet
  facet normal 0 -1 0
    outer loop
      vertex 99.5285 119.74 209.388
      vertex 99.5403 119.74 209.391
      vertex 100.373 119.74 209.654
    endloop
  endfacet
  facet normal 0 -1 0
    outer loop
      vertex 99.5285 119.74 209.388
      vertex 99.5353 119.74 209.389
      vertex 99.5403 119.74 209.391
    endloop
  endfacet
  facet normal 0 -1 0
    outer loop
      vertex 99.5285 119.74 209.388
      vertex 99.5304 119.74 209.387
      vertex 99.5353 119.74 209.389
    endloop
  endfacet
  facet normal 0 -1 -0
    outer loop
      vertex 99.5285 119.74 209.388
      vertex 98.7188 119.74 209.051
      vertex 99.5304 119.74 209.387
    endloop
  endfacet
  facet normal 0 -1 0
    outer loop
      vertex 98.7104 119.74 209.049
      vertex 98.7188 119.74 209.051
      vertex 99.5285 119.74 209.388
    endloop
  endfacet
  facet normal 0 -1 -0
    outer loop
      vertex 98.7104 119.74 209.049
      vertex 97.9396 119.74 208.645
      vertex 98.7188 119.74 209.051
    endloop
  endfacet
  facet normal 0 -1 0
    outer loop
      vertex 97.925 119.74 208.64
      vertex 97.9396 119.74 208.645
      vertex 98.7104 119.74 209.049
    endloop
  endfacet
  facet normal 0 -1 0
    outer loop
      vertex 97.9396 119.74 208.645
      vertex 97.925 119.74 208.64
      vertex 97.9349 119.74 208.643
    endloop
  endfacet
  facet normal 0 -1 -0
    outer loop
      vertex 97.925 119.74 208.64
      vertex 97.1941 119.74 208.171
      vertex 97.9349 119.74 208.643
    endloop
  endfacet
  facet normal 0 -1 0
    outer loop
      vertex 97.1782 119.74 208.164
      vertex 97.1941 119.74 208.171
      vertex 97.925 119.74 208.64
    endloop
  endfacet
  facet normal 0 -1 0
    outer loop
      vertex 97.1941 119.74 208.171
      vertex 97.1782 119.74 208.164
      vertex 97.1896 119.74 208.168
    endloop
  endfacet
  facet normal 0 -1 -0
    outer loop
      vertex 97.1782 119.74 208.164
      vertex 96.4927 119.74 207.633
      vertex 97.1896 119.74 208.168
    endloop
  endfacet
  facet normal 0 -1 0
    outer loop
      vertex 96.4757 119.74 207.625
      vertex 96.4927 119.74 207.633
      vertex 97.1782 119.74 208.164
    endloop
  endfacet
  facet normal 0 -1 0
    outer loop
      vertex 96.4927 119.74 207.633
      vertex 96.4757 119.74 207.625
      vertex 96.4885 119.74 207.63
    endloop
  endfacet
  facet normal 0 -1 0
    outer loop
      vertex 96.4757 119.74 207.625
      vertex 96.4846 119.74 207.626
      vertex 96.4885 119.74 207.63
    endloop
  endfacet
  facet normal 0 -1 -0
    outer loop
      vertex 96.4757 119.74 207.625
      vertex 95.8369 119.74 207.033
      vertex 96.4846 119.74 207.626
    endloop
  endfacet
  facet normal 0 -1 0
    outer loop
      vertex 95.8229 119.74 207.027
      vertex 95.8369 119.74 207.033
      vertex 96.4757 119.74 207.625
    endloop
  endfacet
  facet normal 0 -1 0
    outer loop
      vertex 95.8229 119.74 207.027
      vertex 95.8333 119.74 207.029
      vertex 95.8369 119.74 207.033
    endloop
  endfacet
  facet normal 0 -1 -0
    outer loop
      vertex 95.8229 119.74 207.027
      vertex 95.2399 119.74 206.381
      vertex 95.8333 119.74 207.029
    endloop
  endfacet
  facet normal 0 -1 0
    outer loop
      vertex 95.2247 119.74 206.374
      vertex 95.2399 119.74 206.381
      vertex 95.8229 119.74 207.027
    endloop
  endfacet
  facet normal 0 -1 -0
    outer loop
      vertex 95.2247 119.74 206.374
      vertex 94.7051 119.74 205.684
      vertex 95.2399 119.74 206.381
    endloop
  endfacet
  facet normal 0 -1 0
    outer loop
      vertex 94.6856 119.74 205.672
      vertex 94.7051 119.74 205.684
      vertex 95.2247 119.74 206.374
    endloop
  endfacet
  facet normal 0 -1 0
    outer loop
      vertex 94.7051 119.74 205.684
      vertex 94.6856 119.74 205.672
      vertex 94.7019 119.74 205.68
    endloop
  endfacet
  facet normal 0 -1 0
    outer loop
      vertex 94.6856 119.74 205.672
      vertex 94.699 119.74 205.676
      vertex 94.7019 119.74 205.68
    endloop
  endfacet
  facet normal 0 -1 -0
    outer loop
      vertex 94.6856 119.74 205.672
      vertex 94.227 119.74 204.935
      vertex 94.699 119.74 205.676
    endloop
  endfacet
  facet normal 0 -1 0
    outer loop
      vertex 94.2099 119.74 204.925
      vertex 94.227 119.74 204.935
      vertex 94.6856 119.74 205.672
    endloop
  endfacet
  facet normal 0 -1 -0
    outer loop
      vertex 94.2099 119.74 204.925
      vertex 93.8214 119.74 204.156
      vertex 94.227 119.74 204.935
    endloop
  endfacet
  facet normal 0 -1 0
    outer loop
      vertex 93.801 119.74 204.14
      vertex 93.8214 119.74 204.156
      vertex 94.2099 119.74 204.925
    endloop
  endfacet
  facet normal 0 -1 0
    outer loop
      vertex 93.8214 119.74 204.156
      vertex 93.801 119.74 204.14
      vertex 93.819 119.74 204.151
    endloop
  endfacet
  facet normal 0 -1 0
    outer loop
      vertex 93.801 119.74 204.14
      vertex 93.8169 119.74 204.146
      vertex 93.819 119.74 204.151
    endloop
  endfacet
  facet normal 0 -1 -0
    outer loop
      vertex 93.801 119.74 204.14
      vertex 93.4808 119.74 203.335
      vertex 93.8169 119.74 204.146
    endloop
  endfacet
  facet normal 0 -1 0
    outer loop
      vertex 93.4621 119.74 203.322
      vertex 93.4808 119.74 203.335
      vertex 93.801 119.74 204.14
    endloop
  endfacet
  facet normal 0 -1 0
    outer loop
      vertex 93.4621 119.74 203.322
      vertex 93.4792 119.74 203.33
      vertex 93.4808 119.74 203.335
    endloop
  endfacet
  facet normal 0 -1 -0
    outer loop
      vertex 93.4621 119.74 203.322
      vertex 93.215 119.74 202.492
      vertex 93.4792 119.74 203.33
    endloop
  endfacet
  facet normal 0 -1 0
    outer loop
      vertex 93.1959 119.74 202.477
      vertex 93.215 119.74 202.492
      vertex 93.4621 119.74 203.322
    endloop
  endfacet
  facet normal 0 -1 -0
    outer loop
      vertex 93.1959 119.74 202.477
      vertex 93.0249 119.74 201.634
      vertex 93.215 119.74 202.492
    endloop
  endfacet
  facet normal 0 -1 0
    outer loop
      vertex 93.0042 119.74 201.613
      vertex 93.0249 119.74 201.634
      vertex 93.1959 119.74 202.477
    endloop
  endfacet
  facet normal 0 -1 0
    outer loop
      vertex 93.0249 119.74 201.634
      vertex 93.0042 119.74 201.613
      vertex 93.0238 119.74 201.629
    endloop
  endfacet
  facet normal 0 -1 -0
    outer loop
      vertex 93.0042 119.74 201.613
      vertex 92.9091 119.74 200.758
      vertex 93.0238 119.74 201.629
    endloop
  endfacet
  facet normal 0 -1 0
    outer loop
      vertex 92.8886 119.74 200.735
      vertex 92.9091 119.74 200.758
      vertex 93.0042 119.74 201.613
    endloop
  endfacet
  facet normal 0 -1 0
    outer loop
      vertex 92.9091 119.74 200.758
      vertex 92.8886 119.74 200.735
      vertex 92.9084 119.74 200.753
    endloop
  endfacet
  facet normal 0 -1 0
    outer loop
      vertex 92.8886 119.74 200.735
      vertex 92.9082 119.74 200.747
      vertex 92.9084 119.74 200.753
    endloop
  endfacet
  facet normal 0 -1 -0
    outer loop
      vertex 92.8886 119.74 200.735
      vertex 92.8699 119.74 199.87
      vertex 92.9082 119.74 200.747
    endloop
  endfacet
  facet normal 0 -1 0
    outer loop
      vertex 92.85 119.74 199.85
      vertex 92.8699 119.74 199.87
      vertex 92.8886 119.74 200.735
    endloop
  endfacet
  facet normal 0 -1 0
    outer loop
      vertex 92.8699 119.74 0
      vertex 92.85 119.74 199.85
      vertex 92.85 119.74 0
    endloop
  endfacet
  facet normal 0 -1 0
    outer loop
      vertex 92.85 119.74 199.85
      vertex 92.8699 119.74 0
      vertex 92.8699 119.74 199.87
    endloop
  endfacet
  facet normal 0 -1 0
    outer loop
      vertex 104.754 119.74 209.847
      vertex 103.885 119.74 209.961
      vertex 103.883 119.74 209.961
    endloop
  endfacet
  facet normal 0 -1 0
    outer loop
      vertex 104.763 119.74 209.846
      vertex 104.754 119.74 209.847
      vertex 104.759 119.74 209.846
    endloop
  endfacet
  facet normal 0 -1 0
    outer loop
      vertex 104.754 119.74 209.847
      vertex 104.763 119.74 209.846
      vertex 103.885 119.74 209.961
    endloop
  endfacet
  facet normal 0 -1 0
    outer loop
      vertex 105.617 119.74 209.656
      vertex 104.763 119.74 209.846
      vertex 104.759 119.74 209.846
    endloop
  endfacet
  facet normal 0 0 0
    outer loop
      vertex 105.627 119.74 209.654
      vertex 105.617 119.74 209.656
      vertex 105.622 119.74 209.655
    endloop
  endfacet
  facet normal 0 -1 0
    outer loop
      vertex 105.617 119.74 209.656
      vertex 105.627 119.74 209.654
      vertex 104.763 119.74 209.846
    endloop
  endfacet
  facet normal 0 -1 0
    outer loop
      vertex 106.46 119.74 209.391
      vertex 105.627 119.74 209.654
      vertex 105.622 119.74 209.655
    endloop
  endfacet
  facet normal 0 -1 0
    outer loop
      vertex 106.46 119.74 209.391
      vertex 106.471 119.74 209.388
      vertex 105.627 119.74 209.654
    endloop
  endfacet
  facet normal 0 -1 0
    outer loop
      vertex 106.465 119.74 209.389
      vertex 106.471 119.74 209.388
      vertex 106.46 119.74 209.391
    endloop
  endfacet
  facet normal 0 -1 0
    outer loop
      vertex 106.47 119.74 209.387
      vertex 106.471 119.74 209.388
      vertex 106.465 119.74 209.389
    endloop
  endfacet
  facet normal 0 -1 0
    outer loop
      vertex 107.281 119.74 209.051
      vertex 106.471 119.74 209.388
      vertex 106.47 119.74 209.387
    endloop
  endfacet
  facet normal 0 -1 0
    outer loop
      vertex 107.281 119.74 209.051
      vertex 107.29 119.74 209.049
      vertex 106.471 119.74 209.388
    endloop
  endfacet
  facet normal 0 -1 0
    outer loop
      vertex 108.06 119.74 208.645
      vertex 107.29 119.74 209.049
      vertex 107.281 119.74 209.051
    endloop
  endfacet
  facet normal 0 -1 0
    outer loop
      vertex 108.075 119.74 208.64
      vertex 108.06 119.74 208.645
      vertex 108.065 119.74 208.643
    endloop
  endfacet
  facet normal 0 -1 0
    outer loop
      vertex 108.06 119.74 208.645
      vertex 108.075 119.74 208.64
      vertex 107.29 119.74 209.049
    endloop
  endfacet
  facet normal 0 -1 0
    outer loop
      vertex 108.806 119.74 208.171
      vertex 108.075 119.74 208.64
      vertex 108.065 119.74 208.643
    endloop
  endfacet
  facet normal 0 -1 0
    outer loop
      vertex 108.822 119.74 208.164
      vertex 108.806 119.74 208.171
      vertex 108.81 119.74 208.168
    endloop
  endfacet
  facet normal 0 -1 0
    outer loop
      vertex 108.806 119.74 208.171
      vertex 108.822 119.74 208.164
      vertex 108.075 119.74 208.64
    endloop
  endfacet
  facet normal 0 -1 0
    outer loop
      vertex 109.507 119.74 207.633
      vertex 108.822 119.74 208.164
      vertex 108.81 119.74 208.168
    endloop
  endfacet
  facet normal 0 -1 0
    outer loop
      vertex 109.524 119.74 207.625
      vertex 109.507 119.74 207.633
      vertex 109.512 119.74 207.63
    endloop
  endfacet
  facet normal 0 -1 0
    outer loop
      vertex 109.507 119.74 207.633
      vertex 109.524 119.74 207.625
      vertex 108.822 119.74 208.164
    endloop
  endfacet
  facet normal 0 -1 0
    outer loop
      vertex 109.515 119.74 207.626
      vertex 109.524 119.74 207.625
      vertex 109.512 119.74 207.63
    endloop
  endfacet
  facet normal 0 -1 0
    outer loop
      vertex 110.163 119.74 207.033
      vertex 109.524 119.74 207.625
      vertex 109.515 119.74 207.626
    endloop
  endfacet
  facet normal 0 -1 0
    outer loop
      vertex 110.163 119.74 207.033
      vertex 110.177 119.74 207.027
      vertex 109.524 119.74 207.625
    endloop
  endfacet
  facet normal 0 -1 0
    outer loop
      vertex 110.167 119.74 207.029
      vertex 110.177 119.74 207.027
      vertex 110.163 119.74 207.033
    endloop
  endfacet
  facet normal 0 -1 0
    outer loop
      vertex 110.76 119.74 206.381
      vertex 110.177 119.74 207.027
      vertex 110.167 119.74 207.029
    endloop
  endfacet
  facet normal 0 -1 0
    outer loop
      vertex 110.76 119.74 206.381
      vertex 110.775 119.74 206.374
      vertex 110.177 119.74 207.027
    endloop
  endfacet
  facet normal 0 -1 0
    outer loop
      vertex 111.295 119.74 205.684
      vertex 110.775 119.74 206.374
      vertex 110.76 119.74 206.381
    endloop
  endfacet
  facet normal 0 -1 0
    outer loop
      vertex 111.314 119.74 205.672
      vertex 111.295 119.74 205.684
      vertex 111.298 119.74 205.68
    endloop
  endfacet
  facet normal 0 -1 0
    outer loop
      vertex 111.295 119.74 205.684
      vertex 111.314 119.74 205.672
      vertex 110.775 119.74 206.374
    endloop
  endfacet
  facet normal 0 -1 0
    outer loop
      vertex 111.301 119.74 205.676
      vertex 111.314 119.74 205.672
      vertex 111.298 119.74 205.68
    endloop
  endfacet
  facet normal 0 -1 0
    outer loop
      vertex 111.773 119.74 204.935
      vertex 111.314 119.74 205.672
      vertex 111.301 119.74 205.676
    endloop
  endfacet
  facet normal 0 -1 0
    outer loop
      vertex 111.773 119.74 204.935
      vertex 111.79 119.74 204.925
      vertex 111.314 119.74 205.672
    endloop
  endfacet
  facet normal 0 -1 0
    outer loop
      vertex 112.179 119.74 204.156
      vertex 111.79 119.74 204.925
      vertex 111.773 119.74 204.935
    endloop
  endfacet
  facet normal 0 -1 0
    outer loop
      vertex 112.199 119.74 204.14
      vertex 112.179 119.74 204.156
      vertex 112.181 119.74 204.151
    endloop
  endfacet
  facet normal 0 -1 0
    outer loop
      vertex 112.179 119.74 204.156
      vertex 112.199 119.74 204.14
      vertex 111.79 119.74 204.925
    endloop
  endfacet
  facet normal 0 -1 0
    outer loop
      vertex 112.183 119.74 204.146
      vertex 112.199 119.74 204.14
      vertex 112.181 119.74 204.151
    endloop
  endfacet
  facet normal 0 -1 0
    outer loop
      vertex 112.519 119.74 203.335
      vertex 112.199 119.74 204.14
      vertex 112.183 119.74 204.146
    endloop
  endfacet
  facet normal 0 -1 0
    outer loop
      vertex 112.519 119.74 203.335
      vertex 112.538 119.74 203.322
      vertex 112.199 119.74 204.14
    endloop
  endfacet
  facet normal 0 -1 0
    outer loop
      vertex 112.521 119.74 203.33
      vertex 112.538 119.74 203.322
      vertex 112.519 119.74 203.335
    endloop
  endfacet
  facet normal 0 -1 0
    outer loop
      vertex 112.785 119.74 202.492
      vertex 112.538 119.74 203.322
      vertex 112.521 119.74 203.33
    endloop
  endfacet
  facet normal 0 -1 0
    outer loop
      vertex 112.785 119.74 202.492
      vertex 112.804 119.74 202.477
      vertex 112.538 119.74 203.322
    endloop
  endfacet
  facet normal 0 -1 0
    outer loop
      vertex 112.975 119.74 201.634
      vertex 112.804 119.74 202.477
      vertex 112.785 119.74 202.492
    endloop
  endfacet
  facet normal 0 -1 0
    outer loop
      vertex 112.996 119.74 201.613
      vertex 112.975 119.74 201.634
      vertex 112.976 119.74 201.629
    endloop
  endfacet
  facet normal 0 -1 0
    outer loop
      vertex 112.975 119.74 201.634
      vertex 112.996 119.74 201.613
      vertex 112.804 119.74 202.477
    endloop
  endfacet
  facet normal 0 -1 0
    outer loop
      vertex 113.091 119.74 200.758
      vertex 112.996 119.74 201.613
      vertex 112.976 119.74 201.629
    endloop
  endfacet
  facet normal 0 -1 0
    outer loop
      vertex 113.111 119.74 200.735
      vertex 113.091 119.74 200.758
      vertex 113.092 119.74 200.753
    endloop
  endfacet
  facet normal 0 -1 0
    outer loop
      vertex 113.091 119.74 200.758
      vertex 113.111 119.74 200.735
      vertex 112.996 119.74 201.613
    endloop
  endfacet
  facet normal 0 -1 0
    outer loop
      vertex 113.092 119.74 200.747
      vertex 113.111 119.74 200.735
      vertex 113.092 119.74 200.753
    endloop
  endfacet
  facet normal 0 -1 0
    outer loop
      vertex 113.13 119.74 199.87
      vertex 113.111 119.74 200.735
      vertex 113.092 119.74 200.747
    endloop
  endfacet
  facet normal 0 -1 0
    outer loop
      vertex 113.13 119.74 199.87
      vertex 113.15 119.74 199.85
      vertex 113.111 119.74 200.735
    endloop
  endfacet
  facet normal 0 -1 0
    outer loop
      vertex 113.13 119.74 0
      vertex 113.15 119.74 199.85
      vertex 113.13 119.74 199.87
    endloop
  endfacet
  facet normal 0 -1 -0
    outer loop
      vertex 113.15 119.74 199.85
      vertex 113.13 119.74 0
      vertex 113.15 119.74 0
    endloop
  endfacet
  facet normal 0 1 0
    outer loop
      vertex 103.885 118.488 209.961
      vertex 102.115 118.488 209.961
      vertex 103 118.488 210
    endloop
  endfacet
  facet normal 0 1 0
    outer loop
      vertex 104.763 118.488 209.846
      vertex 102.115 118.488 209.961
      vertex 103.885 118.488 209.961
    endloop
  endfacet
  facet normal 0 1 0
    outer loop
      vertex 104.763 118.488 209.846
      vertex 101.237 118.488 209.846
      vertex 102.115 118.488 209.961
    endloop
  endfacet
  facet normal 0 1 0
    outer loop
      vertex 105.627 118.488 209.654
      vertex 101.237 118.488 209.846
      vertex 104.763 118.488 209.846
    endloop
  endfacet
  facet normal 0 1 0
    outer loop
      vertex 105.627 118.488 209.654
      vertex 100.373 118.488 209.654
      vertex 101.237 118.488 209.846
    endloop
  endfacet
  facet normal 0 1 0
    outer loop
      vertex 106.471 118.488 209.388
      vertex 100.373 118.488 209.654
      vertex 105.627 118.488 209.654
    endloop
  endfacet
  facet normal 0 1 0
    outer loop
      vertex 106.471 118.488 209.388
      vertex 99.5285 118.488 209.388
      vertex 100.373 118.488 209.654
    endloop
  endfacet
  facet normal 0 1 0
    outer loop
      vertex 107.29 118.488 209.049
      vertex 99.5285 118.488 209.388
      vertex 106.471 118.488 209.388
    endloop
  endfacet
  facet normal 0 1 0
    outer loop
      vertex 107.29 118.488 209.049
      vertex 98.7104 118.488 209.049
      vertex 99.5285 118.488 209.388
    endloop
  endfacet
  facet normal 0 1 0
    outer loop
      vertex 108.075 118.488 208.64
      vertex 98.7104 118.488 209.049
      vertex 107.29 118.488 209.049
    endloop
  endfacet
  facet normal 0 1 0
    outer loop
      vertex 108.075 118.488 208.64
      vertex 97.925 118.488 208.64
      vertex 98.7104 118.488 209.049
    endloop
  endfacet
  facet normal 0 1 0
    outer loop
      vertex 108.822 118.488 208.164
      vertex 97.925 118.488 208.64
      vertex 108.075 118.488 208.64
    endloop
  endfacet
  facet normal 0 1 0
    outer loop
      vertex 108.822 118.488 208.164
      vertex 97.1782 118.488 208.164
      vertex 97.925 118.488 208.64
    endloop
  endfacet
  facet normal 0 1 0
    outer loop
      vertex 109.524 118.488 207.625
      vertex 97.1782 118.488 208.164
      vertex 108.822 118.488 208.164
    endloop
  endfacet
  facet normal 0 1 0
    outer loop
      vertex 109.524 118.488 207.625
      vertex 96.4757 118.488 207.625
      vertex 97.1782 118.488 208.164
    endloop
  endfacet
  facet normal 0 1 0
    outer loop
      vertex 110.177 118.488 207.027
      vertex 96.4757 118.488 207.625
      vertex 109.524 118.488 207.625
    endloop
  endfacet
  facet normal 0 1 0
    outer loop
      vertex 110.177 118.488 207.027
      vertex 95.8229 118.488 207.027
      vertex 96.4757 118.488 207.625
    endloop
  endfacet
  facet normal 0 1 0
    outer loop
      vertex 110.775 118.488 206.374
      vertex 95.8229 118.488 207.027
      vertex 110.177 118.488 207.027
    endloop
  endfacet
  facet normal 0 1 0
    outer loop
      vertex 110.775 118.488 206.374
      vertex 95.2247 118.488 206.374
      vertex 95.8229 118.488 207.027
    endloop
  endfacet
  facet normal 0 1 0
    outer loop
      vertex 111.314 118.488 205.672
      vertex 95.2247 118.488 206.374
      vertex 110.775 118.488 206.374
    endloop
  endfacet
  facet normal 0 1 0
    outer loop
      vertex 111.314 118.488 205.672
      vertex 94.6856 118.488 205.672
      vertex 95.2247 118.488 206.374
    endloop
  endfacet
  facet normal 0 1 0
    outer loop
      vertex 111.79 118.488 204.925
      vertex 94.6856 118.488 205.672
      vertex 111.314 118.488 205.672
    endloop
  endfacet
  facet normal 0 1 0
    outer loop
      vertex 111.79 118.488 204.925
      vertex 94.2099 118.488 204.925
      vertex 94.6856 118.488 205.672
    endloop
  endfacet
  facet normal 0 1 0
    outer loop
      vertex 112.199 118.488 204.14
      vertex 94.2099 118.488 204.925
      vertex 111.79 118.488 204.925
    endloop
  endfacet
  facet normal 0 1 0
    outer loop
      vertex 112.199 118.488 204.14
      vertex 93.801 118.488 204.14
      vertex 94.2099 118.488 204.925
    endloop
  endfacet
  facet normal 0 1 0
    outer loop
      vertex 112.538 118.488 203.322
      vertex 93.801 118.488 204.14
      vertex 112.199 118.488 204.14
    endloop
  endfacet
  facet normal 0 1 0
    outer loop
      vertex 112.538 118.488 203.322
      vertex 93.4621 118.488 203.322
      vertex 93.801 118.488 204.14
    endloop
  endfacet
  facet normal 0 1 0
    outer loop
      vertex 112.804 118.488 202.477
      vertex 93.4621 118.488 203.322
      vertex 112.538 118.488 203.322
    endloop
  endfacet
  facet normal 0 1 0
    outer loop
      vertex 112.804 118.488 202.477
      vertex 93.1959 118.488 202.477
      vertex 93.4621 118.488 203.322
    endloop
  endfacet
  facet normal 0 1 0
    outer loop
      vertex 112.996 118.488 201.613
      vertex 93.1959 118.488 202.477
      vertex 112.804 118.488 202.477
    endloop
  endfacet
  facet normal 0 1 0
    outer loop
      vertex 112.996 118.488 201.613
      vertex 93.0042 118.488 201.613
      vertex 93.1959 118.488 202.477
    endloop
  endfacet
  facet normal 0 1 0
    outer loop
      vertex 113.111 118.488 200.735
      vertex 93.0042 118.488 201.613
      vertex 112.996 118.488 201.613
    endloop
  endfacet
  facet normal 0 1 0
    outer loop
      vertex 113.111 118.488 200.735
      vertex 92.8886 118.488 200.735
      vertex 93.0042 118.488 201.613
    endloop
  endfacet
  facet normal 0 1 0
    outer loop
      vertex 113.15 118.488 199.85
      vertex 92.8886 118.488 200.735
      vertex 113.111 118.488 200.735
    endloop
  endfacet
  facet normal 0 1 0
    outer loop
      vertex 113.15 118.488 199.85
      vertex 92.85 118.488 199.85
      vertex 92.8886 118.488 200.735
    endloop
  endfacet
  facet normal 0 1 -0
    outer loop
      vertex 113.15 118.488 0
      vertex 92.85 118.488 199.85
      vertex 113.15 118.488 199.85
    endloop
  endfacet
  facet normal 0 1 0
    outer loop
      vertex 92.85 118.488 199.85
      vertex 113.15 118.488 0
      vertex 92.85 118.488 0
    endloop
  endfacet
  facet normal 0.0440251 0 -0.99903
    outer loop
      vertex 102.115 118.488 209.961
      vertex 103 119.7 210
      vertex 103 118.488 210
    endloop
  endfacet
  facet normal 0.0440251 0 -0.99903
    outer loop
      vertex 103 119.7 210
      vertex 102.115 118.488 209.961
      vertex 102.115 119.7 209.961
    endloop
  endfacet
  facet normal 0 0 -1
    outer loop
      vertex 102.115 119.74 209.961
      vertex 102.117 119.74 209.961
      vertex 102.115 119.72 209.961
    endloop
  endfacet
  facet normal -0.0440251 0 -0.99903
    outer loop
      vertex 103 118.488 210
      vertex 103.885 119.7 209.961
      vertex 103.885 118.488 209.961
    endloop
  endfacet
  facet normal -0.0440251 0 -0.99903
    outer loop
      vertex 103.885 119.7 209.961
      vertex 103 118.488 210
      vertex 103 119.7 210
    endloop
  endfacet
  facet normal -0 -0 -1
    outer loop
      vertex 103.885 119.74 209.961
      vertex 103.885 119.72 209.961
      vertex 103.883 119.74 209.961
    endloop
  endfacet
  facet normal 1 -0 0
    outer loop
      vertex 120.35 122.24 202.35
      vertex 120.35 122.658 0
      vertex 120.35 122.658 202.35
    endloop
  endfacet
  facet normal 1 0 0
    outer loop
      vertex 120.35 122.658 0
      vertex 120.35 122.24 202.35
      vertex 120.35 122.24 0
    endloop
  endfacet
  facet normal -0.675725 0 -0.737154
    outer loop
      vertex 132.917 122.24 208.21
      vertex 133.409 122.658 207.759
      vertex 133.409 122.24 207.759
    endloop
  endfacet
  facet normal -0.675725 0 -0.737154
    outer loop
      vertex 133.409 122.658 207.759
      vertex 132.917 122.24 208.21
      vertex 132.917 122.658 208.21
    endloop
  endfacet
  facet normal -1 0 0
    outer loop
      vertex 135.65 122.24 0
      vertex 135.65 122.658 202.35
      vertex 135.65 122.658 0
    endloop
  endfacet
  facet normal -1 -0 0
    outer loop
      vertex 135.65 122.658 202.35
      vertex 135.65 122.24 0
      vertex 135.65 122.24 202.35
    endloop
  endfacet
  facet normal -0.843847 0 -0.536585
    outer loop
      vertex 134.625 122.24 206.175
      vertex 134.267 122.658 206.738
      vertex 134.625 122.658 206.175
    endloop
  endfacet
  facet normal -0.843847 -0 -0.536585
    outer loop
      vertex 134.267 122.658 206.738
      vertex 134.625 122.24 206.175
      vertex 134.267 122.24 206.738
    endloop
  endfacet
  facet normal 0.130493 0 -0.991449
    outer loop
      vertex 126.672 122.24 209.884
      vertex 127.333 122.658 209.971
      vertex 127.333 122.24 209.971
    endloop
  endfacet
  facet normal 0.130493 0 -0.991449
    outer loop
      vertex 127.333 122.658 209.971
      vertex 126.672 122.24 209.884
      vertex 126.672 122.658 209.884
    endloop
  endfacet
  facet normal 0.999056 0 -0.0434372
    outer loop
      vertex 120.379 122.24 203.017
      vertex 120.35 122.658 202.35
      vertex 120.379 122.658 203.017
    endloop
  endfacet
  facet normal 0.999056 0 -0.0434372
    outer loop
      vertex 120.35 122.658 202.35
      vertex 120.379 122.24 203.017
      vertex 120.35 122.24 202.35
    endloop
  endfacet
  facet normal -0.999056 0 -0.0434372
    outer loop
      vertex 135.65 122.24 202.35
      vertex 135.621 122.658 203.017
      vertex 135.65 122.658 202.35
    endloop
  endfacet
  facet normal -0.999056 -0 -0.0434372
    outer loop
      vertex 135.621 122.658 203.017
      vertex 135.65 122.24 202.35
      vertex 135.621 122.24 203.017
    endloop
  endfacet
  facet normal -0.976152 0 -0.217089
    outer loop
      vertex 135.534 122.24 203.678
      vertex 135.389 122.658 204.33
      vertex 135.534 122.658 203.678
    endloop
  endfacet
  facet normal -0.976152 -0 -0.217089
    outer loop
      vertex 135.389 122.658 204.33
      vertex 135.534 122.24 203.678
      vertex 135.389 122.24 204.33
    endloop
  endfacet
  facet normal -0.953945 0 -0.299983
    outer loop
      vertex 135.389 122.24 204.33
      vertex 135.189 122.658 204.966
      vertex 135.389 122.658 204.33
    endloop
  endfacet
  facet normal -0.953945 -0 -0.299983
    outer loop
      vertex 135.189 122.658 204.966
      vertex 135.389 122.24 204.33
      vertex 135.189 122.24 204.966
    endloop
  endfacet
  facet normal -0.609783 0 -0.792568
    outer loop
      vertex 132.388 122.24 208.617
      vertex 132.917 122.658 208.21
      vertex 132.917 122.24 208.21
    endloop
  endfacet
  facet normal -0.609783 0 -0.792568
    outer loop
      vertex 132.917 122.658 208.21
      vertex 132.388 122.24 208.617
      vertex 132.388 122.658 208.617
    endloop
  endfacet
  facet normal 0.0438308 0 -0.999039
    outer loop
      vertex 127.339 122.2 209.971
      vertex 128 122.658 210
      vertex 128 119.7 210
    endloop
  endfacet
  facet normal 0 0 -1
    outer loop
      vertex 127.333 122.22 209.971
      vertex 127.339 122.2 209.971
      vertex 127.333 122.2 209.971
    endloop
  endfacet
  facet normal 0 0 -1
    outer loop
      vertex 127.333 122.24 209.971
      vertex 127.339 122.2 209.971
      vertex 127.333 122.22 209.971
    endloop
  endfacet
  facet normal 0.0397103 0.00595655 -0.999193
    outer loop
      vertex 127.339 122.2 209.971
      vertex 127.333 122.24 209.971
      vertex 128 122.658 210
    endloop
  endfacet
  facet normal 0.0434372 0 -0.999056
    outer loop
      vertex 128 122.658 210
      vertex 127.333 122.24 209.971
      vertex 127.333 122.658 209.971
    endloop
  endfacet
  facet normal -0.737154 0 -0.675725
    outer loop
      vertex 133.86 122.24 207.267
      vertex 133.409 122.658 207.759
      vertex 133.86 122.658 207.267
    endloop
  endfacet
  facet normal -0.737154 -0 -0.675725
    outer loop
      vertex 133.409 122.658 207.759
      vertex 133.86 122.24 207.267
      vertex 133.409 122.24 207.759
    endloop
  endfacet
  facet normal -0.792568 0 -0.609783
    outer loop
      vertex 134.267 122.24 206.738
      vertex 133.86 122.658 207.267
      vertex 134.267 122.658 206.738
    endloop
  endfacet
  facet normal -0.792568 -0 -0.609783
    outer loop
      vertex 133.86 122.658 207.267
      vertex 134.267 122.24 206.738
      vertex 133.86 122.24 207.267
    endloop
  endfacet
  facet normal 0 0 -1
    outer loop
      vertex 128.661 122.2 209.971
      vertex 128.667 122.22 209.971
      vertex 128.667 122.2 209.971
    endloop
  endfacet
  facet normal -0 0 -1
    outer loop
      vertex 128.667 122.22 209.971
      vertex 128.661 122.2 209.971
      vertex 128.667 122.24 209.971
    endloop
  endfacet
  facet normal -0.0397103 0.00595655 -0.999193
    outer loop
      vertex 128 122.658 210
      vertex 128.667 122.24 209.971
      vertex 128.661 122.2 209.971
    endloop
  endfacet
  facet normal -0.0438308 -0 -0.999039
    outer loop
      vertex 128 122.658 210
      vertex 128.661 122.2 209.971
      vertex 128 119.7 210
    endloop
  endfacet
  facet normal -0.0434372 0 -0.999056
    outer loop
      vertex 128.667 122.24 209.971
      vertex 128 122.658 210
      vertex 128.667 122.658 209.971
    endloop
  endfacet
  facet normal 0.383233 0 -0.923652
    outer loop
      vertex 124.767 122.24 209.283
      vertex 125.384 122.658 209.539
      vertex 125.384 122.24 209.539
    endloop
  endfacet
  facet normal 0.383233 0 -0.923652
    outer loop
      vertex 125.384 122.658 209.539
      vertex 124.767 122.24 209.283
      vertex 124.767 122.658 209.283
    endloop
  endfacet
  facet normal 0.217089 0 -0.976152
    outer loop
      vertex 126.02 122.24 209.739
      vertex 126.672 122.658 209.884
      vertex 126.672 122.24 209.884
    endloop
  endfacet
  facet normal 0.217089 0 -0.976152
    outer loop
      vertex 126.672 122.658 209.884
      vertex 126.02 122.24 209.739
      vertex 126.02 122.658 209.739
    endloop
  endfacet
  facet normal 0.461541 0 -0.887119
    outer loop
      vertex 124.175 122.24 208.975
      vertex 124.767 122.658 209.283
      vertex 124.767 122.24 209.283
    endloop
  endfacet
  facet normal 0.461541 0 -0.887119
    outer loop
      vertex 124.767 122.658 209.283
      vertex 124.175 122.24 208.975
      vertex 124.175 122.658 208.975
    endloop
  endfacet
  facet normal 0.536585 0 -0.843847
    outer loop
      vertex 123.612 122.24 208.617
      vertex 124.175 122.658 208.975
      vertex 124.175 122.24 208.975
    endloop
  endfacet
  facet normal 0.536585 0 -0.843847
    outer loop
      vertex 124.175 122.658 208.975
      vertex 123.612 122.24 208.617
      vertex 123.612 122.658 208.617
    endloop
  endfacet
  facet normal 0.609783 0 -0.792568
    outer loop
      vertex 123.083 122.24 208.21
      vertex 123.612 122.658 208.617
      vertex 123.612 122.24 208.617
    endloop
  endfacet
  facet normal 0.609783 0 -0.792568
    outer loop
      vertex 123.612 122.658 208.617
      vertex 123.083 122.24 208.21
      vertex 123.083 122.658 208.21
    endloop
  endfacet
  facet normal 0.675725 0 -0.737154
    outer loop
      vertex 122.591 122.24 207.759
      vertex 123.083 122.658 208.21
      vertex 123.083 122.24 208.21
    endloop
  endfacet
  facet normal 0.675725 0 -0.737154
    outer loop
      vertex 123.083 122.658 208.21
      vertex 122.591 122.24 207.759
      vertex 122.591 122.658 207.759
    endloop
  endfacet
  facet normal 0.792568 0 -0.609783
    outer loop
      vertex 122.14 122.24 207.267
      vertex 121.733 122.658 206.738
      vertex 122.14 122.658 207.267
    endloop
  endfacet
  facet normal 0.792568 0 -0.609783
    outer loop
      vertex 121.733 122.658 206.738
      vertex 122.14 122.24 207.267
      vertex 121.733 122.24 206.738
    endloop
  endfacet
  facet normal 0.843847 0 -0.536585
    outer loop
      vertex 121.733 122.24 206.738
      vertex 121.375 122.658 206.175
      vertex 121.733 122.658 206.738
    endloop
  endfacet
  facet normal 0.843847 0 -0.536585
    outer loop
      vertex 121.375 122.658 206.175
      vertex 121.733 122.24 206.738
      vertex 121.375 122.24 206.175
    endloop
  endfacet
  facet normal 0.976152 0 -0.217089
    outer loop
      vertex 120.611 122.24 204.33
      vertex 120.466 122.658 203.678
      vertex 120.611 122.658 204.33
    endloop
  endfacet
  facet normal 0.976152 0 -0.217089
    outer loop
      vertex 120.466 122.658 203.678
      vertex 120.611 122.24 204.33
      vertex 120.466 122.24 203.678
    endloop
  endfacet
  facet normal -0.887119 0 -0.461541
    outer loop
      vertex 134.933 122.24 205.583
      vertex 134.625 122.658 206.175
      vertex 134.933 122.658 205.583
    endloop
  endfacet
  facet normal -0.887119 -0 -0.461541
    outer loop
      vertex 134.625 122.658 206.175
      vertex 134.933 122.24 205.583
      vertex 134.625 122.24 206.175
    endloop
  endfacet
  facet normal -0.923652 0 -0.383233
    outer loop
      vertex 135.189 122.24 204.966
      vertex 134.933 122.658 205.583
      vertex 135.189 122.658 204.966
    endloop
  endfacet
  facet normal -0.923652 -0 -0.383233
    outer loop
      vertex 134.933 122.658 205.583
      vertex 135.189 122.24 204.966
      vertex 134.933 122.24 205.583
    endloop
  endfacet
  facet normal -0.991449 0 -0.130493
    outer loop
      vertex 135.621 122.24 203.017
      vertex 135.534 122.658 203.678
      vertex 135.621 122.658 203.017
    endloop
  endfacet
  facet normal -0.991449 -0 -0.130493
    outer loop
      vertex 135.534 122.658 203.678
      vertex 135.621 122.24 203.017
      vertex 135.534 122.24 203.678
    endloop
  endfacet
  facet normal -0.536585 0 -0.843847
    outer loop
      vertex 131.825 122.24 208.975
      vertex 132.388 122.658 208.617
      vertex 132.388 122.24 208.617
    endloop
  endfacet
  facet normal -0.536585 0 -0.843847
    outer loop
      vertex 132.388 122.658 208.617
      vertex 131.825 122.24 208.975
      vertex 131.825 122.658 208.975
    endloop
  endfacet
  facet normal -0.461541 0 -0.887119
    outer loop
      vertex 131.233 122.24 209.283
      vertex 131.825 122.658 208.975
      vertex 131.825 122.24 208.975
    endloop
  endfacet
  facet normal -0.461541 0 -0.887119
    outer loop
      vertex 131.825 122.658 208.975
      vertex 131.233 122.24 209.283
      vertex 131.233 122.658 209.283
    endloop
  endfacet
  facet normal -0.130493 0 -0.991449
    outer loop
      vertex 128.667 122.24 209.971
      vertex 129.328 122.658 209.884
      vertex 129.328 122.24 209.884
    endloop
  endfacet
  facet normal -0.130493 0 -0.991449
    outer loop
      vertex 129.328 122.658 209.884
      vertex 128.667 122.24 209.971
      vertex 128.667 122.658 209.971
    endloop
  endfacet
  facet normal 0.299983 0 -0.953945
    outer loop
      vertex 125.384 122.24 209.539
      vertex 126.02 122.658 209.739
      vertex 126.02 122.24 209.739
    endloop
  endfacet
  facet normal 0.299983 0 -0.953945
    outer loop
      vertex 126.02 122.658 209.739
      vertex 125.384 122.24 209.539
      vertex 125.384 122.658 209.539
    endloop
  endfacet
  facet normal 0.737154 0 -0.675725
    outer loop
      vertex 122.591 122.24 207.759
      vertex 122.14 122.658 207.267
      vertex 122.591 122.658 207.759
    endloop
  endfacet
  facet normal 0.737154 0 -0.675725
    outer loop
      vertex 122.14 122.658 207.267
      vertex 122.591 122.24 207.759
      vertex 122.14 122.24 207.267
    endloop
  endfacet
  facet normal 0.923652 0 -0.383233
    outer loop
      vertex 121.067 122.24 205.583
      vertex 120.811 122.658 204.966
      vertex 121.067 122.658 205.583
    endloop
  endfacet
  facet normal 0.923652 0 -0.383233
    outer loop
      vertex 120.811 122.658 204.966
      vertex 121.067 122.24 205.583
      vertex 120.811 122.24 204.966
    endloop
  endfacet
  facet normal 0.991449 0 -0.130493
    outer loop
      vertex 120.466 122.24 203.678
      vertex 120.379 122.658 203.017
      vertex 120.466 122.658 203.678
    endloop
  endfacet
  facet normal 0.991449 0 -0.130493
    outer loop
      vertex 120.379 122.658 203.017
      vertex 120.466 122.24 203.678
      vertex 120.379 122.24 203.017
    endloop
  endfacet
  facet normal 0.953945 0 -0.299983
    outer loop
      vertex 120.811 122.24 204.966
      vertex 120.611 122.658 204.33
      vertex 120.811 122.658 204.966
    endloop
  endfacet
  facet normal 0.953945 0 -0.299983
    outer loop
      vertex 120.611 122.658 204.33
      vertex 120.811 122.24 204.966
      vertex 120.611 122.24 204.33
    endloop
  endfacet
  facet normal -0.299983 0 -0.953945
    outer loop
      vertex 129.98 122.24 209.739
      vertex 130.616 122.658 209.539
      vertex 130.616 122.24 209.539
    endloop
  endfacet
  facet normal -0.299983 0 -0.953945
    outer loop
      vertex 130.616 122.658 209.539
      vertex 129.98 122.24 209.739
      vertex 129.98 122.658 209.739
    endloop
  endfacet
  facet normal -0.217089 0 -0.976152
    outer loop
      vertex 129.328 122.24 209.884
      vertex 129.98 122.658 209.739
      vertex 129.98 122.24 209.739
    endloop
  endfacet
  facet normal -0.217089 0 -0.976152
    outer loop
      vertex 129.98 122.658 209.739
      vertex 129.328 122.24 209.884
      vertex 129.328 122.658 209.884
    endloop
  endfacet
  facet normal -0.383233 0 -0.923652
    outer loop
      vertex 130.616 122.24 209.539
      vertex 131.233 122.658 209.283
      vertex 131.233 122.24 209.283
    endloop
  endfacet
  facet normal -0.383233 0 -0.923652
    outer loop
      vertex 131.233 122.658 209.283
      vertex 130.616 122.24 209.539
      vertex 130.616 122.658 209.539
    endloop
  endfacet
  facet normal 0.887119 0 -0.461541
    outer loop
      vertex 121.375 122.24 206.175
      vertex 121.067 122.658 205.583
      vertex 121.375 122.658 206.175
    endloop
  endfacet
  facet normal 0.887119 0 -0.461541
    outer loop
      vertex 121.067 122.658 205.583
      vertex 121.375 122.24 206.175
      vertex 121.067 122.24 205.583
    endloop
  endfacet
  facet normal 0.78387 -0.569706 -0.246947
    outer loop
      vertex 120.611 122.24 204.33
      vertex 118.479 119.74 203.33
      vertex 118.215 119.74 202.492
    endloop
  endfacet
  facet normal 0.724997 -0.688035 -0.0314138
    outer loop
      vertex 120.35 122.24 202.35
      vertex 117.908 119.74 200.747
      vertex 117.87 119.74 199.87
    endloop
  endfacet
  facet normal -0.653475 -0.251108 -0.714084
    outer loop
      vertex 135.163 119.74 207.033
      vertex 134.515 119.74 207.626
      vertex 133.409 122.24 207.759
    endloop
  endfacet
  facet normal 1 -0 0
    outer loop
      vertex 117.85 118.488 199.85
      vertex 117.85 119.74 0
      vertex 117.85 119.74 199.85
    endloop
  endfacet
  facet normal 1 0 0
    outer loop
      vertex 117.85 119.74 0
      vertex 117.85 118.488 199.85
      vertex 117.85 118.488 0
    endloop
  endfacet
  facet normal 0.709941 -0.704261 0
    outer loop
      vertex 117.87 119.74 199.87
      vertex 120.35 122.24 0
      vertex 120.35 122.24 202.35
    endloop
  endfacet
  facet normal 0.709941 -0.704261 0
    outer loop
      vertex 120.35 122.24 0
      vertex 117.87 119.74 199.87
      vertex 117.87 119.74 0
    endloop
  endfacet
  facet normal -0.709941 -0.704261 -0
    outer loop
      vertex 138.13 119.74 199.87
      vertex 135.65 122.24 0
      vertex 138.13 119.74 0
    endloop
  endfacet
  facet normal -0.709941 -0.704261 0
    outer loop
      vertex 135.65 122.24 0
      vertex 138.13 119.74 199.87
      vertex 135.65 122.24 202.35
    endloop
  endfacet
  facet normal 0.751248 -0.652524 -0.0991889
    outer loop
      vertex 120.466 122.24 203.678
      vertex 118.024 119.74 201.629
      vertex 117.909 119.74 200.758
    endloop
  endfacet
  facet normal 0.596614 -0.199756 -0.777271
    outer loop
      vertex 123.612 122.24 208.617
      vertex 122.19 119.74 208.168
      vertex 121.493 119.74 207.633
    endloop
  endfacet
  facet normal -0.724997 -0.688035 -0.0314138
    outer loop
      vertex 138.13 119.74 199.87
      vertex 138.092 119.74 200.747
      vertex 135.65 122.24 202.35
    endloop
  endfacet
  facet normal -1 0 0
    outer loop
      vertex 138.15 118.488 0
      vertex 138.15 119.74 199.85
      vertex 138.15 119.74 0
    endloop
  endfacet
  facet normal -1 -0 0
    outer loop
      vertex 138.15 119.74 199.85
      vertex 138.15 118.488 0
      vertex 138.15 118.488 199.85
    endloop
  endfacet
  facet normal 0.953855 0 -0.300267
    outer loop
      vertex 118.462 118.488 203.322
      vertex 118.196 119.74 202.477
      vertex 118.462 119.74 203.322
    endloop
  endfacet
  facet normal 0.953855 0 -0.300267
    outer loop
      vertex 118.196 119.74 202.477
      vertex 118.462 118.488 203.322
      vertex 118.196 118.488 202.477
    endloop
  endfacet
  facet normal 0.782669 -0.470145 -0.407912
    outer loop
      vertex 121.375 122.24 206.175
      vertex 119.227 119.74 204.935
      vertex 118.821 119.74 204.156
    endloop
  endfacet
  facet normal 0.30059 0 -0.953753
    outer loop
      vertex 124.529 118.488 209.388
      vertex 125.373 119.74 209.654
      vertex 125.373 118.488 209.654
    endloop
  endfacet
  facet normal 0.30059 0 -0.953753
    outer loop
      vertex 125.373 119.74 209.654
      vertex 124.529 118.488 209.388
      vertex 124.529 119.74 209.388
    endloop
  endfacet
  facet normal -0.675367 0 -0.737482
    outer loop
      vertex 134.524 118.488 207.625
      vertex 135.177 119.74 207.027
      vertex 135.177 118.488 207.027
    endloop
  endfacet
  facet normal -0.675367 0 -0.737482
    outer loop
      vertex 135.177 119.74 207.027
      vertex 134.524 118.488 207.625
      vertex 134.524 119.74 207.625
    endloop
  endfacet
  facet normal -0.702335 -0.305994 -0.642723
    outer loop
      vertex 135.76 119.74 206.381
      vertex 135.167 119.74 207.029
      vertex 133.86 122.24 207.267
    endloop
  endfacet
  facet normal 0.99903 0 -0.0440251
    outer loop
      vertex 117.889 118.488 200.735
      vertex 117.85 119.74 199.85
      vertex 117.889 119.74 200.735
    endloop
  endfacet
  facet normal 0.99903 0 -0.0440251
    outer loop
      vertex 117.85 119.74 199.85
      vertex 117.889 118.488 200.735
      vertex 117.85 118.488 199.85
    endloop
  endfacet
  facet normal 0.92381 0 -0.38285
    outer loop
      vertex 118.801 118.488 204.14
      vertex 118.462 119.74 203.322
      vertex 118.801 119.74 204.14
    endloop
  endfacet
  facet normal 0.92381 0 -0.38285
    outer loop
      vertex 118.462 119.74 203.322
      vertex 118.801 118.488 204.14
      vertex 118.462 118.488 203.322
    endloop
  endfacet
  facet normal 0.783937 -0.569799 -0.246521
    outer loop
      vertex 118.481 119.74 203.335
      vertex 120.611 122.24 204.33
      vertex 120.811 122.24 204.966
    endloop
  endfacet
  facet normal 0.780876 -0.540991 -0.31235
    outer loop
      vertex 120.611 122.24 204.33
      vertex 118.481 119.74 203.335
      vertex 118.479 119.74 203.33
    endloop
  endfacet
  facet normal 0.38169 -0.0745096 -0.921282
    outer loop
      vertex 124.767 122.24 209.283
      vertex 124.53 119.74 209.387
      vertex 123.719 119.74 209.051
    endloop
  endfacet
  facet normal 0.129774 -0.00724639 -0.991517
    outer loop
      vertex 127.333 122.24 209.971
      vertex 127.117 119.74 209.961
      vertex 126.246 119.74 209.847
    endloop
  endfacet
  facet normal 0.282054 -0.0282054 0.958984
    outer loop
      vertex 127.333 122.24 209.971
      vertex 127.115 119.72 209.961
      vertex 127.117 119.74 209.961
    endloop
  endfacet
  facet normal 0.12987 0 -0.991531
    outer loop
      vertex 126.237 118.488 209.846
      vertex 127.115 119.7 209.961
      vertex 127.115 118.488 209.961
    endloop
  endfacet
  facet normal 0.12987 0 -0.991531
    outer loop
      vertex 126.237 119.74 209.846
      vertex 127.115 119.7 209.961
      vertex 126.237 118.488 209.846
    endloop
  endfacet
  facet normal 0.12987 0 -0.991531
    outer loop
      vertex 127.115 119.7 209.961
      vertex 126.237 119.74 209.846
      vertex 127.115 119.72 209.961
    endloop
  endfacet
  facet normal 0.12987 0 -0.991531
    outer loop
      vertex 127.115 119.72 209.961
      vertex 126.237 119.74 209.846
      vertex 127.115 119.74 209.961
    endloop
  endfacet
  facet normal -0.459333 -0.110765 -0.881331
    outer loop
      vertex 133.06 119.74 208.645
      vertex 132.281 119.74 209.051
      vertex 131.233 122.24 209.283
    endloop
  endfacet
  facet normal -0.788354 -0.52826 -0.315341
    outer loop
      vertex 137.179 119.74 204.156
      vertex 134.933 122.24 205.583
      vertex 137.181 119.74 204.151
    endloop
  endfacet
  facet normal -0.782685 -0.47073 -0.407208
    outer loop
      vertex 134.933 122.24 205.583
      vertex 137.179 119.74 204.156
      vertex 134.625 122.24 206.175
    endloop
  endfacet
  facet normal -0.99903 0 -0.0440251
    outer loop
      vertex 138.15 118.488 199.85
      vertex 138.111 119.74 200.735
      vertex 138.15 119.74 199.85
    endloop
  endfacet
  facet normal -0.99903 -0 -0.0440251
    outer loop
      vertex 138.111 119.74 200.735
      vertex 138.15 118.488 199.85
      vertex 138.111 118.488 200.735
    endloop
  endfacet
  facet normal 0.751094 -0.652752 -0.098858
    outer loop
      vertex 117.909 119.74 200.758
      vertex 120.379 122.24 203.017
      vertex 120.466 122.24 203.678
    endloop
  endfacet
  facet normal 0.768844 -0.620672 -0.153769
    outer loop
      vertex 120.379 122.24 203.017
      vertex 117.909 119.74 200.758
      vertex 117.908 119.74 200.753
    endloop
  endfacet
  facet normal 0.771056 -0.613447 -0.170747
    outer loop
      vertex 120.611 122.24 204.33
      vertex 118.215 119.74 202.492
      vertex 118.025 119.74 201.634
    endloop
  endfacet
  facet normal 0.991531 0 -0.12987
    outer loop
      vertex 118.004 118.488 201.613
      vertex 117.889 119.74 200.735
      vertex 118.004 119.74 201.613
    endloop
  endfacet
  facet normal 0.991531 0 -0.12987
    outer loop
      vertex 117.889 119.74 200.735
      vertex 118.004 118.488 201.613
      vertex 117.889 118.488 200.735
    endloop
  endfacet
  facet normal 0.739435 -0.35998 -0.568903
    outer loop
      vertex 119.705 119.74 205.684
      vertex 121.733 122.24 206.738
      vertex 122.14 122.24 207.267
    endloop
  endfacet
  facet normal 0.743803 -0.368182 -0.557852
    outer loop
      vertex 121.733 122.24 206.738
      vertex 119.705 119.74 205.684
      vertex 119.702 119.74 205.68
    endloop
  endfacet
  facet normal 0.0440251 5.14755e-05 -0.99903
    outer loop
      vertex 127.115 119.7 209.961
      vertex 127.339 122.2 209.971
      vertex 128 119.7 210
    endloop
  endfacet
  facet normal 0.0458234 0 -0.99895
    outer loop
      vertex 127.333 122.2 209.971
      vertex 127.115 119.7 209.961
      vertex 127.333 122.22 209.971
    endloop
  endfacet
  facet normal 0 0.00399997 -0.999992
    outer loop
      vertex 127.339 122.2 209.971
      vertex 127.115 119.7 209.961
      vertex 127.333 122.2 209.971
    endloop
  endfacet
  facet normal 0.0458234 0 -0.99895
    outer loop
      vertex 127.115 119.72 209.961
      vertex 127.333 122.22 209.971
      vertex 127.115 119.7 209.961
    endloop
  endfacet
  facet normal 0.0458234 0 -0.99895
    outer loop
      vertex 127.333 122.22 209.971
      vertex 127.115 119.72 209.961
      vertex 127.333 122.24 209.971
    endloop
  endfacet
  facet normal 0.21693 0 -0.976187
    outer loop
      vertex 125.373 118.488 209.654
      vertex 126.237 119.74 209.846
      vertex 126.237 118.488 209.846
    endloop
  endfacet
  facet normal 0.21693 0 -0.976187
    outer loop
      vertex 126.237 119.74 209.846
      vertex 125.373 118.488 209.654
      vertex 125.373 119.74 209.654
    endloop
  endfacet
  facet normal -0.30059 0 -0.953753
    outer loop
      vertex 130.627 118.488 209.654
      vertex 131.471 119.74 209.388
      vertex 131.471 118.488 209.388
    endloop
  endfacet
  facet normal -0.30059 0 -0.953753
    outer loop
      vertex 131.471 119.74 209.388
      vertex 130.627 118.488 209.654
      vertex 130.627 119.74 209.654
    endloop
  endfacet
  facet normal -0.537387 0 -0.843336
    outer loop
      vertex 133.075 118.488 208.64
      vertex 133.822 119.74 208.164
      vertex 133.822 118.488 208.164
    endloop
  endfacet
  facet normal -0.537387 0 -0.843336
    outer loop
      vertex 133.822 119.74 208.164
      vertex 133.075 118.488 208.64
      vertex 133.075 119.74 208.64
    endloop
  endfacet
  facet normal -0.743803 -0.368182 -0.557852
    outer loop
      vertex 136.295 119.74 205.684
      vertex 134.267 122.24 206.738
      vertex 136.298 119.74 205.68
    endloop
  endfacet
  facet normal -0.739435 -0.35998 -0.568903
    outer loop
      vertex 134.267 122.24 206.738
      vertex 136.295 119.74 205.684
      vertex 133.86 122.24 207.267
    endloop
  endfacet
  facet normal -0.73977 -0.360986 -0.567829
    outer loop
      vertex 136.295 119.74 205.684
      vertex 135.76 119.74 206.381
      vertex 133.86 122.24 207.267
    endloop
  endfacet
  facet normal -0.976187 0 -0.21693
    outer loop
      vertex 137.996 118.488 201.613
      vertex 137.804 119.74 202.477
      vertex 137.996 119.74 201.613
    endloop
  endfacet
  facet normal -0.976187 -0 -0.21693
    outer loop
      vertex 137.804 119.74 202.477
      vertex 137.996 118.488 201.613
      vertex 137.804 118.488 202.477
    endloop
  endfacet
  facet normal -0.886847 0 -0.462064
    outer loop
      vertex 137.199 118.488 204.14
      vertex 136.79 119.74 204.925
      vertex 137.199 119.74 204.14
    endloop
  endfacet
  facet normal -0.886847 -0 -0.462064
    outer loop
      vertex 136.79 119.74 204.925
      vertex 137.199 118.488 204.14
      vertex 136.79 118.488 204.925
    endloop
  endfacet
  facet normal -0.843336 0 -0.537387
    outer loop
      vertex 136.79 118.488 204.925
      vertex 136.314 119.74 205.672
      vertex 136.79 119.74 204.925
    endloop
  endfacet
  facet normal -0.843336 -0 -0.537387
    outer loop
      vertex 136.314 119.74 205.672
      vertex 136.79 118.488 204.925
      vertex 136.314 118.488 205.672
    endloop
  endfacet
  facet normal 0.771332 -0.612879 -0.171539
    outer loop
      vertex 118.025 119.74 201.634
      vertex 120.466 122.24 203.678
      vertex 120.611 122.24 204.33
    endloop
  endfacet
  facet normal 0.76679 -0.623309 -0.153358
    outer loop
      vertex 120.466 122.24 203.678
      vertex 118.025 119.74 201.634
      vertex 118.024 119.74 201.629
    endloop
  endfacet
  facet normal 0.724992 -0.688036 -0.0315214
    outer loop
      vertex 117.908 119.74 200.753
      vertex 120.35 122.24 202.35
      vertex 120.379 122.24 203.017
    endloop
  endfacet
  facet normal 0.715356 -0.69876 0
    outer loop
      vertex 120.35 122.24 202.35
      vertex 117.908 119.74 200.753
      vertex 117.908 119.74 200.747
    endloop
  endfacet
  facet normal 0.976187 0 -0.21693
    outer loop
      vertex 118.196 118.488 202.477
      vertex 118.004 119.74 201.613
      vertex 118.196 119.74 202.477
    endloop
  endfacet
  facet normal 0.976187 0 -0.21693
    outer loop
      vertex 118.004 119.74 201.613
      vertex 118.196 118.488 202.477
      vertex 118.004 118.488 201.613
    endloop
  endfacet
  facet normal 0.79317 0 -0.609001
    outer loop
      vertex 120.225 118.488 206.374
      vertex 119.686 119.74 205.672
      vertex 120.225 119.74 206.374
    endloop
  endfacet
  facet normal 0.79317 0 -0.609001
    outer loop
      vertex 119.686 119.74 205.672
      vertex 120.225 118.488 206.374
      vertex 119.686 118.488 205.672
    endloop
  endfacet
  facet normal 0.73977 -0.360986 -0.567829
    outer loop
      vertex 122.14 122.24 207.267
      vertex 120.24 119.74 206.381
      vertex 119.705 119.74 205.684
    endloop
  endfacet
  facet normal 0.737482 0 -0.675367
    outer loop
      vertex 120.823 118.488 207.027
      vertex 120.225 119.74 206.374
      vertex 120.823 119.74 207.027
    endloop
  endfacet
  facet normal 0.737482 0 -0.675367
    outer loop
      vertex 120.225 119.74 206.374
      vertex 120.823 118.488 207.027
      vertex 120.225 118.488 206.374
    endloop
  endfacet
  facet normal 0.843336 0 -0.537387
    outer loop
      vertex 119.686 118.488 205.672
      vertex 119.21 119.74 204.925
      vertex 119.686 119.74 205.672
    endloop
  endfacet
  facet normal 0.843336 0 -0.537387
    outer loop
      vertex 119.21 119.74 204.925
      vertex 119.686 118.488 205.672
      vertex 119.21 118.488 204.925
    endloop
  endfacet
  facet normal 0.886847 0 -0.462064
    outer loop
      vertex 119.21 118.488 204.925
      vertex 118.801 119.74 204.14
      vertex 119.21 119.74 204.925
    endloop
  endfacet
  facet normal 0.886847 0 -0.462064
    outer loop
      vertex 118.801 119.74 204.14
      vertex 119.21 118.488 204.925
      vertex 118.801 118.488 204.14
    endloop
  endfacet
  facet normal 0.382451 0 -0.923976
    outer loop
      vertex 123.71 118.488 209.049
      vertex 124.529 119.74 209.388
      vertex 124.529 118.488 209.388
    endloop
  endfacet
  facet normal 0.382451 0 -0.923976
    outer loop
      vertex 124.529 119.74 209.388
      vertex 123.71 118.488 209.049
      vertex 123.71 119.74 209.049
    endloop
  endfacet
  facet normal 0.459333 -0.110765 -0.881331
    outer loop
      vertex 124.767 122.24 209.283
      vertex 123.719 119.74 209.051
      vertex 122.94 119.74 208.645
    endloop
  endfacet
  facet normal 0.300172 -0.0450695 -0.95282
    outer loop
      vertex 126.02 122.24 209.739
      vertex 125.378 119.74 209.655
      vertex 124.54 119.74 209.391
    endloop
  endfacet
  facet normal 0.13049 -0.0075624 -0.991421
    outer loop
      vertex 126.246 119.74 209.847
      vertex 126.672 122.24 209.884
      vertex 127.333 122.24 209.971
    endloop
  endfacet
  facet normal 0.196081 -0.0189022 -0.980405
    outer loop
      vertex 126.672 122.24 209.884
      vertex 126.246 119.74 209.847
      vertex 126.241 119.74 209.846
    endloop
  endfacet
  facet normal -0.12987 -0 -0.991531
    outer loop
      vertex 128.885 119.7 209.961
      vertex 129.763 118.488 209.846
      vertex 128.885 118.488 209.961
    endloop
  endfacet
  facet normal -0.12987 0 -0.991531
    outer loop
      vertex 129.763 118.488 209.846
      vertex 128.885 119.7 209.961
      vertex 129.763 119.74 209.846
    endloop
  endfacet
  facet normal -0.12987 -0 -0.991531
    outer loop
      vertex 128.885 119.72 209.961
      vertex 129.763 119.74 209.846
      vertex 128.885 119.7 209.961
    endloop
  endfacet
  facet normal -0.12987 0 -0.991531
    outer loop
      vertex 129.763 119.74 209.846
      vertex 128.885 119.72 209.961
      vertex 128.885 119.74 209.961
    endloop
  endfacet
  facet normal -0.21693 0 -0.976187
    outer loop
      vertex 129.763 118.488 209.846
      vertex 130.627 119.74 209.654
      vertex 130.627 118.488 209.654
    endloop
  endfacet
  facet normal -0.21693 0 -0.976187
    outer loop
      vertex 130.627 119.74 209.654
      vertex 129.763 118.488 209.846
      vertex 129.763 119.74 209.846
    endloop
  endfacet
  facet normal -0.216153 -0.022428 -0.976102
    outer loop
      vertex 130.617 119.74 209.656
      vertex 129.759 119.74 209.846
      vertex 129.328 122.24 209.884
    endloop
  endfacet
  facet normal -0.196086 -0.0174125 -0.980432
    outer loop
      vertex 130.617 119.74 209.656
      vertex 129.98 122.24 209.739
      vertex 130.622 119.74 209.655
    endloop
  endfacet
  facet normal -0.217032 -0.0229 -0.975896
    outer loop
      vertex 129.98 122.24 209.739
      vertex 130.617 119.74 209.656
      vertex 129.328 122.24 209.884
    endloop
  endfacet
  facet normal -0.282054 -0.0282054 0.958984
    outer loop
      vertex 128.885 119.72 209.961
      vertex 128.667 122.24 209.971
      vertex 128.883 119.74 209.961
    endloop
  endfacet
  facet normal -0.129774 -0.00724639 -0.991517
    outer loop
      vertex 129.754 119.74 209.847
      vertex 128.883 119.74 209.961
      vertex 128.667 122.24 209.971
    endloop
  endfacet
  facet normal -0.196081 -0.0189022 -0.980405
    outer loop
      vertex 129.754 119.74 209.847
      vertex 129.328 122.24 209.884
      vertex 129.759 119.74 209.846
    endloop
  endfacet
  facet normal -0.13049 -0.0075624 -0.991421
    outer loop
      vertex 129.328 122.24 209.884
      vertex 129.754 119.74 209.847
      vertex 128.667 122.24 209.971
    endloop
  endfacet
  facet normal -0.370473 -0.0702417 -0.926183
    outer loop
      vertex 131.46 119.74 209.391
      vertex 130.616 122.24 209.539
      vertex 131.465 119.74 209.389
    endloop
  endfacet
  facet normal -0.299682 -0.0447557 -0.952989
    outer loop
      vertex 130.616 122.24 209.539
      vertex 131.46 119.74 209.391
      vertex 129.98 122.24 209.739
    endloop
  endfacet
  facet normal -0.370383 -0.073632 -0.925956
    outer loop
      vertex 131.465 119.74 209.389
      vertex 131.233 122.24 209.283
      vertex 131.47 119.74 209.387
    endloop
  endfacet
  facet normal -0.382168 -0.0745191 -0.921084
    outer loop
      vertex 131.233 122.24 209.283
      vertex 131.465 119.74 209.389
      vertex 130.616 122.24 209.539
    endloop
  endfacet
  facet normal -0.382451 0 -0.923976
    outer loop
      vertex 131.471 118.488 209.388
      vertex 132.29 119.74 209.049
      vertex 132.29 118.488 209.049
    endloop
  endfacet
  facet normal -0.382451 0 -0.923976
    outer loop
      vertex 132.29 119.74 209.049
      vertex 131.471 118.488 209.388
      vertex 131.471 119.74 209.388
    endloop
  endfacet
  facet normal -0.38169 -0.0745096 -0.921282
    outer loop
      vertex 132.281 119.74 209.051
      vertex 131.47 119.74 209.387
      vertex 131.233 122.24 209.283
    endloop
  endfacet
  facet normal -0.530947 -0.152655 -0.833542
    outer loop
      vertex 133.806 119.74 208.171
      vertex 133.065 119.74 208.643
      vertex 131.825 122.24 208.975
    endloop
  endfacet
  facet normal -0.788231 -0.521579 -0.326567
    outer loop
      vertex 137.519 119.74 203.335
      vertex 137.183 119.74 204.146
      vertex 135.189 122.24 204.966
    endloop
  endfacet
  facet normal -0.76679 -0.623309 -0.153358
    outer loop
      vertex 137.975 119.74 201.634
      vertex 135.534 122.24 203.678
      vertex 137.976 119.74 201.629
    endloop
  endfacet
  facet normal -0.771332 -0.612879 -0.171539
    outer loop
      vertex 135.534 122.24 203.678
      vertex 137.975 119.74 201.634
      vertex 135.389 122.24 204.33
    endloop
  endfacet
  facet normal -0.953855 0 -0.300267
    outer loop
      vertex 137.804 118.488 202.477
      vertex 137.538 119.74 203.322
      vertex 137.804 119.74 202.477
    endloop
  endfacet
  facet normal -0.953855 -0 -0.300267
    outer loop
      vertex 137.538 119.74 203.322
      vertex 137.804 118.488 202.477
      vertex 137.538 118.488 203.322
    endloop
  endfacet
  facet normal -0.92381 0 -0.38285
    outer loop
      vertex 137.538 118.488 203.322
      vertex 137.199 119.74 204.14
      vertex 137.538 119.74 203.322
    endloop
  endfacet
  facet normal -0.92381 -0 -0.38285
    outer loop
      vertex 137.199 119.74 204.14
      vertex 137.538 118.488 203.322
      vertex 137.199 118.488 204.14
    endloop
  endfacet
  facet normal -0.676844 -0.289419 -0.676844
    outer loop
      vertex 135.163 119.74 207.033
      vertex 133.86 122.24 207.267
      vertex 135.167 119.74 207.029
    endloop
  endfacet
  facet normal -0.701888 -0.305602 -0.643397
    outer loop
      vertex 133.86 122.24 207.267
      vertex 135.163 119.74 207.033
      vertex 133.409 122.24 207.759
    endloop
  endfacet
  facet normal -0.782669 -0.470145 -0.407912
    outer loop
      vertex 137.179 119.74 204.156
      vertex 136.773 119.74 204.935
      vertex 134.625 122.24 206.175
    endloop
  endfacet
  facet normal 0.788231 -0.521579 -0.326567
    outer loop
      vertex 120.811 122.24 204.966
      vertex 118.817 119.74 204.146
      vertex 118.481 119.74 203.335
    endloop
  endfacet
  facet normal 0.462064 0 -0.886847
    outer loop
      vertex 122.925 118.488 208.64
      vertex 123.71 119.74 209.049
      vertex 123.71 118.488 209.049
    endloop
  endfacet
  facet normal 0.462064 0 -0.886847
    outer loop
      vertex 123.71 119.74 209.049
      vertex 122.925 118.488 208.64
      vertex 122.925 119.74 208.64
    endloop
  endfacet
  facet normal 0.597372 -0.200727 -0.776437
    outer loop
      vertex 121.493 119.74 207.633
      vertex 123.083 122.24 208.21
      vertex 123.612 122.24 208.617
    endloop
  endfacet
  facet normal 0.510248 -0.128242 -0.850413
    outer loop
      vertex 123.083 122.24 208.21
      vertex 121.493 119.74 207.633
      vertex 121.488 119.74 207.63
    endloop
  endfacet
  facet normal 0.458729 -0.110226 -0.881713
    outer loop
      vertex 122.94 119.74 208.645
      vertex 124.175 122.24 208.975
      vertex 124.767 122.24 209.283
    endloop
  endfacet
  facet normal 0.370704 -0.0607954 -0.926759
    outer loop
      vertex 124.175 122.24 208.975
      vertex 122.94 119.74 208.645
      vertex 122.935 119.74 208.643
    endloop
  endfacet
  facet normal 0.653967 -0.251718 -0.713418
    outer loop
      vertex 121.488 119.74 207.63
      vertex 122.591 122.24 207.759
      vertex 123.083 122.24 208.21
    endloop
  endfacet
  facet normal 0.761496 -0.306502 -0.571122
    outer loop
      vertex 122.591 122.24 207.759
      vertex 121.488 119.74 207.63
      vertex 121.485 119.74 207.626
    endloop
  endfacet
  facet normal 0.675367 0 -0.737482
    outer loop
      vertex 120.823 118.488 207.027
      vertex 121.476 119.74 207.625
      vertex 121.476 118.488 207.625
    endloop
  endfacet
  facet normal 0.675367 0 -0.737482
    outer loop
      vertex 121.476 119.74 207.625
      vertex 120.823 118.488 207.027
      vertex 120.823 119.74 207.027
    endloop
  endfacet
  facet normal 0.609001 0 -0.79317
    outer loop
      vertex 121.476 118.488 207.625
      vertex 122.178 119.74 208.164
      vertex 122.178 118.488 208.164
    endloop
  endfacet
  facet normal 0.609001 0 -0.79317
    outer loop
      vertex 122.178 119.74 208.164
      vertex 121.476 118.488 207.625
      vertex 121.476 119.74 207.625
    endloop
  endfacet
  facet normal 0.653475 -0.251108 -0.714084
    outer loop
      vertex 122.591 122.24 207.759
      vertex 121.485 119.74 207.626
      vertex 120.837 119.74 207.033
    endloop
  endfacet
  facet normal 0.701888 -0.305602 -0.643397
    outer loop
      vertex 120.837 119.74 207.033
      vertex 122.14 122.24 207.267
      vertex 122.591 122.24 207.759
    endloop
  endfacet
  facet normal 0.676844 -0.289419 -0.676844
    outer loop
      vertex 122.14 122.24 207.267
      vertex 120.837 119.74 207.033
      vertex 120.833 119.74 207.029
    endloop
  endfacet
  facet normal 0.702335 -0.305994 -0.642723
    outer loop
      vertex 122.14 122.24 207.267
      vertex 120.833 119.74 207.029
      vertex 120.24 119.74 206.381
    endloop
  endfacet
  facet normal 0.299682 -0.0447557 -0.952989
    outer loop
      vertex 124.54 119.74 209.391
      vertex 125.384 122.24 209.539
      vertex 126.02 122.24 209.739
    endloop
  endfacet
  facet normal 0.370473 -0.0702417 -0.926183
    outer loop
      vertex 125.384 122.24 209.539
      vertex 124.54 119.74 209.391
      vertex 124.535 119.74 209.389
    endloop
  endfacet
  facet normal -0.79317 0 -0.609001
    outer loop
      vertex 136.314 118.488 205.672
      vertex 135.775 119.74 206.374
      vertex 136.314 119.74 205.672
    endloop
  endfacet
  facet normal -0.79317 -0 -0.609001
    outer loop
      vertex 135.775 119.74 206.374
      vertex 136.314 118.488 205.672
      vertex 135.775 118.488 206.374
    endloop
  endfacet
  facet normal -0.737482 0 -0.675367
    outer loop
      vertex 135.775 118.488 206.374
      vertex 135.177 119.74 207.027
      vertex 135.775 119.74 206.374
    endloop
  endfacet
  facet normal -0.737482 -0 -0.675367
    outer loop
      vertex 135.177 119.74 207.027
      vertex 135.775 118.488 206.374
      vertex 135.177 118.488 207.027
    endloop
  endfacet
  facet normal -0.0458234 0 -0.99895
    outer loop
      vertex 128.667 122.22 209.971
      vertex 128.885 119.72 209.961
      vertex 128.885 119.7 209.961
    endloop
  endfacet
  facet normal -0.0458234 0 -0.99895
    outer loop
      vertex 128.885 119.72 209.961
      vertex 128.667 122.22 209.971
      vertex 128.667 122.24 209.971
    endloop
  endfacet
  facet normal -0.300172 -0.0450695 -0.95282
    outer loop
      vertex 131.46 119.74 209.391
      vertex 130.622 119.74 209.655
      vertex 129.98 122.24 209.739
    endloop
  endfacet
  facet normal -0.370704 -0.0607954 -0.926759
    outer loop
      vertex 133.06 119.74 208.645
      vertex 131.825 122.24 208.975
      vertex 133.065 119.74 208.643
    endloop
  endfacet
  facet normal -0.458729 -0.110226 -0.881713
    outer loop
      vertex 131.825 122.24 208.975
      vertex 133.06 119.74 208.645
      vertex 131.233 122.24 209.283
    endloop
  endfacet
  facet normal -0.596614 -0.199756 -0.777271
    outer loop
      vertex 134.507 119.74 207.633
      vertex 133.81 119.74 208.168
      vertex 132.388 122.24 208.617
    endloop
  endfacet
  facet normal -0.588619 -0.193852 -0.784825
    outer loop
      vertex 133.806 119.74 208.171
      vertex 132.388 122.24 208.617
      vertex 133.81 119.74 208.168
    endloop
  endfacet
  facet normal -0.530348 -0.152021 -0.834039
    outer loop
      vertex 132.388 122.24 208.617
      vertex 133.806 119.74 208.171
      vertex 131.825 122.24 208.975
    endloop
  endfacet
  facet normal -0.510248 -0.128242 -0.850413
    outer loop
      vertex 134.507 119.74 207.633
      vertex 132.917 122.24 208.21
      vertex 134.512 119.74 207.63
    endloop
  endfacet
  facet normal -0.597372 -0.200727 -0.776437
    outer loop
      vertex 132.917 122.24 208.21
      vertex 134.507 119.74 207.633
      vertex 132.388 122.24 208.617
    endloop
  endfacet
  facet normal -0.761496 -0.306502 -0.571122
    outer loop
      vertex 134.512 119.74 207.63
      vertex 133.409 122.24 207.759
      vertex 134.515 119.74 207.626
    endloop
  endfacet
  facet normal -0.653967 -0.251718 -0.713418
    outer loop
      vertex 133.409 122.24 207.759
      vertex 134.512 119.74 207.63
      vertex 132.917 122.24 208.21
    endloop
  endfacet
  facet normal -0.751248 -0.652524 -0.0991889
    outer loop
      vertex 138.091 119.74 200.758
      vertex 137.976 119.74 201.629
      vertex 135.534 122.24 203.678
    endloop
  endfacet
  facet normal -0.780876 -0.540991 -0.31235
    outer loop
      vertex 137.519 119.74 203.335
      vertex 135.389 122.24 204.33
      vertex 137.521 119.74 203.33
    endloop
  endfacet
  facet normal -0.783937 -0.569799 -0.246521
    outer loop
      vertex 135.389 122.24 204.33
      vertex 137.519 119.74 203.335
      vertex 135.189 122.24 204.966
    endloop
  endfacet
  facet normal -0.768844 -0.620672 -0.153769
    outer loop
      vertex 138.091 119.74 200.758
      vertex 135.621 122.24 203.017
      vertex 138.092 119.74 200.753
    endloop
  endfacet
  facet normal -0.751094 -0.652752 -0.098858
    outer loop
      vertex 135.621 122.24 203.017
      vertex 138.091 119.74 200.758
      vertex 135.534 122.24 203.678
    endloop
  endfacet
  facet normal -0.715356 -0.69876 -0
    outer loop
      vertex 138.092 119.74 200.753
      vertex 135.65 122.24 202.35
      vertex 138.092 119.74 200.747
    endloop
  endfacet
  facet normal -0.724992 -0.688036 -0.0315214
    outer loop
      vertex 135.65 122.24 202.35
      vertex 138.092 119.74 200.753
      vertex 135.621 122.24 203.017
    endloop
  endfacet
  facet normal -0.789561 -0.526164 -0.315824
    outer loop
      vertex 137.181 119.74 204.151
      vertex 135.189 122.24 204.966
      vertex 137.183 119.74 204.146
    endloop
  endfacet
  facet normal -0.788163 -0.521401 -0.327017
    outer loop
      vertex 135.189 122.24 204.966
      vertex 137.181 119.74 204.151
      vertex 134.933 122.24 205.583
    endloop
  endfacet
  facet normal 0.766769 -0.416554 -0.488414
    outer loop
      vertex 121.375 122.24 206.175
      vertex 119.699 119.74 205.676
      vertex 119.227 119.74 204.935
    endloop
  endfacet
  facet normal 0.767075 -0.416749 -0.487767
    outer loop
      vertex 119.702 119.74 205.68
      vertex 121.375 122.24 206.175
      vertex 121.733 122.24 206.738
    endloop
  endfacet
  facet normal 0.73849 -0.384531 -0.553867
    outer loop
      vertex 121.375 122.24 206.175
      vertex 119.702 119.74 205.68
      vertex 119.699 119.74 205.676
    endloop
  endfacet
  facet normal 0.530947 -0.152655 -0.833542
    outer loop
      vertex 124.175 122.24 208.975
      vertex 122.935 119.74 208.643
      vertex 122.194 119.74 208.171
    endloop
  endfacet
  facet normal 0.530348 -0.152021 -0.834039
    outer loop
      vertex 122.194 119.74 208.171
      vertex 123.612 122.24 208.617
      vertex 124.175 122.24 208.975
    endloop
  endfacet
  facet normal 0.588619 -0.193852 -0.784825
    outer loop
      vertex 123.612 122.24 208.617
      vertex 122.194 119.74 208.171
      vertex 122.19 119.74 208.168
    endloop
  endfacet
  facet normal 0.217032 -0.0229 -0.975896
    outer loop
      vertex 125.383 119.74 209.656
      vertex 126.02 122.24 209.739
      vertex 126.672 122.24 209.884
    endloop
  endfacet
  facet normal 0.196086 -0.0174125 -0.980432
    outer loop
      vertex 126.02 122.24 209.739
      vertex 125.383 119.74 209.656
      vertex 125.378 119.74 209.655
    endloop
  endfacet
  facet normal 0.216153 -0.022428 -0.976102
    outer loop
      vertex 126.672 122.24 209.884
      vertex 126.241 119.74 209.846
      vertex 125.383 119.74 209.656
    endloop
  endfacet
  facet normal 0.382168 -0.0745191 -0.921084
    outer loop
      vertex 124.535 119.74 209.389
      vertex 124.767 122.24 209.283
      vertex 125.384 122.24 209.539
    endloop
  endfacet
  facet normal 0.370383 -0.073632 -0.925956
    outer loop
      vertex 124.767 122.24 209.283
      vertex 124.535 119.74 209.389
      vertex 124.53 119.74 209.387
    endloop
  endfacet
  facet normal -0.462064 0 -0.886847
    outer loop
      vertex 132.29 118.488 209.049
      vertex 133.075 119.74 208.64
      vertex 133.075 118.488 208.64
    endloop
  endfacet
  facet normal -0.462064 0 -0.886847
    outer loop
      vertex 133.075 119.74 208.64
      vertex 132.29 118.488 209.049
      vertex 132.29 119.74 209.049
    endloop
  endfacet
  facet normal 0 0.00399997 -0.999992
    outer loop
      vertex 128.885 119.7 209.961
      vertex 128.661 122.2 209.971
      vertex 128.667 122.2 209.971
    endloop
  endfacet
  facet normal -0.0440251 5.14755e-05 -0.99903
    outer loop
      vertex 128.661 122.2 209.971
      vertex 128.885 119.7 209.961
      vertex 128 119.7 210
    endloop
  endfacet
  facet normal -0.0458234 0 -0.99895
    outer loop
      vertex 128.885 119.7 209.961
      vertex 128.667 122.2 209.971
      vertex 128.667 122.22 209.971
    endloop
  endfacet
  facet normal -0.609001 0 -0.79317
    outer loop
      vertex 133.822 118.488 208.164
      vertex 134.524 119.74 207.625
      vertex 134.524 118.488 207.625
    endloop
  endfacet
  facet normal -0.609001 0 -0.79317
    outer loop
      vertex 134.524 119.74 207.625
      vertex 133.822 118.488 208.164
      vertex 133.822 119.74 208.164
    endloop
  endfacet
  facet normal -0.991531 0 -0.12987
    outer loop
      vertex 138.111 118.488 200.735
      vertex 137.996 119.74 201.613
      vertex 138.111 119.74 200.735
    endloop
  endfacet
  facet normal -0.991531 -0 -0.12987
    outer loop
      vertex 137.996 119.74 201.613
      vertex 138.111 118.488 200.735
      vertex 137.996 118.488 201.613
    endloop
  endfacet
  facet normal -0.78387 -0.569706 -0.246947
    outer loop
      vertex 137.785 119.74 202.492
      vertex 137.521 119.74 203.33
      vertex 135.389 122.24 204.33
    endloop
  endfacet
  facet normal -0.771056 -0.613447 -0.170747
    outer loop
      vertex 137.975 119.74 201.634
      vertex 137.785 119.74 202.492
      vertex 135.389 122.24 204.33
    endloop
  endfacet
  facet normal 0.788163 -0.521401 -0.327017
    outer loop
      vertex 118.819 119.74 204.151
      vertex 120.811 122.24 204.966
      vertex 121.067 122.24 205.583
    endloop
  endfacet
  facet normal 0.789561 -0.526164 -0.315824
    outer loop
      vertex 120.811 122.24 204.966
      vertex 118.819 119.74 204.151
      vertex 118.817 119.74 204.146
    endloop
  endfacet
  facet normal 0.782685 -0.47073 -0.407208
    outer loop
      vertex 118.821 119.74 204.156
      vertex 121.067 122.24 205.583
      vertex 121.375 122.24 206.175
    endloop
  endfacet
  facet normal 0.788354 -0.52826 -0.315341
    outer loop
      vertex 121.067 122.24 205.583
      vertex 118.821 119.74 204.156
      vertex 118.819 119.74 204.151
    endloop
  endfacet
  facet normal 0.537387 0 -0.843336
    outer loop
      vertex 122.178 118.488 208.164
      vertex 122.925 119.74 208.64
      vertex 122.925 118.488 208.64
    endloop
  endfacet
  facet normal 0.537387 0 -0.843336
    outer loop
      vertex 122.925 119.74 208.64
      vertex 122.178 118.488 208.164
      vertex 122.178 119.74 208.164
    endloop
  endfacet
  facet normal -0.73849 -0.384531 -0.553867
    outer loop
      vertex 136.298 119.74 205.68
      vertex 134.625 122.24 206.175
      vertex 136.301 119.74 205.676
    endloop
  endfacet
  facet normal -0.767075 -0.416749 -0.487767
    outer loop
      vertex 134.625 122.24 206.175
      vertex 136.298 119.74 205.68
      vertex 134.267 122.24 206.738
    endloop
  endfacet
  facet normal -0.766769 -0.416554 -0.488414
    outer loop
      vertex 136.773 119.74 204.935
      vertex 136.301 119.74 205.676
      vertex 134.625 122.24 206.175
    endloop
  endfacet
  facet normal 0 -1 -0
    outer loop
      vertex 127.115 119.74 209.961
      vertex 126.246 119.74 209.847
      vertex 127.117 119.74 209.961
    endloop
  endfacet
  facet normal 0 -1 0
    outer loop
      vertex 126.237 119.74 209.846
      vertex 126.246 119.74 209.847
      vertex 127.115 119.74 209.961
    endloop
  endfacet
  facet normal 0 -1 0
    outer loop
      vertex 126.246 119.74 209.847
      vertex 126.237 119.74 209.846
      vertex 126.241 119.74 209.846
    endloop
  endfacet
  facet normal 0 -1 -0
    outer loop
      vertex 126.237 119.74 209.846
      vertex 125.383 119.74 209.656
      vertex 126.241 119.74 209.846
    endloop
  endfacet
  facet normal 0 -1 0
    outer loop
      vertex 125.373 119.74 209.654
      vertex 125.383 119.74 209.656
      vertex 126.237 119.74 209.846
    endloop
  endfacet
  facet normal 0 0 0
    outer loop
      vertex 125.383 119.74 209.656
      vertex 125.373 119.74 209.654
      vertex 125.378 119.74 209.655
    endloop
  endfacet
  facet normal 0 -1 -0
    outer loop
      vertex 125.373 119.74 209.654
      vertex 124.54 119.74 209.391
      vertex 125.378 119.74 209.655
    endloop
  endfacet
  facet normal 0 -1 0
    outer loop
      vertex 124.529 119.74 209.388
      vertex 124.54 119.74 209.391
      vertex 125.373 119.74 209.654
    endloop
  endfacet
  facet normal 0 -1 0
    outer loop
      vertex 124.529 119.74 209.388
      vertex 124.535 119.74 209.389
      vertex 124.54 119.74 209.391
    endloop
  endfacet
  facet normal 0 -1 0
    outer loop
      vertex 124.529 119.74 209.388
      vertex 124.53 119.74 209.387
      vertex 124.535 119.74 209.389
    endloop
  endfacet
  facet normal 0 -1 -0
    outer loop
      vertex 124.529 119.74 209.388
      vertex 123.719 119.74 209.051
      vertex 124.53 119.74 209.387
    endloop
  endfacet
  facet normal 0 -1 0
    outer loop
      vertex 123.71 119.74 209.049
      vertex 123.719 119.74 209.051
      vertex 124.529 119.74 209.388
    endloop
  endfacet
  facet normal 0 -1 -0
    outer loop
      vertex 123.71 119.74 209.049
      vertex 122.94 119.74 208.645
      vertex 123.719 119.74 209.051
    endloop
  endfacet
  facet normal 0 -1 0
    outer loop
      vertex 122.925 119.74 208.64
      vertex 122.94 119.74 208.645
      vertex 123.71 119.74 209.049
    endloop
  endfacet
  facet normal 0 -1 0
    outer loop
      vertex 122.94 119.74 208.645
      vertex 122.925 119.74 208.64
      vertex 122.935 119.74 208.643
    endloop
  endfacet
  facet normal 0 -1 -0
    outer loop
      vertex 122.925 119.74 208.64
      vertex 122.194 119.74 208.171
      vertex 122.935 119.74 208.643
    endloop
  endfacet
  facet normal 0 -1 0
    outer loop
      vertex 122.178 119.74 208.164
      vertex 122.194 119.74 208.171
      vertex 122.925 119.74 208.64
    endloop
  endfacet
  facet normal 0 -1 0
    outer loop
      vertex 122.194 119.74 208.171
      vertex 122.178 119.74 208.164
      vertex 122.19 119.74 208.168
    endloop
  endfacet
  facet normal 0 -1 -0
    outer loop
      vertex 122.178 119.74 208.164
      vertex 121.493 119.74 207.633
      vertex 122.19 119.74 208.168
    endloop
  endfacet
  facet normal 0 -1 0
    outer loop
      vertex 121.476 119.74 207.625
      vertex 121.493 119.74 207.633
      vertex 122.178 119.74 208.164
    endloop
  endfacet
  facet normal 0 -1 0
    outer loop
      vertex 121.493 119.74 207.633
      vertex 121.476 119.74 207.625
      vertex 121.488 119.74 207.63
    endloop
  endfacet
  facet normal 0 -1 0
    outer loop
      vertex 121.476 119.74 207.625
      vertex 121.485 119.74 207.626
      vertex 121.488 119.74 207.63
    endloop
  endfacet
  facet normal 0 -1 -0
    outer loop
      vertex 121.476 119.74 207.625
      vertex 120.837 119.74 207.033
      vertex 121.485 119.74 207.626
    endloop
  endfacet
  facet normal 0 -1 0
    outer loop
      vertex 120.823 119.74 207.027
      vertex 120.837 119.74 207.033
      vertex 121.476 119.74 207.625
    endloop
  endfacet
  facet normal 0 -1 0
    outer loop
      vertex 120.823 119.74 207.027
      vertex 120.833 119.74 207.029
      vertex 120.837 119.74 207.033
    endloop
  endfacet
  facet normal 0 -1 -0
    outer loop
      vertex 120.823 119.74 207.027
      vertex 120.24 119.74 206.381
      vertex 120.833 119.74 207.029
    endloop
  endfacet
  facet normal 0 -1 0
    outer loop
      vertex 120.225 119.74 206.374
      vertex 120.24 119.74 206.381
      vertex 120.823 119.74 207.027
    endloop
  endfacet
  facet normal 0 -1 -0
    outer loop
      vertex 120.225 119.74 206.374
      vertex 119.705 119.74 205.684
      vertex 120.24 119.74 206.381
    endloop
  endfacet
  facet normal 0 -1 0
    outer loop
      vertex 119.686 119.74 205.672
      vertex 119.705 119.74 205.684
      vertex 120.225 119.74 206.374
    endloop
  endfacet
  facet normal 0 -1 0
    outer loop
      vertex 119.705 119.74 205.684
      vertex 119.686 119.74 205.672
      vertex 119.702 119.74 205.68
    endloop
  endfacet
  facet normal 0 -1 0
    outer loop
      vertex 119.686 119.74 205.672
      vertex 119.699 119.74 205.676
      vertex 119.702 119.74 205.68
    endloop
  endfacet
  facet normal 0 -1 -0
    outer loop
      vertex 119.686 119.74 205.672
      vertex 119.227 119.74 204.935
      vertex 119.699 119.74 205.676
    endloop
  endfacet
  facet normal 0 -1 0
    outer loop
      vertex 119.21 119.74 204.925
      vertex 119.227 119.74 204.935
      vertex 119.686 119.74 205.672
    endloop
  endfacet
  facet normal 0 -1 -0
    outer loop
      vertex 119.21 119.74 204.925
      vertex 118.821 119.74 204.156
      vertex 119.227 119.74 204.935
    endloop
  endfacet
  facet normal 0 -1 0
    outer loop
      vertex 118.801 119.74 204.14
      vertex 118.821 119.74 204.156
      vertex 119.21 119.74 204.925
    endloop
  endfacet
  facet normal 0 -1 0
    outer loop
      vertex 118.821 119.74 204.156
      vertex 118.801 119.74 204.14
      vertex 118.819 119.74 204.151
    endloop
  endfacet
  facet normal 0 -1 0
    outer loop
      vertex 118.801 119.74 204.14
      vertex 118.817 119.74 204.146
      vertex 118.819 119.74 204.151
    endloop
  endfacet
  facet normal 0 -1 -0
    outer loop
      vertex 118.801 119.74 204.14
      vertex 118.481 119.74 203.335
      vertex 118.817 119.74 204.146
    endloop
  endfacet
  facet normal 0 -1 0
    outer loop
      vertex 118.462 119.74 203.322
      vertex 118.481 119.74 203.335
      vertex 118.801 119.74 204.14
    endloop
  endfacet
  facet normal 0 -1 0
    outer loop
      vertex 118.462 119.74 203.322
      vertex 118.479 119.74 203.33
      vertex 118.481 119.74 203.335
    endloop
  endfacet
  facet normal 0 -1 -0
    outer loop
      vertex 118.462 119.74 203.322
      vertex 118.215 119.74 202.492
      vertex 118.479 119.74 203.33
    endloop
  endfacet
  facet normal 0 -1 0
    outer loop
      vertex 118.196 119.74 202.477
      vertex 118.215 119.74 202.492
      vertex 118.462 119.74 203.322
    endloop
  endfacet
  facet normal 0 -1 -0
    outer loop
      vertex 118.196 119.74 202.477
      vertex 118.025 119.74 201.634
      vertex 118.215 119.74 202.492
    endloop
  endfacet
  facet normal 0 -1 0
    outer loop
      vertex 118.004 119.74 201.613
      vertex 118.025 119.74 201.634
      vertex 118.196 119.74 202.477
    endloop
  endfacet
  facet normal 0 -1 0
    outer loop
      vertex 118.025 119.74 201.634
      vertex 118.004 119.74 201.613
      vertex 118.024 119.74 201.629
    endloop
  endfacet
  facet normal 0 -1 -0
    outer loop
      vertex 118.004 119.74 201.613
      vertex 117.909 119.74 200.758
      vertex 118.024 119.74 201.629
    endloop
  endfacet
  facet normal 0 -1 0
    outer loop
      vertex 117.889 119.74 200.735
      vertex 117.909 119.74 200.758
      vertex 118.004 119.74 201.613
    endloop
  endfacet
  facet normal 0 -1 0
    outer loop
      vertex 117.909 119.74 200.758
      vertex 117.889 119.74 200.735
      vertex 117.908 119.74 200.753
    endloop
  endfacet
  facet normal 0 -1 0
    outer loop
      vertex 117.889 119.74 200.735
      vertex 117.908 119.74 200.747
      vertex 117.908 119.74 200.753
    endloop
  endfacet
  facet normal 0 -1 -0
    outer loop
      vertex 117.889 119.74 200.735
      vertex 117.87 119.74 199.87
      vertex 117.908 119.74 200.747
    endloop
  endfacet
  facet normal 0 -1 0
    outer loop
      vertex 117.85 119.74 199.85
      vertex 117.87 119.74 199.87
      vertex 117.889 119.74 200.735
    endloop
  endfacet
  facet normal 0 -1 0
    outer loop
      vertex 117.87 119.74 0
      vertex 117.85 119.74 199.85
      vertex 117.85 119.74 0
    endloop
  endfacet
  facet normal 0 -1 0
    outer loop
      vertex 117.85 119.74 199.85
      vertex 117.87 119.74 0
      vertex 117.87 119.74 199.87
    endloop
  endfacet
  facet normal 0 -1 0
    outer loop
      vertex 129.754 119.74 209.847
      vertex 128.885 119.74 209.961
      vertex 128.883 119.74 209.961
    endloop
  endfacet
  facet normal 0 -1 0
    outer loop
      vertex 129.763 119.74 209.846
      vertex 129.754 119.74 209.847
      vertex 129.759 119.74 209.846
    endloop
  endfacet
  facet normal 0 -1 0
    outer loop
      vertex 129.754 119.74 209.847
      vertex 129.763 119.74 209.846
      vertex 128.885 119.74 209.961
    endloop
  endfacet
  facet normal 0 -1 0
    outer loop
      vertex 130.617 119.74 209.656
      vertex 129.763 119.74 209.846
      vertex 129.759 119.74 209.846
    endloop
  endfacet
  facet normal 0 1 0
    outer loop
      vertex 130.627 119.74 209.654
      vertex 130.617 119.74 209.656
      vertex 130.622 119.74 209.655
    endloop
  endfacet
  facet normal 0 -1 0
    outer loop
      vertex 130.617 119.74 209.656
      vertex 130.627 119.74 209.654
      vertex 129.763 119.74 209.846
    endloop
  endfacet
  facet normal 0 -1 0
    outer loop
      vertex 131.46 119.74 209.391
      vertex 130.627 119.74 209.654
      vertex 130.622 119.74 209.655
    endloop
  endfacet
  facet normal 0 -1 0
    outer loop
      vertex 131.46 119.74 209.391
      vertex 131.471 119.74 209.388
      vertex 130.627 119.74 209.654
    endloop
  endfacet
  facet normal 0 -1 0
    outer loop
      vertex 131.465 119.74 209.389
      vertex 131.471 119.74 209.388
      vertex 131.46 119.74 209.391
    endloop
  endfacet
  facet normal 0 -1 0
    outer loop
      vertex 131.47 119.74 209.387
      vertex 131.471 119.74 209.388
      vertex 131.465 119.74 209.389
    endloop
  endfacet
  facet normal 0 -1 0
    outer loop
      vertex 132.281 119.74 209.051
      vertex 131.471 119.74 209.388
      vertex 131.47 119.74 209.387
    endloop
  endfacet
  facet normal 0 -1 0
    outer loop
      vertex 132.281 119.74 209.051
      vertex 132.29 119.74 209.049
      vertex 131.471 119.74 209.388
    endloop
  endfacet
  facet normal 0 -1 0
    outer loop
      vertex 133.06 119.74 208.645
      vertex 132.29 119.74 209.049
      vertex 132.281 119.74 209.051
    endloop
  endfacet
  facet normal 0 -1 0
    outer loop
      vertex 133.075 119.74 208.64
      vertex 133.06 119.74 208.645
      vertex 133.065 119.74 208.643
    endloop
  endfacet
  facet normal 0 -1 0
    outer loop
      vertex 133.06 119.74 208.645
      vertex 133.075 119.74 208.64
      vertex 132.29 119.74 209.049
    endloop
  endfacet
  facet normal 0 -1 0
    outer loop
      vertex 133.806 119.74 208.171
      vertex 133.075 119.74 208.64
      vertex 133.065 119.74 208.643
    endloop
  endfacet
  facet normal 0 -1 0
    outer loop
      vertex 133.822 119.74 208.164
      vertex 133.806 119.74 208.171
      vertex 133.81 119.74 208.168
    endloop
  endfacet
  facet normal 0 -1 0
    outer loop
      vertex 133.806 119.74 208.171
      vertex 133.822 119.74 208.164
      vertex 133.075 119.74 208.64
    endloop
  endfacet
  facet normal 0 -1 0
    outer loop
      vertex 134.507 119.74 207.633
      vertex 133.822 119.74 208.164
      vertex 133.81 119.74 208.168
    endloop
  endfacet
  facet normal 0 -1 0
    outer loop
      vertex 134.524 119.74 207.625
      vertex 134.507 119.74 207.633
      vertex 134.512 119.74 207.63
    endloop
  endfacet
  facet normal 0 -1 0
    outer loop
      vertex 134.507 119.74 207.633
      vertex 134.524 119.74 207.625
      vertex 133.822 119.74 208.164
    endloop
  endfacet
  facet normal 0 -1 0
    outer loop
      vertex 134.515 119.74 207.626
      vertex 134.524 119.74 207.625
      vertex 134.512 119.74 207.63
    endloop
  endfacet
  facet normal 0 -1 0
    outer loop
      vertex 135.163 119.74 207.033
      vertex 134.524 119.74 207.625
      vertex 134.515 119.74 207.626
    endloop
  endfacet
  facet normal 0 -1 0
    outer loop
      vertex 135.163 119.74 207.033
      vertex 135.177 119.74 207.027
      vertex 134.524 119.74 207.625
    endloop
  endfacet
  facet normal 0 -1 0
    outer loop
      vertex 135.167 119.74 207.029
      vertex 135.177 119.74 207.027
      vertex 135.163 119.74 207.033
    endloop
  endfacet
  facet normal 0 -1 0
    outer loop
      vertex 135.76 119.74 206.381
      vertex 135.177 119.74 207.027
      vertex 135.167 119.74 207.029
    endloop
  endfacet
  facet normal 0 -1 0
    outer loop
      vertex 135.76 119.74 206.381
      vertex 135.775 119.74 206.374
      vertex 135.177 119.74 207.027
    endloop
  endfacet
  facet normal 0 -1 0
    outer loop
      vertex 136.295 119.74 205.684
      vertex 135.775 119.74 206.374
      vertex 135.76 119.74 206.381
    endloop
  endfacet
  facet normal 0 -1 0
    outer loop
      vertex 136.314 119.74 205.672
      vertex 136.295 119.74 205.684
      vertex 136.298 119.74 205.68
    endloop
  endfacet
  facet normal 0 -1 0
    outer loop
      vertex 136.295 119.74 205.684
      vertex 136.314 119.74 205.672
      vertex 135.775 119.74 206.374
    endloop
  endfacet
  facet normal 0 -1 0
    outer loop
      vertex 136.301 119.74 205.676
      vertex 136.314 119.74 205.672
      vertex 136.298 119.74 205.68
    endloop
  endfacet
  facet normal 0 -1 0
    outer loop
      vertex 136.773 119.74 204.935
      vertex 136.314 119.74 205.672
      vertex 136.301 119.74 205.676
    endloop
  endfacet
  facet normal 0 -1 0
    outer loop
      vertex 136.773 119.74 204.935
      vertex 136.79 119.74 204.925
      vertex 136.314 119.74 205.672
    endloop
  endfacet
  facet normal 0 -1 0
    outer loop
      vertex 137.179 119.74 204.156
      vertex 136.79 119.74 204.925
      vertex 136.773 119.74 204.935
    endloop
  endfacet
  facet normal 0 -1 0
    outer loop
      vertex 137.199 119.74 204.14
      vertex 137.179 119.74 204.156
      vertex 137.181 119.74 204.151
    endloop
  endfacet
  facet normal 0 -1 0
    outer loop
      vertex 137.179 119.74 204.156
      vertex 137.199 119.74 204.14
      vertex 136.79 119.74 204.925
    endloop
  endfacet
  facet normal 0 -1 0
    outer loop
      vertex 137.183 119.74 204.146
      vertex 137.199 119.74 204.14
      vertex 137.181 119.74 204.151
    endloop
  endfacet
  facet normal 0 -1 0
    outer loop
      vertex 137.519 119.74 203.335
      vertex 137.199 119.74 204.14
      vertex 137.183 119.74 204.146
    endloop
  endfacet
  facet normal 0 -1 0
    outer loop
      vertex 137.519 119.74 203.335
      vertex 137.538 119.74 203.322
      vertex 137.199 119.74 204.14
    endloop
  endfacet
  facet normal 0 -1 0
    outer loop
      vertex 137.521 119.74 203.33
      vertex 137.538 119.74 203.322
      vertex 137.519 119.74 203.335
    endloop
  endfacet
  facet normal 0 -1 0
    outer loop
      vertex 137.785 119.74 202.492
      vertex 137.538 119.74 203.322
      vertex 137.521 119.74 203.33
    endloop
  endfacet
  facet normal 0 -1 0
    outer loop
      vertex 137.785 119.74 202.492
      vertex 137.804 119.74 202.477
      vertex 137.538 119.74 203.322
    endloop
  endfacet
  facet normal 0 -1 0
    outer loop
      vertex 137.975 119.74 201.634
      vertex 137.804 119.74 202.477
      vertex 137.785 119.74 202.492
    endloop
  endfacet
  facet normal 0 -1 0
    outer loop
      vertex 137.996 119.74 201.613
      vertex 137.975 119.74 201.634
      vertex 137.976 119.74 201.629
    endloop
  endfacet
  facet normal 0 -1 0
    outer loop
      vertex 137.975 119.74 201.634
      vertex 137.996 119.74 201.613
      vertex 137.804 119.74 202.477
    endloop
  endfacet
  facet normal 0 -1 0
    outer loop
      vertex 138.091 119.74 200.758
      vertex 137.996 119.74 201.613
      vertex 137.976 119.74 201.629
    endloop
  endfacet
  facet normal 0 -1 0
    outer loop
      vertex 138.111 119.74 200.735
      vertex 138.091 119.74 200.758
      vertex 138.092 119.74 200.753
    endloop
  endfacet
  facet normal 0 -1 0
    outer loop
      vertex 138.091 119.74 200.758
      vertex 138.111 119.74 200.735
      vertex 137.996 119.74 201.613
    endloop
  endfacet
  facet normal 0 -1 0
    outer loop
      vertex 138.092 119.74 200.747
      vertex 138.111 119.74 200.735
      vertex 138.092 119.74 200.753
    endloop
  endfacet
  facet normal 0 -1 0
    outer loop
      vertex 138.13 119.74 199.87
      vertex 138.111 119.74 200.735
      vertex 138.092 119.74 200.747
    endloop
  endfacet
  facet normal 0 -1 0
    outer loop
      vertex 138.13 119.74 199.87
      vertex 138.15 119.74 199.85
      vertex 138.111 119.74 200.735
    endloop
  endfacet
  facet normal 0 -1 0
    outer loop
      vertex 138.13 119.74 0
      vertex 138.15 119.74 199.85
      vertex 138.13 119.74 199.87
    endloop
  endfacet
  facet normal 0 -1 -0
    outer loop
      vertex 138.15 119.74 199.85
      vertex 138.13 119.74 0
      vertex 138.15 119.74 0
    endloop
  endfacet
  facet normal 0 1 0
    outer loop
      vertex 128.885 118.488 209.961
      vertex 127.115 118.488 209.961
      vertex 128 118.488 210
    endloop
  endfacet
  facet normal 0 1 0
    outer loop
      vertex 129.763 118.488 209.846
      vertex 127.115 118.488 209.961
      vertex 128.885 118.488 209.961
    endloop
  endfacet
  facet normal 0 1 0
    outer loop
      vertex 129.763 118.488 209.846
      vertex 126.237 118.488 209.846
      vertex 127.115 118.488 209.961
    endloop
  endfacet
  facet normal 0 1 0
    outer loop
      vertex 130.627 118.488 209.654
      vertex 126.237 118.488 209.846
      vertex 129.763 118.488 209.846
    endloop
  endfacet
  facet normal 0 1 0
    outer loop
      vertex 130.627 118.488 209.654
      vertex 125.373 118.488 209.654
      vertex 126.237 118.488 209.846
    endloop
  endfacet
  facet normal 0 1 0
    outer loop
      vertex 131.471 118.488 209.388
      vertex 125.373 118.488 209.654
      vertex 130.627 118.488 209.654
    endloop
  endfacet
  facet normal 0 1 0
    outer loop
      vertex 131.471 118.488 209.388
      vertex 124.529 118.488 209.388
      vertex 125.373 118.488 209.654
    endloop
  endfacet
  facet normal 0 1 0
    outer loop
      vertex 132.29 118.488 209.049
      vertex 124.529 118.488 209.388
      vertex 131.471 118.488 209.388
    endloop
  endfacet
  facet normal 0 1 0
    outer loop
      vertex 132.29 118.488 209.049
      vertex 123.71 118.488 209.049
      vertex 124.529 118.488 209.388
    endloop
  endfacet
  facet normal 0 1 0
    outer loop
      vertex 133.075 118.488 208.64
      vertex 123.71 118.488 209.049
      vertex 132.29 118.488 209.049
    endloop
  endfacet
  facet normal 0 1 0
    outer loop
      vertex 133.075 118.488 208.64
      vertex 122.925 118.488 208.64
      vertex 123.71 118.488 209.049
    endloop
  endfacet
  facet normal 0 1 0
    outer loop
      vertex 133.822 118.488 208.164
      vertex 122.925 118.488 208.64
      vertex 133.075 118.488 208.64
    endloop
  endfacet
  facet normal 0 1 0
    outer loop
      vertex 133.822 118.488 208.164
      vertex 122.178 118.488 208.164
      vertex 122.925 118.488 208.64
    endloop
  endfacet
  facet normal 0 1 0
    outer loop
      vertex 134.524 118.488 207.625
      vertex 122.178 118.488 208.164
      vertex 133.822 118.488 208.164
    endloop
  endfacet
  facet normal 0 1 0
    outer loop
      vertex 134.524 118.488 207.625
      vertex 121.476 118.488 207.625
      vertex 122.178 118.488 208.164
    endloop
  endfacet
  facet normal 0 1 0
    outer loop
      vertex 135.177 118.488 207.027
      vertex 121.476 118.488 207.625
      vertex 134.524 118.488 207.625
    endloop
  endfacet
  facet normal 0 1 0
    outer loop
      vertex 135.177 118.488 207.027
      vertex 120.823 118.488 207.027
      vertex 121.476 118.488 207.625
    endloop
  endfacet
  facet normal 0 1 0
    outer loop
      vertex 135.775 118.488 206.374
      vertex 120.823 118.488 207.027
      vertex 135.177 118.488 207.027
    endloop
  endfacet
  facet normal 0 1 0
    outer loop
      vertex 135.775 118.488 206.374
      vertex 120.225 118.488 206.374
      vertex 120.823 118.488 207.027
    endloop
  endfacet
  facet normal 0 1 0
    outer loop
      vertex 136.314 118.488 205.672
      vertex 120.225 118.488 206.374
      vertex 135.775 118.488 206.374
    endloop
  endfacet
  facet normal 0 1 0
    outer loop
      vertex 136.314 118.488 205.672
      vertex 119.686 118.488 205.672
      vertex 120.225 118.488 206.374
    endloop
  endfacet
  facet normal 0 1 0
    outer loop
      vertex 136.79 118.488 204.925
      vertex 119.686 118.488 205.672
      vertex 136.314 118.488 205.672
    endloop
  endfacet
  facet normal 0 1 0
    outer loop
      vertex 136.79 118.488 204.925
      vertex 119.21 118.488 204.925
      vertex 119.686 118.488 205.672
    endloop
  endfacet
  facet normal 0 1 0
    outer loop
      vertex 137.199 118.488 204.14
      vertex 119.21 118.488 204.925
      vertex 136.79 118.488 204.925
    endloop
  endfacet
  facet normal 0 1 0
    outer loop
      vertex 137.199 118.488 204.14
      vertex 118.801 118.488 204.14
      vertex 119.21 118.488 204.925
    endloop
  endfacet
  facet normal 0 1 0
    outer loop
      vertex 137.538 118.488 203.322
      vertex 118.801 118.488 204.14
      vertex 137.199 118.488 204.14
    endloop
  endfacet
  facet normal 0 1 0
    outer loop
      vertex 137.538 118.488 203.322
      vertex 118.462 118.488 203.322
      vertex 118.801 118.488 204.14
    endloop
  endfacet
  facet normal 0 1 0
    outer loop
      vertex 137.804 118.488 202.477
      vertex 118.462 118.488 203.322
      vertex 137.538 118.488 203.322
    endloop
  endfacet
  facet normal 0 1 0
    outer loop
      vertex 137.804 118.488 202.477
      vertex 118.196 118.488 202.477
      vertex 118.462 118.488 203.322
    endloop
  endfacet
  facet normal 0 1 0
    outer loop
      vertex 137.996 118.488 201.613
      vertex 118.196 118.488 202.477
      vertex 137.804 118.488 202.477
    endloop
  endfacet
  facet normal 0 1 0
    outer loop
      vertex 137.996 118.488 201.613
      vertex 118.004 118.488 201.613
      vertex 118.196 118.488 202.477
    endloop
  endfacet
  facet normal 0 1 0
    outer loop
      vertex 138.111 118.488 200.735
      vertex 118.004 118.488 201.613
      vertex 137.996 118.488 201.613
    endloop
  endfacet
  facet normal 0 1 0
    outer loop
      vertex 138.111 118.488 200.735
      vertex 117.889 118.488 200.735
      vertex 118.004 118.488 201.613
    endloop
  endfacet
  facet normal 0 1 0
    outer loop
      vertex 138.15 118.488 199.85
      vertex 117.889 118.488 200.735
      vertex 138.111 118.488 200.735
    endloop
  endfacet
  facet normal 0 1 0
    outer loop
      vertex 138.15 118.488 199.85
      vertex 117.85 118.488 199.85
      vertex 117.889 118.488 200.735
    endloop
  endfacet
  facet normal 0 1 -0
    outer loop
      vertex 138.15 118.488 0
      vertex 117.85 118.488 199.85
      vertex 138.15 118.488 199.85
    endloop
  endfacet
  facet normal 0 1 0
    outer loop
      vertex 117.85 118.488 199.85
      vertex 138.15 118.488 0
      vertex 117.85 118.488 0
    endloop
  endfacet
  facet normal 0.0440251 0 -0.99903
    outer loop
      vertex 127.115 118.488 209.961
      vertex 128 119.7 210
      vertex 128 118.488 210
    endloop
  endfacet
  facet normal 0.0440251 0 -0.99903
    outer loop
      vertex 128 119.7 210
      vertex 127.115 118.488 209.961
      vertex 127.115 119.7 209.961
    endloop
  endfacet
  facet normal 0 0 -1
    outer loop
      vertex 127.115 119.74 209.961
      vertex 127.117 119.74 209.961
      vertex 127.115 119.72 209.961
    endloop
  endfacet
  facet normal -0.0440251 0 -0.99903
    outer loop
      vertex 128 118.488 210
      vertex 128.885 119.7 209.961
      vertex 128.885 118.488 209.961
    endloop
  endfacet
  facet normal -0.0440251 0 -0.99903
    outer loop
      vertex 128.885 119.7 209.961
      vertex 128 118.488 210
      vertex 128 119.7 210
    endloop
  endfacet
  facet normal -0 -0 -1
    outer loop
      vertex 128.885 119.74 209.961
      vertex 128.885 119.72 209.961
      vertex 128.883 119.74 209.961
    endloop
  endfacet
  facet normal 1 -0 0
    outer loop
      vertex 145.35 122.24 202.35
      vertex 145.35 122.658 0
      vertex 145.35 122.658 202.35
    endloop
  endfacet
  facet normal 1 0 0
    outer loop
      vertex 145.35 122.658 0
      vertex 145.35 122.24 202.35
      vertex 145.35 122.24 0
    endloop
  endfacet
  facet normal -0.675725 0 -0.737154
    outer loop
      vertex 157.917 122.24 208.21
      vertex 158.409 122.658 207.759
      vertex 158.409 122.24 207.759
    endloop
  endfacet
  facet normal -0.675725 0 -0.737154
    outer loop
      vertex 158.409 122.658 207.759
      vertex 157.917 122.24 208.21
      vertex 157.917 122.658 208.21
    endloop
  endfacet
  facet normal -1 0 0
    outer loop
      vertex 160.65 122.24 0
      vertex 160.65 122.658 202.35
      vertex 160.65 122.658 0
    endloop
  endfacet
  facet normal -1 -0 0
    outer loop
      vertex 160.65 122.658 202.35
      vertex 160.65 122.24 0
      vertex 160.65 122.24 202.35
    endloop
  endfacet
  facet normal 0.130493 0 -0.991449
    outer loop
      vertex 151.672 122.24 209.884
      vertex 152.333 122.658 209.971
      vertex 152.333 122.24 209.971
    endloop
  endfacet
  facet normal 0.130493 0 -0.991449
    outer loop
      vertex 152.333 122.658 209.971
      vertex 151.672 122.24 209.884
      vertex 151.672 122.658 209.884
    endloop
  endfacet
  facet normal 0.999056 0 -0.0434372
    outer loop
      vertex 145.379 122.24 203.017
      vertex 145.35 122.658 202.35
      vertex 145.379 122.658 203.017
    endloop
  endfacet
  facet normal 0.999056 0 -0.0434372
    outer loop
      vertex 145.35 122.658 202.35
      vertex 145.379 122.24 203.017
      vertex 145.35 122.24 202.35
    endloop
  endfacet
  facet normal -0.953945 0 -0.299983
    outer loop
      vertex 160.389 122.24 204.33
      vertex 160.189 122.658 204.966
      vertex 160.389 122.658 204.33
    endloop
  endfacet
  facet normal -0.953945 -0 -0.299983
    outer loop
      vertex 160.189 122.658 204.966
      vertex 160.389 122.24 204.33
      vertex 160.189 122.24 204.966
    endloop
  endfacet
  facet normal -0.999056 0 -0.0434372
    outer loop
      vertex 160.65 122.24 202.35
      vertex 160.621 122.658 203.017
      vertex 160.65 122.658 202.35
    endloop
  endfacet
  facet normal -0.999056 -0 -0.0434372
    outer loop
      vertex 160.621 122.658 203.017
      vertex 160.65 122.24 202.35
      vertex 160.621 122.24 203.017
    endloop
  endfacet
  facet normal -0.976152 0 -0.217089
    outer loop
      vertex 160.534 122.24 203.678
      vertex 160.389 122.658 204.33
      vertex 160.534 122.658 203.678
    endloop
  endfacet
  facet normal -0.976152 -0 -0.217089
    outer loop
      vertex 160.389 122.658 204.33
      vertex 160.534 122.24 203.678
      vertex 160.389 122.24 204.33
    endloop
  endfacet
  facet normal -0.609783 0 -0.792568
    outer loop
      vertex 157.388 122.24 208.617
      vertex 157.917 122.658 208.21
      vertex 157.917 122.24 208.21
    endloop
  endfacet
  facet normal -0.609783 0 -0.792568
    outer loop
      vertex 157.917 122.658 208.21
      vertex 157.388 122.24 208.617
      vertex 157.388 122.658 208.617
    endloop
  endfacet
  facet normal 0.0438308 0 -0.999039
    outer loop
      vertex 152.339 122.2 209.971
      vertex 153 122.658 210
      vertex 153 119.7 210
    endloop
  endfacet
  facet normal 0 0 -1
    outer loop
      vertex 152.333 122.22 209.971
      vertex 152.339 122.2 209.971
      vertex 152.333 122.2 209.971
    endloop
  endfacet
  facet normal 0 0 -1
    outer loop
      vertex 152.333 122.24 209.971
      vertex 152.339 122.2 209.971
      vertex 152.333 122.22 209.971
    endloop
  endfacet
  facet normal 0.0397103 0.00595655 -0.999193
    outer loop
      vertex 152.339 122.2 209.971
      vertex 152.333 122.24 209.971
      vertex 153 122.658 210
    endloop
  endfacet
  facet normal 0.0434372 0 -0.999056
    outer loop
      vertex 153 122.658 210
      vertex 152.333 122.24 209.971
      vertex 152.333 122.658 209.971
    endloop
  endfacet
  facet normal 0.991449 0 -0.130493
    outer loop
      vertex 145.466 122.24 203.678
      vertex 145.379 122.658 203.017
      vertex 145.466 122.658 203.678
    endloop
  endfacet
  facet normal 0.991449 0 -0.130493
    outer loop
      vertex 145.379 122.658 203.017
      vertex 145.466 122.24 203.678
      vertex 145.379 122.24 203.017
    endloop
  endfacet
  facet normal -0.737154 0 -0.675725
    outer loop
      vertex 158.86 122.24 207.267
      vertex 158.409 122.658 207.759
      vertex 158.86 122.658 207.267
    endloop
  endfacet
  facet normal -0.737154 -0 -0.675725
    outer loop
      vertex 158.409 122.658 207.759
      vertex 158.86 122.24 207.267
      vertex 158.409 122.24 207.759
    endloop
  endfacet
  facet normal -0.792568 0 -0.609783
    outer loop
      vertex 159.267 122.24 206.738
      vertex 158.86 122.658 207.267
      vertex 159.267 122.658 206.738
    endloop
  endfacet
  facet normal -0.792568 -0 -0.609783
    outer loop
      vertex 158.86 122.658 207.267
      vertex 159.267 122.24 206.738
      vertex 158.86 122.24 207.267
    endloop
  endfacet
  facet normal -0.536585 0 -0.843847
    outer loop
      vertex 156.825 122.24 208.975
      vertex 157.388 122.658 208.617
      vertex 157.388 122.24 208.617
    endloop
  endfacet
  facet normal -0.536585 0 -0.843847
    outer loop
      vertex 157.388 122.658 208.617
      vertex 156.825 122.24 208.975
      vertex 156.825 122.658 208.975
    endloop
  endfacet
  facet normal 0 0 -1
    outer loop
      vertex 153.661 122.2 209.971
      vertex 153.667 122.22 209.971
      vertex 153.667 122.2 209.971
    endloop
  endfacet
  facet normal -0 0 -1
    outer loop
      vertex 153.667 122.22 209.971
      vertex 153.661 122.2 209.971
      vertex 153.667 122.24 209.971
    endloop
  endfacet
  facet normal -0.0397103 0.00595655 -0.999193
    outer loop
      vertex 153 122.658 210
      vertex 153.667 122.24 209.971
      vertex 153.661 122.2 209.971
    endloop
  endfacet
  facet normal -0.0438308 -0 -0.999039
    outer loop
      vertex 153 122.658 210
      vertex 153.661 122.2 209.971
      vertex 153 119.7 210
    endloop
  endfacet
  facet normal -0.0434372 0 -0.999056
    outer loop
      vertex 153.667 122.24 209.971
      vertex 153 122.658 210
      vertex 153.667 122.658 209.971
    endloop
  endfacet
  facet normal -0.217089 0 -0.976152
    outer loop
      vertex 154.328 122.24 209.884
      vertex 154.98 122.658 209.739
      vertex 154.98 122.24 209.739
    endloop
  endfacet
  facet normal -0.217089 0 -0.976152
    outer loop
      vertex 154.98 122.658 209.739
      vertex 154.328 122.24 209.884
      vertex 154.328 122.658 209.884
    endloop
  endfacet
  facet normal -0.130493 0 -0.991449
    outer loop
      vertex 153.667 122.24 209.971
      vertex 154.328 122.658 209.884
      vertex 154.328 122.24 209.884
    endloop
  endfacet
  facet normal -0.130493 0 -0.991449
    outer loop
      vertex 154.328 122.658 209.884
      vertex 153.667 122.24 209.971
      vertex 153.667 122.658 209.971
    endloop
  endfacet
  facet normal 0.217089 0 -0.976152
    outer loop
      vertex 151.02 122.24 209.739
      vertex 151.672 122.658 209.884
      vertex 151.672 122.24 209.884
    endloop
  endfacet
  facet normal 0.217089 0 -0.976152
    outer loop
      vertex 151.672 122.658 209.884
      vertex 151.02 122.24 209.739
      vertex 151.02 122.658 209.739
    endloop
  endfacet
  facet normal 0.383233 0 -0.923652
    outer loop
      vertex 149.767 122.24 209.283
      vertex 150.384 122.658 209.539
      vertex 150.384 122.24 209.539
    endloop
  endfacet
  facet normal 0.383233 0 -0.923652
    outer loop
      vertex 150.384 122.658 209.539
      vertex 149.767 122.24 209.283
      vertex 149.767 122.658 209.283
    endloop
  endfacet
  facet normal 0.299983 0 -0.953945
    outer loop
      vertex 150.384 122.24 209.539
      vertex 151.02 122.658 209.739
      vertex 151.02 122.24 209.739
    endloop
  endfacet
  facet normal 0.299983 0 -0.953945
    outer loop
      vertex 151.02 122.658 209.739
      vertex 150.384 122.24 209.539
      vertex 150.384 122.658 209.539
    endloop
  endfacet
  facet normal 0.536585 0 -0.843847
    outer loop
      vertex 148.612 122.24 208.617
      vertex 149.175 122.658 208.975
      vertex 149.175 122.24 208.975
    endloop
  endfacet
  facet normal 0.536585 0 -0.843847
    outer loop
      vertex 149.175 122.658 208.975
      vertex 148.612 122.24 208.617
      vertex 148.612 122.658 208.617
    endloop
  endfacet
  facet normal 0.609783 0 -0.792568
    outer loop
      vertex 148.083 122.24 208.21
      vertex 148.612 122.658 208.617
      vertex 148.612 122.24 208.617
    endloop
  endfacet
  facet normal 0.609783 0 -0.792568
    outer loop
      vertex 148.612 122.658 208.617
      vertex 148.083 122.24 208.21
      vertex 148.083 122.658 208.21
    endloop
  endfacet
  facet normal 0.675725 0 -0.737154
    outer loop
      vertex 147.591 122.24 207.759
      vertex 148.083 122.658 208.21
      vertex 148.083 122.24 208.21
    endloop
  endfacet
  facet normal 0.675725 0 -0.737154
    outer loop
      vertex 148.083 122.658 208.21
      vertex 147.591 122.24 207.759
      vertex 147.591 122.658 207.759
    endloop
  endfacet
  facet normal 0.792568 0 -0.609783
    outer loop
      vertex 147.14 122.24 207.267
      vertex 146.733 122.658 206.738
      vertex 147.14 122.658 207.267
    endloop
  endfacet
  facet normal 0.792568 0 -0.609783
    outer loop
      vertex 146.733 122.658 206.738
      vertex 147.14 122.24 207.267
      vertex 146.733 122.24 206.738
    endloop
  endfacet
  facet normal 0.737154 0 -0.675725
    outer loop
      vertex 147.591 122.24 207.759
      vertex 147.14 122.658 207.267
      vertex 147.591 122.658 207.759
    endloop
  endfacet
  facet normal 0.737154 0 -0.675725
    outer loop
      vertex 147.14 122.658 207.267
      vertex 147.591 122.24 207.759
      vertex 147.14 122.24 207.267
    endloop
  endfacet
  facet normal -0.843847 0 -0.536585
    outer loop
      vertex 159.625 122.24 206.175
      vertex 159.267 122.658 206.738
      vertex 159.625 122.658 206.175
    endloop
  endfacet
  facet normal -0.843847 -0 -0.536585
    outer loop
      vertex 159.267 122.658 206.738
      vertex 159.625 122.24 206.175
      vertex 159.267 122.24 206.738
    endloop
  endfacet
  facet normal -0.991449 0 -0.130493
    outer loop
      vertex 160.621 122.24 203.017
      vertex 160.534 122.658 203.678
      vertex 160.621 122.658 203.017
    endloop
  endfacet
  facet normal -0.991449 -0 -0.130493
    outer loop
      vertex 160.534 122.658 203.678
      vertex 160.621 122.24 203.017
      vertex 160.534 122.24 203.678
    endloop
  endfacet
  facet normal -0.461541 0 -0.887119
    outer loop
      vertex 156.233 122.24 209.283
      vertex 156.825 122.658 208.975
      vertex 156.825 122.24 208.975
    endloop
  endfacet
  facet normal -0.461541 0 -0.887119
    outer loop
      vertex 156.825 122.658 208.975
      vertex 156.233 122.24 209.283
      vertex 156.233 122.658 209.283
    endloop
  endfacet
  facet normal 0.923652 0 -0.383233
    outer loop
      vertex 146.067 122.24 205.583
      vertex 145.811 122.658 204.966
      vertex 146.067 122.658 205.583
    endloop
  endfacet
  facet normal 0.923652 0 -0.383233
    outer loop
      vertex 145.811 122.658 204.966
      vertex 146.067 122.24 205.583
      vertex 145.811 122.24 204.966
    endloop
  endfacet
  facet normal 0.843847 0 -0.536585
    outer loop
      vertex 146.733 122.24 206.738
      vertex 146.375 122.658 206.175
      vertex 146.733 122.658 206.738
    endloop
  endfacet
  facet normal 0.843847 0 -0.536585
    outer loop
      vertex 146.375 122.658 206.175
      vertex 146.733 122.24 206.738
      vertex 146.375 122.24 206.175
    endloop
  endfacet
  facet normal 0.953945 0 -0.299983
    outer loop
      vertex 145.811 122.24 204.966
      vertex 145.611 122.658 204.33
      vertex 145.811 122.658 204.966
    endloop
  endfacet
  facet normal 0.953945 0 -0.299983
    outer loop
      vertex 145.611 122.658 204.33
      vertex 145.811 122.24 204.966
      vertex 145.611 122.24 204.33
    endloop
  endfacet
  facet normal 0.976152 0 -0.217089
    outer loop
      vertex 145.611 122.24 204.33
      vertex 145.466 122.658 203.678
      vertex 145.611 122.658 204.33
    endloop
  endfacet
  facet normal 0.976152 0 -0.217089
    outer loop
      vertex 145.466 122.658 203.678
      vertex 145.611 122.24 204.33
      vertex 145.466 122.24 203.678
    endloop
  endfacet
  facet normal -0.923652 0 -0.383233
    outer loop
      vertex 160.189 122.24 204.966
      vertex 159.933 122.658 205.583
      vertex 160.189 122.658 204.966
    endloop
  endfacet
  facet normal -0.923652 -0 -0.383233
    outer loop
      vertex 159.933 122.658 205.583
      vertex 160.189 122.24 204.966
      vertex 159.933 122.24 205.583
    endloop
  endfacet
  facet normal -0.887119 0 -0.461541
    outer loop
      vertex 159.933 122.24 205.583
      vertex 159.625 122.658 206.175
      vertex 159.933 122.658 205.583
    endloop
  endfacet
  facet normal -0.887119 -0 -0.461541
    outer loop
      vertex 159.625 122.658 206.175
      vertex 159.933 122.24 205.583
      vertex 159.625 122.24 206.175
    endloop
  endfacet
  facet normal -0.299983 0 -0.953945
    outer loop
      vertex 154.98 122.24 209.739
      vertex 155.616 122.658 209.539
      vertex 155.616 122.24 209.539
    endloop
  endfacet
  facet normal -0.299983 0 -0.953945
    outer loop
      vertex 155.616 122.658 209.539
      vertex 154.98 122.24 209.739
      vertex 154.98 122.658 209.739
    endloop
  endfacet
  facet normal -0.383233 0 -0.923652
    outer loop
      vertex 155.616 122.24 209.539
      vertex 156.233 122.658 209.283
      vertex 156.233 122.24 209.283
    endloop
  endfacet
  facet normal -0.383233 0 -0.923652
    outer loop
      vertex 156.233 122.658 209.283
      vertex 155.616 122.24 209.539
      vertex 155.616 122.658 209.539
    endloop
  endfacet
  facet normal 0.461541 0 -0.887119
    outer loop
      vertex 149.175 122.24 208.975
      vertex 149.767 122.658 209.283
      vertex 149.767 122.24 209.283
    endloop
  endfacet
  facet normal 0.461541 0 -0.887119
    outer loop
      vertex 149.767 122.658 209.283
      vertex 149.175 122.24 208.975
      vertex 149.175 122.658 208.975
    endloop
  endfacet
  facet normal 0.887119 0 -0.461541
    outer loop
      vertex 146.375 122.24 206.175
      vertex 146.067 122.658 205.583
      vertex 146.375 122.658 206.175
    endloop
  endfacet
  facet normal 0.887119 0 -0.461541
    outer loop
      vertex 146.067 122.658 205.583
      vertex 146.375 122.24 206.175
      vertex 146.067 122.24 205.583
    endloop
  endfacet
  facet normal -0.709941 -0.704261 -0
    outer loop
      vertex 163.13 119.74 199.87
      vertex 160.65 122.24 0
      vertex 163.13 119.74 0
    endloop
  endfacet
  facet normal -0.709941 -0.704261 0
    outer loop
      vertex 160.65 122.24 0
      vertex 163.13 119.74 199.87
      vertex 160.65 122.24 202.35
    endloop
  endfacet
  facet normal 0.78387 -0.569706 -0.246947
    outer loop
      vertex 145.611 122.24 204.33
      vertex 143.479 119.74 203.33
      vertex 143.215 119.74 202.492
    endloop
  endfacet
  facet normal 0.709941 -0.704261 0
    outer loop
      vertex 142.87 119.74 199.87
      vertex 145.35 122.24 0
      vertex 145.35 122.24 202.35
    endloop
  endfacet
  facet normal 0.709941 -0.704261 0
    outer loop
      vertex 145.35 122.24 0
      vertex 142.87 119.74 199.87
      vertex 142.87 119.74 0
    endloop
  endfacet
  facet normal 0.782685 -0.47073 -0.407208
    outer loop
      vertex 143.821 119.74 204.156
      vertex 146.067 122.24 205.583
      vertex 146.375 122.24 206.175
    endloop
  endfacet
  facet normal 0.788354 -0.52826 -0.315341
    outer loop
      vertex 146.067 122.24 205.583
      vertex 143.821 119.74 204.156
      vertex 143.819 119.74 204.151
    endloop
  endfacet
  facet normal -1 0 0
    outer loop
      vertex 163.15 118.488 0
      vertex 163.15 119.74 199.85
      vertex 163.15 119.74 0
    endloop
  endfacet
  facet normal -1 -0 0
    outer loop
      vertex 163.15 119.74 199.85
      vertex 163.15 118.488 0
      vertex 163.15 118.488 199.85
    endloop
  endfacet
  facet normal -0.702335 -0.305994 -0.642723
    outer loop
      vertex 160.76 119.74 206.381
      vertex 160.167 119.74 207.029
      vertex 158.86 122.24 207.267
    endloop
  endfacet
  facet normal 1 -0 0
    outer loop
      vertex 142.85 118.488 199.85
      vertex 142.85 119.74 0
      vertex 142.85 119.74 199.85
    endloop
  endfacet
  facet normal 1 0 0
    outer loop
      vertex 142.85 119.74 0
      vertex 142.85 118.488 199.85
      vertex 142.85 118.488 0
    endloop
  endfacet
  facet normal 0.675367 0 -0.737482
    outer loop
      vertex 145.823 118.488 207.027
      vertex 146.476 119.74 207.625
      vertex 146.476 118.488 207.625
    endloop
  endfacet
  facet normal 0.675367 0 -0.737482
    outer loop
      vertex 146.476 119.74 207.625
      vertex 145.823 118.488 207.027
      vertex 145.823 119.74 207.027
    endloop
  endfacet
  facet normal -0.676844 -0.289419 -0.676844
    outer loop
      vertex 160.163 119.74 207.033
      vertex 158.86 122.24 207.267
      vertex 160.167 119.74 207.029
    endloop
  endfacet
  facet normal -0.701888 -0.305602 -0.643397
    outer loop
      vertex 158.86 122.24 207.267
      vertex 160.163 119.74 207.033
      vertex 158.409 122.24 207.759
    endloop
  endfacet
  facet normal -0.609001 0 -0.79317
    outer loop
      vertex 158.822 118.488 208.164
      vertex 159.524 119.74 207.625
      vertex 159.524 118.488 207.625
    endloop
  endfacet
  facet normal -0.609001 0 -0.79317
    outer loop
      vertex 159.524 119.74 207.625
      vertex 158.822 118.488 208.164
      vertex 158.822 119.74 208.164
    endloop
  endfacet
  facet normal 0.99903 0 -0.0440251
    outer loop
      vertex 142.889 118.488 200.735
      vertex 142.85 119.74 199.85
      vertex 142.889 119.74 200.735
    endloop
  endfacet
  facet normal 0.99903 0 -0.0440251
    outer loop
      vertex 142.85 119.74 199.85
      vertex 142.889 118.488 200.735
      vertex 142.85 118.488 199.85
    endloop
  endfacet
  facet normal 0.724997 -0.688035 -0.0314138
    outer loop
      vertex 145.35 122.24 202.35
      vertex 142.908 119.74 200.747
      vertex 142.87 119.74 199.87
    endloop
  endfacet
  facet normal 0.597372 -0.200727 -0.776437
    outer loop
      vertex 146.493 119.74 207.633
      vertex 148.083 122.24 208.21
      vertex 148.612 122.24 208.617
    endloop
  endfacet
  facet normal 0.510248 -0.128242 -0.850413
    outer loop
      vertex 148.083 122.24 208.21
      vertex 146.493 119.74 207.633
      vertex 146.488 119.74 207.63
    endloop
  endfacet
  facet normal 0.30059 0 -0.953753
    outer loop
      vertex 149.529 118.488 209.388
      vertex 150.373 119.74 209.654
      vertex 150.373 118.488 209.654
    endloop
  endfacet
  facet normal 0.30059 0 -0.953753
    outer loop
      vertex 150.373 119.74 209.654
      vertex 149.529 118.488 209.388
      vertex 149.529 119.74 209.388
    endloop
  endfacet
  facet normal -0.761496 -0.306502 -0.571122
    outer loop
      vertex 159.512 119.74 207.63
      vertex 158.409 122.24 207.759
      vertex 159.515 119.74 207.626
    endloop
  endfacet
  facet normal -0.653967 -0.251718 -0.713418
    outer loop
      vertex 158.409 122.24 207.759
      vertex 159.512 119.74 207.63
      vertex 157.917 122.24 208.21
    endloop
  endfacet
  facet normal -0.21693 0 -0.976187
    outer loop
      vertex 154.763 118.488 209.846
      vertex 155.627 119.74 209.654
      vertex 155.627 118.488 209.654
    endloop
  endfacet
  facet normal -0.21693 0 -0.976187
    outer loop
      vertex 155.627 119.74 209.654
      vertex 154.763 118.488 209.846
      vertex 154.763 119.74 209.846
    endloop
  endfacet
  facet normal 0.73977 -0.360986 -0.567829
    outer loop
      vertex 147.14 122.24 207.267
      vertex 145.24 119.74 206.381
      vertex 144.705 119.74 205.684
    endloop
  endfacet
  facet normal 0.991531 0 -0.12987
    outer loop
      vertex 143.004 118.488 201.613
      vertex 142.889 119.74 200.735
      vertex 143.004 119.74 201.613
    endloop
  endfacet
  facet normal 0.991531 0 -0.12987
    outer loop
      vertex 142.889 119.74 200.735
      vertex 143.004 118.488 201.613
      vertex 142.889 118.488 200.735
    endloop
  endfacet
  facet normal 0.739435 -0.35998 -0.568903
    outer loop
      vertex 144.705 119.74 205.684
      vertex 146.733 122.24 206.738
      vertex 147.14 122.24 207.267
    endloop
  endfacet
  facet normal 0.743803 -0.368182 -0.557852
    outer loop
      vertex 146.733 122.24 206.738
      vertex 144.705 119.74 205.684
      vertex 144.702 119.74 205.68
    endloop
  endfacet
  facet normal -0.92381 0 -0.38285
    outer loop
      vertex 162.538 118.488 203.322
      vertex 162.199 119.74 204.14
      vertex 162.538 119.74 203.322
    endloop
  endfacet
  facet normal -0.92381 -0 -0.38285
    outer loop
      vertex 162.199 119.74 204.14
      vertex 162.538 118.488 203.322
      vertex 162.199 118.488 204.14
    endloop
  endfacet
  facet normal -0.782669 -0.470145 -0.407912
    outer loop
      vertex 162.179 119.74 204.156
      vertex 161.773 119.74 204.935
      vertex 159.625 122.24 206.175
    endloop
  endfacet
  facet normal -0.73977 -0.360986 -0.567829
    outer loop
      vertex 161.295 119.74 205.684
      vertex 160.76 119.74 206.381
      vertex 158.86 122.24 207.267
    endloop
  endfacet
  facet normal -0.588619 -0.193852 -0.784825
    outer loop
      vertex 158.806 119.74 208.171
      vertex 157.388 122.24 208.617
      vertex 158.81 119.74 208.168
    endloop
  endfacet
  facet normal -0.530348 -0.152021 -0.834039
    outer loop
      vertex 157.388 122.24 208.617
      vertex 158.806 119.74 208.171
      vertex 156.825 122.24 208.975
    endloop
  endfacet
  facet normal -0.196086 -0.0174125 -0.980432
    outer loop
      vertex 155.617 119.74 209.656
      vertex 154.98 122.24 209.739
      vertex 155.622 119.74 209.655
    endloop
  endfacet
  facet normal -0.217032 -0.0229 -0.975896
    outer loop
      vertex 154.98 122.24 209.739
      vertex 155.617 119.74 209.656
      vertex 154.328 122.24 209.884
    endloop
  endfacet
  facet normal -0.300172 -0.0450695 -0.95282
    outer loop
      vertex 156.46 119.74 209.391
      vertex 155.622 119.74 209.655
      vertex 154.98 122.24 209.739
    endloop
  endfacet
  facet normal -0.370704 -0.0607954 -0.926759
    outer loop
      vertex 158.06 119.74 208.645
      vertex 156.825 122.24 208.975
      vertex 158.065 119.74 208.643
    endloop
  endfacet
  facet normal -0.458729 -0.110226 -0.881713
    outer loop
      vertex 156.825 122.24 208.975
      vertex 158.06 119.74 208.645
      vertex 156.233 122.24 209.283
    endloop
  endfacet
  facet normal -0.12987 -0 -0.991531
    outer loop
      vertex 153.885 119.7 209.961
      vertex 154.763 118.488 209.846
      vertex 153.885 118.488 209.961
    endloop
  endfacet
  facet normal -0.12987 0 -0.991531
    outer loop
      vertex 154.763 118.488 209.846
      vertex 153.885 119.7 209.961
      vertex 154.763 119.74 209.846
    endloop
  endfacet
  facet normal -0.12987 -0 -0.991531
    outer loop
      vertex 153.885 119.72 209.961
      vertex 154.763 119.74 209.846
      vertex 153.885 119.7 209.961
    endloop
  endfacet
  facet normal -0.12987 0 -0.991531
    outer loop
      vertex 154.763 119.74 209.846
      vertex 153.885 119.72 209.961
      vertex 153.885 119.74 209.961
    endloop
  endfacet
  facet normal 0.788231 -0.521579 -0.326567
    outer loop
      vertex 145.811 122.24 204.966
      vertex 143.817 119.74 204.146
      vertex 143.481 119.74 203.335
    endloop
  endfacet
  facet normal 0.737482 0 -0.675367
    outer loop
      vertex 145.823 118.488 207.027
      vertex 145.225 119.74 206.374
      vertex 145.823 119.74 207.027
    endloop
  endfacet
  facet normal 0.737482 0 -0.675367
    outer loop
      vertex 145.225 119.74 206.374
      vertex 145.823 118.488 207.027
      vertex 145.225 118.488 206.374
    endloop
  endfacet
  facet normal 0.724992 -0.688036 -0.0315214
    outer loop
      vertex 142.908 119.74 200.753
      vertex 145.35 122.24 202.35
      vertex 145.379 122.24 203.017
    endloop
  endfacet
  facet normal 0.715356 -0.69876 0
    outer loop
      vertex 145.35 122.24 202.35
      vertex 142.908 119.74 200.753
      vertex 142.908 119.74 200.747
    endloop
  endfacet
  facet normal 0.92381 0 -0.38285
    outer loop
      vertex 143.801 118.488 204.14
      vertex 143.462 119.74 203.322
      vertex 143.801 119.74 204.14
    endloop
  endfacet
  facet normal 0.92381 0 -0.38285
    outer loop
      vertex 143.462 119.74 203.322
      vertex 143.801 118.488 204.14
      vertex 143.462 118.488 203.322
    endloop
  endfacet
  facet normal 0.771056 -0.613447 -0.170747
    outer loop
      vertex 145.611 122.24 204.33
      vertex 143.215 119.74 202.492
      vertex 143.025 119.74 201.634
    endloop
  endfacet
  facet normal 0.783937 -0.569799 -0.246521
    outer loop
      vertex 143.481 119.74 203.335
      vertex 145.611 122.24 204.33
      vertex 145.811 122.24 204.966
    endloop
  endfacet
  facet normal 0.780876 -0.540991 -0.31235
    outer loop
      vertex 145.611 122.24 204.33
      vertex 143.481 119.74 203.335
      vertex 143.479 119.74 203.33
    endloop
  endfacet
  facet normal 0.788163 -0.521401 -0.327017
    outer loop
      vertex 143.819 119.74 204.151
      vertex 145.811 122.24 204.966
      vertex 146.067 122.24 205.583
    endloop
  endfacet
  facet normal 0.789561 -0.526164 -0.315824
    outer loop
      vertex 145.811 122.24 204.966
      vertex 143.819 119.74 204.151
      vertex 143.817 119.74 204.146
    endloop
  endfacet
  facet normal 0.767075 -0.416749 -0.487767
    outer loop
      vertex 144.702 119.74 205.68
      vertex 146.375 122.24 206.175
      vertex 146.733 122.24 206.738
    endloop
  endfacet
  facet normal 0.73849 -0.384531 -0.553867
    outer loop
      vertex 146.375 122.24 206.175
      vertex 144.702 119.74 205.68
      vertex 144.699 119.74 205.676
    endloop
  endfacet
  facet normal 0.653475 -0.251108 -0.714084
    outer loop
      vertex 147.591 122.24 207.759
      vertex 146.485 119.74 207.626
      vertex 145.837 119.74 207.033
    endloop
  endfacet
  facet normal 0.653967 -0.251718 -0.713418
    outer loop
      vertex 146.488 119.74 207.63
      vertex 147.591 122.24 207.759
      vertex 148.083 122.24 208.21
    endloop
  endfacet
  facet normal 0.761496 -0.306502 -0.571122
    outer loop
      vertex 147.591 122.24 207.759
      vertex 146.488 119.74 207.63
      vertex 146.485 119.74 207.626
    endloop
  endfacet
  facet normal 0.382168 -0.0745191 -0.921084
    outer loop
      vertex 149.535 119.74 209.389
      vertex 149.767 122.24 209.283
      vertex 150.384 122.24 209.539
    endloop
  endfacet
  facet normal 0.370383 -0.073632 -0.925956
    outer loop
      vertex 149.767 122.24 209.283
      vertex 149.535 119.74 209.389
      vertex 149.53 119.74 209.387
    endloop
  endfacet
  facet normal 0.12987 0 -0.991531
    outer loop
      vertex 151.237 118.488 209.846
      vertex 152.115 119.7 209.961
      vertex 152.115 118.488 209.961
    endloop
  endfacet
  facet normal 0.12987 0 -0.991531
    outer loop
      vertex 151.237 119.74 209.846
      vertex 152.115 119.7 209.961
      vertex 151.237 118.488 209.846
    endloop
  endfacet
  facet normal 0.12987 0 -0.991531
    outer loop
      vertex 152.115 119.7 209.961
      vertex 151.237 119.74 209.846
      vertex 152.115 119.72 209.961
    endloop
  endfacet
  facet normal 0.12987 0 -0.991531
    outer loop
      vertex 152.115 119.72 209.961
      vertex 151.237 119.74 209.846
      vertex 152.115 119.74 209.961
    endloop
  endfacet
  facet normal 0.0440251 5.14755e-05 -0.99903
    outer loop
      vertex 152.115 119.7 209.961
      vertex 152.339 122.2 209.971
      vertex 153 119.7 210
    endloop
  endfacet
  facet normal 0.0458234 0 -0.99895
    outer loop
      vertex 152.333 122.2 209.971
      vertex 152.115 119.7 209.961
      vertex 152.333 122.22 209.971
    endloop
  endfacet
  facet normal 0 0.00399997 -0.999992
    outer loop
      vertex 152.339 122.2 209.971
      vertex 152.115 119.7 209.961
      vertex 152.333 122.2 209.971
    endloop
  endfacet
  facet normal 0.217032 -0.0229 -0.975896
    outer loop
      vertex 150.383 119.74 209.656
      vertex 151.02 122.24 209.739
      vertex 151.672 122.24 209.884
    endloop
  endfacet
  facet normal 0.196086 -0.0174125 -0.980432
    outer loop
      vertex 151.02 122.24 209.739
      vertex 150.383 119.74 209.656
      vertex 150.378 119.74 209.655
    endloop
  endfacet
  facet normal -0.99903 0 -0.0440251
    outer loop
      vertex 163.15 118.488 199.85
      vertex 163.111 119.74 200.735
      vertex 163.15 119.74 199.85
    endloop
  endfacet
  facet normal -0.99903 -0 -0.0440251
    outer loop
      vertex 163.111 119.74 200.735
      vertex 163.15 118.488 199.85
      vertex 163.111 118.488 200.735
    endloop
  endfacet
  facet normal -0.843336 0 -0.537387
    outer loop
      vertex 161.79 118.488 204.925
      vertex 161.314 119.74 205.672
      vertex 161.79 119.74 204.925
    endloop
  endfacet
  facet normal -0.843336 -0 -0.537387
    outer loop
      vertex 161.314 119.74 205.672
      vertex 161.79 118.488 204.925
      vertex 161.314 118.488 205.672
    endloop
  endfacet
  facet normal -0.675367 0 -0.737482
    outer loop
      vertex 159.524 118.488 207.625
      vertex 160.177 119.74 207.027
      vertex 160.177 118.488 207.027
    endloop
  endfacet
  facet normal -0.675367 0 -0.737482
    outer loop
      vertex 160.177 119.74 207.027
      vertex 159.524 118.488 207.625
      vertex 159.524 119.74 207.625
    endloop
  endfacet
  facet normal -0.653475 -0.251108 -0.714084
    outer loop
      vertex 160.163 119.74 207.033
      vertex 159.515 119.74 207.626
      vertex 158.409 122.24 207.759
    endloop
  endfacet
  facet normal -0.370383 -0.073632 -0.925956
    outer loop
      vertex 156.465 119.74 209.389
      vertex 156.233 122.24 209.283
      vertex 156.47 119.74 209.387
    endloop
  endfacet
  facet normal -0.382168 -0.0745191 -0.921084
    outer loop
      vertex 156.233 122.24 209.283
      vertex 156.465 119.74 209.389
      vertex 155.616 122.24 209.539
    endloop
  endfacet
  facet normal -0.530947 -0.152655 -0.833542
    outer loop
      vertex 158.806 119.74 208.171
      vertex 158.065 119.74 208.643
      vertex 156.825 122.24 208.975
    endloop
  endfacet
  facet normal -0.537387 0 -0.843336
    outer loop
      vertex 158.075 118.488 208.64
      vertex 158.822 119.74 208.164
      vertex 158.822 118.488 208.164
    endloop
  endfacet
  facet normal -0.537387 0 -0.843336
    outer loop
      vertex 158.822 119.74 208.164
      vertex 158.075 118.488 208.64
      vertex 158.075 119.74 208.64
    endloop
  endfacet
  facet normal -0.282054 -0.0282054 0.958984
    outer loop
      vertex 153.885 119.72 209.961
      vertex 153.667 122.24 209.971
      vertex 153.883 119.74 209.961
    endloop
  endfacet
  facet normal -0.129774 -0.00724639 -0.991517
    outer loop
      vertex 154.754 119.74 209.847
      vertex 153.883 119.74 209.961
      vertex 153.667 122.24 209.971
    endloop
  endfacet
  facet normal -0.216153 -0.022428 -0.976102
    outer loop
      vertex 155.617 119.74 209.656
      vertex 154.759 119.74 209.846
      vertex 154.328 122.24 209.884
    endloop
  endfacet
  facet normal 0.702335 -0.305994 -0.642723
    outer loop
      vertex 147.14 122.24 207.267
      vertex 145.833 119.74 207.029
      vertex 145.24 119.74 206.381
    endloop
  endfacet
  facet normal 0.79317 0 -0.609001
    outer loop
      vertex 145.225 118.488 206.374
      vertex 144.686 119.74 205.672
      vertex 145.225 119.74 206.374
    endloop
  endfacet
  facet normal 0.79317 0 -0.609001
    outer loop
      vertex 144.686 119.74 205.672
      vertex 145.225 118.488 206.374
      vertex 144.686 118.488 205.672
    endloop
  endfacet
  facet normal 0.751094 -0.652752 -0.098858
    outer loop
      vertex 142.909 119.74 200.758
      vertex 145.379 122.24 203.017
      vertex 145.466 122.24 203.678
    endloop
  endfacet
  facet normal 0.768844 -0.620672 -0.153769
    outer loop
      vertex 145.379 122.24 203.017
      vertex 142.909 119.74 200.758
      vertex 142.908 119.74 200.753
    endloop
  endfacet
  facet normal 0.976187 0 -0.21693
    outer loop
      vertex 143.196 118.488 202.477
      vertex 143.004 119.74 201.613
      vertex 143.196 119.74 202.477
    endloop
  endfacet
  facet normal 0.976187 0 -0.21693
    outer loop
      vertex 143.004 119.74 201.613
      vertex 143.196 118.488 202.477
      vertex 143.004 118.488 201.613
    endloop
  endfacet
  facet normal 0.766769 -0.416554 -0.488414
    outer loop
      vertex 146.375 122.24 206.175
      vertex 144.699 119.74 205.676
      vertex 144.227 119.74 204.935
    endloop
  endfacet
  facet normal 0.782669 -0.470145 -0.407912
    outer loop
      vertex 146.375 122.24 206.175
      vertex 144.227 119.74 204.935
      vertex 143.821 119.74 204.156
    endloop
  endfacet
  facet normal 0.382451 0 -0.923976
    outer loop
      vertex 148.71 118.488 209.049
      vertex 149.529 119.74 209.388
      vertex 149.529 118.488 209.388
    endloop
  endfacet
  facet normal 0.382451 0 -0.923976
    outer loop
      vertex 149.529 119.74 209.388
      vertex 148.71 118.488 209.049
      vertex 148.71 119.74 209.049
    endloop
  endfacet
  facet normal 0.462064 0 -0.886847
    outer loop
      vertex 147.925 118.488 208.64
      vertex 148.71 119.74 209.049
      vertex 148.71 118.488 209.049
    endloop
  endfacet
  facet normal 0.462064 0 -0.886847
    outer loop
      vertex 148.71 119.74 209.049
      vertex 147.925 118.488 208.64
      vertex 147.925 119.74 208.64
    endloop
  endfacet
  facet normal 0.282054 -0.0282054 0.958984
    outer loop
      vertex 152.333 122.24 209.971
      vertex 152.115 119.72 209.961
      vertex 152.117 119.74 209.961
    endloop
  endfacet
  facet normal 0.129774 -0.00724639 -0.991517
    outer loop
      vertex 152.333 122.24 209.971
      vertex 152.117 119.74 209.961
      vertex 151.246 119.74 209.847
    endloop
  endfacet
  facet normal 0.21693 0 -0.976187
    outer loop
      vertex 150.373 118.488 209.654
      vertex 151.237 119.74 209.846
      vertex 151.237 118.488 209.846
    endloop
  endfacet
  facet normal 0.21693 0 -0.976187
    outer loop
      vertex 151.237 119.74 209.846
      vertex 150.373 118.488 209.654
      vertex 150.373 119.74 209.654
    endloop
  endfacet
  facet normal -0.953855 0 -0.300267
    outer loop
      vertex 162.804 118.488 202.477
      vertex 162.538 119.74 203.322
      vertex 162.804 119.74 202.477
    endloop
  endfacet
  facet normal -0.953855 -0 -0.300267
    outer loop
      vertex 162.538 119.74 203.322
      vertex 162.804 118.488 202.477
      vertex 162.538 118.488 203.322
    endloop
  endfacet
  facet normal -0.768844 -0.620672 -0.153769
    outer loop
      vertex 163.091 119.74 200.758
      vertex 160.621 122.24 203.017
      vertex 163.092 119.74 200.753
    endloop
  endfacet
  facet normal -0.751094 -0.652752 -0.098858
    outer loop
      vertex 160.621 122.24 203.017
      vertex 163.091 119.74 200.758
      vertex 160.534 122.24 203.678
    endloop
  endfacet
  facet normal -0.789561 -0.526164 -0.315824
    outer loop
      vertex 162.181 119.74 204.151
      vertex 160.189 122.24 204.966
      vertex 162.183 119.74 204.146
    endloop
  endfacet
  facet normal -0.788163 -0.521401 -0.327017
    outer loop
      vertex 160.189 122.24 204.966
      vertex 162.181 119.74 204.151
      vertex 159.933 122.24 205.583
    endloop
  endfacet
  facet normal -0.886847 0 -0.462064
    outer loop
      vertex 162.199 118.488 204.14
      vertex 161.79 119.74 204.925
      vertex 162.199 119.74 204.14
    endloop
  endfacet
  facet normal -0.886847 -0 -0.462064
    outer loop
      vertex 161.79 119.74 204.925
      vertex 162.199 118.488 204.14
      vertex 161.79 118.488 204.925
    endloop
  endfacet
  facet normal -0.737482 0 -0.675367
    outer loop
      vertex 160.775 118.488 206.374
      vertex 160.177 119.74 207.027
      vertex 160.775 119.74 206.374
    endloop
  endfacet
  facet normal -0.737482 -0 -0.675367
    outer loop
      vertex 160.177 119.74 207.027
      vertex 160.775 118.488 206.374
      vertex 160.177 118.488 207.027
    endloop
  endfacet
  facet normal -0.596614 -0.199756 -0.777271
    outer loop
      vertex 159.507 119.74 207.633
      vertex 158.81 119.74 208.168
      vertex 157.388 122.24 208.617
    endloop
  endfacet
  facet normal -0.459333 -0.110765 -0.881331
    outer loop
      vertex 158.06 119.74 208.645
      vertex 157.281 119.74 209.051
      vertex 156.233 122.24 209.283
    endloop
  endfacet
  facet normal -0.38169 -0.0745096 -0.921282
    outer loop
      vertex 157.281 119.74 209.051
      vertex 156.47 119.74 209.387
      vertex 156.233 122.24 209.283
    endloop
  endfacet
  facet normal -0.370473 -0.0702417 -0.926183
    outer loop
      vertex 156.46 119.74 209.391
      vertex 155.616 122.24 209.539
      vertex 156.465 119.74 209.389
    endloop
  endfacet
  facet normal -0.299682 -0.0447557 -0.952989
    outer loop
      vertex 155.616 122.24 209.539
      vertex 156.46 119.74 209.391
      vertex 154.98 122.24 209.739
    endloop
  endfacet
  facet normal -0.30059 0 -0.953753
    outer loop
      vertex 155.627 118.488 209.654
      vertex 156.471 119.74 209.388
      vertex 156.471 118.488 209.388
    endloop
  endfacet
  facet normal -0.30059 0 -0.953753
    outer loop
      vertex 156.471 119.74 209.388
      vertex 155.627 118.488 209.654
      vertex 155.627 119.74 209.654
    endloop
  endfacet
  facet normal -0.510248 -0.128242 -0.850413
    outer loop
      vertex 159.507 119.74 207.633
      vertex 157.917 122.24 208.21
      vertex 159.512 119.74 207.63
    endloop
  endfacet
  facet normal -0.597372 -0.200727 -0.776437
    outer loop
      vertex 157.917 122.24 208.21
      vertex 159.507 119.74 207.633
      vertex 157.388 122.24 208.617
    endloop
  endfacet
  facet normal -0.196081 -0.0189022 -0.980405
    outer loop
      vertex 154.754 119.74 209.847
      vertex 154.328 122.24 209.884
      vertex 154.759 119.74 209.846
    endloop
  endfacet
  facet normal -0.13049 -0.0075624 -0.991421
    outer loop
      vertex 154.328 122.24 209.884
      vertex 154.754 119.74 209.847
      vertex 153.667 122.24 209.971
    endloop
  endfacet
  facet normal -0.0458234 0 -0.99895
    outer loop
      vertex 153.667 122.22 209.971
      vertex 153.885 119.72 209.961
      vertex 153.885 119.7 209.961
    endloop
  endfacet
  facet normal -0.0458234 0 -0.99895
    outer loop
      vertex 153.885 119.72 209.961
      vertex 153.667 122.22 209.971
      vertex 153.667 122.24 209.971
    endloop
  endfacet
  facet normal 0.701888 -0.305602 -0.643397
    outer loop
      vertex 145.837 119.74 207.033
      vertex 147.14 122.24 207.267
      vertex 147.591 122.24 207.759
    endloop
  endfacet
  facet normal 0.676844 -0.289419 -0.676844
    outer loop
      vertex 147.14 122.24 207.267
      vertex 145.837 119.74 207.033
      vertex 145.833 119.74 207.029
    endloop
  endfacet
  facet normal 0.771332 -0.612879 -0.171539
    outer loop
      vertex 143.025 119.74 201.634
      vertex 145.466 122.24 203.678
      vertex 145.611 122.24 204.33
    endloop
  endfacet
  facet normal 0.76679 -0.623309 -0.153358
    outer loop
      vertex 145.466 122.24 203.678
      vertex 143.025 119.74 201.634
      vertex 143.024 119.74 201.629
    endloop
  endfacet
  facet normal 0.751248 -0.652524 -0.0991889
    outer loop
      vertex 145.466 122.24 203.678
      vertex 143.024 119.74 201.629
      vertex 142.909 119.74 200.758
    endloop
  endfacet
  facet normal 0.953855 0 -0.300267
    outer loop
      vertex 143.462 118.488 203.322
      vertex 143.196 119.74 202.477
      vertex 143.462 119.74 203.322
    endloop
  endfacet
  facet normal 0.953855 0 -0.300267
    outer loop
      vertex 143.196 119.74 202.477
      vertex 143.462 118.488 203.322
      vertex 143.196 118.488 202.477
    endloop
  endfacet
  facet normal 0.843336 0 -0.537387
    outer loop
      vertex 144.686 118.488 205.672
      vertex 144.21 119.74 204.925
      vertex 144.686 119.74 205.672
    endloop
  endfacet
  facet normal 0.843336 0 -0.537387
    outer loop
      vertex 144.21 119.74 204.925
      vertex 144.686 118.488 205.672
      vertex 144.21 118.488 204.925
    endloop
  endfacet
  facet normal 0.886847 0 -0.462064
    outer loop
      vertex 144.21 118.488 204.925
      vertex 143.801 119.74 204.14
      vertex 144.21 119.74 204.925
    endloop
  endfacet
  facet normal 0.886847 0 -0.462064
    outer loop
      vertex 143.801 119.74 204.14
      vertex 144.21 118.488 204.925
      vertex 143.801 118.488 204.14
    endloop
  endfacet
  facet normal 0.458729 -0.110226 -0.881713
    outer loop
      vertex 147.94 119.74 208.645
      vertex 149.175 122.24 208.975
      vertex 149.767 122.24 209.283
    endloop
  endfacet
  facet normal 0.370704 -0.0607954 -0.926759
    outer loop
      vertex 149.175 122.24 208.975
      vertex 147.94 119.74 208.645
      vertex 147.935 119.74 208.643
    endloop
  endfacet
  facet normal 0.596614 -0.199756 -0.777271
    outer loop
      vertex 148.612 122.24 208.617
      vertex 147.19 119.74 208.168
      vertex 146.493 119.74 207.633
    endloop
  endfacet
  facet normal 0.609001 0 -0.79317
    outer loop
      vertex 146.476 118.488 207.625
      vertex 147.178 119.74 208.164
      vertex 147.178 118.488 208.164
    endloop
  endfacet
  facet normal 0.609001 0 -0.79317
    outer loop
      vertex 147.178 119.74 208.164
      vertex 146.476 118.488 207.625
      vertex 146.476 119.74 207.625
    endloop
  endfacet
  facet normal 0.530348 -0.152021 -0.834039
    outer loop
      vertex 147.194 119.74 208.171
      vertex 148.612 122.24 208.617
      vertex 149.175 122.24 208.975
    endloop
  endfacet
  facet normal 0.588619 -0.193852 -0.784825
    outer loop
      vertex 148.612 122.24 208.617
      vertex 147.194 119.74 208.171
      vertex 147.19 119.74 208.168
    endloop
  endfacet
  facet normal 0.300172 -0.0450695 -0.95282
    outer loop
      vertex 151.02 122.24 209.739
      vertex 150.378 119.74 209.655
      vertex 149.54 119.74 209.391
    endloop
  endfacet
  facet normal 0.0458234 0 -0.99895
    outer loop
      vertex 152.115 119.72 209.961
      vertex 152.333 122.22 209.971
      vertex 152.115 119.7 209.961
    endloop
  endfacet
  facet normal 0.0458234 0 -0.99895
    outer loop
      vertex 152.333 122.22 209.971
      vertex 152.115 119.72 209.961
      vertex 152.333 122.24 209.971
    endloop
  endfacet
  facet normal 0.216153 -0.022428 -0.976102
    outer loop
      vertex 151.672 122.24 209.884
      vertex 151.241 119.74 209.846
      vertex 150.383 119.74 209.656
    endloop
  endfacet
  facet normal 0.13049 -0.0075624 -0.991421
    outer loop
      vertex 151.246 119.74 209.847
      vertex 151.672 122.24 209.884
      vertex 152.333 122.24 209.971
    endloop
  endfacet
  facet normal 0.196081 -0.0189022 -0.980405
    outer loop
      vertex 151.672 122.24 209.884
      vertex 151.246 119.74 209.847
      vertex 151.241 119.74 209.846
    endloop
  endfacet
  facet normal -0.780876 -0.540991 -0.31235
    outer loop
      vertex 162.519 119.74 203.335
      vertex 160.389 122.24 204.33
      vertex 162.521 119.74 203.33
    endloop
  endfacet
  facet normal -0.783937 -0.569799 -0.246521
    outer loop
      vertex 160.389 122.24 204.33
      vertex 162.519 119.74 203.335
      vertex 160.189 122.24 204.966
    endloop
  endfacet
  facet normal -0.788231 -0.521579 -0.326567
    outer loop
      vertex 162.519 119.74 203.335
      vertex 162.183 119.74 204.146
      vertex 160.189 122.24 204.966
    endloop
  endfacet
  facet normal -0.771056 -0.613447 -0.170747
    outer loop
      vertex 162.975 119.74 201.634
      vertex 162.785 119.74 202.492
      vertex 160.389 122.24 204.33
    endloop
  endfacet
  facet normal -0.78387 -0.569706 -0.246947
    outer loop
      vertex 162.785 119.74 202.492
      vertex 162.521 119.74 203.33
      vertex 160.389 122.24 204.33
    endloop
  endfacet
  facet normal -0.991531 0 -0.12987
    outer loop
      vertex 163.111 118.488 200.735
      vertex 162.996 119.74 201.613
      vertex 163.111 119.74 200.735
    endloop
  endfacet
  facet normal -0.991531 -0 -0.12987
    outer loop
      vertex 162.996 119.74 201.613
      vertex 163.111 118.488 200.735
      vertex 162.996 118.488 201.613
    endloop
  endfacet
  facet normal -0.976187 0 -0.21693
    outer loop
      vertex 162.996 118.488 201.613
      vertex 162.804 119.74 202.477
      vertex 162.996 119.74 201.613
    endloop
  endfacet
  facet normal -0.976187 -0 -0.21693
    outer loop
      vertex 162.804 119.74 202.477
      vertex 162.996 118.488 201.613
      vertex 162.804 118.488 202.477
    endloop
  endfacet
  facet normal -0.724997 -0.688035 -0.0314138
    outer loop
      vertex 163.13 119.74 199.87
      vertex 163.092 119.74 200.747
      vertex 160.65 122.24 202.35
    endloop
  endfacet
  facet normal -0.715356 -0.69876 -0
    outer loop
      vertex 163.092 119.74 200.753
      vertex 160.65 122.24 202.35
      vertex 163.092 119.74 200.747
    endloop
  endfacet
  facet normal -0.724992 -0.688036 -0.0315214
    outer loop
      vertex 160.65 122.24 202.35
      vertex 163.092 119.74 200.753
      vertex 160.621 122.24 203.017
    endloop
  endfacet
  facet normal -0.76679 -0.623309 -0.153358
    outer loop
      vertex 162.975 119.74 201.634
      vertex 160.534 122.24 203.678
      vertex 162.976 119.74 201.629
    endloop
  endfacet
  facet normal -0.771332 -0.612879 -0.171539
    outer loop
      vertex 160.534 122.24 203.678
      vertex 162.975 119.74 201.634
      vertex 160.389 122.24 204.33
    endloop
  endfacet
  facet normal -0.751248 -0.652524 -0.0991889
    outer loop
      vertex 163.091 119.74 200.758
      vertex 162.976 119.74 201.629
      vertex 160.534 122.24 203.678
    endloop
  endfacet
  facet normal -0.766769 -0.416554 -0.488414
    outer loop
      vertex 161.773 119.74 204.935
      vertex 161.301 119.74 205.676
      vertex 159.625 122.24 206.175
    endloop
  endfacet
  facet normal -0.788354 -0.52826 -0.315341
    outer loop
      vertex 162.179 119.74 204.156
      vertex 159.933 122.24 205.583
      vertex 162.181 119.74 204.151
    endloop
  endfacet
  facet normal -0.782685 -0.47073 -0.407208
    outer loop
      vertex 159.933 122.24 205.583
      vertex 162.179 119.74 204.156
      vertex 159.625 122.24 206.175
    endloop
  endfacet
  facet normal -0.79317 0 -0.609001
    outer loop
      vertex 161.314 118.488 205.672
      vertex 160.775 119.74 206.374
      vertex 161.314 119.74 205.672
    endloop
  endfacet
  facet normal -0.79317 -0 -0.609001
    outer loop
      vertex 160.775 119.74 206.374
      vertex 161.314 118.488 205.672
      vertex 160.775 118.488 206.374
    endloop
  endfacet
  facet normal -0.462064 0 -0.886847
    outer loop
      vertex 157.29 118.488 209.049
      vertex 158.075 119.74 208.64
      vertex 158.075 118.488 208.64
    endloop
  endfacet
  facet normal -0.462064 0 -0.886847
    outer loop
      vertex 158.075 119.74 208.64
      vertex 157.29 118.488 209.049
      vertex 157.29 119.74 209.049
    endloop
  endfacet
  facet normal -0.382451 0 -0.923976
    outer loop
      vertex 156.471 118.488 209.388
      vertex 157.29 119.74 209.049
      vertex 157.29 118.488 209.049
    endloop
  endfacet
  facet normal -0.382451 0 -0.923976
    outer loop
      vertex 157.29 119.74 209.049
      vertex 156.471 118.488 209.388
      vertex 156.471 119.74 209.388
    endloop
  endfacet
  facet normal 0 0.00399997 -0.999992
    outer loop
      vertex 153.885 119.7 209.961
      vertex 153.661 122.2 209.971
      vertex 153.667 122.2 209.971
    endloop
  endfacet
  facet normal -0.0440251 5.14755e-05 -0.99903
    outer loop
      vertex 153.661 122.2 209.971
      vertex 153.885 119.7 209.961
      vertex 153 119.7 210
    endloop
  endfacet
  facet normal -0.0458234 0 -0.99895
    outer loop
      vertex 153.885 119.7 209.961
      vertex 153.667 122.2 209.971
      vertex 153.667 122.22 209.971
    endloop
  endfacet
  facet normal 0.537387 0 -0.843336
    outer loop
      vertex 147.178 118.488 208.164
      vertex 147.925 119.74 208.64
      vertex 147.925 118.488 208.64
    endloop
  endfacet
  facet normal 0.537387 0 -0.843336
    outer loop
      vertex 147.925 119.74 208.64
      vertex 147.178 118.488 208.164
      vertex 147.178 119.74 208.164
    endloop
  endfacet
  facet normal 0.530947 -0.152655 -0.833542
    outer loop
      vertex 149.175 122.24 208.975
      vertex 147.935 119.74 208.643
      vertex 147.194 119.74 208.171
    endloop
  endfacet
  facet normal 0.459333 -0.110765 -0.881331
    outer loop
      vertex 149.767 122.24 209.283
      vertex 148.719 119.74 209.051
      vertex 147.94 119.74 208.645
    endloop
  endfacet
  facet normal 0.38169 -0.0745096 -0.921282
    outer loop
      vertex 149.767 122.24 209.283
      vertex 149.53 119.74 209.387
      vertex 148.719 119.74 209.051
    endloop
  endfacet
  facet normal 0.299682 -0.0447557 -0.952989
    outer loop
      vertex 149.54 119.74 209.391
      vertex 150.384 122.24 209.539
      vertex 151.02 122.24 209.739
    endloop
  endfacet
  facet normal 0.370473 -0.0702417 -0.926183
    outer loop
      vertex 150.384 122.24 209.539
      vertex 149.54 119.74 209.391
      vertex 149.535 119.74 209.389
    endloop
  endfacet
  facet normal -0.73849 -0.384531 -0.553867
    outer loop
      vertex 161.298 119.74 205.68
      vertex 159.625 122.24 206.175
      vertex 161.301 119.74 205.676
    endloop
  endfacet
  facet normal -0.767075 -0.416749 -0.487767
    outer loop
      vertex 159.625 122.24 206.175
      vertex 161.298 119.74 205.68
      vertex 159.267 122.24 206.738
    endloop
  endfacet
  facet normal -0.743803 -0.368182 -0.557852
    outer loop
      vertex 161.295 119.74 205.684
      vertex 159.267 122.24 206.738
      vertex 161.298 119.74 205.68
    endloop
  endfacet
  facet normal -0.739435 -0.35998 -0.568903
    outer loop
      vertex 159.267 122.24 206.738
      vertex 161.295 119.74 205.684
      vertex 158.86 122.24 207.267
    endloop
  endfacet
  facet normal 0 -1 -0
    outer loop
      vertex 152.115 119.74 209.961
      vertex 151.246 119.74 209.847
      vertex 152.117 119.74 209.961
    endloop
  endfacet
  facet normal 0 -1 0
    outer loop
      vertex 151.237 119.74 209.846
      vertex 151.246 119.74 209.847
      vertex 152.115 119.74 209.961
    endloop
  endfacet
  facet normal 0 -1 0
    outer loop
      vertex 151.246 119.74 209.847
      vertex 151.237 119.74 209.846
      vertex 151.241 119.74 209.846
    endloop
  endfacet
  facet normal 0 -1 -0
    outer loop
      vertex 151.237 119.74 209.846
      vertex 150.383 119.74 209.656
      vertex 151.241 119.74 209.846
    endloop
  endfacet
  facet normal 0 -1 0
    outer loop
      vertex 150.373 119.74 209.654
      vertex 150.383 119.74 209.656
      vertex 151.237 119.74 209.846
    endloop
  endfacet
  facet normal 0 1 0
    outer loop
      vertex 150.383 119.74 209.656
      vertex 150.373 119.74 209.654
      vertex 150.378 119.74 209.655
    endloop
  endfacet
  facet normal 0 -1 -0
    outer loop
      vertex 150.373 119.74 209.654
      vertex 149.54 119.74 209.391
      vertex 150.378 119.74 209.655
    endloop
  endfacet
  facet normal 0 -1 0
    outer loop
      vertex 149.529 119.74 209.388
      vertex 149.54 119.74 209.391
      vertex 150.373 119.74 209.654
    endloop
  endfacet
  facet normal 0 -1 0
    outer loop
      vertex 149.529 119.74 209.388
      vertex 149.535 119.74 209.389
      vertex 149.54 119.74 209.391
    endloop
  endfacet
  facet normal 0 -1 0
    outer loop
      vertex 149.529 119.74 209.388
      vertex 149.53 119.74 209.387
      vertex 149.535 119.74 209.389
    endloop
  endfacet
  facet normal 0 -1 -0
    outer loop
      vertex 149.529 119.74 209.388
      vertex 148.719 119.74 209.051
      vertex 149.53 119.74 209.387
    endloop
  endfacet
  facet normal 0 -1 0
    outer loop
      vertex 148.71 119.74 209.049
      vertex 148.719 119.74 209.051
      vertex 149.529 119.74 209.388
    endloop
  endfacet
  facet normal 0 -1 -0
    outer loop
      vertex 148.71 119.74 209.049
      vertex 147.94 119.74 208.645
      vertex 148.719 119.74 209.051
    endloop
  endfacet
  facet normal 0 -1 0
    outer loop
      vertex 147.925 119.74 208.64
      vertex 147.94 119.74 208.645
      vertex 148.71 119.74 209.049
    endloop
  endfacet
  facet normal 0 -1 0
    outer loop
      vertex 147.94 119.74 208.645
      vertex 147.925 119.74 208.64
      vertex 147.935 119.74 208.643
    endloop
  endfacet
  facet normal 0 -1 -0
    outer loop
      vertex 147.925 119.74 208.64
      vertex 147.194 119.74 208.171
      vertex 147.935 119.74 208.643
    endloop
  endfacet
  facet normal 0 -1 0
    outer loop
      vertex 147.178 119.74 208.164
      vertex 147.194 119.74 208.171
      vertex 147.925 119.74 208.64
    endloop
  endfacet
  facet normal 0 -1 0
    outer loop
      vertex 147.194 119.74 208.171
      vertex 147.178 119.74 208.164
      vertex 147.19 119.74 208.168
    endloop
  endfacet
  facet normal 0 -1 -0
    outer loop
      vertex 147.178 119.74 208.164
      vertex 146.493 119.74 207.633
      vertex 147.19 119.74 208.168
    endloop
  endfacet
  facet normal 0 -1 0
    outer loop
      vertex 146.476 119.74 207.625
      vertex 146.493 119.74 207.633
      vertex 147.178 119.74 208.164
    endloop
  endfacet
  facet normal 0 -1 0
    outer loop
      vertex 146.493 119.74 207.633
      vertex 146.476 119.74 207.625
      vertex 146.488 119.74 207.63
    endloop
  endfacet
  facet normal 0 -1 0
    outer loop
      vertex 146.476 119.74 207.625
      vertex 146.485 119.74 207.626
      vertex 146.488 119.74 207.63
    endloop
  endfacet
  facet normal 0 -1 -0
    outer loop
      vertex 146.476 119.74 207.625
      vertex 145.837 119.74 207.033
      vertex 146.485 119.74 207.626
    endloop
  endfacet
  facet normal 0 -1 0
    outer loop
      vertex 145.823 119.74 207.027
      vertex 145.837 119.74 207.033
      vertex 146.476 119.74 207.625
    endloop
  endfacet
  facet normal 0 -1 0
    outer loop
      vertex 145.823 119.74 207.027
      vertex 145.833 119.74 207.029
      vertex 145.837 119.74 207.033
    endloop
  endfacet
  facet normal 0 -1 -0
    outer loop
      vertex 145.823 119.74 207.027
      vertex 145.24 119.74 206.381
      vertex 145.833 119.74 207.029
    endloop
  endfacet
  facet normal 0 -1 0
    outer loop
      vertex 145.225 119.74 206.374
      vertex 145.24 119.74 206.381
      vertex 145.823 119.74 207.027
    endloop
  endfacet
  facet normal 0 -1 -0
    outer loop
      vertex 145.225 119.74 206.374
      vertex 144.705 119.74 205.684
      vertex 145.24 119.74 206.381
    endloop
  endfacet
  facet normal 0 -1 0
    outer loop
      vertex 144.686 119.74 205.672
      vertex 144.705 119.74 205.684
      vertex 145.225 119.74 206.374
    endloop
  endfacet
  facet normal 0 -1 0
    outer loop
      vertex 144.705 119.74 205.684
      vertex 144.686 119.74 205.672
      vertex 144.702 119.74 205.68
    endloop
  endfacet
  facet normal 0 -1 0
    outer loop
      vertex 144.686 119.74 205.672
      vertex 144.699 119.74 205.676
      vertex 144.702 119.74 205.68
    endloop
  endfacet
  facet normal 0 -1 -0
    outer loop
      vertex 144.686 119.74 205.672
      vertex 144.227 119.74 204.935
      vertex 144.699 119.74 205.676
    endloop
  endfacet
  facet normal 0 -1 0
    outer loop
      vertex 144.21 119.74 204.925
      vertex 144.227 119.74 204.935
      vertex 144.686 119.74 205.672
    endloop
  endfacet
  facet normal 0 -1 -0
    outer loop
      vertex 144.21 119.74 204.925
      vertex 143.821 119.74 204.156
      vertex 144.227 119.74 204.935
    endloop
  endfacet
  facet normal 0 -1 0
    outer loop
      vertex 143.801 119.74 204.14
      vertex 143.821 119.74 204.156
      vertex 144.21 119.74 204.925
    endloop
  endfacet
  facet normal 0 -1 0
    outer loop
      vertex 143.821 119.74 204.156
      vertex 143.801 119.74 204.14
      vertex 143.819 119.74 204.151
    endloop
  endfacet
  facet normal 0 -1 0
    outer loop
      vertex 143.801 119.74 204.14
      vertex 143.817 119.74 204.146
      vertex 143.819 119.74 204.151
    endloop
  endfacet
  facet normal 0 -1 -0
    outer loop
      vertex 143.801 119.74 204.14
      vertex 143.481 119.74 203.335
      vertex 143.817 119.74 204.146
    endloop
  endfacet
  facet normal 0 -1 0
    outer loop
      vertex 143.462 119.74 203.322
      vertex 143.481 119.74 203.335
      vertex 143.801 119.74 204.14
    endloop
  endfacet
  facet normal 0 -1 0
    outer loop
      vertex 143.462 119.74 203.322
      vertex 143.479 119.74 203.33
      vertex 143.481 119.74 203.335
    endloop
  endfacet
  facet normal 0 -1 -0
    outer loop
      vertex 143.462 119.74 203.322
      vertex 143.215 119.74 202.492
      vertex 143.479 119.74 203.33
    endloop
  endfacet
  facet normal 0 -1 0
    outer loop
      vertex 143.196 119.74 202.477
      vertex 143.215 119.74 202.492
      vertex 143.462 119.74 203.322
    endloop
  endfacet
  facet normal 0 -1 -0
    outer loop
      vertex 143.196 119.74 202.477
      vertex 143.025 119.74 201.634
      vertex 143.215 119.74 202.492
    endloop
  endfacet
  facet normal 0 -1 0
    outer loop
      vertex 143.004 119.74 201.613
      vertex 143.025 119.74 201.634
      vertex 143.196 119.74 202.477
    endloop
  endfacet
  facet normal 0 -1 0
    outer loop
      vertex 143.025 119.74 201.634
      vertex 143.004 119.74 201.613
      vertex 143.024 119.74 201.629
    endloop
  endfacet
  facet normal 0 -1 -0
    outer loop
      vertex 143.004 119.74 201.613
      vertex 142.909 119.74 200.758
      vertex 143.024 119.74 201.629
    endloop
  endfacet
  facet normal 0 -1 0
    outer loop
      vertex 142.889 119.74 200.735
      vertex 142.909 119.74 200.758
      vertex 143.004 119.74 201.613
    endloop
  endfacet
  facet normal 0 -1 0
    outer loop
      vertex 142.909 119.74 200.758
      vertex 142.889 119.74 200.735
      vertex 142.908 119.74 200.753
    endloop
  endfacet
  facet normal 0 -1 0
    outer loop
      vertex 142.889 119.74 200.735
      vertex 142.908 119.74 200.747
      vertex 142.908 119.74 200.753
    endloop
  endfacet
  facet normal 0 -1 -0
    outer loop
      vertex 142.889 119.74 200.735
      vertex 142.87 119.74 199.87
      vertex 142.908 119.74 200.747
    endloop
  endfacet
  facet normal 0 -1 0
    outer loop
      vertex 142.85 119.74 199.85
      vertex 142.87 119.74 199.87
      vertex 142.889 119.74 200.735
    endloop
  endfacet
  facet normal 0 -1 0
    outer loop
      vertex 142.87 119.74 0
      vertex 142.85 119.74 199.85
      vertex 142.85 119.74 0
    endloop
  endfacet
  facet normal 0 -1 0
    outer loop
      vertex 142.85 119.74 199.85
      vertex 142.87 119.74 0
      vertex 142.87 119.74 199.87
    endloop
  endfacet
  facet normal 0 -1 0
    outer loop
      vertex 154.754 119.74 209.847
      vertex 153.885 119.74 209.961
      vertex 153.883 119.74 209.961
    endloop
  endfacet
  facet normal 0 -1 0
    outer loop
      vertex 154.763 119.74 209.846
      vertex 154.754 119.74 209.847
      vertex 154.759 119.74 209.846
    endloop
  endfacet
  facet normal 0 -1 0
    outer loop
      vertex 154.754 119.74 209.847
      vertex 154.763 119.74 209.846
      vertex 153.885 119.74 209.961
    endloop
  endfacet
  facet normal 0 -1 0
    outer loop
      vertex 155.617 119.74 209.656
      vertex 154.763 119.74 209.846
      vertex 154.759 119.74 209.846
    endloop
  endfacet
  facet normal 0 1 0
    outer loop
      vertex 155.627 119.74 209.654
      vertex 155.617 119.74 209.656
      vertex 155.622 119.74 209.655
    endloop
  endfacet
  facet normal 0 -1 0
    outer loop
      vertex 155.617 119.74 209.656
      vertex 155.627 119.74 209.654
      vertex 154.763 119.74 209.846
    endloop
  endfacet
  facet normal 0 -1 0
    outer loop
      vertex 156.46 119.74 209.391
      vertex 155.627 119.74 209.654
      vertex 155.622 119.74 209.655
    endloop
  endfacet
  facet normal 0 -1 0
    outer loop
      vertex 156.46 119.74 209.391
      vertex 156.471 119.74 209.388
      vertex 155.627 119.74 209.654
    endloop
  endfacet
  facet normal 0 -1 0
    outer loop
      vertex 156.465 119.74 209.389
      vertex 156.471 119.74 209.388
      vertex 156.46 119.74 209.391
    endloop
  endfacet
  facet normal 0 -1 0
    outer loop
      vertex 156.47 119.74 209.387
      vertex 156.471 119.74 209.388
      vertex 156.465 119.74 209.389
    endloop
  endfacet
  facet normal 0 -1 0
    outer loop
      vertex 157.281 119.74 209.051
      vertex 156.471 119.74 209.388
      vertex 156.47 119.74 209.387
    endloop
  endfacet
  facet normal 0 -1 0
    outer loop
      vertex 157.281 119.74 209.051
      vertex 157.29 119.74 209.049
      vertex 156.471 119.74 209.388
    endloop
  endfacet
  facet normal 0 -1 0
    outer loop
      vertex 158.06 119.74 208.645
      vertex 157.29 119.74 209.049
      vertex 157.281 119.74 209.051
    endloop
  endfacet
  facet normal 0 -1 0
    outer loop
      vertex 158.075 119.74 208.64
      vertex 158.06 119.74 208.645
      vertex 158.065 119.74 208.643
    endloop
  endfacet
  facet normal 0 -1 0
    outer loop
      vertex 158.06 119.74 208.645
      vertex 158.075 119.74 208.64
      vertex 157.29 119.74 209.049
    endloop
  endfacet
  facet normal 0 -1 0
    outer loop
      vertex 158.806 119.74 208.171
      vertex 158.075 119.74 208.64
      vertex 158.065 119.74 208.643
    endloop
  endfacet
  facet normal 0 -1 0
    outer loop
      vertex 158.822 119.74 208.164
      vertex 158.806 119.74 208.171
      vertex 158.81 119.74 208.168
    endloop
  endfacet
  facet normal 0 -1 0
    outer loop
      vertex 158.806 119.74 208.171
      vertex 158.822 119.74 208.164
      vertex 158.075 119.74 208.64
    endloop
  endfacet
  facet normal 0 -1 0
    outer loop
      vertex 159.507 119.74 207.633
      vertex 158.822 119.74 208.164
      vertex 158.81 119.74 208.168
    endloop
  endfacet
  facet normal 0 -1 0
    outer loop
      vertex 159.524 119.74 207.625
      vertex 159.507 119.74 207.633
      vertex 159.512 119.74 207.63
    endloop
  endfacet
  facet normal 0 -1 0
    outer loop
      vertex 159.507 119.74 207.633
      vertex 159.524 119.74 207.625
      vertex 158.822 119.74 208.164
    endloop
  endfacet
  facet normal 0 -1 0
    outer loop
      vertex 159.515 119.74 207.626
      vertex 159.524 119.74 207.625
      vertex 159.512 119.74 207.63
    endloop
  endfacet
  facet normal 0 -1 0
    outer loop
      vertex 160.163 119.74 207.033
      vertex 159.524 119.74 207.625
      vertex 159.515 119.74 207.626
    endloop
  endfacet
  facet normal 0 -1 0
    outer loop
      vertex 160.163 119.74 207.033
      vertex 160.177 119.74 207.027
      vertex 159.524 119.74 207.625
    endloop
  endfacet
  facet normal 0 -1 0
    outer loop
      vertex 160.167 119.74 207.029
      vertex 160.177 119.74 207.027
      vertex 160.163 119.74 207.033
    endloop
  endfacet
  facet normal 0 -1 0
    outer loop
      vertex 160.76 119.74 206.381
      vertex 160.177 119.74 207.027
      vertex 160.167 119.74 207.029
    endloop
  endfacet
  facet normal 0 -1 0
    outer loop
      vertex 160.76 119.74 206.381
      vertex 160.775 119.74 206.374
      vertex 160.177 119.74 207.027
    endloop
  endfacet
  facet normal 0 -1 0
    outer loop
      vertex 161.295 119.74 205.684
      vertex 160.775 119.74 206.374
      vertex 160.76 119.74 206.381
    endloop
  endfacet
  facet normal 0 -1 0
    outer loop
      vertex 161.314 119.74 205.672
      vertex 161.295 119.74 205.684
      vertex 161.298 119.74 205.68
    endloop
  endfacet
  facet normal 0 -1 0
    outer loop
      vertex 161.295 119.74 205.684
      vertex 161.314 119.74 205.672
      vertex 160.775 119.74 206.374
    endloop
  endfacet
  facet normal 0 -1 0
    outer loop
      vertex 161.301 119.74 205.676
      vertex 161.314 119.74 205.672
      vertex 161.298 119.74 205.68
    endloop
  endfacet
  facet normal 0 -1 0
    outer loop
      vertex 161.773 119.74 204.935
      vertex 161.314 119.74 205.672
      vertex 161.301 119.74 205.676
    endloop
  endfacet
  facet normal 0 -1 0
    outer loop
      vertex 161.773 119.74 204.935
      vertex 161.79 119.74 204.925
      vertex 161.314 119.74 205.672
    endloop
  endfacet
  facet normal 0 -1 0
    outer loop
      vertex 162.179 119.74 204.156
      vertex 161.79 119.74 204.925
      vertex 161.773 119.74 204.935
    endloop
  endfacet
  facet normal 0 -1 0
    outer loop
      vertex 162.199 119.74 204.14
      vertex 162.179 119.74 204.156
      vertex 162.181 119.74 204.151
    endloop
  endfacet
  facet normal 0 -1 0
    outer loop
      vertex 162.179 119.74 204.156
      vertex 162.199 119.74 204.14
      vertex 161.79 119.74 204.925
    endloop
  endfacet
  facet normal 0 -1 0
    outer loop
      vertex 162.183 119.74 204.146
      vertex 162.199 119.74 204.14
      vertex 162.181 119.74 204.151
    endloop
  endfacet
  facet normal 0 -1 0
    outer loop
      vertex 162.519 119.74 203.335
      vertex 162.199 119.74 204.14
      vertex 162.183 119.74 204.146
    endloop
  endfacet
  facet normal 0 -1 0
    outer loop
      vertex 162.519 119.74 203.335
      vertex 162.538 119.74 203.322
      vertex 162.199 119.74 204.14
    endloop
  endfacet
  facet normal 0 -1 0
    outer loop
      vertex 162.521 119.74 203.33
      vertex 162.538 119.74 203.322
      vertex 162.519 119.74 203.335
    endloop
  endfacet
  facet normal 0 -1 0
    outer loop
      vertex 162.785 119.74 202.492
      vertex 162.538 119.74 203.322
      vertex 162.521 119.74 203.33
    endloop
  endfacet
  facet normal 0 -1 0
    outer loop
      vertex 162.785 119.74 202.492
      vertex 162.804 119.74 202.477
      vertex 162.538 119.74 203.322
    endloop
  endfacet
  facet normal 0 -1 0
    outer loop
      vertex 162.975 119.74 201.634
      vertex 162.804 119.74 202.477
      vertex 162.785 119.74 202.492
    endloop
  endfacet
  facet normal 0 -1 0
    outer loop
      vertex 162.996 119.74 201.613
      vertex 162.975 119.74 201.634
      vertex 162.976 119.74 201.629
    endloop
  endfacet
  facet normal 0 -1 0
    outer loop
      vertex 162.975 119.74 201.634
      vertex 162.996 119.74 201.613
      vertex 162.804 119.74 202.477
    endloop
  endfacet
  facet normal 0 -1 0
    outer loop
      vertex 163.091 119.74 200.758
      vertex 162.996 119.74 201.613
      vertex 162.976 119.74 201.629
    endloop
  endfacet
  facet normal 0 -1 0
    outer loop
      vertex 163.111 119.74 200.735
      vertex 163.091 119.74 200.758
      vertex 163.092 119.74 200.753
    endloop
  endfacet
  facet normal 0 -1 0
    outer loop
      vertex 163.091 119.74 200.758
      vertex 163.111 119.74 200.735
      vertex 162.996 119.74 201.613
    endloop
  endfacet
  facet normal 0 -1 0
    outer loop
      vertex 163.092 119.74 200.747
      vertex 163.111 119.74 200.735
      vertex 163.092 119.74 200.753
    endloop
  endfacet
  facet normal 0 -1 0
    outer loop
      vertex 163.13 119.74 199.87
      vertex 163.111 119.74 200.735
      vertex 163.092 119.74 200.747
    endloop
  endfacet
  facet normal 0 -1 0
    outer loop
      vertex 163.13 119.74 199.87
      vertex 163.15 119.74 199.85
      vertex 163.111 119.74 200.735
    endloop
  endfacet
  facet normal 0 -1 0
    outer loop
      vertex 163.13 119.74 0
      vertex 163.15 119.74 199.85
      vertex 163.13 119.74 199.87
    endloop
  endfacet
  facet normal 0 -1 -0
    outer loop
      vertex 163.15 119.74 199.85
      vertex 163.13 119.74 0
      vertex 163.15 119.74 0
    endloop
  endfacet
  facet normal 0 1 0
    outer loop
      vertex 153.885 118.488 209.961
      vertex 152.115 118.488 209.961
      vertex 153 118.488 210
    endloop
  endfacet
  facet normal 0 1 0
    outer loop
      vertex 154.763 118.488 209.846
      vertex 152.115 118.488 209.961
      vertex 153.885 118.488 209.961
    endloop
  endfacet
  facet normal 0 1 0
    outer loop
      vertex 154.763 118.488 209.846
      vertex 151.237 118.488 209.846
      vertex 152.115 118.488 209.961
    endloop
  endfacet
  facet normal 0 1 0
    outer loop
      vertex 155.627 118.488 209.654
      vertex 151.237 118.488 209.846
      vertex 154.763 118.488 209.846
    endloop
  endfacet
  facet normal 0 1 0
    outer loop
      vertex 155.627 118.488 209.654
      vertex 150.373 118.488 209.654
      vertex 151.237 118.488 209.846
    endloop
  endfacet
  facet normal 0 1 0
    outer loop
      vertex 156.471 118.488 209.388
      vertex 150.373 118.488 209.654
      vertex 155.627 118.488 209.654
    endloop
  endfacet
  facet normal 0 1 0
    outer loop
      vertex 156.471 118.488 209.388
      vertex 149.529 118.488 209.388
      vertex 150.373 118.488 209.654
    endloop
  endfacet
  facet normal 0 1 0
    outer loop
      vertex 157.29 118.488 209.049
      vertex 149.529 118.488 209.388
      vertex 156.471 118.488 209.388
    endloop
  endfacet
  facet normal 0 1 0
    outer loop
      vertex 157.29 118.488 209.049
      vertex 148.71 118.488 209.049
      vertex 149.529 118.488 209.388
    endloop
  endfacet
  facet normal 0 1 0
    outer loop
      vertex 158.075 118.488 208.64
      vertex 148.71 118.488 209.049
      vertex 157.29 118.488 209.049
    endloop
  endfacet
  facet normal 0 1 0
    outer loop
      vertex 158.075 118.488 208.64
      vertex 147.925 118.488 208.64
      vertex 148.71 118.488 209.049
    endloop
  endfacet
  facet normal 0 1 0
    outer loop
      vertex 158.822 118.488 208.164
      vertex 147.925 118.488 208.64
      vertex 158.075 118.488 208.64
    endloop
  endfacet
  facet normal 0 1 0
    outer loop
      vertex 158.822 118.488 208.164
      vertex 147.178 118.488 208.164
      vertex 147.925 118.488 208.64
    endloop
  endfacet
  facet normal 0 1 0
    outer loop
      vertex 159.524 118.488 207.625
      vertex 147.178 118.488 208.164
      vertex 158.822 118.488 208.164
    endloop
  endfacet
  facet normal 0 1 0
    outer loop
      vertex 159.524 118.488 207.625
      vertex 146.476 118.488 207.625
      vertex 147.178 118.488 208.164
    endloop
  endfacet
  facet normal 0 1 0
    outer loop
      vertex 160.177 118.488 207.027
      vertex 146.476 118.488 207.625
      vertex 159.524 118.488 207.625
    endloop
  endfacet
  facet normal 0 1 0
    outer loop
      vertex 160.177 118.488 207.027
      vertex 145.823 118.488 207.027
      vertex 146.476 118.488 207.625
    endloop
  endfacet
  facet normal 0 1 0
    outer loop
      vertex 160.775 118.488 206.374
      vertex 145.823 118.488 207.027
      vertex 160.177 118.488 207.027
    endloop
  endfacet
  facet normal 0 1 0
    outer loop
      vertex 160.775 118.488 206.374
      vertex 145.225 118.488 206.374
      vertex 145.823 118.488 207.027
    endloop
  endfacet
  facet normal 0 1 0
    outer loop
      vertex 161.314 118.488 205.672
      vertex 145.225 118.488 206.374
      vertex 160.775 118.488 206.374
    endloop
  endfacet
  facet normal 0 1 0
    outer loop
      vertex 161.314 118.488 205.672
      vertex 144.686 118.488 205.672
      vertex 145.225 118.488 206.374
    endloop
  endfacet
  facet normal 0 1 0
    outer loop
      vertex 161.79 118.488 204.925
      vertex 144.686 118.488 205.672
      vertex 161.314 118.488 205.672
    endloop
  endfacet
  facet normal 0 1 0
    outer loop
      vertex 161.79 118.488 204.925
      vertex 144.21 118.488 204.925
      vertex 144.686 118.488 205.672
    endloop
  endfacet
  facet normal 0 1 0
    outer loop
      vertex 162.199 118.488 204.14
      vertex 144.21 118.488 204.925
      vertex 161.79 118.488 204.925
    endloop
  endfacet
  facet normal 0 1 0
    outer loop
      vertex 162.199 118.488 204.14
      vertex 143.801 118.488 204.14
      vertex 144.21 118.488 204.925
    endloop
  endfacet
  facet normal 0 1 0
    outer loop
      vertex 162.538 118.488 203.322
      vertex 143.801 118.488 204.14
      vertex 162.199 118.488 204.14
    endloop
  endfacet
  facet normal 0 1 0
    outer loop
      vertex 162.538 118.488 203.322
      vertex 143.462 118.488 203.322
      vertex 143.801 118.488 204.14
    endloop
  endfacet
  facet normal 0 1 0
    outer loop
      vertex 162.804 118.488 202.477
      vertex 143.462 118.488 203.322
      vertex 162.538 118.488 203.322
    endloop
  endfacet
  facet normal 0 1 0
    outer loop
      vertex 162.804 118.488 202.477
      vertex 143.196 118.488 202.477
      vertex 143.462 118.488 203.322
    endloop
  endfacet
  facet normal 0 1 0
    outer loop
      vertex 162.996 118.488 201.613
      vertex 143.196 118.488 202.477
      vertex 162.804 118.488 202.477
    endloop
  endfacet
  facet normal 0 1 0
    outer loop
      vertex 162.996 118.488 201.613
      vertex 143.004 118.488 201.613
      vertex 143.196 118.488 202.477
    endloop
  endfacet
  facet normal 0 1 0
    outer loop
      vertex 163.111 118.488 200.735
      vertex 143.004 118.488 201.613
      vertex 162.996 118.488 201.613
    endloop
  endfacet
  facet normal 0 1 0
    outer loop
      vertex 163.111 118.488 200.735
      vertex 142.889 118.488 200.735
      vertex 143.004 118.488 201.613
    endloop
  endfacet
  facet normal 0 1 0
    outer loop
      vertex 163.15 118.488 199.85
      vertex 142.889 118.488 200.735
      vertex 163.111 118.488 200.735
    endloop
  endfacet
  facet normal 0 1 0
    outer loop
      vertex 163.15 118.488 199.85
      vertex 142.85 118.488 199.85
      vertex 142.889 118.488 200.735
    endloop
  endfacet
  facet normal 0 1 -0
    outer loop
      vertex 163.15 118.488 0
      vertex 142.85 118.488 199.85
      vertex 163.15 118.488 199.85
    endloop
  endfacet
  facet normal 0 1 0
    outer loop
      vertex 142.85 118.488 199.85
      vertex 163.15 118.488 0
      vertex 142.85 118.488 0
    endloop
  endfacet
  facet normal 0.0440251 0 -0.99903
    outer loop
      vertex 152.115 118.488 209.961
      vertex 153 119.7 210
      vertex 153 118.488 210
    endloop
  endfacet
  facet normal 0.0440251 0 -0.99903
    outer loop
      vertex 153 119.7 210
      vertex 152.115 118.488 209.961
      vertex 152.115 119.7 209.961
    endloop
  endfacet
  facet normal 0 0 -1
    outer loop
      vertex 152.115 119.74 209.961
      vertex 152.117 119.74 209.961
      vertex 152.115 119.72 209.961
    endloop
  endfacet
  facet normal -0.0440251 0 -0.99903
    outer loop
      vertex 153 118.488 210
      vertex 153.885 119.7 209.961
      vertex 153.885 118.488 209.961
    endloop
  endfacet
  facet normal -0.0440251 0 -0.99903
    outer loop
      vertex 153.885 119.7 209.961
      vertex 153 118.488 210
      vertex 153 119.7 210
    endloop
  endfacet
  facet normal -0 -0 -1
    outer loop
      vertex 153.885 119.74 209.961
      vertex 153.885 119.72 209.961
      vertex 153.883 119.74 209.961
    endloop
  endfacet
endsolid OpenSCAD_Model
